/*******************************************************************************
 * Size: 32 px
 * Bpp: 4
 * Opts: --bpp 4 --no-compress --size 32 --format lvgl --force-fast-kern-format --lv-include lvgl.h --lv-font-name s3w_font_title_32 --font Inter-SemiBold.ttf -r 0x20-0x7E,0xA0-0x17F,0x384-0x3CE,0x400-0x45F,0x2010-0x2027,0x2030,0x20AC --font FontAwesome5.woff -r 61441,61448,61451,61452,61453,61457,61459,61461,61465,61468,61473,61478,61479,61480,61502,61507,61512,61515,61516,61517,61521,61522,61523,61524,61543,61544,61550,61552,61553,61556,61559,61560,61561,61563,61587,61589,61636,61637,61639,61641,61664,61671,61674,61683,61724,61732,61787,61931,62016,62017,62018,62019,62020,62087,62099,62212,62189,62810,63426,63650,61829,61830,61634,63172,63171,63293,62172,63327,61673,63278 -o s3w_font_title_32.c
 ******************************************************************************/

#ifdef LV_LVGL_H_INCLUDE_SIMPLE
#include "lvgl.h"
#else
#include "lvgl.h"
#endif

#ifndef S3W_FONT_TITLE_32
#define S3W_FONT_TITLE_32 1
#endif

#if S3W_FONT_TITLE_32

/*-----------------
 *    BITMAPS
 *----------------*/

/*Store the image of the glyphs*/
static LV_ATTRIBUTE_LARGE_CONST const uint8_t glyph_bitmap[] = {
    /* U+0020 " " */

    /* U+0021 "!" */
    0x1f, 0xff, 0xf5, 0xf, 0xff, 0xf5, 0xf, 0xff,
    0xf4, 0xf, 0xff, 0xf4, 0xf, 0xff, 0xf4, 0xf,
    0xff, 0xf3, 0xf, 0xff, 0xf3, 0xf, 0xff, 0xf3,
    0xe, 0xff, 0xf2, 0xe, 0xff, 0xf2, 0xe, 0xff,
    0xf2, 0xe, 0xff, 0xf2, 0xd, 0xff, 0xf1, 0xd,
    0xff, 0xf1, 0xd, 0xff, 0xf1, 0xc, 0xff, 0xf0,
    0x1, 0x22, 0x20, 0x0, 0x0, 0x0, 0x0, 0x0,
    0x0, 0x6, 0xee, 0x90, 0x2f, 0xff, 0xf7, 0x5f,
    0xff, 0xfa, 0x2f, 0xff, 0xf7, 0x6, 0xee, 0x90,

    /* U+0022 "\"" */
    0xcf, 0xff, 0x30, 0x7f, 0xff, 0x8b, 0xff, 0xf2,
    0x6, 0xff, 0xf7, 0xbf, 0xff, 0x10, 0x6f, 0xff,
    0x6a, 0xff, 0xf1, 0x5, 0xff, 0xf6, 0x9f, 0xff,
    0x0, 0x4f, 0xff, 0x58, 0xff, 0xf0, 0x3, 0xff,
    0xf4, 0x8f, 0xfe, 0x0, 0x3f, 0xff, 0x37, 0xff,
    0xe0, 0x2, 0xff, 0xf3, 0x6f, 0xfd, 0x0, 0x1f,
    0xff, 0x23, 0x99, 0x70, 0x0, 0x99, 0x91,

    /* U+0023 "#" */
    0x0, 0x0, 0x0, 0x8f, 0xf9, 0x0, 0x0, 0x5f,
    0xfc, 0x0, 0x0, 0x0, 0x0, 0xb, 0xff, 0x70,
    0x0, 0x8, 0xff, 0xa0, 0x0, 0x0, 0x0, 0x0,
    0xef, 0xf4, 0x0, 0x0, 0xbf, 0xf7, 0x0, 0x0,
    0x0, 0x0, 0xf, 0xff, 0x10, 0x0, 0xd, 0xff,
    0x40, 0x0, 0x0, 0x0, 0x3, 0xff, 0xf0, 0x0,
    0x0, 0xff, 0xf2, 0x0, 0x0, 0x0, 0x0, 0x5f,
    0xfc, 0x0, 0x0, 0x2f, 0xff, 0x0, 0x0, 0x0,
    0xcf, 0xff, 0xff, 0xff, 0xff, 0xff, 0xff, 0xff,
    0xff, 0x10, 0xf, 0xff, 0xff, 0xff, 0xff, 0xff,
    0xff, 0xff, 0xff, 0xe0, 0x1, 0xff, 0xff, 0xff,
    0xff, 0xff, 0xff, 0xff, 0xff, 0xfc, 0x0, 0x3,
    0x34, 0xff, 0xf5, 0x33, 0x33, 0xef, 0xf7, 0x33,
    0x20, 0x0, 0x0, 0x2f, 0xff, 0x0, 0x0, 0xf,
    0xff, 0x20, 0x0, 0x0, 0x0, 0x4, 0xff, 0xd0,
    0x0, 0x1, 0xff, 0xf0, 0x0, 0x0, 0x0, 0x0,
    0x7f, 0xfb, 0x0, 0x0, 0x4f, 0xfe, 0x0, 0x0,
    0x0, 0x0, 0x9, 0xff, 0x90, 0x0, 0x6, 0xff,
    0xb0, 0x0, 0x0, 0x3, 0x33, 0xcf, 0xf8, 0x33,
    0x33, 0xaf, 0xfb, 0x33, 0x20, 0x2, 0xff, 0xff,
    0xff, 0xff, 0xff, 0xff, 0xff, 0xff, 0xfb, 0x0,
    0x5f, 0xff, 0xff, 0xff, 0xff, 0xff, 0xff, 0xff,
    0xff, 0x80, 0x8, 0xff, 0xff, 0xff, 0xff, 0xff,
    0xff, 0xff, 0xff, 0xf6, 0x0, 0x0, 0x6, 0xff,
    0xc0, 0x0, 0x3, 0xff, 0xf0, 0x0, 0x0, 0x0,
    0x0, 0x8f, 0xf9, 0x0, 0x0, 0x6f, 0xfc, 0x0,
    0x0, 0x0, 0x0, 0xb, 0xff, 0x70, 0x0, 0x8,
    0xff, 0xa0, 0x0, 0x0, 0x0, 0x0, 0xef, 0xf4,
    0x0, 0x0, 0xbf, 0xf7, 0x0, 0x0, 0x0, 0x0,
    0xf, 0xff, 0x10, 0x0, 0xd, 0xff, 0x40, 0x0,
    0x0, 0x0, 0x3, 0xff, 0xf0, 0x0, 0x0, 0xff,
    0xf2, 0x0, 0x0, 0x0,

    /* U+0024 "$" */
    0x0, 0x0, 0x0, 0x0, 0x14, 0x10, 0x0, 0x0,
    0x0, 0x0, 0x0, 0x0, 0x0, 0x7, 0xf7, 0x0,
    0x0, 0x0, 0x0, 0x0, 0x0, 0x0, 0x0, 0x7f,
    0x70, 0x0, 0x0, 0x0, 0x0, 0x0, 0x0, 0x0,
    0x7, 0xf7, 0x0, 0x0, 0x0, 0x0, 0x0, 0x0,
    0x4, 0xad, 0xff, 0xfe, 0xb6, 0x0, 0x0, 0x0,
    0x0, 0x2c, 0xff, 0xff, 0xff, 0xff, 0xfe, 0x40,
    0x0, 0x0, 0x2f, 0xff, 0xff, 0xff, 0xff, 0xff,
    0xff, 0x50, 0x0, 0xe, 0xff, 0xff, 0xdc, 0xfc,
    0xcf, 0xff, 0xff, 0x10, 0x6, 0xff, 0xff, 0x60,
    0x7f, 0x70, 0x4f, 0xff, 0xf8, 0x0, 0xbf, 0xff,
    0x90, 0x7, 0xf7, 0x0, 0x6f, 0xff, 0xd0, 0xd,
    0xff, 0xf6, 0x0, 0x7f, 0x70, 0x1, 0xaa, 0xaa,
    0x0, 0xdf, 0xff, 0x80, 0x7, 0xf7, 0x0, 0x0,
    0x0, 0x0, 0xa, 0xff, 0xff, 0x50, 0x7f, 0x70,
    0x0, 0x0, 0x0, 0x0, 0x4f, 0xff, 0xff, 0xcb,
    0xf7, 0x0, 0x0, 0x0, 0x0, 0x0, 0x9f, 0xff,
    0xff, 0xff, 0xe9, 0x40, 0x0, 0x0, 0x0, 0x0,
    0x7f, 0xff, 0xff, 0xff, 0xff, 0xe7, 0x0, 0x0,
    0x0, 0x0, 0x18, 0xef, 0xff, 0xff, 0xff, 0xfd,
    0x20, 0x0, 0x0, 0x0, 0x0, 0x3a, 0xff, 0xff,
    0xff, 0xfe, 0x20, 0x0, 0x0, 0x0, 0x0, 0x7f,
    0x75, 0xcf, 0xff, 0xfa, 0x0, 0x0, 0x0, 0x0,
    0x7, 0xf7, 0x0, 0x8f, 0xff, 0xf1, 0x12, 0x22,
    0x10, 0x0, 0x7f, 0x70, 0x0, 0xef, 0xff, 0x37,
    0xff, 0xfc, 0x0, 0x7, 0xf7, 0x0, 0xe, 0xff,
    0xf4, 0x4f, 0xff, 0xf2, 0x0, 0x7f, 0x70, 0x3,
    0xff, 0xff, 0x30, 0xff, 0xff, 0xd3, 0x7, 0xf7,
    0x3, 0xef, 0xff, 0xe0, 0x8, 0xff, 0xff, 0xfc,
    0xcf, 0xcc, 0xff, 0xff, 0xf7, 0x0, 0xb, 0xff,
    0xff, 0xff, 0xff, 0xff, 0xff, 0xfb, 0x0, 0x0,
    0x9, 0xff, 0xff, 0xff, 0xff, 0xff, 0xfa, 0x0,
    0x0, 0x0, 0x2, 0x9c, 0xef, 0xff, 0xed, 0x93,
    0x0, 0x0, 0x0, 0x0, 0x0, 0x0, 0x7f, 0x70,
    0x0, 0x0, 0x0, 0x0, 0x0, 0x0, 0x0, 0x7,
    0xf7, 0x0, 0x0, 0x0, 0x0, 0x0, 0x0, 0x0,
    0x0, 0x7f, 0x70, 0x0, 0x0, 0x0, 0x0,

    /* U+0025 "%" */
    0x0, 0x5c, 0xef, 0xc6, 0x0, 0x0, 0x0, 0x0,
    0x0, 0xd, 0xff, 0x30, 0x0, 0x9, 0xff, 0xff,
    0xff, 0xa0, 0x0, 0x0, 0x0, 0x0, 0x8f, 0xf8,
    0x0, 0x0, 0x4f, 0xff, 0xbb, 0xff, 0xf5, 0x0,
    0x0, 0x0, 0x3, 0xff, 0xd0, 0x0, 0x0, 0xaf,
    0xf8, 0x0, 0x6f, 0xfb, 0x0, 0x0, 0x0, 0xd,
    0xff, 0x30, 0x0, 0x0, 0xdf, 0xf2, 0x0, 0x1f,
    0xfe, 0x0, 0x0, 0x0, 0x8f, 0xf8, 0x0, 0x0,
    0x0, 0xef, 0xf1, 0x0, 0xf, 0xff, 0x0, 0x0,
    0x3, 0xff, 0xd0, 0x0, 0x0, 0x0, 0xdf, 0xf2,
    0x0, 0x1f, 0xfe, 0x0, 0x0, 0xd, 0xff, 0x30,
    0x0, 0x0, 0x0, 0xaf, 0xf8, 0x0, 0x6f, 0xfb,
    0x0, 0x0, 0x8f, 0xf8, 0x0, 0x0, 0x0, 0x0,
    0x4f, 0xff, 0xbb, 0xff, 0xf5, 0x0, 0x3, 0xff,
    0xd0, 0x0, 0x0, 0x0, 0x0, 0x9, 0xff, 0xff,
    0xff, 0xa0, 0x0, 0xd, 0xff, 0x30, 0x0, 0x0,
    0x0, 0x0, 0x0, 0x5c, 0xff, 0xc6, 0x0, 0x0,
    0x8f, 0xf8, 0x0, 0x0, 0x0, 0x0, 0x0, 0x0,
    0x0, 0x0, 0x0, 0x0, 0x3, 0xff, 0xd0, 0x0,
    0x0, 0x0, 0x0, 0x0, 0x0, 0x0, 0x0, 0x0,
    0x0, 0xd, 0xff, 0x30, 0x0, 0x5, 0x89, 0x61,
    0x0, 0x0, 0x0, 0x0, 0x0, 0x0, 0x8f, 0xf8,
    0x0, 0x2, 0xdf, 0xff, 0xff, 0x40, 0x0, 0x0,
    0x0, 0x0, 0x3, 0xff, 0xd0, 0x0, 0xd, 0xff,
    0xff, 0xff, 0xf2, 0x0, 0x0, 0x0, 0x0, 0xd,
    0xff, 0x30, 0x0, 0x6f, 0xfd, 0x21, 0xaf, 0xf9,
    0x0, 0x0, 0x0, 0x0, 0x8f, 0xf8, 0x0, 0x0,
    0xbf, 0xf5, 0x0, 0x2f, 0xfe, 0x0, 0x0, 0x0,
    0x3, 0xff, 0xd0, 0x0, 0x0, 0xcf, 0xf2, 0x0,
    0xf, 0xff, 0x0, 0x0, 0x0, 0xd, 0xff, 0x30,
    0x0, 0x0, 0xcf, 0xf2, 0x0, 0xf, 0xff, 0x0,
    0x0, 0x0, 0x8f, 0xf8, 0x0, 0x0, 0x0, 0xbf,
    0xf3, 0x0, 0xf, 0xfe, 0x0, 0x0, 0x3, 0xff,
    0xd0, 0x0, 0x0, 0x0, 0x8f, 0xf9, 0x0, 0x6f,
    0xfb, 0x0, 0x0, 0xd, 0xff, 0x30, 0x0, 0x0,
    0x0, 0x2f, 0xff, 0xcb, 0xff, 0xf5, 0x0, 0x0,
    0x8f, 0xf8, 0x0, 0x0, 0x0, 0x0, 0x7, 0xff,
    0xff, 0xff, 0xa0, 0x0, 0x3, 0xff, 0xd0, 0x0,
    0x0, 0x0, 0x0, 0x0, 0x4b, 0xef, 0xc6, 0x0,

    /* U+0026 "&" */
    0x0, 0x0, 0x4, 0xbe, 0xfe, 0xa4, 0x0, 0x0,
    0x0, 0x0, 0x0, 0x0, 0xaf, 0xff, 0xff, 0xff,
    0x90, 0x0, 0x0, 0x0, 0x0, 0x9, 0xff, 0xff,
    0xff, 0xff, 0xf7, 0x0, 0x0, 0x0, 0x0, 0x2f,
    0xff, 0xf9, 0x69, 0xff, 0xfe, 0x0, 0x0, 0x0,
    0x0, 0x7f, 0xff, 0x60, 0x0, 0x7f, 0xff, 0x40,
    0x0, 0x0, 0x0, 0x9f, 0xff, 0x10, 0x0, 0x2f,
    0xff, 0x50, 0x0, 0x0, 0x0, 0x8f, 0xff, 0x10,
    0x0, 0x5f, 0xff, 0x30, 0x0, 0x0, 0x0, 0x6f,
    0xff, 0x70, 0x2, 0xdf, 0xfe, 0x0, 0x0, 0x0,
    0x0, 0x1f, 0xff, 0xf2, 0x3e, 0xff, 0xf7, 0x0,
    0x0, 0x0, 0x0, 0x8, 0xff, 0xfe, 0xff, 0xff,
    0xa0, 0x0, 0x0, 0x0, 0x0, 0x0, 0xdf, 0xff,
    0xff, 0xf9, 0x0, 0x0, 0x0, 0x0, 0x0, 0x0,
    0x8f, 0xff, 0xff, 0x50, 0x0, 0x0, 0x0, 0x0,
    0x0, 0xa, 0xff, 0xff, 0xff, 0x40, 0x0, 0x1,
    0x22, 0x10, 0x0, 0xcf, 0xff, 0xff, 0xff, 0xf3,
    0x0, 0xf, 0xff, 0x80, 0xa, 0xff, 0xfe, 0x48,
    0xff, 0xfe, 0x20, 0x2f, 0xff, 0x70, 0x2f, 0xff,
    0xf3, 0x0, 0xaf, 0xff, 0xd1, 0x6f, 0xff, 0x40,
    0x7f, 0xff, 0x90, 0x0, 0xb, 0xff, 0xfc, 0xcf,
    0xff, 0x10, 0x9f, 0xff, 0x60, 0x0, 0x0, 0xdf,
    0xff, 0xff, 0xfb, 0x0, 0x7f, 0xff, 0x90, 0x0,
    0x0, 0x1e, 0xff, 0xff, 0xf4, 0x0, 0x4f, 0xff,
    0xf3, 0x0, 0x0, 0x8, 0xff, 0xff, 0xb0, 0x0,
    0xd, 0xff, 0xff, 0xa7, 0x68, 0xef, 0xff, 0xff,
    0xf3, 0x0, 0x2, 0xff, 0xff, 0xff, 0xff, 0xff,
    0xff, 0xff, 0xfe, 0x10, 0x0, 0x3d, 0xff, 0xff,
    0xff, 0xff, 0xf6, 0xaf, 0xff, 0xc0, 0x0, 0x0,
    0x5a, 0xdf, 0xfe, 0xb6, 0x0, 0xd, 0xff, 0xf8,

    /* U+0027 "'" */
    0xcf, 0xff, 0x3b, 0xff, 0xf2, 0xbf, 0xff, 0x1a,
    0xff, 0xf1, 0x9f, 0xff, 0x8, 0xff, 0xf0, 0x8f,
    0xfe, 0x7, 0xff, 0xe0, 0x6f, 0xfd, 0x3, 0x99,
    0x70,

    /* U+0028 "(" */
    0x0, 0x0, 0x29, 0x99, 0x50, 0x0, 0xa, 0xff,
    0xf4, 0x0, 0x2, 0xff, 0xfd, 0x0, 0x0, 0x9f,
    0xff, 0x70, 0x0, 0xe, 0xff, 0xf2, 0x0, 0x5,
    0xff, 0xfc, 0x0, 0x0, 0x9f, 0xff, 0x70, 0x0,
    0xe, 0xff, 0xf3, 0x0, 0x2, 0xff, 0xff, 0x0,
    0x0, 0x5f, 0xff, 0xc0, 0x0, 0x9, 0xff, 0xf8,
    0x0, 0x0, 0xbf, 0xff, 0x60, 0x0, 0xd, 0xff,
    0xf4, 0x0, 0x0, 0xff, 0xff, 0x20, 0x0, 0xf,
    0xff, 0xf1, 0x0, 0x1, 0xff, 0xff, 0x0, 0x0,
    0x1f, 0xff, 0xf0, 0x0, 0x0, 0xff, 0xff, 0x10,
    0x0, 0xf, 0xff, 0xf3, 0x0, 0x0, 0xdf, 0xff,
    0x50, 0x0, 0xa, 0xff, 0xf7, 0x0, 0x0, 0x7f,
    0xff, 0xb0, 0x0, 0x3, 0xff, 0xff, 0x0, 0x0,
    0xe, 0xff, 0xf4, 0x0, 0x0, 0x8f, 0xff, 0x80,
    0x0, 0x3, 0xff, 0xfe, 0x0, 0x0, 0xd, 0xff,
    0xf4, 0x0, 0x0, 0x5f, 0xff, 0xa0, 0x0, 0x0,
    0xdf, 0xff, 0x10, 0x0, 0x5, 0xff, 0xf8,

    /* U+0029 ")" */
    0x69, 0x99, 0x10, 0x0, 0x5, 0xff, 0xf9, 0x0,
    0x0, 0xe, 0xff, 0xf1, 0x0, 0x0, 0x8f, 0xff,
    0x80, 0x0, 0x3, 0xff, 0xfe, 0x0, 0x0, 0xd,
    0xff, 0xf4, 0x0, 0x0, 0x9f, 0xff, 0x80, 0x0,
    0x4, 0xff, 0xfd, 0x0, 0x0, 0xf, 0xff, 0xf1,
    0x0, 0x0, 0xdf, 0xff, 0x40, 0x0, 0xa, 0xff,
    0xf8, 0x0, 0x0, 0x7f, 0xff, 0xa0, 0x0, 0x5,
    0xff, 0xfc, 0x0, 0x0, 0x3f, 0xff, 0xe0, 0x0,
    0x2, 0xff, 0xff, 0x0, 0x0, 0x1f, 0xff, 0xf0,
    0x0, 0x1, 0xff, 0xff, 0x0, 0x0, 0x2f, 0xff,
    0xf0, 0x0, 0x4, 0xff, 0xfe, 0x0, 0x0, 0x6f,
    0xff, 0xc0, 0x0, 0x9, 0xff, 0xf9, 0x0, 0x0,
    0xcf, 0xff, 0x60, 0x0, 0xf, 0xff, 0xf2, 0x0,
    0x5, 0xff, 0xfd, 0x0, 0x0, 0xaf, 0xff, 0x70,
    0x0, 0xf, 0xff, 0xf2, 0x0, 0x5, 0xff, 0xfc,
    0x0, 0x0, 0xcf, 0xff, 0x40, 0x0, 0x2f, 0xff,
    0xc0, 0x0, 0x9, 0xff, 0xf4, 0x0, 0x0,

    /* U+002A "*" */
    0x0, 0x0, 0xb, 0xff, 0x0, 0x0, 0x0, 0x0,
    0x0, 0xaf, 0xe0, 0x0, 0x0, 0x8, 0x50, 0x9,
    0xfd, 0x0, 0x2a, 0x2, 0xff, 0xa1, 0x8f, 0xd0,
    0x7f, 0xf6, 0x7f, 0xff, 0xeb, 0xfd, 0xcf, 0xff,
    0xb0, 0x3b, 0xff, 0xff, 0xff, 0xfd, 0x50, 0x0,
    0x3, 0xef, 0xff, 0xf6, 0x0, 0x0, 0x5, 0xdf,
    0xff, 0xff, 0xf8, 0x0, 0x4d, 0xff, 0xfe, 0xfe,
    0xff, 0xfe, 0x75, 0xff, 0xe4, 0x8f, 0xc2, 0xcf,
    0xf9, 0xc, 0xa1, 0x9, 0xfd, 0x0, 0x7e, 0x10,
    0x0, 0x0, 0xaf, 0xe0, 0x0, 0x0, 0x0, 0x0,
    0xb, 0xff, 0x0, 0x0, 0x0, 0x0, 0x0, 0x35,
    0x40, 0x0, 0x0,

    /* U+002B "+" */
    0x0, 0x0, 0x0, 0xf, 0xff, 0x80, 0x0, 0x0,
    0x0, 0x0, 0x0, 0x0, 0xff, 0xf8, 0x0, 0x0,
    0x0, 0x0, 0x0, 0x0, 0xf, 0xff, 0x80, 0x0,
    0x0, 0x0, 0x0, 0x0, 0x0, 0xff, 0xf8, 0x0,
    0x0, 0x0, 0x0, 0x0, 0x0, 0xf, 0xff, 0x80,
    0x0, 0x0, 0x0, 0x0, 0x0, 0x0, 0xff, 0xf8,
    0x0, 0x0, 0x0, 0x1f, 0xff, 0xff, 0xff, 0xff,
    0xff, 0xff, 0xff, 0xa1, 0xff, 0xff, 0xff, 0xff,
    0xff, 0xff, 0xff, 0xfa, 0x1f, 0xff, 0xff, 0xff,
    0xff, 0xff, 0xff, 0xff, 0xa0, 0x66, 0x66, 0x66,
    0xff, 0xfb, 0x66, 0x66, 0x63, 0x0, 0x0, 0x0,
    0xf, 0xff, 0x80, 0x0, 0x0, 0x0, 0x0, 0x0,
    0x0, 0xff, 0xf8, 0x0, 0x0, 0x0, 0x0, 0x0,
    0x0, 0xf, 0xff, 0x80, 0x0, 0x0, 0x0, 0x0,
    0x0, 0x0, 0xff, 0xf8, 0x0, 0x0, 0x0, 0x0,
    0x0, 0x0, 0xf, 0xff, 0x80, 0x0, 0x0, 0x0,
    0x0, 0x0, 0x0, 0xff, 0xf8, 0x0, 0x0, 0x0,

    /* U+002C "," */
    0x0, 0x79, 0x99, 0x30, 0xd, 0xff, 0xf2, 0x0,
    0xff, 0xfe, 0x0, 0x2f, 0xff, 0x90, 0x4, 0xff,
    0xf5, 0x0, 0x6f, 0xff, 0x0, 0x9, 0xff, 0xc0,
    0x0, 0xbf, 0xf7, 0x0, 0xd, 0xff, 0x30, 0x0,
    0xff, 0xe0, 0x0,

    /* U+002D "-" */
    0x56, 0x66, 0x66, 0x66, 0x66, 0x4c, 0xff, 0xff,
    0xff, 0xff, 0xfa, 0xcf, 0xff, 0xff, 0xff, 0xff,
    0xac, 0xff, 0xff, 0xff, 0xff, 0xfa,

    /* U+002E "." */
    0x0, 0x0, 0x0, 0x6, 0xff, 0x90, 0x2f, 0xff,
    0xf5, 0x5f, 0xff, 0xf8, 0x2f, 0xff, 0xf5, 0x6,
    0xee, 0x80,

    /* U+002F "/" */
    0x0, 0x0, 0x0, 0x0, 0x78, 0x84, 0x0, 0x0,
    0x0, 0x3, 0xff, 0xf5, 0x0, 0x0, 0x0, 0x7,
    0xff, 0xf1, 0x0, 0x0, 0x0, 0xc, 0xff, 0xc0,
    0x0, 0x0, 0x0, 0xf, 0xff, 0x80, 0x0, 0x0,
    0x0, 0x4f, 0xff, 0x40, 0x0, 0x0, 0x0, 0x8f,
    0xff, 0x0, 0x0, 0x0, 0x0, 0xdf, 0xfc, 0x0,
    0x0, 0x0, 0x1, 0xff, 0xf7, 0x0, 0x0, 0x0,
    0x5, 0xff, 0xf3, 0x0, 0x0, 0x0, 0x9, 0xff,
    0xf0, 0x0, 0x0, 0x0, 0xd, 0xff, 0xb0, 0x0,
    0x0, 0x0, 0x2f, 0xff, 0x60, 0x0, 0x0, 0x0,
    0x6f, 0xff, 0x20, 0x0, 0x0, 0x0, 0xaf, 0xfe,
    0x0, 0x0, 0x0, 0x0, 0xef, 0xfa, 0x0, 0x0,
    0x0, 0x2, 0xff, 0xf6, 0x0, 0x0, 0x0, 0x7,
    0xff, 0xf1, 0x0, 0x0, 0x0, 0xb, 0xff, 0xd0,
    0x0, 0x0, 0x0, 0xf, 0xff, 0x90, 0x0, 0x0,
    0x0, 0x3f, 0xff, 0x50, 0x0, 0x0, 0x0, 0x7f,
    0xff, 0x10, 0x0, 0x0, 0x0, 0xcf, 0xfc, 0x0,
    0x0, 0x0, 0x0, 0xff, 0xf8, 0x0, 0x0, 0x0,
    0x4, 0xff, 0xf4, 0x0, 0x0, 0x0, 0x8, 0xff,
    0xf0, 0x0, 0x0, 0x0, 0xd, 0xff, 0xc0, 0x0,
    0x0, 0x0, 0x1f, 0xff, 0x70, 0x0, 0x0, 0x0,
    0x5f, 0xff, 0x30, 0x0, 0x0, 0x0,

    /* U+0030 "0" */
    0x0, 0x0, 0x1, 0x7c, 0xef, 0xec, 0x71, 0x0,
    0x0, 0x0, 0x0, 0x5, 0xef, 0xff, 0xff, 0xff,
    0xf6, 0x0, 0x0, 0x0, 0x6, 0xff, 0xff, 0xff,
    0xff, 0xff, 0xf8, 0x0, 0x0, 0x3, 0xff, 0xff,
    0xfb, 0x9b, 0xff, 0xff, 0xf5, 0x0, 0x0, 0xcf,
    0xff, 0xe3, 0x0, 0x2, 0xdf, 0xff, 0xe0, 0x0,
    0x4f, 0xff, 0xf3, 0x0, 0x0, 0x2, 0xff, 0xff,
    0x60, 0xa, 0xff, 0xfb, 0x0, 0x0, 0x0, 0x9,
    0xff, 0xfb, 0x0, 0xef, 0xff, 0x50, 0x0, 0x0,
    0x0, 0x4f, 0xff, 0xf0, 0x1f, 0xff, 0xf1, 0x0,
    0x0, 0x0, 0x0, 0xff, 0xff, 0x33, 0xff, 0xff,
    0x0, 0x0, 0x0, 0x0, 0xd, 0xff, 0xf5, 0x4f,
    0xff, 0xd0, 0x0, 0x0, 0x0, 0x0, 0xcf, 0xff,
    0x65, 0xff, 0xfd, 0x0, 0x0, 0x0, 0x0, 0xb,
    0xff, 0xf7, 0x5f, 0xff, 0xd0, 0x0, 0x0, 0x0,
    0x0, 0xbf, 0xff, 0x75, 0xff, 0xfd, 0x0, 0x0,
    0x0, 0x0, 0xc, 0xff, 0xf6, 0x4f, 0xff, 0xf0,
    0x0, 0x0, 0x0, 0x0, 0xdf, 0xff, 0x51, 0xff,
    0xff, 0x10, 0x0, 0x0, 0x0, 0xf, 0xff, 0xf3,
    0xe, 0xff, 0xf5, 0x0, 0x0, 0x0, 0x4, 0xff,
    0xff, 0x0, 0xaf, 0xff, 0xb0, 0x0, 0x0, 0x0,
    0x9f, 0xff, 0xc0, 0x4, 0xff, 0xff, 0x30, 0x0,
    0x0, 0x2f, 0xff, 0xf6, 0x0, 0xd, 0xff, 0xfe,
    0x30, 0x0, 0x2d, 0xff, 0xfe, 0x0, 0x0, 0x4f,
    0xff, 0xff, 0xb9, 0xbf, 0xff, 0xff, 0x50, 0x0,
    0x0, 0x7f, 0xff, 0xff, 0xff, 0xff, 0xff, 0x80,
    0x0, 0x0, 0x0, 0x6e, 0xff, 0xff, 0xff, 0xff,
    0x70, 0x0, 0x0, 0x0, 0x0, 0x17, 0xce, 0xfe,
    0xc7, 0x10, 0x0, 0x0,

    /* U+0031 "1" */
    0x0, 0x0, 0x3e, 0xff, 0xff, 0x30, 0x0, 0x7f,
    0xff, 0xff, 0xf3, 0x1, 0xbf, 0xff, 0xff, 0xff,
    0x33, 0xef, 0xff, 0xff, 0xff, 0xf3, 0x8f, 0xff,
    0xd2, 0xff, 0xff, 0x38, 0xff, 0x90, 0xf, 0xff,
    0xf3, 0x8f, 0x50, 0x0, 0xff, 0xff, 0x35, 0x20,
    0x0, 0xf, 0xff, 0xf3, 0x0, 0x0, 0x0, 0xff,
    0xff, 0x30, 0x0, 0x0, 0xf, 0xff, 0xf3, 0x0,
    0x0, 0x0, 0xff, 0xff, 0x30, 0x0, 0x0, 0xf,
    0xff, 0xf3, 0x0, 0x0, 0x0, 0xff, 0xff, 0x30,
    0x0, 0x0, 0xf, 0xff, 0xf3, 0x0, 0x0, 0x0,
    0xff, 0xff, 0x30, 0x0, 0x0, 0xf, 0xff, 0xf3,
    0x0, 0x0, 0x0, 0xff, 0xff, 0x30, 0x0, 0x0,
    0xf, 0xff, 0xf3, 0x0, 0x0, 0x0, 0xff, 0xff,
    0x30, 0x0, 0x0, 0xf, 0xff, 0xf3, 0x0, 0x0,
    0x0, 0xff, 0xff, 0x30, 0x0, 0x0, 0xf, 0xff,
    0xf3, 0x0, 0x0, 0x0, 0xff, 0xff, 0x30, 0x0,
    0x0, 0xf, 0xff, 0xf3,

    /* U+0032 "2" */
    0x0, 0x0, 0x5, 0xbd, 0xfe, 0xd9, 0x40, 0x0,
    0x0, 0x0, 0x3, 0xdf, 0xff, 0xff, 0xff, 0xfb,
    0x10, 0x0, 0x0, 0x3f, 0xff, 0xff, 0xff, 0xff,
    0xff, 0xe1, 0x0, 0x1, 0xef, 0xff, 0xfa, 0x79,
    0xdf, 0xff, 0xfb, 0x0, 0x7, 0xff, 0xfe, 0x20,
    0x0, 0x7, 0xff, 0xff, 0x30, 0xc, 0xff, 0xf5,
    0x0, 0x0, 0x0, 0xbf, 0xff, 0x70, 0xe, 0xff,
    0xf0, 0x0, 0x0, 0x0, 0x6f, 0xff, 0x90, 0x6,
    0x66, 0x60, 0x0, 0x0, 0x0, 0x6f, 0xff, 0x90,
    0x0, 0x0, 0x0, 0x0, 0x0, 0x0, 0x9f, 0xff,
    0x70, 0x0, 0x0, 0x0, 0x0, 0x0, 0x1, 0xff,
    0xff, 0x20, 0x0, 0x0, 0x0, 0x0, 0x0, 0xb,
    0xff, 0xfa, 0x0, 0x0, 0x0, 0x0, 0x0, 0x0,
    0x9f, 0xff, 0xe1, 0x0, 0x0, 0x0, 0x0, 0x0,
    0x7, 0xff, 0xff, 0x40, 0x0, 0x0, 0x0, 0x0,
    0x0, 0x7f, 0xff, 0xf7, 0x0, 0x0, 0x0, 0x0,
    0x0, 0x7, 0xff, 0xff, 0x80, 0x0, 0x0, 0x0,
    0x0, 0x0, 0x7f, 0xff, 0xf9, 0x0, 0x0, 0x0,
    0x0, 0x0, 0x7, 0xff, 0xff, 0x90, 0x0, 0x0,
    0x0, 0x0, 0x0, 0x7f, 0xff, 0xfa, 0x0, 0x0,
    0x0, 0x0, 0x0, 0x7, 0xff, 0xff, 0xa0, 0x0,
    0x0, 0x0, 0x0, 0x0, 0x7f, 0xff, 0xfb, 0x0,
    0x0, 0x0, 0x0, 0x0, 0x7, 0xff, 0xff, 0xfa,
    0xaa, 0xaa, 0xaa, 0xaa, 0xa0, 0xe, 0xff, 0xff,
    0xff, 0xff, 0xff, 0xff, 0xff, 0xf0, 0xe, 0xff,
    0xff, 0xff, 0xff, 0xff, 0xff, 0xff, 0xf0, 0xe,
    0xff, 0xff, 0xff, 0xff, 0xff, 0xff, 0xff, 0xf0,

    /* U+0033 "3" */
    0x0, 0x0, 0x4, 0x9d, 0xef, 0xdb, 0x61, 0x0,
    0x0, 0x0, 0x2, 0xbf, 0xff, 0xff, 0xff, 0xfe,
    0x50, 0x0, 0x0, 0x2e, 0xff, 0xff, 0xff, 0xff,
    0xff, 0xf5, 0x0, 0x0, 0xef, 0xff, 0xfc, 0x98,
    0xaf, 0xff, 0xff, 0x10, 0x7, 0xff, 0xff, 0x40,
    0x0, 0x2, 0xef, 0xff, 0x80, 0xb, 0xff, 0xf6,
    0x0, 0x0, 0x0, 0x6f, 0xff, 0xc0, 0x7, 0x99,
    0x91, 0x0, 0x0, 0x0, 0x3f, 0xff, 0xe0, 0x0,
    0x0, 0x0, 0x0, 0x0, 0x0, 0x4f, 0xff, 0xc0,
    0x0, 0x0, 0x0, 0x0, 0x0, 0x0, 0xbf, 0xff,
    0x70, 0x0, 0x0, 0x0, 0x0, 0x1, 0x4c, 0xff,
    0xfd, 0x0, 0x0, 0x0, 0x0, 0x5f, 0xff, 0xff,
    0xff, 0xa0, 0x0, 0x0, 0x0, 0x0, 0x5f, 0xff,
    0xff, 0xe5, 0x0, 0x0, 0x0, 0x0, 0x0, 0x5f,
    0xff, 0xff, 0xff, 0xe5, 0x0, 0x0, 0x0, 0x0,
    0x14, 0x45, 0x7d, 0xff, 0xff, 0x70, 0x0, 0x0,
    0x0, 0x0, 0x0, 0x0, 0x9f, 0xff, 0xf2, 0x0,
    0x0, 0x0, 0x0, 0x0, 0x0, 0xd, 0xff, 0xf8,
    0x0, 0x0, 0x0, 0x0, 0x0, 0x0, 0x9, 0xff,
    0xfb, 0x3b, 0xbb, 0xa0, 0x0, 0x0, 0x0, 0x9,
    0xff, 0xfb, 0x2f, 0xff, 0xf3, 0x0, 0x0, 0x0,
    0xe, 0xff, 0xf9, 0xd, 0xff, 0xfe, 0x40, 0x0,
    0x2, 0xcf, 0xff, 0xf4, 0x5, 0xff, 0xff, 0xfd,
    0xa9, 0xcf, 0xff, 0xff, 0xb0, 0x0, 0x7f, 0xff,
    0xff, 0xff, 0xff, 0xff, 0xfc, 0x0, 0x0, 0x5,
    0xef, 0xff, 0xff, 0xff, 0xff, 0x80, 0x0, 0x0,
    0x0, 0x5, 0xad, 0xff, 0xec, 0x72, 0x0, 0x0,

    /* U+0034 "4" */
    0x0, 0x0, 0x0, 0x0, 0x0, 0xbf, 0xff, 0xfc,
    0x0, 0x0, 0x0, 0x0, 0x0, 0x0, 0x5f, 0xff,
    0xff, 0xc0, 0x0, 0x0, 0x0, 0x0, 0x0, 0x1e,
    0xff, 0xff, 0xfc, 0x0, 0x0, 0x0, 0x0, 0x0,
    0x9, 0xff, 0xff, 0xff, 0xc0, 0x0, 0x0, 0x0,
    0x0, 0x3, 0xff, 0xff, 0xff, 0xfc, 0x0, 0x0,
    0x0, 0x0, 0x0, 0xcf, 0xff, 0x7f, 0xff, 0xc0,
    0x0, 0x0, 0x0, 0x0, 0x6f, 0xff, 0xa2, 0xff,
    0xfc, 0x0, 0x0, 0x0, 0x0, 0x1f, 0xff, 0xf1,
    0x2f, 0xff, 0xc0, 0x0, 0x0, 0x0, 0xa, 0xff,
    0xf7, 0x2, 0xff, 0xfc, 0x0, 0x0, 0x0, 0x4,
    0xff, 0xfd, 0x0, 0x2f, 0xff, 0xc0, 0x0, 0x0,
    0x0, 0xdf, 0xff, 0x40, 0x2, 0xff, 0xfc, 0x0,
    0x0, 0x0, 0x8f, 0xff, 0xa0, 0x0, 0x2f, 0xff,
    0xc0, 0x0, 0x0, 0x2f, 0xff, 0xf1, 0x0, 0x2,
    0xff, 0xfc, 0x0, 0x0, 0xb, 0xff, 0xf7, 0x0,
    0x0, 0x2f, 0xff, 0xc0, 0x0, 0x5, 0xff, 0xfd,
    0x0, 0x0, 0x2, 0xff, 0xfc, 0x0, 0x0, 0xef,
    0xff, 0x30, 0x0, 0x0, 0x2f, 0xff, 0xc0, 0x0,
    0x5f, 0xff, 0xff, 0xff, 0xff, 0xff, 0xff, 0xff,
    0xff, 0xc5, 0xff, 0xff, 0xff, 0xff, 0xff, 0xff,
    0xff, 0xff, 0xfc, 0x5f, 0xff, 0xff, 0xff, 0xff,
    0xff, 0xff, 0xff, 0xff, 0xc2, 0x88, 0x88, 0x88,
    0x88, 0x88, 0xaf, 0xff, 0xe8, 0x86, 0x0, 0x0,
    0x0, 0x0, 0x0, 0x4, 0xff, 0xfc, 0x0, 0x0,
    0x0, 0x0, 0x0, 0x0, 0x0, 0x4f, 0xff, 0xc0,
    0x0, 0x0, 0x0, 0x0, 0x0, 0x0, 0x4, 0xff,
    0xfc, 0x0, 0x0, 0x0, 0x0, 0x0, 0x0, 0x0,
    0x4f, 0xff, 0xc0, 0x0,

    /* U+0035 "5" */
    0x0, 0xcf, 0xff, 0xff, 0xff, 0xff, 0xff, 0xfc,
    0x0, 0xd, 0xff, 0xff, 0xff, 0xff, 0xff, 0xff,
    0xc0, 0x0, 0xff, 0xff, 0xff, 0xff, 0xff, 0xff,
    0xfc, 0x0, 0xf, 0xff, 0xe9, 0x99, 0x99, 0x99,
    0x99, 0x60, 0x2, 0xff, 0xfa, 0x0, 0x0, 0x0,
    0x0, 0x0, 0x0, 0x4f, 0xff, 0x80, 0x0, 0x0,
    0x0, 0x0, 0x0, 0x5, 0xff, 0xf7, 0x0, 0x0,
    0x0, 0x0, 0x0, 0x0, 0x7f, 0xff, 0x50, 0x0,
    0x0, 0x0, 0x0, 0x0, 0x8, 0xff, 0xf3, 0x3a,
    0xef, 0xec, 0x60, 0x0, 0x0, 0xaf, 0xff, 0x9f,
    0xff, 0xff, 0xff, 0xd2, 0x0, 0xc, 0xff, 0xff,
    0xff, 0xff, 0xff, 0xff, 0xf2, 0x0, 0xdf, 0xff,
    0xfb, 0x64, 0x6b, 0xff, 0xff, 0xc0, 0x2, 0x58,
    0xa3, 0x0, 0x0, 0x7, 0xff, 0xff, 0x40, 0x0,
    0x0, 0x0, 0x0, 0x0, 0xb, 0xff, 0xfa, 0x0,
    0x0, 0x0, 0x0, 0x0, 0x0, 0x4f, 0xff, 0xd0,
    0x0, 0x0, 0x0, 0x0, 0x0, 0x1, 0xff, 0xff,
    0x0, 0x0, 0x0, 0x0, 0x0, 0x0, 0x1f, 0xff,
    0xf3, 0xcc, 0xc9, 0x0, 0x0, 0x0, 0x4, 0xff,
    0xfd, 0x2f, 0xff, 0xf1, 0x0, 0x0, 0x0, 0xbf,
    0xff, 0x90, 0xdf, 0xff, 0xb1, 0x0, 0x0, 0x8f,
    0xff, 0xf3, 0x5, 0xff, 0xff, 0xf9, 0x78, 0xdf,
    0xff, 0xf9, 0x0, 0x8, 0xff, 0xff, 0xff, 0xff,
    0xff, 0xfc, 0x0, 0x0, 0x6, 0xff, 0xff, 0xff,
    0xff, 0xf9, 0x0, 0x0, 0x0, 0x1, 0x7c, 0xef,
    0xfd, 0x92, 0x0, 0x0,

    /* U+0036 "6" */
    0x0, 0x0, 0x0, 0x5b, 0xef, 0xec, 0x82, 0x0,
    0x0, 0x0, 0x0, 0x3d, 0xff, 0xff, 0xff, 0xff,
    0x90, 0x0, 0x0, 0x3, 0xff, 0xff, 0xff, 0xff,
    0xff, 0xfb, 0x0, 0x0, 0x1e, 0xff, 0xff, 0xdb,
    0xcf, 0xff, 0xff, 0x80, 0x0, 0xaf, 0xff, 0xe4,
    0x0, 0x1, 0xbf, 0xff, 0xf1, 0x2, 0xff, 0xff,
    0x30, 0x0, 0x0, 0xd, 0xff, 0xf6, 0x8, 0xff,
    0xf9, 0x0, 0x0, 0x0, 0x3, 0x66, 0x63, 0xc,
    0xff, 0xf3, 0x0, 0x0, 0x0, 0x0, 0x0, 0x0,
    0xf, 0xff, 0xe0, 0x3, 0xad, 0xfe, 0xb5, 0x0,
    0x0, 0x2f, 0xff, 0xc0, 0x9f, 0xff, 0xff, 0xff,
    0xc1, 0x0, 0x4f, 0xff, 0xb9, 0xff, 0xff, 0xff,
    0xff, 0xfe, 0x10, 0x5f, 0xff, 0xef, 0xfc, 0x64,
    0x6c, 0xff, 0xff, 0xb0, 0x6f, 0xff, 0xff, 0x90,
    0x0, 0x0, 0x8f, 0xff, 0xf2, 0x5f, 0xff, 0xfc,
    0x0, 0x0, 0x0, 0xc, 0xff, 0xf8, 0x5f, 0xff,
    0xf5, 0x0, 0x0, 0x0, 0x6, 0xff, 0xfb, 0x3f,
    0xff, 0xf3, 0x0, 0x0, 0x0, 0x3, 0xff, 0xfd,
    0xf, 0xff, 0xf3, 0x0, 0x0, 0x0, 0x4, 0xff,
    0xfd, 0xc, 0xff, 0xf6, 0x0, 0x0, 0x0, 0x7,
    0xff, 0xfb, 0x7, 0xff, 0xfd, 0x0, 0x0, 0x0,
    0xe, 0xff, 0xf7, 0x0, 0xff, 0xff, 0xb0, 0x0,
    0x1, 0xbf, 0xff, 0xf1, 0x0, 0x6f, 0xff, 0xfe,
    0x97, 0x9e, 0xff, 0xff, 0x70, 0x0, 0xa, 0xff,
    0xff, 0xff, 0xff, 0xff, 0xfa, 0x0, 0x0, 0x0,
    0x7f, 0xff, 0xff, 0xff, 0xff, 0x70, 0x0, 0x0,
    0x0, 0x1, 0x8c, 0xef, 0xfc, 0x82, 0x0, 0x0,

    /* U+0037 "7" */
    0xbf, 0xff, 0xff, 0xff, 0xff, 0xff, 0xff, 0xff,
    0x2b, 0xff, 0xff, 0xff, 0xff, 0xff, 0xff, 0xff,
    0xf2, 0xbf, 0xff, 0xff, 0xff, 0xff, 0xff, 0xff,
    0xff, 0x27, 0xaa, 0xaa, 0xaa, 0xaa, 0xaa, 0xbf,
    0xff, 0xf1, 0x0, 0x0, 0x0, 0x0, 0x0, 0x9,
    0xff, 0xfb, 0x0, 0x0, 0x0, 0x0, 0x0, 0x2,
    0xff, 0xff, 0x30, 0x0, 0x0, 0x0, 0x0, 0x0,
    0x9f, 0xff, 0xc0, 0x0, 0x0, 0x0, 0x0, 0x0,
    0x1f, 0xff, 0xf4, 0x0, 0x0, 0x0, 0x0, 0x0,
    0x9, 0xff, 0xfc, 0x0, 0x0, 0x0, 0x0, 0x0,
    0x1, 0xff, 0xff, 0x40, 0x0, 0x0, 0x0, 0x0,
    0x0, 0x8f, 0xff, 0xc0, 0x0, 0x0, 0x0, 0x0,
    0x0, 0x1f, 0xff, 0xf5, 0x0, 0x0, 0x0, 0x0,
    0x0, 0x8, 0xff, 0xfd, 0x0, 0x0, 0x0, 0x0,
    0x0, 0x0, 0xff, 0xff, 0x50, 0x0, 0x0, 0x0,
    0x0, 0x0, 0x7f, 0xff, 0xd0, 0x0, 0x0, 0x0,
    0x0, 0x0, 0xe, 0xff, 0xf5, 0x0, 0x0, 0x0,
    0x0, 0x0, 0x7, 0xff, 0xfd, 0x0, 0x0, 0x0,
    0x0, 0x0, 0x0, 0xef, 0xff, 0x60, 0x0, 0x0,
    0x0, 0x0, 0x0, 0x6f, 0xff, 0xe0, 0x0, 0x0,
    0x0, 0x0, 0x0, 0xe, 0xff, 0xf6, 0x0, 0x0,
    0x0, 0x0, 0x0, 0x6, 0xff, 0xfe, 0x0, 0x0,
    0x0, 0x0, 0x0, 0x0, 0xdf, 0xff, 0x70, 0x0,
    0x0, 0x0, 0x0, 0x0, 0x6f, 0xff, 0xe0, 0x0,
    0x0, 0x0, 0x0, 0x0, 0xd, 0xff, 0xf7, 0x0,
    0x0, 0x0, 0x0, 0x0,

    /* U+0038 "8" */
    0x0, 0x0, 0x4, 0x9d, 0xef, 0xeb, 0x61, 0x0,
    0x0, 0x0, 0x2, 0xbf, 0xff, 0xff, 0xff, 0xfe,
    0x60, 0x0, 0x0, 0x2e, 0xff, 0xff, 0xff, 0xff,
    0xff, 0xf8, 0x0, 0x0, 0xcf, 0xff, 0xfb, 0x76,
    0x8e, 0xff, 0xff, 0x40, 0x4, 0xff, 0xff, 0x50,
    0x0, 0x1, 0xdf, 0xff, 0xb0, 0x7, 0xff, 0xfb,
    0x0, 0x0, 0x0, 0x4f, 0xff, 0xf0, 0x8, 0xff,
    0xf8, 0x0, 0x0, 0x0, 0x1f, 0xff, 0xf0, 0x6,
    0xff, 0xfa, 0x0, 0x0, 0x0, 0x2f, 0xff, 0xd0,
    0x1, 0xff, 0xff, 0x20, 0x0, 0x0, 0xaf, 0xff,
    0x80, 0x0, 0x6f, 0xff, 0xe6, 0x10, 0x3b, 0xff,
    0xfd, 0x0, 0x0, 0x6, 0xff, 0xff, 0xff, 0xff,
    0xff, 0xb1, 0x0, 0x0, 0x0, 0x4d, 0xff, 0xff,
    0xff, 0xf8, 0x0, 0x0, 0x0, 0x1b, 0xff, 0xff,
    0xff, 0xff, 0xff, 0xe5, 0x0, 0x1, 0xdf, 0xff,
    0xe8, 0x43, 0x5c, 0xff, 0xff, 0x60, 0xa, 0xff,
    0xfd, 0x10, 0x0, 0x0, 0x8f, 0xff, 0xf2, 0x1f,
    0xff, 0xf3, 0x0, 0x0, 0x0, 0xc, 0xff, 0xf8,
    0x4f, 0xff, 0xf0, 0x0, 0x0, 0x0, 0x8, 0xff,
    0xfc, 0x5f, 0xff, 0xe0, 0x0, 0x0, 0x0, 0x7,
    0xff, 0xfd, 0x4f, 0xff, 0xf3, 0x0, 0x0, 0x0,
    0xb, 0xff, 0xfc, 0xf, 0xff, 0xfc, 0x10, 0x0,
    0x0, 0x7f, 0xff, 0xf7, 0x7, 0xff, 0xff, 0xe8,
    0x54, 0x6b, 0xff, 0xff, 0xe0, 0x0, 0x9f, 0xff,
    0xff, 0xff, 0xff, 0xff, 0xfe, 0x20, 0x0, 0x6,
    0xef, 0xff, 0xff, 0xff, 0xff, 0xb2, 0x0, 0x0,
    0x0, 0x16, 0xad, 0xff, 0xec, 0x83, 0x0, 0x0,

    /* U+0039 "9" */
    0x0, 0x0, 0x5, 0xae, 0xff, 0xda, 0x40, 0x0,
    0x0, 0x0, 0x3, 0xdf, 0xff, 0xff, 0xff, 0xfc,
    0x10, 0x0, 0x0, 0x4f, 0xff, 0xff, 0xff, 0xff,
    0xff, 0xe2, 0x0, 0x2, 0xef, 0xff, 0xfc, 0x88,
    0xcf, 0xff, 0xfd, 0x0, 0xa, 0xff, 0xff, 0x40,
    0x0, 0x4, 0xff, 0xff, 0x70, 0x1f, 0xff, 0xf5,
    0x0, 0x0, 0x0, 0x5f, 0xff, 0xe0, 0x4f, 0xff,
    0xe0, 0x0, 0x0, 0x0, 0xd, 0xff, 0xf4, 0x5f,
    0xff, 0xb0, 0x0, 0x0, 0x0, 0xa, 0xff, 0xf8,
    0x5f, 0xff, 0xc0, 0x0, 0x0, 0x0, 0xb, 0xff,
    0xfa, 0x3f, 0xff, 0xf1, 0x0, 0x0, 0x0, 0x1f,
    0xff, 0xfc, 0xe, 0xff, 0xfa, 0x0, 0x0, 0x0,
    0xbf, 0xff, 0xfd, 0x7, 0xff, 0xff, 0xc4, 0x1,
    0x4c, 0xff, 0xff, 0xfd, 0x0, 0xcf, 0xff, 0xff,
    0xff, 0xff, 0xf7, 0xff, 0xfd, 0x0, 0x1c, 0xff,
    0xff, 0xff, 0xff, 0x64, 0xff, 0xfc, 0x0, 0x0,
    0x7d, 0xff, 0xff, 0xb3, 0x5, 0xff, 0xfa, 0x0,
    0x0, 0x0, 0x13, 0x30, 0x0, 0x8, 0xff, 0xf7,
    0x0, 0x0, 0x0, 0x0, 0x0, 0x0, 0xc, 0xff,
    0xf4, 0xe, 0xee, 0xe1, 0x0, 0x0, 0x0, 0x3f,
    0xff, 0xe0, 0xd, 0xff, 0xf8, 0x0, 0x0, 0x0,
    0xcf, 0xff, 0x90, 0x7, 0xff, 0xff, 0x60, 0x0,
    0x1b, 0xff, 0xff, 0x20, 0x0, 0xef, 0xff, 0xfe,
    0xbc, 0xff, 0xff, 0xf7, 0x0, 0x0, 0x3f, 0xff,
    0xff, 0xff, 0xff, 0xff, 0xa0, 0x0, 0x0, 0x2,
    0xdf, 0xff, 0xff, 0xff, 0xf8, 0x0, 0x0, 0x0,
    0x0, 0x5, 0xbd, 0xff, 0xd8, 0x20, 0x0, 0x0,

    /* U+003A ":" */
    0x0, 0x0, 0x0, 0x6, 0xff, 0x90, 0x2f, 0xff,
    0xf6, 0x5f, 0xff, 0xf8, 0x2f, 0xff, 0xf5, 0x5,
    0xee, 0x80, 0x0, 0x0, 0x0, 0x0, 0x0, 0x0,
    0x0, 0x0, 0x0, 0x0, 0x0, 0x0, 0x0, 0x0,
    0x0, 0x0, 0x0, 0x0, 0x0, 0x0, 0x0, 0x6,
    0xff, 0x90, 0x2f, 0xff, 0xf5, 0x5f, 0xff, 0xf8,
    0x2f, 0xff, 0xf5, 0x6, 0xee, 0x80,

    /* U+003B ";" */
    0x0, 0x0, 0x0, 0x0, 0x3, 0xdf, 0xc2, 0x0,
    0xdf, 0xff, 0xb0, 0xf, 0xff, 0xfe, 0x0, 0xcf,
    0xff, 0xa0, 0x2, 0xcf, 0xb1, 0x0, 0x0, 0x0,
    0x0, 0x0, 0x0, 0x0, 0x0, 0x0, 0x0, 0x0,
    0x0, 0x0, 0x0, 0x0, 0x0, 0x0, 0x0, 0x0,
    0x0, 0x0, 0x0, 0x0, 0x0, 0x0, 0x0, 0x0,
    0x0, 0x0, 0x79, 0x99, 0x30, 0xd, 0xff, 0xf2,
    0x0, 0xff, 0xfe, 0x0, 0x2f, 0xff, 0x90, 0x4,
    0xff, 0xf5, 0x0, 0x6f, 0xff, 0x0, 0x9, 0xff,
    0xc0, 0x0, 0xbf, 0xf7, 0x0, 0xd, 0xff, 0x30,
    0x0, 0xff, 0xe0, 0x0,

    /* U+003C "<" */
    0x0, 0x0, 0x0, 0x0, 0x0, 0x0, 0x0, 0x1,
    0x0, 0x0, 0x0, 0x0, 0x0, 0x0, 0x0, 0x19,
    0xf2, 0x0, 0x0, 0x0, 0x0, 0x0, 0x2, 0xaf,
    0xff, 0x20, 0x0, 0x0, 0x0, 0x0, 0x3a, 0xff,
    0xff, 0xf2, 0x0, 0x0, 0x0, 0x4, 0xbf, 0xff,
    0xff, 0xff, 0x20, 0x0, 0x0, 0x5c, 0xff, 0xff,
    0xff, 0xe7, 0x10, 0x0, 0x6, 0xdf, 0xff, 0xff,
    0xfc, 0x50, 0x0, 0x0, 0x6e, 0xff, 0xff, 0xff,
    0xa3, 0x0, 0x0, 0x0, 0x5f, 0xff, 0xff, 0xe8,
    0x10, 0x0, 0x0, 0x0, 0x5, 0xff, 0xff, 0x90,
    0x0, 0x0, 0x0, 0x0, 0x0, 0x5f, 0xff, 0xff,
    0xb4, 0x0, 0x0, 0x0, 0x0, 0x1, 0xaf, 0xff,
    0xff, 0xfd, 0x60, 0x0, 0x0, 0x0, 0x0, 0x29,
    0xff, 0xff, 0xff, 0xe8, 0x10, 0x0, 0x0, 0x0,
    0x1, 0x8f, 0xff, 0xff, 0xff, 0xa3, 0x0, 0x0,
    0x0, 0x0, 0x7, 0xef, 0xff, 0xff, 0xfc, 0x10,
    0x0, 0x0, 0x0, 0x0, 0x6e, 0xff, 0xff, 0xf2,
    0x0, 0x0, 0x0, 0x0, 0x0, 0x5, 0xdf, 0xff,
    0x20, 0x0, 0x0, 0x0, 0x0, 0x0, 0x0, 0x5c,
    0xf2, 0x0, 0x0, 0x0, 0x0, 0x0, 0x0, 0x0,
    0x4, 0x10,

    /* U+003D "=" */
    0xcf, 0xff, 0xff, 0xff, 0xff, 0xff, 0xff, 0xf5,
    0xcf, 0xff, 0xff, 0xff, 0xff, 0xff, 0xff, 0xf5,
    0xcf, 0xff, 0xff, 0xff, 0xff, 0xff, 0xff, 0xf5,
    0x68, 0x88, 0x88, 0x88, 0x88, 0x88, 0x88, 0x82,
    0x0, 0x0, 0x0, 0x0, 0x0, 0x0, 0x0, 0x0,
    0x0, 0x0, 0x0, 0x0, 0x0, 0x0, 0x0, 0x0,
    0x0, 0x0, 0x0, 0x0, 0x0, 0x0, 0x0, 0x0,
    0x69, 0x99, 0x99, 0x99, 0x99, 0x99, 0x99, 0x92,
    0xcf, 0xff, 0xff, 0xff, 0xff, 0xff, 0xff, 0xf5,
    0xcf, 0xff, 0xff, 0xff, 0xff, 0xff, 0xff, 0xf5,
    0xcf, 0xff, 0xff, 0xff, 0xff, 0xff, 0xff, 0xf5,

    /* U+003E ">" */
    0x20, 0x0, 0x0, 0x0, 0x0, 0x0, 0x0, 0x0,
    0xad, 0x50, 0x0, 0x0, 0x0, 0x0, 0x0, 0x0,
    0xaf, 0xfd, 0x60, 0x0, 0x0, 0x0, 0x0, 0x0,
    0xaf, 0xff, 0xfe, 0x70, 0x0, 0x0, 0x0, 0x0,
    0x8f, 0xff, 0xff, 0xff, 0x81, 0x0, 0x0, 0x0,
    0x3, 0xaf, 0xff, 0xff, 0xff, 0x91, 0x0, 0x0,
    0x0, 0x1, 0x8e, 0xff, 0xff, 0xff, 0xa2, 0x0,
    0x0, 0x0, 0x0, 0x6d, 0xff, 0xff, 0xff, 0xa3,
    0x0, 0x0, 0x0, 0x0, 0x4b, 0xff, 0xff, 0xfe,
    0x0, 0x0, 0x0, 0x0, 0x0, 0x2e, 0xff, 0xfe,
    0x0, 0x0, 0x0, 0x0, 0x17, 0xef, 0xff, 0xfe,
    0x0, 0x0, 0x0, 0x29, 0xff, 0xff, 0xff, 0xd6,
    0x0, 0x0, 0x4b, 0xff, 0xff, 0xff, 0xd5, 0x0,
    0x0, 0x6d, 0xff, 0xff, 0xff, 0xc5, 0x0, 0x0,
    0x6f, 0xff, 0xff, 0xff, 0xb4, 0x0, 0x0, 0x0,
    0xaf, 0xff, 0xff, 0xa3, 0x0, 0x0, 0x0, 0x0,
    0xaf, 0xff, 0xa2, 0x0, 0x0, 0x0, 0x0, 0x0,
    0xaf, 0x91, 0x0, 0x0, 0x0, 0x0, 0x0, 0x0,
    0x41, 0x0, 0x0, 0x0, 0x0, 0x0, 0x0, 0x0,

    /* U+003F "?" */
    0x0, 0x1, 0x7c, 0xef, 0xec, 0x72, 0x0, 0x0,
    0x5, 0xef, 0xff, 0xff, 0xff, 0xf7, 0x0, 0x5,
    0xff, 0xff, 0xff, 0xff, 0xff, 0xf8, 0x0, 0xef,
    0xff, 0xf9, 0x79, 0xff, 0xff, 0xf2, 0x6f, 0xff,
    0xe2, 0x0, 0x2, 0xef, 0xff, 0x99, 0xff, 0xf7,
    0x0, 0x0, 0x7, 0xff, 0xfb, 0x69, 0x99, 0x20,
    0x0, 0x0, 0x5f, 0xff, 0xc0, 0x0, 0x0, 0x0,
    0x0, 0x8, 0xff, 0xfa, 0x0, 0x0, 0x0, 0x0,
    0x2, 0xff, 0xff, 0x60, 0x0, 0x0, 0x0, 0x4,
    0xef, 0xff, 0xe0, 0x0, 0x0, 0x0, 0x9, 0xff,
    0xff, 0xf2, 0x0, 0x0, 0x0, 0xb, 0xff, 0xff,
    0xc2, 0x0, 0x0, 0x0, 0x5, 0xff, 0xff, 0x80,
    0x0, 0x0, 0x0, 0x0, 0xaf, 0xff, 0x80, 0x0,
    0x0, 0x0, 0x0, 0xd, 0xff, 0xf0, 0x0, 0x0,
    0x0, 0x0, 0x0, 0xef, 0xfd, 0x0, 0x0, 0x0,
    0x0, 0x0, 0x8, 0x88, 0x60, 0x0, 0x0, 0x0,
    0x0, 0x0, 0x0, 0x0, 0x0, 0x0, 0x0, 0x0,
    0x0, 0x0, 0x0, 0x0, 0x0, 0x0, 0x0, 0x0,
    0x0, 0x8e, 0xe7, 0x0, 0x0, 0x0, 0x0, 0x0,
    0x5f, 0xff, 0xf4, 0x0, 0x0, 0x0, 0x0, 0x9,
    0xff, 0xff, 0x70, 0x0, 0x0, 0x0, 0x0, 0x5f,
    0xff, 0xf4, 0x0, 0x0, 0x0, 0x0, 0x0, 0x8e,
    0xe7, 0x0, 0x0, 0x0,

    /* U+0040 "@" */
    0x0, 0x0, 0x0, 0x0, 0x1, 0x59, 0xce, 0xff,
    0xfd, 0xb7, 0x20, 0x0, 0x0, 0x0, 0x0, 0x0,
    0x0, 0x0, 0x2, 0xaf, 0xff, 0xff, 0xff, 0xff,
    0xff, 0xfc, 0x30, 0x0, 0x0, 0x0, 0x0, 0x0,
    0x0, 0x7f, 0xff, 0xff, 0xff, 0xff, 0xff, 0xff,
    0xff, 0xfa, 0x0, 0x0, 0x0, 0x0, 0x0, 0xb,
    0xff, 0xff, 0xfc, 0x85, 0x43, 0x35, 0x8d, 0xff,
    0xff, 0xd2, 0x0, 0x0, 0x0, 0x0, 0xbf, 0xff,
    0xf9, 0x10, 0x0, 0x0, 0x0, 0x0, 0x3c, 0xff,
    0xfe, 0x10, 0x0, 0x0, 0x8, 0xff, 0xfe, 0x30,
    0x0, 0x0, 0x0, 0x0, 0x0, 0x0, 0x8f, 0xff,
    0xb0, 0x0, 0x0, 0x2f, 0xff, 0xe2, 0x0, 0x0,
    0x0, 0x0, 0x0, 0x0, 0x0, 0x8, 0xff, 0xf6,
    0x0, 0x0, 0xbf, 0xff, 0x40, 0x0, 0x0, 0x0,
    0x0, 0x0, 0x0, 0x0, 0x0, 0xcf, 0xfd, 0x0,
    0x2, 0xff, 0xfa, 0x0, 0x0, 0x4, 0xbe, 0xfe,
    0x92, 0x2a, 0xa7, 0x0, 0x3f, 0xff, 0x50, 0x8,
    0xff, 0xf3, 0x0, 0x0, 0x9f, 0xff, 0xff, 0xff,
    0x8f, 0xfb, 0x0, 0xc, 0xff, 0xa0, 0xc, 0xff,
    0xd0, 0x0, 0x8, 0xff, 0xff, 0xff, 0xff, 0xff,
    0xfb, 0x0, 0x7, 0xff, 0xe0, 0xf, 0xff, 0x90,
    0x0, 0x3f, 0xff, 0xd6, 0x34, 0x8f, 0xff, 0xfb,
    0x0, 0x4, 0xff, 0xf2, 0x2f, 0xff, 0x60, 0x0,
    0xaf, 0xfd, 0x10, 0x0, 0x3, 0xff, 0xfb, 0x0,
    0x1, 0xff, 0xf3, 0x4f, 0xff, 0x40, 0x0, 0xff,
    0xf5, 0x0, 0x0, 0x0, 0xbf, 0xfb, 0x0, 0x0,
    0xff, 0xf5, 0x5f, 0xff, 0x30, 0x1, 0xff, 0xf0,
    0x0, 0x0, 0x0, 0x7f, 0xfb, 0x0, 0x0, 0xff,
    0xf5, 0x6f, 0xff, 0x20, 0x3, 0xff, 0xe0, 0x0,
    0x0, 0x0, 0x6f, 0xfb, 0x0, 0x0, 0xff, 0xf4,
    0x5f, 0xff, 0x20, 0x3, 0xff, 0xf0, 0x0, 0x0,
    0x0, 0x6f, 0xfb, 0x0, 0x1, 0xff, 0xf3, 0x4f,
    0xff, 0x40, 0x1, 0xff, 0xf1, 0x0, 0x0, 0x0,
    0x8f, 0xfb, 0x0, 0x2, 0xff, 0xf1, 0x3f, 0xff,
    0x50, 0x0, 0xff, 0xf6, 0x0, 0x0, 0x0, 0xcf,
    0xfb, 0x0, 0x5, 0xff, 0xe0, 0xf, 0xff, 0x90,
    0x0, 0xaf, 0xfd, 0x0, 0x0, 0x4, 0xff, 0xfb,
    0x0, 0x9, 0xff, 0xa0, 0xd, 0xff, 0xc0, 0x0,
    0x4f, 0xff, 0xc4, 0x12, 0x7f, 0xff, 0xff, 0x20,
    0x4f, 0xff, 0x40, 0x9, 0xff, 0xf2, 0x0, 0xa,
    0xff, 0xff, 0xff, 0xff, 0xce, 0xff, 0xfe, 0xff,
    0xfb, 0x0, 0x3, 0xff, 0xfa, 0x0, 0x0, 0xbf,
    0xff, 0xff, 0xfe, 0x27, 0xff, 0xff, 0xff, 0xd1,
    0x0, 0x0, 0xdf, 0xff, 0x40, 0x0, 0x6, 0xcf,
    0xfd, 0x91, 0x0, 0x5b, 0xff, 0xd8, 0x10, 0x0,
    0x0, 0x4f, 0xff, 0xe1, 0x0, 0x0, 0x0, 0x0,
    0x0, 0x0, 0x0, 0x0, 0x0, 0x0, 0x0, 0x0,
    0xa, 0xff, 0xfe, 0x30, 0x0, 0x0, 0x0, 0x0,
    0x0, 0x0, 0x0, 0x0, 0x0, 0x0, 0x0, 0x0,
    0xdf, 0xff, 0xf9, 0x20, 0x0, 0x0, 0x0, 0x0,
    0x4, 0x0, 0x0, 0x0, 0x0, 0x0, 0x0, 0x1c,
    0xff, 0xff, 0xfc, 0x85, 0x43, 0x34, 0x7a, 0xef,
    0x30, 0x0, 0x0, 0x0, 0x0, 0x0, 0x0, 0x9f,
    0xff, 0xff, 0xff, 0xff, 0xff, 0xff, 0xff, 0x90,
    0x0, 0x0, 0x0, 0x0, 0x0, 0x0, 0x3, 0xaf,
    0xff, 0xff, 0xff, 0xff, 0xff, 0xff, 0x90, 0x0,
    0x0, 0x0, 0x0, 0x0, 0x0, 0x0, 0x1, 0x59,
    0xce, 0xff, 0xfe, 0xb9, 0x51, 0x0, 0x0, 0x0,
    0x0,

    /* U+0041 "A" */
    0x0, 0x0, 0x0, 0x0, 0x4f, 0xff, 0xff, 0x50,
    0x0, 0x0, 0x0, 0x0, 0x0, 0x0, 0x0, 0x9,
    0xff, 0xff, 0xfb, 0x0, 0x0, 0x0, 0x0, 0x0,
    0x0, 0x0, 0x0, 0xef, 0xff, 0xff, 0xf1, 0x0,
    0x0, 0x0, 0x0, 0x0, 0x0, 0x0, 0x4f, 0xff,
    0xef, 0xff, 0x60, 0x0, 0x0, 0x0, 0x0, 0x0,
    0x0, 0x9, 0xff, 0xf6, 0xff, 0xfc, 0x0, 0x0,
    0x0, 0x0, 0x0, 0x0, 0x0, 0xef, 0xff, 0xe,
    0xff, 0xf1, 0x0, 0x0, 0x0, 0x0, 0x0, 0x0,
    0x4f, 0xff, 0xb0, 0xaf, 0xff, 0x70, 0x0, 0x0,
    0x0, 0x0, 0x0, 0xa, 0xff, 0xf7, 0x6, 0xff,
    0xfc, 0x0, 0x0, 0x0, 0x0, 0x0, 0x0, 0xff,
    0xff, 0x30, 0x1f, 0xff, 0xf2, 0x0, 0x0, 0x0,
    0x0, 0x0, 0x5f, 0xff, 0xe0, 0x0, 0xdf, 0xff,
    0x70, 0x0, 0x0, 0x0, 0x0, 0xa, 0xff, 0xfa,
    0x0, 0x8, 0xff, 0xfd, 0x0, 0x0, 0x0, 0x0,
    0x0, 0xff, 0xff, 0x50, 0x0, 0x3f, 0xff, 0xf2,
    0x0, 0x0, 0x0, 0x0, 0x5f, 0xff, 0xf0, 0x0,
    0x0, 0xef, 0xff, 0x80, 0x0, 0x0, 0x0, 0xa,
    0xff, 0xfb, 0x0, 0x0, 0x8, 0xff, 0xfd, 0x0,
    0x0, 0x0, 0x0, 0xff, 0xff, 0xa6, 0x66, 0x66,
    0x9f, 0xff, 0xf3, 0x0, 0x0, 0x0, 0x5f, 0xff,
    0xff, 0xff, 0xff, 0xff, 0xff, 0xff, 0x90, 0x0,
    0x0, 0xa, 0xff, 0xff, 0xff, 0xff, 0xff, 0xff,
    0xff, 0xfe, 0x0, 0x0, 0x0, 0xff, 0xff, 0xff,
    0xff, 0xff, 0xff, 0xff, 0xff, 0xf4, 0x0, 0x0,
    0x5f, 0xff, 0xf1, 0x0, 0x0, 0x0, 0x0, 0xef,
    0xff, 0x90, 0x0, 0xb, 0xff, 0xfc, 0x0, 0x0,
    0x0, 0x0, 0x8, 0xff, 0xfe, 0x0, 0x0, 0xff,
    0xff, 0x70, 0x0, 0x0, 0x0, 0x0, 0x3f, 0xff,
    0xf4, 0x0, 0x6f, 0xff, 0xf2, 0x0, 0x0, 0x0,
    0x0, 0x0, 0xef, 0xff, 0xa0, 0xb, 0xff, 0xfd,
    0x0, 0x0, 0x0, 0x0, 0x0, 0x8, 0xff, 0xff,
    0x1, 0xff, 0xff, 0x80, 0x0, 0x0, 0x0, 0x0,
    0x0, 0x3f, 0xff, 0xf5,

    /* U+0042 "B" */
    0xaf, 0xff, 0xff, 0xff, 0xff, 0xec, 0x72, 0x0,
    0x0, 0xaf, 0xff, 0xff, 0xff, 0xff, 0xff, 0xff,
    0x80, 0x0, 0xaf, 0xff, 0xff, 0xff, 0xff, 0xff,
    0xff, 0xf8, 0x0, 0xaf, 0xff, 0xc8, 0x88, 0x8a,
    0xdf, 0xff, 0xff, 0x20, 0xaf, 0xff, 0x80, 0x0,
    0x0, 0x6, 0xff, 0xff, 0x80, 0xaf, 0xff, 0x80,
    0x0, 0x0, 0x0, 0xaf, 0xff, 0xa0, 0xaf, 0xff,
    0x80, 0x0, 0x0, 0x0, 0x7f, 0xff, 0xb0, 0xaf,
    0xff, 0x80, 0x0, 0x0, 0x0, 0x8f, 0xff, 0x90,
    0xaf, 0xff, 0x80, 0x0, 0x0, 0x1, 0xef, 0xff,
    0x30, 0xaf, 0xff, 0x80, 0x0, 0x1, 0x5e, 0xff,
    0xf7, 0x0, 0xaf, 0xff, 0xff, 0xff, 0xff, 0xff,
    0xfc, 0x40, 0x0, 0xaf, 0xff, 0xff, 0xff, 0xff,
    0xff, 0xe8, 0x20, 0x0, 0xaf, 0xff, 0xff, 0xff,
    0xff, 0xff, 0xff, 0xf8, 0x0, 0xaf, 0xff, 0x81,
    0x11, 0x11, 0x3a, 0xff, 0xff, 0x70, 0xaf, 0xff,
    0x80, 0x0, 0x0, 0x0, 0x7f, 0xff, 0xf1, 0xaf,
    0xff, 0x80, 0x0, 0x0, 0x0, 0xd, 0xff, 0xf6,
    0xaf, 0xff, 0x80, 0x0, 0x0, 0x0, 0x9, 0xff,
    0xf9, 0xaf, 0xff, 0x80, 0x0, 0x0, 0x0, 0x9,
    0xff, 0xfa, 0xaf, 0xff, 0x80, 0x0, 0x0, 0x0,
    0xe, 0xff, 0xf8, 0xaf, 0xff, 0x80, 0x0, 0x0,
    0x0, 0xaf, 0xff, 0xf4, 0xaf, 0xff, 0xc8, 0x88,
    0x89, 0xae, 0xff, 0xff, 0xd0, 0xaf, 0xff, 0xff,
    0xff, 0xff, 0xff, 0xff, 0xff, 0x30, 0xaf, 0xff,
    0xff, 0xff, 0xff, 0xff, 0xff, 0xd3, 0x0, 0xaf,
    0xff, 0xff, 0xff, 0xff, 0xed, 0xa5, 0x0, 0x0,

    /* U+0043 "C" */
    0x0, 0x0, 0x0, 0x5, 0xad, 0xff, 0xec, 0x72,
    0x0, 0x0, 0x0, 0x0, 0x0, 0x5, 0xef, 0xff,
    0xff, 0xff, 0xff, 0xa1, 0x0, 0x0, 0x0, 0x0,
    0x9f, 0xff, 0xff, 0xff, 0xff, 0xff, 0xfe, 0x30,
    0x0, 0x0, 0x9, 0xff, 0xff, 0xff, 0xed, 0xef,
    0xff, 0xff, 0xe2, 0x0, 0x0, 0x5f, 0xff, 0xff,
    0x71, 0x0, 0x3, 0xaf, 0xff, 0xfc, 0x0, 0x0,
    0xef, 0xff, 0xe2, 0x0, 0x0, 0x0, 0x7, 0xff,
    0xff, 0x40, 0x6, 0xff, 0xff, 0x40, 0x0, 0x0,
    0x0, 0x0, 0xbf, 0xff, 0xa0, 0xc, 0xff, 0xfa,
    0x0, 0x0, 0x0, 0x0, 0x0, 0x4f, 0xff, 0xe0,
    0xf, 0xff, 0xf4, 0x0, 0x0, 0x0, 0x0, 0x0,
    0x2, 0x22, 0x20, 0x3f, 0xff, 0xf0, 0x0, 0x0,
    0x0, 0x0, 0x0, 0x0, 0x0, 0x0, 0x5f, 0xff,
    0xe0, 0x0, 0x0, 0x0, 0x0, 0x0, 0x0, 0x0,
    0x0, 0x5f, 0xff, 0xd0, 0x0, 0x0, 0x0, 0x0,
    0x0, 0x0, 0x0, 0x0, 0x5f, 0xff, 0xd0, 0x0,
    0x0, 0x0, 0x0, 0x0, 0x0, 0x0, 0x0, 0x5f,
    0xff, 0xe0, 0x0, 0x0, 0x0, 0x0, 0x0, 0x0,
    0x0, 0x0, 0x3f, 0xff, 0xf0, 0x0, 0x0, 0x0,
    0x0, 0x0, 0x0, 0x0, 0x0, 0xf, 0xff, 0xf4,
    0x0, 0x0, 0x0, 0x0, 0x0, 0x1, 0x11, 0x10,
    0xc, 0xff, 0xfa, 0x0, 0x0, 0x0, 0x0, 0x0,
    0x4f, 0xff, 0xe0, 0x6, 0xff, 0xff, 0x30, 0x0,
    0x0, 0x0, 0x0, 0xbf, 0xff, 0xa0, 0x0, 0xef,
    0xff, 0xe2, 0x0, 0x0, 0x0, 0x7, 0xff, 0xff,
    0x40, 0x0, 0x5f, 0xff, 0xff, 0x71, 0x0, 0x2,
    0xaf, 0xff, 0xfb, 0x0, 0x0, 0x9, 0xff, 0xff,
    0xff, 0xdd, 0xef, 0xff, 0xff, 0xe1, 0x0, 0x0,
    0x0, 0x9f, 0xff, 0xff, 0xff, 0xff, 0xff, 0xfe,
    0x20, 0x0, 0x0, 0x0, 0x5, 0xef, 0xff, 0xff,
    0xff, 0xff, 0xa1, 0x0, 0x0, 0x0, 0x0, 0x0,
    0x5, 0xad, 0xff, 0xec, 0x82, 0x0, 0x0, 0x0,

    /* U+0044 "D" */
    0xaf, 0xff, 0xff, 0xff, 0xff, 0xda, 0x50, 0x0,
    0x0, 0x0, 0xaf, 0xff, 0xff, 0xff, 0xff, 0xff,
    0xfe, 0x60, 0x0, 0x0, 0xaf, 0xff, 0xff, 0xff,
    0xff, 0xff, 0xff, 0xfb, 0x0, 0x0, 0xaf, 0xff,
    0xda, 0xaa, 0xbc, 0xff, 0xff, 0xff, 0xc0, 0x0,
    0xaf, 0xff, 0x80, 0x0, 0x0, 0x4, 0xdf, 0xff,
    0xf8, 0x0, 0xaf, 0xff, 0x80, 0x0, 0x0, 0x0,
    0xb, 0xff, 0xff, 0x20, 0xaf, 0xff, 0x80, 0x0,
    0x0, 0x0, 0x0, 0xef, 0xff, 0x80, 0xaf, 0xff,
    0x80, 0x0, 0x0, 0x0, 0x0, 0x6f, 0xff, 0xe0,
    0xaf, 0xff, 0x80, 0x0, 0x0, 0x0, 0x0, 0x1f,
    0xff, 0xf2, 0xaf, 0xff, 0x80, 0x0, 0x0, 0x0,
    0x0, 0xd, 0xff, 0xf4, 0xaf, 0xff, 0x80, 0x0,
    0x0, 0x0, 0x0, 0xb, 0xff, 0xf6, 0xaf, 0xff,
    0x80, 0x0, 0x0, 0x0, 0x0, 0xa, 0xff, 0xf7,
    0xaf, 0xff, 0x80, 0x0, 0x0, 0x0, 0x0, 0xa,
    0xff, 0xf7, 0xaf, 0xff, 0x80, 0x0, 0x0, 0x0,
    0x0, 0xb, 0xff, 0xf6, 0xaf, 0xff, 0x80, 0x0,
    0x0, 0x0, 0x0, 0xd, 0xff, 0xf4, 0xaf, 0xff,
    0x80, 0x0, 0x0, 0x0, 0x0, 0x1f, 0xff, 0xf1,
    0xaf, 0xff, 0x80, 0x0, 0x0, 0x0, 0x0, 0x7f,
    0xff, 0xd0, 0xaf, 0xff, 0x80, 0x0, 0x0, 0x0,
    0x1, 0xef, 0xff, 0x80, 0xaf, 0xff, 0x80, 0x0,
    0x0, 0x0, 0xb, 0xff, 0xff, 0x10, 0xaf, 0xff,
    0x80, 0x0, 0x0, 0x5, 0xdf, 0xff, 0xf8, 0x0,
    0xaf, 0xff, 0xda, 0xaa, 0xbc, 0xff, 0xff, 0xff,
    0xb0, 0x0, 0xaf, 0xff, 0xff, 0xff, 0xff, 0xff,
    0xff, 0xfb, 0x0, 0x0, 0xaf, 0xff, 0xff, 0xff,
    0xff, 0xff, 0xfe, 0x60, 0x0, 0x0, 0xaf, 0xff,
    0xff, 0xff, 0xfe, 0xda, 0x50, 0x0, 0x0, 0x0,

    /* U+0045 "E" */
    0xaf, 0xff, 0xff, 0xff, 0xff, 0xff, 0xff, 0xf7,
    0xaf, 0xff, 0xff, 0xff, 0xff, 0xff, 0xff, 0xf7,
    0xaf, 0xff, 0xff, 0xff, 0xff, 0xff, 0xff, 0xf7,
    0xaf, 0xff, 0xc9, 0x99, 0x99, 0x99, 0x99, 0x94,
    0xaf, 0xff, 0x80, 0x0, 0x0, 0x0, 0x0, 0x0,
    0xaf, 0xff, 0x80, 0x0, 0x0, 0x0, 0x0, 0x0,
    0xaf, 0xff, 0x80, 0x0, 0x0, 0x0, 0x0, 0x0,
    0xaf, 0xff, 0x80, 0x0, 0x0, 0x0, 0x0, 0x0,
    0xaf, 0xff, 0x80, 0x0, 0x0, 0x0, 0x0, 0x0,
    0xaf, 0xff, 0x80, 0x0, 0x0, 0x0, 0x0, 0x0,
    0xaf, 0xff, 0xc8, 0x88, 0x88, 0x88, 0x88, 0x50,
    0xaf, 0xff, 0xff, 0xff, 0xff, 0xff, 0xff, 0xa0,
    0xaf, 0xff, 0xff, 0xff, 0xff, 0xff, 0xff, 0xa0,
    0xaf, 0xff, 0xff, 0xff, 0xff, 0xff, 0xff, 0xa0,
    0xaf, 0xff, 0x80, 0x0, 0x0, 0x0, 0x0, 0x0,
    0xaf, 0xff, 0x80, 0x0, 0x0, 0x0, 0x0, 0x0,
    0xaf, 0xff, 0x80, 0x0, 0x0, 0x0, 0x0, 0x0,
    0xaf, 0xff, 0x80, 0x0, 0x0, 0x0, 0x0, 0x0,
    0xaf, 0xff, 0x80, 0x0, 0x0, 0x0, 0x0, 0x0,
    0xaf, 0xff, 0x80, 0x0, 0x0, 0x0, 0x0, 0x0,
    0xaf, 0xff, 0xc9, 0x99, 0x99, 0x99, 0x99, 0x94,
    0xaf, 0xff, 0xff, 0xff, 0xff, 0xff, 0xff, 0xf8,
    0xaf, 0xff, 0xff, 0xff, 0xff, 0xff, 0xff, 0xf8,
    0xaf, 0xff, 0xff, 0xff, 0xff, 0xff, 0xff, 0xf8,

    /* U+0046 "F" */
    0xaf, 0xff, 0xff, 0xff, 0xff, 0xff, 0xff, 0xf4,
    0xaf, 0xff, 0xff, 0xff, 0xff, 0xff, 0xff, 0xf4,
    0xaf, 0xff, 0xff, 0xff, 0xff, 0xff, 0xff, 0xf4,
    0xaf, 0xff, 0xc9, 0x99, 0x99, 0x99, 0x99, 0x92,
    0xaf, 0xff, 0x80, 0x0, 0x0, 0x0, 0x0, 0x0,
    0xaf, 0xff, 0x80, 0x0, 0x0, 0x0, 0x0, 0x0,
    0xaf, 0xff, 0x80, 0x0, 0x0, 0x0, 0x0, 0x0,
    0xaf, 0xff, 0x80, 0x0, 0x0, 0x0, 0x0, 0x0,
    0xaf, 0xff, 0x80, 0x0, 0x0, 0x0, 0x0, 0x0,
    0xaf, 0xff, 0x80, 0x0, 0x0, 0x0, 0x0, 0x0,
    0xaf, 0xff, 0x80, 0x0, 0x0, 0x0, 0x0, 0x0,
    0xaf, 0xff, 0xff, 0xff, 0xff, 0xff, 0xff, 0x30,
    0xaf, 0xff, 0xff, 0xff, 0xff, 0xff, 0xff, 0x30,
    0xaf, 0xff, 0xff, 0xff, 0xff, 0xff, 0xff, 0x30,
    0xaf, 0xff, 0xc8, 0x88, 0x88, 0x88, 0x88, 0x10,
    0xaf, 0xff, 0x80, 0x0, 0x0, 0x0, 0x0, 0x0,
    0xaf, 0xff, 0x80, 0x0, 0x0, 0x0, 0x0, 0x0,
    0xaf, 0xff, 0x80, 0x0, 0x0, 0x0, 0x0, 0x0,
    0xaf, 0xff, 0x80, 0x0, 0x0, 0x0, 0x0, 0x0,
    0xaf, 0xff, 0x80, 0x0, 0x0, 0x0, 0x0, 0x0,
    0xaf, 0xff, 0x80, 0x0, 0x0, 0x0, 0x0, 0x0,
    0xaf, 0xff, 0x80, 0x0, 0x0, 0x0, 0x0, 0x0,
    0xaf, 0xff, 0x80, 0x0, 0x0, 0x0, 0x0, 0x0,
    0xaf, 0xff, 0x80, 0x0, 0x0, 0x0, 0x0, 0x0,

    /* U+0047 "G" */
    0x0, 0x0, 0x0, 0x5, 0xad, 0xff, 0xec, 0x72,
    0x0, 0x0, 0x0, 0x0, 0x0, 0x5, 0xdf, 0xff,
    0xff, 0xff, 0xff, 0xa1, 0x0, 0x0, 0x0, 0x0,
    0x9f, 0xff, 0xff, 0xff, 0xff, 0xff, 0xff, 0x30,
    0x0, 0x0, 0x9, 0xff, 0xff, 0xff, 0xed, 0xef,
    0xff, 0xff, 0xf3, 0x0, 0x0, 0x5f, 0xff, 0xff,
    0x81, 0x0, 0x2, 0xaf, 0xff, 0xfd, 0x0, 0x0,
    0xef, 0xff, 0xe3, 0x0, 0x0, 0x0, 0x7, 0xff,
    0xff, 0x60, 0x6, 0xff, 0xff, 0x40, 0x0, 0x0,
    0x0, 0x0, 0xbf, 0xff, 0xc0, 0xb, 0xff, 0xfb,
    0x0, 0x0, 0x0, 0x0, 0x0, 0x39, 0x99, 0x80,
    0xf, 0xff, 0xf5, 0x0, 0x0, 0x0, 0x0, 0x0,
    0x0, 0x0, 0x0, 0x3f, 0xff, 0xf0, 0x0, 0x0,
    0x0, 0x0, 0x0, 0x0, 0x0, 0x0, 0x5f, 0xff,
    0xe0, 0x0, 0x0, 0x0, 0x0, 0x0, 0x0, 0x0,
    0x0, 0x5f, 0xff, 0xd0, 0x0, 0x0, 0x2, 0xff,
    0xff, 0xff, 0xff, 0xf4, 0x5f, 0xff, 0xd0, 0x0,
    0x0, 0x2, 0xff, 0xff, 0xff, 0xff, 0xf4, 0x5f,
    0xff, 0xe0, 0x0, 0x0, 0x2, 0xff, 0xff, 0xff,
    0xff, 0xf4, 0x3f, 0xff, 0xf0, 0x0, 0x0, 0x0,
    0x55, 0x55, 0x5e, 0xff, 0xf3, 0xf, 0xff, 0xf4,
    0x0, 0x0, 0x0, 0x0, 0x0, 0xe, 0xff, 0xf2,
    0xc, 0xff, 0xfa, 0x0, 0x0, 0x0, 0x0, 0x0,
    0x2f, 0xff, 0xf0, 0x6, 0xff, 0xff, 0x30, 0x0,
    0x0, 0x0, 0x0, 0x9f, 0xff, 0xb0, 0x0, 0xef,
    0xff, 0xe2, 0x0, 0x0, 0x0, 0x5, 0xff, 0xff,
    0x50, 0x0, 0x6f, 0xff, 0xff, 0x71, 0x0, 0x2,
    0x9f, 0xff, 0xfd, 0x0, 0x0, 0xa, 0xff, 0xff,
    0xff, 0xed, 0xef, 0xff, 0xff, 0xf3, 0x0, 0x0,
    0x0, 0xaf, 0xff, 0xff, 0xff, 0xff, 0xff, 0xff,
    0x40, 0x0, 0x0, 0x0, 0x6, 0xef, 0xff, 0xff,
    0xff, 0xff, 0xc2, 0x0, 0x0, 0x0, 0x0, 0x0,
    0x5, 0xad, 0xff, 0xfc, 0x93, 0x0, 0x0, 0x0,

    /* U+0048 "H" */
    0xaf, 0xff, 0x80, 0x0, 0x0, 0x0, 0x0, 0xa,
    0xff, 0xf8, 0xaf, 0xff, 0x80, 0x0, 0x0, 0x0,
    0x0, 0xa, 0xff, 0xf8, 0xaf, 0xff, 0x80, 0x0,
    0x0, 0x0, 0x0, 0xa, 0xff, 0xf8, 0xaf, 0xff,
    0x80, 0x0, 0x0, 0x0, 0x0, 0xa, 0xff, 0xf8,
    0xaf, 0xff, 0x80, 0x0, 0x0, 0x0, 0x0, 0xa,
    0xff, 0xf8, 0xaf, 0xff, 0x80, 0x0, 0x0, 0x0,
    0x0, 0xa, 0xff, 0xf8, 0xaf, 0xff, 0x80, 0x0,
    0x0, 0x0, 0x0, 0xa, 0xff, 0xf8, 0xaf, 0xff,
    0x80, 0x0, 0x0, 0x0, 0x0, 0xa, 0xff, 0xf8,
    0xaf, 0xff, 0x80, 0x0, 0x0, 0x0, 0x0, 0xa,
    0xff, 0xf8, 0xaf, 0xff, 0x80, 0x0, 0x0, 0x0,
    0x0, 0xa, 0xff, 0xf8, 0xaf, 0xff, 0xff, 0xff,
    0xff, 0xff, 0xff, 0xff, 0xff, 0xf8, 0xaf, 0xff,
    0xff, 0xff, 0xff, 0xff, 0xff, 0xff, 0xff, 0xf8,
    0xaf, 0xff, 0xff, 0xff, 0xff, 0xff, 0xff, 0xff,
    0xff, 0xf8, 0xaf, 0xff, 0xc9, 0x99, 0x99, 0x99,
    0x99, 0x9d, 0xff, 0xf8, 0xaf, 0xff, 0x80, 0x0,
    0x0, 0x0, 0x0, 0xa, 0xff, 0xf8, 0xaf, 0xff,
    0x80, 0x0, 0x0, 0x0, 0x0, 0xa, 0xff, 0xf8,
    0xaf, 0xff, 0x80, 0x0, 0x0, 0x0, 0x0, 0xa,
    0xff, 0xf8, 0xaf, 0xff, 0x80, 0x0, 0x0, 0x0,
    0x0, 0xa, 0xff, 0xf8, 0xaf, 0xff, 0x80, 0x0,
    0x0, 0x0, 0x0, 0xa, 0xff, 0xf8, 0xaf, 0xff,
    0x80, 0x0, 0x0, 0x0, 0x0, 0xa, 0xff, 0xf8,
    0xaf, 0xff, 0x80, 0x0, 0x0, 0x0, 0x0, 0xa,
    0xff, 0xf8, 0xaf, 0xff, 0x80, 0x0, 0x0, 0x0,
    0x0, 0xa, 0xff, 0xf8, 0xaf, 0xff, 0x80, 0x0,
    0x0, 0x0, 0x0, 0xa, 0xff, 0xf8, 0xaf, 0xff,
    0x80, 0x0, 0x0, 0x0, 0x0, 0xa, 0xff, 0xf8,

    /* U+0049 "I" */
    0xaf, 0xff, 0x8a, 0xff, 0xf8, 0xaf, 0xff, 0x8a,
    0xff, 0xf8, 0xaf, 0xff, 0x8a, 0xff, 0xf8, 0xaf,
    0xff, 0x8a, 0xff, 0xf8, 0xaf, 0xff, 0x8a, 0xff,
    0xf8, 0xaf, 0xff, 0x8a, 0xff, 0xf8, 0xaf, 0xff,
    0x8a, 0xff, 0xf8, 0xaf, 0xff, 0x8a, 0xff, 0xf8,
    0xaf, 0xff, 0x8a, 0xff, 0xf8, 0xaf, 0xff, 0x8a,
    0xff, 0xf8, 0xaf, 0xff, 0x8a, 0xff, 0xf8, 0xaf,
    0xff, 0x8a, 0xff, 0xf8,

    /* U+004A "J" */
    0x0, 0x0, 0x0, 0x0, 0x0, 0xe, 0xff, 0xf3,
    0x0, 0x0, 0x0, 0x0, 0x0, 0xe, 0xff, 0xf3,
    0x0, 0x0, 0x0, 0x0, 0x0, 0xe, 0xff, 0xf3,
    0x0, 0x0, 0x0, 0x0, 0x0, 0xe, 0xff, 0xf3,
    0x0, 0x0, 0x0, 0x0, 0x0, 0xe, 0xff, 0xf3,
    0x0, 0x0, 0x0, 0x0, 0x0, 0xe, 0xff, 0xf3,
    0x0, 0x0, 0x0, 0x0, 0x0, 0xe, 0xff, 0xf3,
    0x0, 0x0, 0x0, 0x0, 0x0, 0xe, 0xff, 0xf3,
    0x0, 0x0, 0x0, 0x0, 0x0, 0xe, 0xff, 0xf3,
    0x0, 0x0, 0x0, 0x0, 0x0, 0xe, 0xff, 0xf3,
    0x0, 0x0, 0x0, 0x0, 0x0, 0xe, 0xff, 0xf3,
    0x0, 0x0, 0x0, 0x0, 0x0, 0xe, 0xff, 0xf3,
    0x0, 0x0, 0x0, 0x0, 0x0, 0xe, 0xff, 0xf3,
    0x0, 0x0, 0x0, 0x0, 0x0, 0xe, 0xff, 0xf3,
    0x0, 0x0, 0x0, 0x0, 0x0, 0xe, 0xff, 0xf3,
    0x8a, 0xaa, 0x40, 0x0, 0x0, 0xe, 0xff, 0xf3,
    0xcf, 0xff, 0x60, 0x0, 0x0, 0xe, 0xff, 0xf3,
    0xbf, 0xff, 0x70, 0x0, 0x0, 0xf, 0xff, 0xf2,
    0x9f, 0xff, 0xb0, 0x0, 0x0, 0x4f, 0xff, 0xf0,
    0x5f, 0xff, 0xf5, 0x0, 0x1, 0xcf, 0xff, 0xc0,
    0xe, 0xff, 0xff, 0xb8, 0xae, 0xff, 0xff, 0x50,
    0x4, 0xff, 0xff, 0xff, 0xff, 0xff, 0xfb, 0x0,
    0x0, 0x4e, 0xff, 0xff, 0xff, 0xff, 0xa0, 0x0,
    0x0, 0x0, 0x7b, 0xef, 0xfd, 0x93, 0x0, 0x0,

    /* U+004B "K" */
    0xaf, 0xff, 0x80, 0x0, 0x0, 0x0, 0x2, 0xef,
    0xff, 0xe2, 0xaf, 0xff, 0x80, 0x0, 0x0, 0x0,
    0x1d, 0xff, 0xff, 0x30, 0xaf, 0xff, 0x80, 0x0,
    0x0, 0x0, 0xcf, 0xff, 0xf5, 0x0, 0xaf, 0xff,
    0x80, 0x0, 0x0, 0xa, 0xff, 0xff, 0x80, 0x0,
    0xaf, 0xff, 0x80, 0x0, 0x0, 0x8f, 0xff, 0xfa,
    0x0, 0x0, 0xaf, 0xff, 0x80, 0x0, 0x5, 0xff,
    0xff, 0xc0, 0x0, 0x0, 0xaf, 0xff, 0x80, 0x0,
    0x3f, 0xff, 0xfd, 0x10, 0x0, 0x0, 0xaf, 0xff,
    0x80, 0x1, 0xef, 0xff, 0xe2, 0x0, 0x0, 0x0,
    0xaf, 0xff, 0x70, 0xc, 0xff, 0xff, 0x30, 0x0,
    0x0, 0x0, 0xaf, 0xff, 0x70, 0x9f, 0xff, 0xf5,
    0x0, 0x0, 0x0, 0x0, 0xaf, 0xff, 0x75, 0xff,
    0xff, 0xc0, 0x0, 0x0, 0x0, 0x0, 0xaf, 0xff,
    0x8e, 0xff, 0xff, 0xf5, 0x0, 0x0, 0x0, 0x0,
    0xaf, 0xff, 0xff, 0xff, 0xff, 0xfe, 0x10, 0x0,
    0x0, 0x0, 0xaf, 0xff, 0xff, 0xf9, 0xff, 0xff,
    0xa0, 0x0, 0x0, 0x0, 0xaf, 0xff, 0xff, 0x80,
    0x7f, 0xff, 0xf5, 0x0, 0x0, 0x0, 0xaf, 0xff,
    0xfa, 0x0, 0xc, 0xff, 0xfe, 0x10, 0x0, 0x0,
    0xaf, 0xff, 0xc0, 0x0, 0x3, 0xff, 0xff, 0xa0,
    0x0, 0x0, 0xaf, 0xff, 0x80, 0x0, 0x0, 0x8f,
    0xff, 0xf5, 0x0, 0x0, 0xaf, 0xff, 0x80, 0x0,
    0x0, 0xd, 0xff, 0xfe, 0x10, 0x0, 0xaf, 0xff,
    0x80, 0x0, 0x0, 0x3, 0xff, 0xff, 0xa0, 0x0,
    0xaf, 0xff, 0x80, 0x0, 0x0, 0x0, 0x8f, 0xff,
    0xf5, 0x0, 0xaf, 0xff, 0x80, 0x0, 0x0, 0x0,
    0xd, 0xff, 0xfe, 0x10, 0xaf, 0xff, 0x80, 0x0,
    0x0, 0x0, 0x3, 0xff, 0xff, 0xa0, 0xaf, 0xff,
    0x80, 0x0, 0x0, 0x0, 0x0, 0x9f, 0xff, 0xf5,

    /* U+004C "L" */
    0xaf, 0xff, 0x80, 0x0, 0x0, 0x0, 0x0, 0xa,
    0xff, 0xf8, 0x0, 0x0, 0x0, 0x0, 0x0, 0xaf,
    0xff, 0x80, 0x0, 0x0, 0x0, 0x0, 0xa, 0xff,
    0xf8, 0x0, 0x0, 0x0, 0x0, 0x0, 0xaf, 0xff,
    0x80, 0x0, 0x0, 0x0, 0x0, 0xa, 0xff, 0xf8,
    0x0, 0x0, 0x0, 0x0, 0x0, 0xaf, 0xff, 0x80,
    0x0, 0x0, 0x0, 0x0, 0xa, 0xff, 0xf8, 0x0,
    0x0, 0x0, 0x0, 0x0, 0xaf, 0xff, 0x80, 0x0,
    0x0, 0x0, 0x0, 0xa, 0xff, 0xf8, 0x0, 0x0,
    0x0, 0x0, 0x0, 0xaf, 0xff, 0x80, 0x0, 0x0,
    0x0, 0x0, 0xa, 0xff, 0xf8, 0x0, 0x0, 0x0,
    0x0, 0x0, 0xaf, 0xff, 0x80, 0x0, 0x0, 0x0,
    0x0, 0xa, 0xff, 0xf8, 0x0, 0x0, 0x0, 0x0,
    0x0, 0xaf, 0xff, 0x80, 0x0, 0x0, 0x0, 0x0,
    0xa, 0xff, 0xf8, 0x0, 0x0, 0x0, 0x0, 0x0,
    0xaf, 0xff, 0x80, 0x0, 0x0, 0x0, 0x0, 0xa,
    0xff, 0xf8, 0x0, 0x0, 0x0, 0x0, 0x0, 0xaf,
    0xff, 0x80, 0x0, 0x0, 0x0, 0x0, 0xa, 0xff,
    0xf8, 0x0, 0x0, 0x0, 0x0, 0x0, 0xaf, 0xff,
    0xc9, 0x99, 0x99, 0x99, 0x99, 0x7a, 0xff, 0xff,
    0xff, 0xff, 0xff, 0xff, 0xfc, 0xaf, 0xff, 0xff,
    0xff, 0xff, 0xff, 0xff, 0xca, 0xff, 0xff, 0xff,
    0xff, 0xff, 0xff, 0xfc,

    /* U+004D "M" */
    0xaf, 0xff, 0xff, 0xc0, 0x0, 0x0, 0x0, 0x0,
    0x0, 0x4f, 0xff, 0xff, 0xf2, 0xaf, 0xff, 0xff,
    0xf2, 0x0, 0x0, 0x0, 0x0, 0x0, 0xaf, 0xff,
    0xff, 0xf2, 0xaf, 0xff, 0xff, 0xf8, 0x0, 0x0,
    0x0, 0x0, 0x0, 0xff, 0xff, 0xff, 0xf2, 0xaf,
    0xff, 0xff, 0xfd, 0x0, 0x0, 0x0, 0x0, 0x5,
    0xff, 0xff, 0xff, 0xf2, 0xaf, 0xff, 0xef, 0xff,
    0x30, 0x0, 0x0, 0x0, 0xb, 0xff, 0xfe, 0xff,
    0xf2, 0xaf, 0xff, 0x9f, 0xff, 0x90, 0x0, 0x0,
    0x0, 0x1f, 0xff, 0xbe, 0xff, 0xf2, 0xaf, 0xff,
    0x6f, 0xff, 0xe0, 0x0, 0x0, 0x0, 0x6f, 0xff,
    0x7e, 0xff, 0xf2, 0xaf, 0xff, 0x5b, 0xff, 0xf4,
    0x0, 0x0, 0x0, 0xcf, 0xff, 0x2e, 0xff, 0xf2,
    0xaf, 0xff, 0x67, 0xff, 0xfa, 0x0, 0x0, 0x2,
    0xff, 0xfe, 0xf, 0xff, 0xf2, 0xaf, 0xff, 0x62,
    0xff, 0xff, 0x0, 0x0, 0x7, 0xff, 0xf9, 0xf,
    0xff, 0xf2, 0xaf, 0xff, 0x60, 0xdf, 0xff, 0x60,
    0x0, 0xd, 0xff, 0xf4, 0xf, 0xff, 0xf2, 0xaf,
    0xff, 0x60, 0x8f, 0xff, 0xb0, 0x0, 0x3f, 0xff,
    0xe0, 0xf, 0xff, 0xf2, 0xaf, 0xff, 0x70, 0x2f,
    0xff, 0xf1, 0x0, 0x8f, 0xff, 0x90, 0xf, 0xff,
    0xf2, 0xaf, 0xff, 0x70, 0xc, 0xff, 0xf6, 0x0,
    0xdf, 0xff, 0x40, 0xf, 0xff, 0xf2, 0xaf, 0xff,
    0x70, 0x7, 0xff, 0xfa, 0x1, 0xff, 0xfe, 0x0,
    0xf, 0xff, 0xf2, 0xaf, 0xff, 0x70, 0x1, 0xff,
    0xfe, 0x5, 0xff, 0xf8, 0x0, 0xf, 0xff, 0xf2,
    0xaf, 0xff, 0x70, 0x0, 0xbf, 0xff, 0x29, 0xff,
    0xf3, 0x0, 0xf, 0xff, 0xf2, 0xaf, 0xff, 0x70,
    0x0, 0x5f, 0xff, 0x6d, 0xff, 0xd0, 0x0, 0xf,
    0xff, 0xf2, 0xaf, 0xff, 0x70, 0x0, 0xf, 0xff,
    0xbf, 0xff, 0x70, 0x0, 0xf, 0xff, 0xf2, 0xaf,
    0xff, 0x70, 0x0, 0xa, 0xff, 0xff, 0xff, 0x20,
    0x0, 0xf, 0xff, 0xf2, 0xaf, 0xff, 0x70, 0x0,
    0x4, 0xff, 0xff, 0xfc, 0x0, 0x0, 0xf, 0xff,
    0xf2, 0xaf, 0xff, 0x70, 0x0, 0x0, 0xef, 0xff,
    0xf6, 0x0, 0x0, 0xf, 0xff, 0xf2, 0xaf, 0xff,
    0x70, 0x0, 0x0, 0x8f, 0xff, 0xf1, 0x0, 0x0,
    0xf, 0xff, 0xf2, 0xaf, 0xff, 0x70, 0x0, 0x0,
    0x3f, 0xff, 0xb0, 0x0, 0x0, 0xf, 0xff, 0xf2,

    /* U+004E "N" */
    0xaf, 0xff, 0xf5, 0x0, 0x0, 0x0, 0x0, 0x4,
    0xff, 0xff, 0xaf, 0xff, 0xfe, 0x10, 0x0, 0x0,
    0x0, 0x4, 0xff, 0xff, 0xaf, 0xff, 0xff, 0x90,
    0x0, 0x0, 0x0, 0x4, 0xff, 0xff, 0xaf, 0xff,
    0xff, 0xf3, 0x0, 0x0, 0x0, 0x4, 0xff, 0xff,
    0xaf, 0xff, 0xff, 0xfc, 0x0, 0x0, 0x0, 0x4,
    0xff, 0xff, 0xaf, 0xff, 0xdf, 0xff, 0x60, 0x0,
    0x0, 0x4, 0xff, 0xff, 0xaf, 0xff, 0x7f, 0xff,
    0xe1, 0x0, 0x0, 0x4, 0xff, 0xff, 0xaf, 0xff,
    0x69, 0xff, 0xfa, 0x0, 0x0, 0x4, 0xff, 0xff,
    0xaf, 0xff, 0x71, 0xff, 0xff, 0x30, 0x0, 0x4,
    0xff, 0xff, 0xaf, 0xff, 0x80, 0x8f, 0xff, 0xd0,
    0x0, 0x4, 0xff, 0xff, 0xaf, 0xff, 0x80, 0x1e,
    0xff, 0xf7, 0x0, 0x4, 0xff, 0xff, 0xaf, 0xff,
    0x90, 0x6, 0xff, 0xff, 0x10, 0x4, 0xff, 0xff,
    0xaf, 0xff, 0x90, 0x0, 0xcf, 0xff, 0xa0, 0x4,
    0xff, 0xff, 0xaf, 0xff, 0x90, 0x0, 0x3f, 0xff,
    0xf4, 0x4, 0xff, 0xff, 0xaf, 0xff, 0x90, 0x0,
    0x9, 0xff, 0xfd, 0x3, 0xff, 0xff, 0xaf, 0xff,
    0x90, 0x0, 0x0, 0xef, 0xff, 0x63, 0xff, 0xff,
    0xaf, 0xff, 0x90, 0x0, 0x0, 0x5f, 0xff, 0xe2,
    0xff, 0xff, 0xaf, 0xff, 0x90, 0x0, 0x0, 0xb,
    0xff, 0xf7, 0xff, 0xff, 0xaf, 0xff, 0x90, 0x0,
    0x0, 0x2, 0xff, 0xfd, 0xff, 0xff, 0xaf, 0xff,
    0x90, 0x0, 0x0, 0x0, 0x8f, 0xff, 0xff, 0xff,
    0xaf, 0xff, 0x90, 0x0, 0x0, 0x0, 0xe, 0xff,
    0xff, 0xff, 0xaf, 0xff, 0x90, 0x0, 0x0, 0x0,
    0x4, 0xff, 0xff, 0xff, 0xaf, 0xff, 0x90, 0x0,
    0x0, 0x0, 0x0, 0xbf, 0xff, 0xff, 0xaf, 0xff,
    0x90, 0x0, 0x0, 0x0, 0x0, 0x2f, 0xff, 0xff,

    /* U+004F "O" */
    0x0, 0x0, 0x0, 0x5, 0xad, 0xff, 0xec, 0x82,
    0x0, 0x0, 0x0, 0x0, 0x0, 0x5, 0xef, 0xff,
    0xff, 0xff, 0xff, 0xb1, 0x0, 0x0, 0x0, 0x0,
    0x9f, 0xff, 0xff, 0xff, 0xff, 0xff, 0xfe, 0x40,
    0x0, 0x0, 0x9, 0xff, 0xff, 0xff, 0xed, 0xff,
    0xff, 0xff, 0xf3, 0x0, 0x0, 0x5f, 0xff, 0xff,
    0x71, 0x0, 0x3, 0xbf, 0xff, 0xfe, 0x0, 0x0,
    0xef, 0xff, 0xe2, 0x0, 0x0, 0x0, 0x7, 0xff,
    0xff, 0x80, 0x6, 0xff, 0xff, 0x30, 0x0, 0x0,
    0x0, 0x0, 0xaf, 0xff, 0xe0, 0xc, 0xff, 0xfa,
    0x0, 0x0, 0x0, 0x0, 0x0, 0x1f, 0xff, 0xf5,
    0xf, 0xff, 0xf4, 0x0, 0x0, 0x0, 0x0, 0x0,
    0xb, 0xff, 0xf9, 0x3f, 0xff, 0xf0, 0x0, 0x0,
    0x0, 0x0, 0x0, 0x7, 0xff, 0xfc, 0x5f, 0xff,
    0xe0, 0x0, 0x0, 0x0, 0x0, 0x0, 0x4, 0xff,
    0xfe, 0x5f, 0xff, 0xd0, 0x0, 0x0, 0x0, 0x0,
    0x0, 0x4, 0xff, 0xff, 0x5f, 0xff, 0xd0, 0x0,
    0x0, 0x0, 0x0, 0x0, 0x3, 0xff, 0xff, 0x5f,
    0xff, 0xe0, 0x0, 0x0, 0x0, 0x0, 0x0, 0x4,
    0xff, 0xfe, 0x3f, 0xff, 0xf0, 0x0, 0x0, 0x0,
    0x0, 0x0, 0x7, 0xff, 0xfc, 0xf, 0xff, 0xf4,
    0x0, 0x0, 0x0, 0x0, 0x0, 0xb, 0xff, 0xf9,
    0xc, 0xff, 0xfa, 0x0, 0x0, 0x0, 0x0, 0x0,
    0x1f, 0xff, 0xf5, 0x6, 0xff, 0xff, 0x30, 0x0,
    0x0, 0x0, 0x0, 0xaf, 0xff, 0xf0, 0x0, 0xef,
    0xff, 0xe2, 0x0, 0x0, 0x0, 0x7, 0xff, 0xff,
    0x80, 0x0, 0x5f, 0xff, 0xff, 0x71, 0x0, 0x3,
    0xaf, 0xff, 0xfe, 0x0, 0x0, 0x9, 0xff, 0xff,
    0xff, 0xdd, 0xef, 0xff, 0xff, 0xf3, 0x0, 0x0,
    0x0, 0x9f, 0xff, 0xff, 0xff, 0xff, 0xff, 0xff,
    0x40, 0x0, 0x0, 0x0, 0x5, 0xef, 0xff, 0xff,
    0xff, 0xff, 0xb1, 0x0, 0x0, 0x0, 0x0, 0x0,
    0x5, 0xad, 0xff, 0xec, 0x83, 0x0, 0x0, 0x0,

    /* U+0050 "P" */
    0xaf, 0xff, 0xff, 0xff, 0xff, 0xeb, 0x60, 0x0,
    0x0, 0xaf, 0xff, 0xff, 0xff, 0xff, 0xff, 0xfe,
    0x30, 0x0, 0xaf, 0xff, 0xff, 0xff, 0xff, 0xff,
    0xff, 0xf4, 0x0, 0xaf, 0xff, 0xc9, 0x99, 0x9a,
    0xef, 0xff, 0xfe, 0x10, 0xaf, 0xff, 0x80, 0x0,
    0x0, 0x7, 0xff, 0xff, 0x80, 0xaf, 0xff, 0x80,
    0x0, 0x0, 0x0, 0xaf, 0xff, 0xe0, 0xaf, 0xff,
    0x80, 0x0, 0x0, 0x0, 0x3f, 0xff, 0xf1, 0xaf,
    0xff, 0x80, 0x0, 0x0, 0x0, 0xf, 0xff, 0xf3,
    0xaf, 0xff, 0x80, 0x0, 0x0, 0x0, 0xf, 0xff,
    0xf3, 0xaf, 0xff, 0x80, 0x0, 0x0, 0x0, 0x3f,
    0xff, 0xf1, 0xaf, 0xff, 0x80, 0x0, 0x0, 0x0,
    0xaf, 0xff, 0xe0, 0xaf, 0xff, 0x80, 0x0, 0x0,
    0x6, 0xff, 0xff, 0x80, 0xaf, 0xff, 0xc8, 0x88,
    0x89, 0xdf, 0xff, 0xfe, 0x10, 0xaf, 0xff, 0xff,
    0xff, 0xff, 0xff, 0xff, 0xf4, 0x0, 0xaf, 0xff,
    0xff, 0xff, 0xff, 0xff, 0xfe, 0x30, 0x0, 0xaf,
    0xff, 0xff, 0xff, 0xff, 0xeb, 0x60, 0x0, 0x0,
    0xaf, 0xff, 0x80, 0x0, 0x0, 0x0, 0x0, 0x0,
    0x0, 0xaf, 0xff, 0x80, 0x0, 0x0, 0x0, 0x0,
    0x0, 0x0, 0xaf, 0xff, 0x80, 0x0, 0x0, 0x0,
    0x0, 0x0, 0x0, 0xaf, 0xff, 0x80, 0x0, 0x0,
    0x0, 0x0, 0x0, 0x0, 0xaf, 0xff, 0x80, 0x0,
    0x0, 0x0, 0x0, 0x0, 0x0, 0xaf, 0xff, 0x80,
    0x0, 0x0, 0x0, 0x0, 0x0, 0x0, 0xaf, 0xff,
    0x80, 0x0, 0x0, 0x0, 0x0, 0x0, 0x0, 0xaf,
    0xff, 0x80, 0x0, 0x0, 0x0, 0x0, 0x0, 0x0,

    /* U+0051 "Q" */
    0x0, 0x0, 0x0, 0x5, 0xad, 0xff, 0xec, 0x82,
    0x0, 0x0, 0x0, 0x0, 0x0, 0x5, 0xef, 0xff,
    0xff, 0xff, 0xff, 0xb1, 0x0, 0x0, 0x0, 0x0,
    0x9f, 0xff, 0xff, 0xff, 0xff, 0xff, 0xfe, 0x40,
    0x0, 0x0, 0x9, 0xff, 0xff, 0xff, 0xed, 0xff,
    0xff, 0xff, 0xf3, 0x0, 0x0, 0x5f, 0xff, 0xff,
    0x71, 0x0, 0x3, 0xbf, 0xff, 0xfe, 0x0, 0x0,
    0xef, 0xff, 0xe2, 0x0, 0x0, 0x0, 0x7, 0xff,
    0xff, 0x80, 0x6, 0xff, 0xff, 0x30, 0x0, 0x0,
    0x0, 0x0, 0xaf, 0xff, 0xf0, 0xc, 0xff, 0xfa,
    0x0, 0x0, 0x0, 0x0, 0x0, 0x1f, 0xff, 0xf5,
    0xf, 0xff, 0xf4, 0x0, 0x0, 0x0, 0x0, 0x0,
    0xb, 0xff, 0xf9, 0x3f, 0xff, 0xf0, 0x0, 0x0,
    0x0, 0x0, 0x0, 0x7, 0xff, 0xfc, 0x5f, 0xff,
    0xe0, 0x0, 0x0, 0x0, 0x0, 0x0, 0x4, 0xff,
    0xfe, 0x5f, 0xff, 0xd0, 0x0, 0x0, 0x0, 0x0,
    0x0, 0x4, 0xff, 0xff, 0x5f, 0xff, 0xd0, 0x0,
    0x0, 0x0, 0x0, 0x0, 0x4, 0xff, 0xff, 0x5f,
    0xff, 0xe0, 0x0, 0x0, 0x0, 0x0, 0x0, 0x5,
    0xff, 0xfe, 0x3f, 0xff, 0xf0, 0x0, 0x0, 0x0,
    0x0, 0x0, 0x7, 0xff, 0xfc, 0xf, 0xff, 0xf4,
    0x0, 0x0, 0x12, 0x21, 0x0, 0xb, 0xff, 0xf9,
    0xc, 0xff, 0xfa, 0x0, 0x0, 0x8f, 0xff, 0x30,
    0x1f, 0xff, 0xf5, 0x6, 0xff, 0xff, 0x30, 0x0,
    0xb, 0xff, 0xe1, 0xaf, 0xff, 0xe0, 0x0, 0xef,
    0xff, 0xe2, 0x0, 0x1, 0xef, 0xfe, 0xff, 0xff,
    0x70, 0x0, 0x5f, 0xff, 0xff, 0x71, 0x0, 0x4f,
    0xff, 0xff, 0xfd, 0x0, 0x0, 0x9, 0xff, 0xff,
    0xff, 0xdd, 0xff, 0xff, 0xff, 0xe2, 0x0, 0x0,
    0x0, 0x9f, 0xff, 0xff, 0xff, 0xff, 0xff, 0xff,
    0x60, 0x0, 0x0, 0x0, 0x5, 0xef, 0xff, 0xff,
    0xff, 0xff, 0xff, 0xe1, 0x0, 0x0, 0x0, 0x0,
    0x5, 0xad, 0xff, 0xec, 0x76, 0xff, 0xfc, 0x0,
    0x0, 0x0, 0x0, 0x0, 0x0, 0x0, 0x0, 0x0,
    0x6f, 0xff, 0xa0, 0x0, 0x0, 0x0, 0x0, 0x0,
    0x0, 0x0, 0x0, 0x6, 0x88, 0x81,

    /* U+0052 "R" */
    0xaf, 0xff, 0xff, 0xff, 0xff, 0xeb, 0x71, 0x0,
    0x0, 0xa, 0xff, 0xff, 0xff, 0xff, 0xff, 0xff,
    0xf5, 0x0, 0x0, 0xaf, 0xff, 0xff, 0xff, 0xff,
    0xff, 0xff, 0xf6, 0x0, 0xa, 0xff, 0xfc, 0x99,
    0x99, 0xad, 0xff, 0xff, 0xf2, 0x0, 0xaf, 0xff,
    0x80, 0x0, 0x0, 0x6, 0xff, 0xff, 0xa0, 0xa,
    0xff, 0xf8, 0x0, 0x0, 0x0, 0x8, 0xff, 0xfe,
    0x0, 0xaf, 0xff, 0x80, 0x0, 0x0, 0x0, 0x2f,
    0xff, 0xf2, 0xa, 0xff, 0xf8, 0x0, 0x0, 0x0,
    0x0, 0xff, 0xff, 0x30, 0xaf, 0xff, 0x80, 0x0,
    0x0, 0x0, 0x1f, 0xff, 0xf3, 0xa, 0xff, 0xf8,
    0x0, 0x0, 0x0, 0x4, 0xff, 0xff, 0x10, 0xaf,
    0xff, 0x80, 0x0, 0x0, 0x0, 0xcf, 0xff, 0xd0,
    0xa, 0xff, 0xf8, 0x0, 0x0, 0x14, 0xcf, 0xff,
    0xf7, 0x0, 0xaf, 0xff, 0xff, 0xff, 0xff, 0xff,
    0xff, 0xfd, 0x0, 0xa, 0xff, 0xff, 0xff, 0xff,
    0xff, 0xff, 0xfe, 0x20, 0x0, 0xaf, 0xff, 0xff,
    0xff, 0xff, 0xff, 0xf8, 0x0, 0x0, 0xa, 0xff,
    0xfc, 0x88, 0x88, 0xff, 0xff, 0x70, 0x0, 0x0,
    0xaf, 0xff, 0x80, 0x0, 0x9, 0xff, 0xfe, 0x10,
    0x0, 0xa, 0xff, 0xf8, 0x0, 0x0, 0x1f, 0xff,
    0xf8, 0x0, 0x0, 0xaf, 0xff, 0x80, 0x0, 0x0,
    0x8f, 0xff, 0xf1, 0x0, 0xa, 0xff, 0xf8, 0x0,
    0x0, 0x1, 0xef, 0xff, 0xa0, 0x0, 0xaf, 0xff,
    0x80, 0x0, 0x0, 0x7, 0xff, 0xff, 0x30, 0xa,
    0xff, 0xf8, 0x0, 0x0, 0x0, 0xe, 0xff, 0xfb,
    0x0, 0xaf, 0xff, 0x80, 0x0, 0x0, 0x0, 0x6f,
    0xff, 0xf4, 0xa, 0xff, 0xf8, 0x0, 0x0, 0x0,
    0x0, 0xdf, 0xff, 0xd0,

    /* U+0053 "S" */
    0x0, 0x0, 0x3, 0x8c, 0xef, 0xed, 0x94, 0x0,
    0x0, 0x0, 0x0, 0x1a, 0xff, 0xff, 0xff, 0xff,
    0xfc, 0x30, 0x0, 0x0, 0x2e, 0xff, 0xff, 0xff,
    0xff, 0xff, 0xff, 0x30, 0x0, 0xd, 0xff, 0xff,
    0xeb, 0xab, 0xef, 0xff, 0xfe, 0x10, 0x6, 0xff,
    0xff, 0x80, 0x0, 0x0, 0x6f, 0xff, 0xf8, 0x0,
    0xbf, 0xff, 0xa0, 0x0, 0x0, 0x0, 0x7f, 0xff,
    0xd0, 0xd, 0xff, 0xf6, 0x0, 0x0, 0x0, 0x1,
    0xbb, 0xbb, 0x0, 0xdf, 0xff, 0x80, 0x0, 0x0,
    0x0, 0x0, 0x0, 0x0, 0xa, 0xff, 0xff, 0x40,
    0x0, 0x0, 0x0, 0x0, 0x0, 0x0, 0x3f, 0xff,
    0xff, 0xb6, 0x10, 0x0, 0x0, 0x0, 0x0, 0x0,
    0x8f, 0xff, 0xff, 0xff, 0xd8, 0x30, 0x0, 0x0,
    0x0, 0x0, 0x6f, 0xff, 0xff, 0xff, 0xff, 0xe7,
    0x0, 0x0, 0x0, 0x0, 0x17, 0xdf, 0xff, 0xff,
    0xff, 0xfd, 0x20, 0x0, 0x0, 0x0, 0x0, 0x26,
    0xaf, 0xff, 0xff, 0xfe, 0x20, 0x0, 0x0, 0x0,
    0x0, 0x0, 0x4, 0xbf, 0xff, 0xfb, 0x0, 0x0,
    0x0, 0x0, 0x0, 0x0, 0x0, 0x6f, 0xff, 0xf1,
    0x24, 0x44, 0x20, 0x0, 0x0, 0x0, 0x0, 0xef,
    0xff, 0x36, 0xff, 0xfb, 0x0, 0x0, 0x0, 0x0,
    0xe, 0xff, 0xf4, 0x4f, 0xff, 0xf3, 0x0, 0x0,
    0x0, 0x4, 0xff, 0xff, 0x20, 0xef, 0xff, 0xe5,
    0x0, 0x0, 0x6, 0xff, 0xff, 0xe0, 0x6, 0xff,
    0xff, 0xfe, 0xba, 0xbe, 0xff, 0xff, 0xf6, 0x0,
    0x9, 0xff, 0xff, 0xff, 0xff, 0xff, 0xff, 0xf8,
    0x0, 0x0, 0x6, 0xff, 0xff, 0xff, 0xff, 0xff,
    0xe6, 0x0, 0x0, 0x0, 0x0, 0x6a, 0xdf, 0xfe,
    0xda, 0x51, 0x0, 0x0,

    /* U+0054 "T" */
    0xbf, 0xff, 0xff, 0xff, 0xff, 0xff, 0xff, 0xff,
    0xff, 0xdb, 0xff, 0xff, 0xff, 0xff, 0xff, 0xff,
    0xff, 0xff, 0xfd, 0xbf, 0xff, 0xff, 0xff, 0xff,
    0xff, 0xff, 0xff, 0xff, 0xd6, 0x99, 0x99, 0x99,
    0xcf, 0xff, 0xd9, 0x99, 0x99, 0x97, 0x0, 0x0,
    0x0, 0x8, 0xff, 0xfa, 0x0, 0x0, 0x0, 0x0,
    0x0, 0x0, 0x0, 0x8f, 0xff, 0xa0, 0x0, 0x0,
    0x0, 0x0, 0x0, 0x0, 0x8, 0xff, 0xfa, 0x0,
    0x0, 0x0, 0x0, 0x0, 0x0, 0x0, 0x8f, 0xff,
    0xa0, 0x0, 0x0, 0x0, 0x0, 0x0, 0x0, 0x8,
    0xff, 0xfa, 0x0, 0x0, 0x0, 0x0, 0x0, 0x0,
    0x0, 0x8f, 0xff, 0xa0, 0x0, 0x0, 0x0, 0x0,
    0x0, 0x0, 0x8, 0xff, 0xfa, 0x0, 0x0, 0x0,
    0x0, 0x0, 0x0, 0x0, 0x8f, 0xff, 0xa0, 0x0,
    0x0, 0x0, 0x0, 0x0, 0x0, 0x8, 0xff, 0xfa,
    0x0, 0x0, 0x0, 0x0, 0x0, 0x0, 0x0, 0x8f,
    0xff, 0xa0, 0x0, 0x0, 0x0, 0x0, 0x0, 0x0,
    0x8, 0xff, 0xfa, 0x0, 0x0, 0x0, 0x0, 0x0,
    0x0, 0x0, 0x8f, 0xff, 0xa0, 0x0, 0x0, 0x0,
    0x0, 0x0, 0x0, 0x8, 0xff, 0xfa, 0x0, 0x0,
    0x0, 0x0, 0x0, 0x0, 0x0, 0x8f, 0xff, 0xa0,
    0x0, 0x0, 0x0, 0x0, 0x0, 0x0, 0x8, 0xff,
    0xfa, 0x0, 0x0, 0x0, 0x0, 0x0, 0x0, 0x0,
    0x8f, 0xff, 0xa0, 0x0, 0x0, 0x0, 0x0, 0x0,
    0x0, 0x8, 0xff, 0xfa, 0x0, 0x0, 0x0, 0x0,
    0x0, 0x0, 0x0, 0x8f, 0xff, 0xa0, 0x0, 0x0,
    0x0, 0x0, 0x0, 0x0, 0x8, 0xff, 0xfa, 0x0,
    0x0, 0x0, 0x0, 0x0, 0x0, 0x0, 0x8f, 0xff,
    0xa0, 0x0, 0x0, 0x0,

    /* U+0055 "U" */
    0xaf, 0xff, 0x80, 0x0, 0x0, 0x0, 0x0, 0xf,
    0xff, 0xf3, 0xaf, 0xff, 0x80, 0x0, 0x0, 0x0,
    0x0, 0xf, 0xff, 0xf3, 0xaf, 0xff, 0x80, 0x0,
    0x0, 0x0, 0x0, 0xf, 0xff, 0xf3, 0xaf, 0xff,
    0x80, 0x0, 0x0, 0x0, 0x0, 0xf, 0xff, 0xf3,
    0xaf, 0xff, 0x80, 0x0, 0x0, 0x0, 0x0, 0xf,
    0xff, 0xf3, 0xaf, 0xff, 0x80, 0x0, 0x0, 0x0,
    0x0, 0xf, 0xff, 0xf3, 0xaf, 0xff, 0x80, 0x0,
    0x0, 0x0, 0x0, 0xf, 0xff, 0xf3, 0xaf, 0xff,
    0x80, 0x0, 0x0, 0x0, 0x0, 0xf, 0xff, 0xf3,
    0xaf, 0xff, 0x80, 0x0, 0x0, 0x0, 0x0, 0xf,
    0xff, 0xf3, 0xaf, 0xff, 0x80, 0x0, 0x0, 0x0,
    0x0, 0xf, 0xff, 0xf3, 0xaf, 0xff, 0x80, 0x0,
    0x0, 0x0, 0x0, 0xf, 0xff, 0xf3, 0xaf, 0xff,
    0x80, 0x0, 0x0, 0x0, 0x0, 0xf, 0xff, 0xf3,
    0xaf, 0xff, 0x80, 0x0, 0x0, 0x0, 0x0, 0xf,
    0xff, 0xf3, 0xaf, 0xff, 0x80, 0x0, 0x0, 0x0,
    0x0, 0xf, 0xff, 0xf3, 0xaf, 0xff, 0x80, 0x0,
    0x0, 0x0, 0x0, 0xf, 0xff, 0xf3, 0xaf, 0xff,
    0x80, 0x0, 0x0, 0x0, 0x0, 0xf, 0xff, 0xf3,
    0x9f, 0xff, 0xb0, 0x0, 0x0, 0x0, 0x0, 0x2f,
    0xff, 0xf2, 0x6f, 0xff, 0xf1, 0x0, 0x0, 0x0,
    0x0, 0x8f, 0xff, 0xf0, 0x2f, 0xff, 0xfb, 0x0,
    0x0, 0x0, 0x3, 0xff, 0xff, 0xb0, 0xb, 0xff,
    0xff, 0xc3, 0x0, 0x0, 0x7f, 0xff, 0xff, 0x30,
    0x1, 0xef, 0xff, 0xff, 0xed, 0xdf, 0xff, 0xff,
    0xf8, 0x0, 0x0, 0x3e, 0xff, 0xff, 0xff, 0xff,
    0xff, 0xff, 0xa0, 0x0, 0x0, 0x1, 0xbf, 0xff,
    0xff, 0xff, 0xff, 0xf6, 0x0, 0x0, 0x0, 0x0,
    0x3, 0x8c, 0xef, 0xfe, 0xb6, 0x10, 0x0, 0x0,

    /* U+0056 "V" */
    0x1f, 0xff, 0xf8, 0x0, 0x0, 0x0, 0x0, 0x0,
    0x3, 0xff, 0xff, 0x50, 0xbf, 0xff, 0xd0, 0x0,
    0x0, 0x0, 0x0, 0x0, 0x8f, 0xff, 0xf0, 0x5,
    0xff, 0xff, 0x20, 0x0, 0x0, 0x0, 0x0, 0xd,
    0xff, 0xfa, 0x0, 0xf, 0xff, 0xf8, 0x0, 0x0,
    0x0, 0x0, 0x2, 0xff, 0xff, 0x50, 0x0, 0xaf,
    0xff, 0xd0, 0x0, 0x0, 0x0, 0x0, 0x7f, 0xff,
    0xf0, 0x0, 0x5, 0xff, 0xff, 0x20, 0x0, 0x0,
    0x0, 0xd, 0xff, 0xfa, 0x0, 0x0, 0xf, 0xff,
    0xf8, 0x0, 0x0, 0x0, 0x2, 0xff, 0xff, 0x40,
    0x0, 0x0, 0xaf, 0xff, 0xd0, 0x0, 0x0, 0x0,
    0x7f, 0xff, 0xf0, 0x0, 0x0, 0x4, 0xff, 0xff,
    0x20, 0x0, 0x0, 0xc, 0xff, 0xf9, 0x0, 0x0,
    0x0, 0xe, 0xff, 0xf8, 0x0, 0x0, 0x1, 0xff,
    0xff, 0x40, 0x0, 0x0, 0x0, 0x9f, 0xff, 0xd0,
    0x0, 0x0, 0x6f, 0xff, 0xe0, 0x0, 0x0, 0x0,
    0x3, 0xff, 0xff, 0x20, 0x0, 0xb, 0xff, 0xf9,
    0x0, 0x0, 0x0, 0x0, 0xe, 0xff, 0xf7, 0x0,
    0x1, 0xff, 0xff, 0x40, 0x0, 0x0, 0x0, 0x0,
    0x8f, 0xff, 0xc0, 0x0, 0x5f, 0xff, 0xe0, 0x0,
    0x0, 0x0, 0x0, 0x3, 0xff, 0xff, 0x10, 0xa,
    0xff, 0xf9, 0x0, 0x0, 0x0, 0x0, 0x0, 0xd,
    0xff, 0xf5, 0x0, 0xef, 0xff, 0x30, 0x0, 0x0,
    0x0, 0x0, 0x0, 0x8f, 0xff, 0xa0, 0x3f, 0xff,
    0xe0, 0x0, 0x0, 0x0, 0x0, 0x0, 0x2, 0xff,
    0xfe, 0x7, 0xff, 0xf9, 0x0, 0x0, 0x0, 0x0,
    0x0, 0x0, 0xd, 0xff, 0xf3, 0xbf, 0xff, 0x30,
    0x0, 0x0, 0x0, 0x0, 0x0, 0x0, 0x7f, 0xff,
    0x7f, 0xff, 0xe0, 0x0, 0x0, 0x0, 0x0, 0x0,
    0x0, 0x2, 0xff, 0xfe, 0xff, 0xf8, 0x0, 0x0,
    0x0, 0x0, 0x0, 0x0, 0x0, 0xc, 0xff, 0xff,
    0xff, 0x30, 0x0, 0x0, 0x0, 0x0, 0x0, 0x0,
    0x0, 0x7f, 0xff, 0xff, 0xd0, 0x0, 0x0, 0x0,
    0x0, 0x0, 0x0, 0x0, 0x1, 0xff, 0xff, 0xf8,
    0x0, 0x0, 0x0, 0x0,

    /* U+0057 "W" */
    0x1f, 0xff, 0xf6, 0x0, 0x0, 0x0, 0x0, 0xff,
    0xff, 0xa0, 0x0, 0x0, 0x0, 0xc, 0xff, 0xfb,
    0xd, 0xff, 0xf9, 0x0, 0x0, 0x0, 0x4, 0xff,
    0xff, 0xe0, 0x0, 0x0, 0x0, 0xf, 0xff, 0xf7,
    0x9, 0xff, 0xfd, 0x0, 0x0, 0x0, 0x8, 0xff,
    0xff, 0xf2, 0x0, 0x0, 0x0, 0x3f, 0xff, 0xf3,
    0x4, 0xff, 0xff, 0x10, 0x0, 0x0, 0xc, 0xff,
    0xff, 0xf6, 0x0, 0x0, 0x0, 0x7f, 0xff, 0xe0,
    0x0, 0xff, 0xff, 0x50, 0x0, 0x0, 0xf, 0xff,
    0xff, 0xfa, 0x0, 0x0, 0x0, 0xbf, 0xff, 0xa0,
    0x0, 0xcf, 0xff, 0x90, 0x0, 0x0, 0x4f, 0xff,
    0xdf, 0xfe, 0x0, 0x0, 0x0, 0xef, 0xff, 0x60,
    0x0, 0x8f, 0xff, 0xc0, 0x0, 0x0, 0x7f, 0xff,
    0x8f, 0xff, 0x20, 0x0, 0x2, 0xff, 0xff, 0x20,
    0x0, 0x4f, 0xff, 0xf0, 0x0, 0x0, 0xbf, 0xfe,
    0x4f, 0xff, 0x50, 0x0, 0x6, 0xff, 0xfe, 0x0,
    0x0, 0xf, 0xff, 0xf4, 0x0, 0x0, 0xff, 0xfb,
    0x1f, 0xff, 0x90, 0x0, 0xa, 0xff, 0xfa, 0x0,
    0x0, 0xb, 0xff, 0xf8, 0x0, 0x3, 0xff, 0xf7,
    0xe, 0xff, 0xd0, 0x0, 0xe, 0xff, 0xf5, 0x0,
    0x0, 0x7, 0xff, 0xfc, 0x0, 0x7, 0xff, 0xf4,
    0xa, 0xff, 0xf1, 0x0, 0x1f, 0xff, 0xf1, 0x0,
    0x0, 0x3, 0xff, 0xff, 0x0, 0xb, 0xff, 0xf0,
    0x6, 0xff, 0xf5, 0x0, 0x5f, 0xff, 0xd0, 0x0,
    0x0, 0x0, 0xef, 0xff, 0x30, 0xf, 0xff, 0xc0,
    0x2, 0xff, 0xf9, 0x0, 0x9f, 0xff, 0x90, 0x0,
    0x0, 0x0, 0xbf, 0xff, 0x60, 0x3f, 0xff, 0x80,
    0x0, 0xef, 0xfd, 0x0, 0xcf, 0xff, 0x50, 0x0,
    0x0, 0x0, 0x6f, 0xff, 0xa0, 0x6f, 0xff, 0x40,
    0x0, 0xaf, 0xff, 0x0, 0xff, 0xff, 0x10, 0x0,
    0x0, 0x0, 0x2f, 0xff, 0xd0, 0xaf, 0xff, 0x0,
    0x0, 0x6f, 0xff, 0x33, 0xff, 0xfc, 0x0, 0x0,
    0x0, 0x0, 0xe, 0xff, 0xf0, 0xdf, 0xfc, 0x0,
    0x0, 0x2f, 0xff, 0x76, 0xff, 0xf8, 0x0, 0x0,
    0x0, 0x0, 0xa, 0xff, 0xf3, 0xff, 0xf8, 0x0,
    0x0, 0xe, 0xff, 0xa9, 0xff, 0xf4, 0x0, 0x0,
    0x0, 0x0, 0x6, 0xff, 0xf8, 0xff, 0xf3, 0x0,
    0x0, 0xa, 0xff, 0xdb, 0xff, 0xf0, 0x0, 0x0,
    0x0, 0x0, 0x1, 0xff, 0xfe, 0xff, 0xf0, 0x0,
    0x0, 0x5, 0xff, 0xfe, 0xff, 0xb0, 0x0, 0x0,
    0x0, 0x0, 0x0, 0xdf, 0xff, 0xff, 0xb0, 0x0,
    0x0, 0x1, 0xff, 0xff, 0xff, 0x70, 0x0, 0x0,
    0x0, 0x0, 0x0, 0x9f, 0xff, 0xff, 0x70, 0x0,
    0x0, 0x0, 0xdf, 0xff, 0xff, 0x30, 0x0, 0x0,
    0x0, 0x0, 0x0, 0x5f, 0xff, 0xff, 0x30, 0x0,
    0x0, 0x0, 0x9f, 0xff, 0xff, 0x0, 0x0, 0x0,
    0x0, 0x0, 0x0, 0x1f, 0xff, 0xff, 0x0, 0x0,
    0x0, 0x0, 0x5f, 0xff, 0xfb, 0x0, 0x0, 0x0,

    /* U+0058 "X" */
    0x3, 0xff, 0xff, 0xa0, 0x0, 0x0, 0x0, 0x0,
    0x7f, 0xff, 0xf4, 0x0, 0x8, 0xff, 0xff, 0x40,
    0x0, 0x0, 0x0, 0x2f, 0xff, 0xf9, 0x0, 0x0,
    0xd, 0xff, 0xfe, 0x0, 0x0, 0x0, 0xc, 0xff,
    0xfe, 0x0, 0x0, 0x0, 0x3f, 0xff, 0xf9, 0x0,
    0x0, 0x6, 0xff, 0xff, 0x40, 0x0, 0x0, 0x0,
    0x8f, 0xff, 0xf3, 0x0, 0x1, 0xff, 0xff, 0x90,
    0x0, 0x0, 0x0, 0x0, 0xdf, 0xff, 0xd0, 0x0,
    0xbf, 0xff, 0xe1, 0x0, 0x0, 0x0, 0x0, 0x3,
    0xff, 0xff, 0x60, 0x4f, 0xff, 0xf4, 0x0, 0x0,
    0x0, 0x0, 0x0, 0x9, 0xff, 0xfe, 0xc, 0xff,
    0xfa, 0x0, 0x0, 0x0, 0x0, 0x0, 0x0, 0xe,
    0xff, 0xfa, 0xff, 0xfe, 0x10, 0x0, 0x0, 0x0,
    0x0, 0x0, 0x0, 0x4f, 0xff, 0xff, 0xff, 0x50,
    0x0, 0x0, 0x0, 0x0, 0x0, 0x0, 0x0, 0x9f,
    0xff, 0xff, 0xa0, 0x0, 0x0, 0x0, 0x0, 0x0,
    0x0, 0x0, 0x0, 0xff, 0xff, 0xf1, 0x0, 0x0,
    0x0, 0x0, 0x0, 0x0, 0x0, 0x0, 0x5f, 0xff,
    0xff, 0x90, 0x0, 0x0, 0x0, 0x0, 0x0, 0x0,
    0x0, 0x1e, 0xff, 0xff, 0xff, 0x30, 0x0, 0x0,
    0x0, 0x0, 0x0, 0x0, 0xb, 0xff, 0xff, 0xff,
    0xfd, 0x0, 0x0, 0x0, 0x0, 0x0, 0x0, 0x6,
    0xff, 0xff, 0x3f, 0xff, 0xf8, 0x0, 0x0, 0x0,
    0x0, 0x0, 0x1, 0xff, 0xff, 0x80, 0x8f, 0xff,
    0xf3, 0x0, 0x0, 0x0, 0x0, 0x0, 0xbf, 0xff,
    0xe0, 0x0, 0xef, 0xff, 0xd0, 0x0, 0x0, 0x0,
    0x0, 0x6f, 0xff, 0xf4, 0x0, 0x4, 0xff, 0xff,
    0x80, 0x0, 0x0, 0x0, 0x2f, 0xff, 0xf9, 0x0,
    0x0, 0xa, 0xff, 0xff, 0x30, 0x0, 0x0, 0xc,
    0xff, 0xfe, 0x10, 0x0, 0x0, 0x1e, 0xff, 0xfd,
    0x0, 0x0, 0x7, 0xff, 0xff, 0x40, 0x0, 0x0,
    0x0, 0x5f, 0xff, 0xf8, 0x0, 0x2, 0xff, 0xff,
    0x90, 0x0, 0x0, 0x0, 0x0, 0xaf, 0xff, 0xf3,
    0x0, 0xcf, 0xff, 0xe1, 0x0, 0x0, 0x0, 0x0,
    0x1, 0xef, 0xff, 0xd0,

    /* U+0059 "Y" */
    0xe, 0xff, 0xfe, 0x0, 0x0, 0x0, 0x0, 0x0,
    0x1f, 0xff, 0xfc, 0x0, 0x5f, 0xff, 0xf7, 0x0,
    0x0, 0x0, 0x0, 0x9, 0xff, 0xff, 0x30, 0x0,
    0xcf, 0xff, 0xf1, 0x0, 0x0, 0x0, 0x2, 0xff,
    0xff, 0x90, 0x0, 0x2, 0xff, 0xff, 0x90, 0x0,
    0x0, 0x0, 0xbf, 0xff, 0xf1, 0x0, 0x0, 0x9,
    0xff, 0xff, 0x20, 0x0, 0x0, 0x3f, 0xff, 0xf7,
    0x0, 0x0, 0x0, 0x1e, 0xff, 0xfa, 0x0, 0x0,
    0xc, 0xff, 0xfd, 0x0, 0x0, 0x0, 0x0, 0x6f,
    0xff, 0xf3, 0x0, 0x4, 0xff, 0xff, 0x40, 0x0,
    0x0, 0x0, 0x0, 0xdf, 0xff, 0xc0, 0x0, 0xdf,
    0xff, 0xb0, 0x0, 0x0, 0x0, 0x0, 0x4, 0xff,
    0xff, 0x40, 0x5f, 0xff, 0xf2, 0x0, 0x0, 0x0,
    0x0, 0x0, 0xa, 0xff, 0xfc, 0xd, 0xff, 0xf8,
    0x0, 0x0, 0x0, 0x0, 0x0, 0x0, 0x1f, 0xff,
    0xf7, 0xff, 0xfe, 0x0, 0x0, 0x0, 0x0, 0x0,
    0x0, 0x0, 0x8f, 0xff, 0xff, 0xff, 0x60, 0x0,
    0x0, 0x0, 0x0, 0x0, 0x0, 0x0, 0xef, 0xff,
    0xff, 0xc0, 0x0, 0x0, 0x0, 0x0, 0x0, 0x0,
    0x0, 0x5, 0xff, 0xff, 0xf3, 0x0, 0x0, 0x0,
    0x0, 0x0, 0x0, 0x0, 0x0, 0xc, 0xff, 0xfb,
    0x0, 0x0, 0x0, 0x0, 0x0, 0x0, 0x0, 0x0,
    0x0, 0xaf, 0xff, 0x80, 0x0, 0x0, 0x0, 0x0,
    0x0, 0x0, 0x0, 0x0, 0xa, 0xff, 0xf8, 0x0,
    0x0, 0x0, 0x0, 0x0, 0x0, 0x0, 0x0, 0x0,
    0xaf, 0xff, 0x80, 0x0, 0x0, 0x0, 0x0, 0x0,
    0x0, 0x0, 0x0, 0xa, 0xff, 0xf8, 0x0, 0x0,
    0x0, 0x0, 0x0, 0x0, 0x0, 0x0, 0x0, 0xaf,
    0xff, 0x80, 0x0, 0x0, 0x0, 0x0, 0x0, 0x0,
    0x0, 0x0, 0xa, 0xff, 0xf8, 0x0, 0x0, 0x0,
    0x0, 0x0, 0x0, 0x0, 0x0, 0x0, 0xaf, 0xff,
    0x80, 0x0, 0x0, 0x0, 0x0, 0x0, 0x0, 0x0,
    0x0, 0xa, 0xff, 0xf8, 0x0, 0x0, 0x0, 0x0,
    0x0, 0x0, 0x0, 0x0, 0x0, 0xaf, 0xff, 0x80,
    0x0, 0x0, 0x0, 0x0,

    /* U+005A "Z" */
    0x3f, 0xff, 0xff, 0xff, 0xff, 0xff, 0xff, 0xff,
    0xff, 0x3, 0xff, 0xff, 0xff, 0xff, 0xff, 0xff,
    0xff, 0xff, 0xf0, 0x3f, 0xff, 0xff, 0xff, 0xff,
    0xff, 0xff, 0xff, 0xff, 0x1, 0x88, 0x88, 0x88,
    0x88, 0x88, 0x89, 0xff, 0xff, 0x70, 0x0, 0x0,
    0x0, 0x0, 0x0, 0x0, 0xaf, 0xff, 0xc0, 0x0,
    0x0, 0x0, 0x0, 0x0, 0x0, 0x6f, 0xff, 0xf2,
    0x0, 0x0, 0x0, 0x0, 0x0, 0x0, 0x2f, 0xff,
    0xf6, 0x0, 0x0, 0x0, 0x0, 0x0, 0x0, 0xc,
    0xff, 0xfb, 0x0, 0x0, 0x0, 0x0, 0x0, 0x0,
    0x7, 0xff, 0xff, 0x20, 0x0, 0x0, 0x0, 0x0,
    0x0, 0x2, 0xff, 0xff, 0x60, 0x0, 0x0, 0x0,
    0x0, 0x0, 0x0, 0xcf, 0xff, 0xb0, 0x0, 0x0,
    0x0, 0x0, 0x0, 0x0, 0x8f, 0xff, 0xf1, 0x0,
    0x0, 0x0, 0x0, 0x0, 0x0, 0x3f, 0xff, 0xf6,
    0x0, 0x0, 0x0, 0x0, 0x0, 0x0, 0xd, 0xff,
    0xfb, 0x0, 0x0, 0x0, 0x0, 0x0, 0x0, 0x8,
    0xff, 0xfe, 0x10, 0x0, 0x0, 0x0, 0x0, 0x0,
    0x3, 0xff, 0xff, 0x50, 0x0, 0x0, 0x0, 0x0,
    0x0, 0x0, 0xdf, 0xff, 0xb0, 0x0, 0x0, 0x0,
    0x0, 0x0, 0x0, 0x8f, 0xff, 0xe1, 0x0, 0x0,
    0x0, 0x0, 0x0, 0x0, 0x3f, 0xff, 0xf4, 0x0,
    0x0, 0x0, 0x0, 0x0, 0x0, 0xd, 0xff, 0xf8,
    0x0, 0x0, 0x0, 0x0, 0x0, 0x0, 0x8, 0xff,
    0xff, 0x88, 0x88, 0x88, 0x88, 0x88, 0x88, 0x1,
    0xff, 0xff, 0xff, 0xff, 0xff, 0xff, 0xff, 0xff,
    0xf1, 0x2f, 0xff, 0xff, 0xff, 0xff, 0xff, 0xff,
    0xff, 0xff, 0x12, 0xff, 0xff, 0xff, 0xff, 0xff,
    0xff, 0xff, 0xff, 0xf1,

    /* U+005B "[" */
    0x33, 0x33, 0x33, 0x30, 0xff, 0xff, 0xff, 0xf3,
    0xff, 0xff, 0xff, 0xf3, 0xff, 0xff, 0xff, 0xf3,
    0xff, 0xff, 0x0, 0x0, 0xff, 0xff, 0x0, 0x0,
    0xff, 0xff, 0x0, 0x0, 0xff, 0xff, 0x0, 0x0,
    0xff, 0xff, 0x0, 0x0, 0xff, 0xff, 0x0, 0x0,
    0xff, 0xff, 0x0, 0x0, 0xff, 0xff, 0x0, 0x0,
    0xff, 0xff, 0x0, 0x0, 0xff, 0xff, 0x0, 0x0,
    0xff, 0xff, 0x0, 0x0, 0xff, 0xff, 0x0, 0x0,
    0xff, 0xff, 0x0, 0x0, 0xff, 0xff, 0x0, 0x0,
    0xff, 0xff, 0x0, 0x0, 0xff, 0xff, 0x0, 0x0,
    0xff, 0xff, 0x0, 0x0, 0xff, 0xff, 0x0, 0x0,
    0xff, 0xff, 0x0, 0x0, 0xff, 0xff, 0x0, 0x0,
    0xff, 0xff, 0x0, 0x0, 0xff, 0xff, 0x0, 0x0,
    0xff, 0xff, 0x33, 0x30, 0xff, 0xff, 0xff, 0xf3,
    0xff, 0xff, 0xff, 0xf3, 0xff, 0xff, 0xff, 0xf3,

    /* U+005C "\\" */
    0x38, 0x88, 0x10, 0x0, 0x0, 0x0, 0x3f, 0xff,
    0x50, 0x0, 0x0, 0x0, 0xe, 0xff, 0x90, 0x0,
    0x0, 0x0, 0xa, 0xff, 0xe0, 0x0, 0x0, 0x0,
    0x6, 0xff, 0xf2, 0x0, 0x0, 0x0, 0x2, 0xff,
    0xf6, 0x0, 0x0, 0x0, 0x0, 0xef, 0xfa, 0x0,
    0x0, 0x0, 0x0, 0xaf, 0xfe, 0x0, 0x0, 0x0,
    0x0, 0x5f, 0xff, 0x30, 0x0, 0x0, 0x0, 0x1f,
    0xff, 0x70, 0x0, 0x0, 0x0, 0xd, 0xff, 0xb0,
    0x0, 0x0, 0x0, 0x9, 0xff, 0xf0, 0x0, 0x0,
    0x0, 0x5, 0xff, 0xf4, 0x0, 0x0, 0x0, 0x0,
    0xff, 0xf8, 0x0, 0x0, 0x0, 0x0, 0xcf, 0xfc,
    0x0, 0x0, 0x0, 0x0, 0x8f, 0xff, 0x0, 0x0,
    0x0, 0x0, 0x4f, 0xff, 0x40, 0x0, 0x0, 0x0,
    0xf, 0xff, 0x90, 0x0, 0x0, 0x0, 0xb, 0xff,
    0xd0, 0x0, 0x0, 0x0, 0x7, 0xff, 0xf1, 0x0,
    0x0, 0x0, 0x3, 0xff, 0xf5, 0x0, 0x0, 0x0,
    0x0, 0xef, 0xf9, 0x0, 0x0, 0x0, 0x0, 0xaf,
    0xfe, 0x0, 0x0, 0x0, 0x0, 0x6f, 0xff, 0x20,
    0x0, 0x0, 0x0, 0x2f, 0xff, 0x60, 0x0, 0x0,
    0x0, 0xe, 0xff, 0xa0, 0x0, 0x0, 0x0, 0xa,
    0xff, 0xe0, 0x0, 0x0, 0x0, 0x5, 0xff, 0xf3,
    0x0, 0x0, 0x0, 0x1, 0xff, 0xf7,

    /* U+005D "]" */
    0x13, 0x33, 0x33, 0x33, 0x4f, 0xff, 0xff, 0xfd,
    0x4f, 0xff, 0xff, 0xfd, 0x4f, 0xff, 0xff, 0xfd,
    0x0, 0x0, 0xff, 0xfd, 0x0, 0x0, 0xff, 0xfd,
    0x0, 0x0, 0xff, 0xfd, 0x0, 0x0, 0xff, 0xfd,
    0x0, 0x0, 0xff, 0xfd, 0x0, 0x0, 0xff, 0xfd,
    0x0, 0x0, 0xff, 0xfd, 0x0, 0x0, 0xff, 0xfd,
    0x0, 0x0, 0xff, 0xfd, 0x0, 0x0, 0xff, 0xfd,
    0x0, 0x0, 0xff, 0xfd, 0x0, 0x0, 0xff, 0xfd,
    0x0, 0x0, 0xff, 0xfd, 0x0, 0x0, 0xff, 0xfd,
    0x0, 0x0, 0xff, 0xfd, 0x0, 0x0, 0xff, 0xfd,
    0x0, 0x0, 0xff, 0xfd, 0x0, 0x0, 0xff, 0xfd,
    0x0, 0x0, 0xff, 0xfd, 0x0, 0x0, 0xff, 0xfd,
    0x0, 0x0, 0xff, 0xfd, 0x0, 0x0, 0xff, 0xfd,
    0x13, 0x34, 0xff, 0xfd, 0x4f, 0xff, 0xff, 0xfd,
    0x4f, 0xff, 0xff, 0xfd, 0x4f, 0xff, 0xff, 0xfd,

    /* U+005E "^" */
    0x0, 0x0, 0x5f, 0xff, 0xb0, 0x0, 0x0, 0x0,
    0x0, 0xcf, 0xff, 0xf3, 0x0, 0x0, 0x0, 0x4,
    0xff, 0xff, 0xfb, 0x0, 0x0, 0x0, 0xc, 0xff,
    0x6e, 0xff, 0x20, 0x0, 0x0, 0x3f, 0xfe, 0x8,
    0xff, 0xa0, 0x0, 0x0, 0xbf, 0xf7, 0x1, 0xff,
    0xf2, 0x0, 0x3, 0xff, 0xf1, 0x0, 0xaf, 0xf9,
    0x0, 0xa, 0xff, 0x90, 0x0, 0x2f, 0xff, 0x10,
    0x2f, 0xff, 0x20, 0x0, 0xb, 0xff, 0x80, 0x9f,
    0xfb, 0x0, 0x0, 0x4, 0xff, 0xf1,

    /* U+005F "_" */
    0x55, 0x55, 0x55, 0x55, 0x55, 0x55, 0x55, 0x50,
    0xff, 0xff, 0xff, 0xff, 0xff, 0xff, 0xff, 0xf0,
    0xff, 0xff, 0xff, 0xff, 0xff, 0xff, 0xff, 0xf0,
    0xff, 0xff, 0xff, 0xff, 0xff, 0xff, 0xff, 0xf0,

    /* U+0060 "`" */
    0x3d, 0xee, 0x80, 0x0, 0xaf, 0xff, 0x10, 0x1,
    0xef, 0xf7, 0x0, 0x5, 0xff, 0xe0, 0x0, 0xb,
    0xff, 0x50,

    /* U+0061 "a" */
    0x0, 0x0, 0x5a, 0xdf, 0xfe, 0xb6, 0x0, 0x0,
    0x0, 0x3d, 0xff, 0xff, 0xff, 0xff, 0xe3, 0x0,
    0x3, 0xff, 0xff, 0xff, 0xff, 0xff, 0xff, 0x20,
    0xc, 0xff, 0xfe, 0x74, 0x37, 0xef, 0xff, 0xb0,
    0x1c, 0xff, 0xe2, 0x0, 0x0, 0x3f, 0xff, 0xf0,
    0x0, 0x2, 0x20, 0x0, 0x0, 0xe, 0xff, 0xf2,
    0x0, 0x0, 0x0, 0x0, 0x0, 0x1f, 0xff, 0xf3,
    0x0, 0x0, 0x14, 0x79, 0xbd, 0xff, 0xff, 0xf3,
    0x0, 0x4c, 0xff, 0xff, 0xff, 0xff, 0xff, 0xf3,
    0x8, 0xff, 0xff, 0xff, 0xfd, 0x9e, 0xff, 0xf3,
    0x4f, 0xff, 0xfb, 0x52, 0x0, 0xd, 0xff, 0xf3,
    0xaf, 0xff, 0x80, 0x0, 0x0, 0xd, 0xff, 0xf3,
    0xcf, 0xff, 0x20, 0x0, 0x0, 0x1f, 0xff, 0xf3,
    0xbf, 0xff, 0x50, 0x0, 0x0, 0x9f, 0xff, 0xf3,
    0x8f, 0xff, 0xe6, 0x21, 0x4b, 0xff, 0xff, 0xf3,
    0x1f, 0xff, 0xff, 0xff, 0xff, 0xec, 0xff, 0xf3,
    0x4, 0xff, 0xff, 0xff, 0xfe, 0x3a, 0xff, 0xf3,
    0x0, 0x18, 0xdf, 0xfd, 0x81, 0xa, 0xff, 0xf3,

    /* U+0062 "b" */
    0xdf, 0xff, 0x30, 0x0, 0x0, 0x0, 0x0, 0x0,
    0xd, 0xff, 0xf3, 0x0, 0x0, 0x0, 0x0, 0x0,
    0x0, 0xdf, 0xff, 0x30, 0x0, 0x0, 0x0, 0x0,
    0x0, 0xd, 0xff, 0xf3, 0x0, 0x0, 0x0, 0x0,
    0x0, 0x0, 0xdf, 0xff, 0x30, 0x0, 0x0, 0x0,
    0x0, 0x0, 0xd, 0xff, 0xf3, 0x0, 0x0, 0x0,
    0x0, 0x0, 0x0, 0xdf, 0xff, 0x30, 0x3b, 0xef,
    0xea, 0x30, 0x0, 0xd, 0xff, 0xf3, 0x6f, 0xff,
    0xff, 0xff, 0x80, 0x0, 0xdf, 0xff, 0x7f, 0xff,
    0xff, 0xff, 0xff, 0x90, 0xd, 0xff, 0xff, 0xfd,
    0x87, 0x9f, 0xff, 0xff, 0x40, 0xdf, 0xff, 0xf9,
    0x0, 0x0, 0x2e, 0xff, 0xfc, 0xd, 0xff, 0xfd,
    0x0, 0x0, 0x0, 0x5f, 0xff, 0xf1, 0xdf, 0xff,
    0x70, 0x0, 0x0, 0x0, 0xef, 0xff, 0x5d, 0xff,
    0xf4, 0x0, 0x0, 0x0, 0xb, 0xff, 0xf7, 0xdf,
    0xff, 0x20, 0x0, 0x0, 0x0, 0x9f, 0xff, 0x8d,
    0xff, 0xf2, 0x0, 0x0, 0x0, 0x9, 0xff, 0xf8,
    0xdf, 0xff, 0x40, 0x0, 0x0, 0x0, 0xbf, 0xff,
    0x7d, 0xff, 0xf7, 0x0, 0x0, 0x0, 0xe, 0xff,
    0xf5, 0xdf, 0xff, 0xe0, 0x0, 0x0, 0x5, 0xff,
    0xff, 0x1d, 0xff, 0xff, 0x90, 0x0, 0x2, 0xef,
    0xff, 0xc0, 0xdf, 0xff, 0xff, 0xd7, 0x69, 0xff,
    0xff, 0xf4, 0xd, 0xff, 0xf6, 0xff, 0xff, 0xff,
    0xff, 0xf9, 0x0, 0xdf, 0xff, 0x27, 0xff, 0xff,
    0xff, 0xf9, 0x0, 0xd, 0xff, 0xf2, 0x4, 0xbe,
    0xfe, 0xa4, 0x0, 0x0,

    /* U+0063 "c" */
    0x0, 0x0, 0x6, 0xbe, 0xff, 0xd9, 0x30, 0x0,
    0x0, 0x0, 0x3e, 0xff, 0xff, 0xff, 0xff, 0x90,
    0x0, 0x0, 0x5f, 0xff, 0xff, 0xff, 0xff, 0xff,
    0xb0, 0x0, 0x1f, 0xff, 0xfe, 0x86, 0x7c, 0xff,
    0xff, 0x70, 0xa, 0xff, 0xfe, 0x10, 0x0, 0x8,
    0xff, 0xfe, 0x1, 0xff, 0xff, 0x40, 0x0, 0x0,
    0xd, 0xfe, 0xa1, 0x5f, 0xff, 0xe0, 0x0, 0x0,
    0x0, 0x21, 0x0, 0x8, 0xff, 0xfa, 0x0, 0x0,
    0x0, 0x0, 0x0, 0x0, 0x9f, 0xff, 0x80, 0x0,
    0x0, 0x0, 0x0, 0x0, 0x9, 0xff, 0xf9, 0x0,
    0x0, 0x0, 0x0, 0x0, 0x0, 0x8f, 0xff, 0xa0,
    0x0, 0x0, 0x0, 0x0, 0x0, 0x5, 0xff, 0xfe,
    0x0, 0x0, 0x0, 0x3, 0x30, 0x0, 0x1f, 0xff,
    0xf5, 0x0, 0x0, 0x0, 0xdf, 0xfc, 0x20, 0xaf,
    0xff, 0xe2, 0x0, 0x0, 0x8f, 0xff, 0xe0, 0x1,
    0xff, 0xff, 0xf9, 0x67, 0xcf, 0xff, 0xf7, 0x0,
    0x5, 0xff, 0xff, 0xff, 0xff, 0xff, 0xfb, 0x0,
    0x0, 0x3, 0xef, 0xff, 0xff, 0xff, 0xf9, 0x0,
    0x0, 0x0, 0x0, 0x6b, 0xef, 0xfd, 0x93, 0x0,
    0x0,

    /* U+0064 "d" */
    0x0, 0x0, 0x0, 0x0, 0x0, 0x0, 0x3f, 0xff,
    0xd0, 0x0, 0x0, 0x0, 0x0, 0x0, 0x3, 0xff,
    0xfd, 0x0, 0x0, 0x0, 0x0, 0x0, 0x0, 0x3f,
    0xff, 0xd0, 0x0, 0x0, 0x0, 0x0, 0x0, 0x3,
    0xff, 0xfd, 0x0, 0x0, 0x0, 0x0, 0x0, 0x0,
    0x3f, 0xff, 0xd0, 0x0, 0x0, 0x0, 0x0, 0x0,
    0x3, 0xff, 0xfd, 0x0, 0x0, 0x4a, 0xef, 0xeb,
    0x30, 0x3f, 0xff, 0xd0, 0x0, 0x9f, 0xff, 0xff,
    0xff, 0x63, 0xff, 0xfd, 0x0, 0xaf, 0xff, 0xff,
    0xff, 0xff, 0x6f, 0xff, 0xd0, 0x4f, 0xff, 0xff,
    0x96, 0x8d, 0xff, 0xff, 0xfd, 0xc, 0xff, 0xfe,
    0x20, 0x0, 0xa, 0xff, 0xff, 0xd1, 0xff, 0xff,
    0x40, 0x0, 0x0, 0xe, 0xff, 0xfd, 0x6f, 0xff,
    0xe0, 0x0, 0x0, 0x0, 0x8f, 0xff, 0xd7, 0xff,
    0xfa, 0x0, 0x0, 0x0, 0x4, 0xff, 0xfd, 0x9f,
    0xff, 0x90, 0x0, 0x0, 0x0, 0x2f, 0xff, 0xd9,
    0xff, 0xf9, 0x0, 0x0, 0x0, 0x3, 0xff, 0xfd,
    0x7f, 0xff, 0xa0, 0x0, 0x0, 0x0, 0x4f, 0xff,
    0xd5, 0xff, 0xfe, 0x0, 0x0, 0x0, 0x8, 0xff,
    0xfd, 0x1f, 0xff, 0xf5, 0x0, 0x0, 0x0, 0xef,
    0xff, 0xd0, 0xcf, 0xff, 0xe2, 0x0, 0x0, 0x9f,
    0xff, 0xfd, 0x4, 0xff, 0xff, 0xf9, 0x67, 0xdf,
    0xff, 0xff, 0xd0, 0xa, 0xff, 0xff, 0xff, 0xff,
    0xf6, 0xff, 0xfd, 0x0, 0x9, 0xff, 0xff, 0xff,
    0xf6, 0x2f, 0xff, 0xd0, 0x0, 0x4, 0xae, 0xfe,
    0xb3, 0x2, 0xff, 0xfd,

    /* U+0065 "e" */
    0x0, 0x0, 0x7, 0xbe, 0xfe, 0xc7, 0x10, 0x0,
    0x0, 0x0, 0x3e, 0xff, 0xff, 0xff, 0xff, 0x60,
    0x0, 0x0, 0x5f, 0xff, 0xff, 0xff, 0xff, 0xff,
    0x80, 0x0, 0x1f, 0xff, 0xfc, 0x64, 0x5a, 0xff,
    0xff, 0x50, 0xa, 0xff, 0xf9, 0x0, 0x0, 0x6,
    0xff, 0xfd, 0x0, 0xff, 0xfd, 0x0, 0x0, 0x0,
    0xc, 0xff, 0xf3, 0x5f, 0xff, 0x90, 0x0, 0x0,
    0x0, 0x7f, 0xff, 0x67, 0xff, 0xff, 0xff, 0xff,
    0xff, 0xff, 0xff, 0xf8, 0x8f, 0xff, 0xff, 0xff,
    0xff, 0xff, 0xff, 0xff, 0x99, 0xff, 0xfe, 0xdd,
    0xdd, 0xdd, 0xdd, 0xdd, 0xd7, 0x8f, 0xff, 0x80,
    0x0, 0x0, 0x0, 0x0, 0x0, 0x5, 0xff, 0xfa,
    0x0, 0x0, 0x0, 0x0, 0x0, 0x0, 0x1f, 0xff,
    0xf1, 0x0, 0x0, 0x0, 0x56, 0x20, 0x0, 0xbf,
    0xff, 0xb0, 0x0, 0x0, 0x2e, 0xff, 0xf2, 0x2,
    0xff, 0xff, 0xd7, 0x44, 0x8f, 0xff, 0xfc, 0x0,
    0x5, 0xff, 0xff, 0xff, 0xff, 0xff, 0xfe, 0x20,
    0x0, 0x4, 0xef, 0xff, 0xff, 0xff, 0xfc, 0x20,
    0x0, 0x0, 0x0, 0x6b, 0xef, 0xfd, 0xa5, 0x0,
    0x0,

    /* U+0066 "f" */
    0x0, 0x0, 0x0, 0x7d, 0xff, 0xda, 0x0, 0x0,
    0x1, 0xdf, 0xff, 0xff, 0xc0, 0x0, 0x0, 0xcf,
    0xff, 0xff, 0xf8, 0x0, 0x0, 0x3f, 0xff, 0xfc,
    0x78, 0x30, 0x0, 0x6, 0xff, 0xfc, 0x0, 0x0,
    0x0, 0x0, 0x7f, 0xff, 0x90, 0x0, 0x0, 0x0,
    0x7, 0xff, 0xf9, 0x0, 0x0, 0xb, 0xff, 0xff,
    0xff, 0xff, 0xff, 0x50, 0xbf, 0xff, 0xff, 0xff,
    0xff, 0xf5, 0xb, 0xff, 0xff, 0xff, 0xff, 0xff,
    0x50, 0x24, 0x49, 0xff, 0xfa, 0x44, 0x41, 0x0,
    0x0, 0x7f, 0xff, 0x90, 0x0, 0x0, 0x0, 0x7,
    0xff, 0xf9, 0x0, 0x0, 0x0, 0x0, 0x7f, 0xff,
    0x90, 0x0, 0x0, 0x0, 0x7, 0xff, 0xf9, 0x0,
    0x0, 0x0, 0x0, 0x7f, 0xff, 0x90, 0x0, 0x0,
    0x0, 0x7, 0xff, 0xf9, 0x0, 0x0, 0x0, 0x0,
    0x7f, 0xff, 0x90, 0x0, 0x0, 0x0, 0x7, 0xff,
    0xf9, 0x0, 0x0, 0x0, 0x0, 0x7f, 0xff, 0x90,
    0x0, 0x0, 0x0, 0x7, 0xff, 0xf9, 0x0, 0x0,
    0x0, 0x0, 0x7f, 0xff, 0x90, 0x0, 0x0, 0x0,
    0x7, 0xff, 0xf9, 0x0, 0x0, 0x0, 0x0, 0x7f,
    0xff, 0x90, 0x0, 0x0, 0x0, 0x7, 0xff, 0xf9,
    0x0, 0x0, 0x0,

    /* U+0067 "g" */
    0x0, 0x0, 0x3a, 0xef, 0xeb, 0x30, 0x2f, 0xff,
    0xd0, 0x0, 0x8f, 0xff, 0xff, 0xff, 0x72, 0xff,
    0xfd, 0x0, 0x9f, 0xff, 0xff, 0xff, 0xff, 0x6f,
    0xff, 0xd0, 0x3f, 0xff, 0xff, 0x97, 0x8d, 0xff,
    0xff, 0xfd, 0xc, 0xff, 0xfe, 0x20, 0x0, 0xa,
    0xff, 0xff, 0xd1, 0xff, 0xff, 0x50, 0x0, 0x0,
    0xe, 0xff, 0xfd, 0x5f, 0xff, 0xe0, 0x0, 0x0,
    0x0, 0x8f, 0xff, 0xd7, 0xff, 0xfb, 0x0, 0x0,
    0x0, 0x4, 0xff, 0xfd, 0x8f, 0xff, 0x90, 0x0,
    0x0, 0x0, 0x2f, 0xff, 0xd9, 0xff, 0xf9, 0x0,
    0x0, 0x0, 0x2, 0xff, 0xfd, 0x7f, 0xff, 0xa0,
    0x0, 0x0, 0x0, 0x3f, 0xff, 0xd6, 0xff, 0xfd,
    0x0, 0x0, 0x0, 0x6, 0xff, 0xfd, 0x2f, 0xff,
    0xf3, 0x0, 0x0, 0x0, 0xcf, 0xff, 0xd0, 0xdf,
    0xff, 0xd0, 0x0, 0x0, 0x7f, 0xff, 0xfd, 0x6,
    0xff, 0xff, 0xd7, 0x45, 0xaf, 0xff, 0xff, 0xd0,
    0xb, 0xff, 0xff, 0xff, 0xff, 0xf6, 0xff, 0xfd,
    0x0, 0xa, 0xff, 0xff, 0xff, 0xf7, 0x2f, 0xff,
    0xd0, 0x0, 0x4, 0xad, 0xfe, 0xb4, 0x2, 0xff,
    0xfd, 0x0, 0x0, 0x0, 0x0, 0x0, 0x0, 0x2f,
    0xff, 0xd0, 0x0, 0x1, 0x0, 0x0, 0x0, 0x5,
    0xff, 0xfb, 0x3, 0x8d, 0xe2, 0x0, 0x0, 0x0,
    0xcf, 0xff, 0x70, 0xaf, 0xff, 0xf8, 0x42, 0x47,
    0xef, 0xff, 0xf1, 0x1, 0xef, 0xff, 0xff, 0xff,
    0xff, 0xff, 0xf4, 0x0, 0x1, 0xbf, 0xff, 0xff,
    0xff, 0xff, 0xd4, 0x0, 0x0, 0x0, 0x49, 0xdf,
    0xfe, 0xda, 0x50, 0x0, 0x0,

    /* U+0068 "h" */
    0xdf, 0xff, 0x20, 0x0, 0x0, 0x0, 0x0, 0x0,
    0xdf, 0xff, 0x20, 0x0, 0x0, 0x0, 0x0, 0x0,
    0xdf, 0xff, 0x20, 0x0, 0x0, 0x0, 0x0, 0x0,
    0xdf, 0xff, 0x20, 0x0, 0x0, 0x0, 0x0, 0x0,
    0xdf, 0xff, 0x20, 0x0, 0x0, 0x0, 0x0, 0x0,
    0xdf, 0xff, 0x20, 0x0, 0x0, 0x0, 0x0, 0x0,
    0xdf, 0xff, 0x20, 0x3a, 0xef, 0xea, 0x30, 0x0,
    0xdf, 0xff, 0x26, 0xff, 0xff, 0xff, 0xf7, 0x0,
    0xdf, 0xff, 0x6f, 0xff, 0xff, 0xff, 0xff, 0x50,
    0xdf, 0xff, 0xef, 0xc8, 0x9d, 0xff, 0xff, 0xd0,
    0xdf, 0xff, 0xf6, 0x0, 0x0, 0xaf, 0xff, 0xf2,
    0xdf, 0xff, 0xa0, 0x0, 0x0, 0x1f, 0xff, 0xf5,
    0xdf, 0xff, 0x50, 0x0, 0x0, 0xc, 0xff, 0xf6,
    0xdf, 0xff, 0x30, 0x0, 0x0, 0xa, 0xff, 0xf7,
    0xdf, 0xff, 0x30, 0x0, 0x0, 0xa, 0xff, 0xf7,
    0xdf, 0xff, 0x30, 0x0, 0x0, 0xa, 0xff, 0xf7,
    0xdf, 0xff, 0x30, 0x0, 0x0, 0xa, 0xff, 0xf7,
    0xdf, 0xff, 0x30, 0x0, 0x0, 0xa, 0xff, 0xf7,
    0xdf, 0xff, 0x30, 0x0, 0x0, 0xa, 0xff, 0xf7,
    0xdf, 0xff, 0x30, 0x0, 0x0, 0xa, 0xff, 0xf7,
    0xdf, 0xff, 0x30, 0x0, 0x0, 0xa, 0xff, 0xf7,
    0xdf, 0xff, 0x30, 0x0, 0x0, 0xa, 0xff, 0xf7,
    0xdf, 0xff, 0x30, 0x0, 0x0, 0xa, 0xff, 0xf7,
    0xdf, 0xff, 0x30, 0x0, 0x0, 0xa, 0xff, 0xf7,

    /* U+0069 "i" */
    0x4, 0xde, 0x80, 0xf, 0xff, 0xf5, 0x1f, 0xff,
    0xf8, 0xb, 0xff, 0xf2, 0x0, 0x67, 0x20, 0x0,
    0x0, 0x0, 0x0, 0x0, 0x0, 0xd, 0xff, 0xf3,
    0xd, 0xff, 0xf3, 0xd, 0xff, 0xf3, 0xd, 0xff,
    0xf3, 0xd, 0xff, 0xf3, 0xd, 0xff, 0xf3, 0xd,
    0xff, 0xf3, 0xd, 0xff, 0xf3, 0xd, 0xff, 0xf3,
    0xd, 0xff, 0xf3, 0xd, 0xff, 0xf3, 0xd, 0xff,
    0xf3, 0xd, 0xff, 0xf3, 0xd, 0xff, 0xf3, 0xd,
    0xff, 0xf3, 0xd, 0xff, 0xf3, 0xd, 0xff, 0xf3,
    0xd, 0xff, 0xf3,

    /* U+006A "j" */
    0x0, 0x0, 0x67, 0x20, 0x0, 0xb, 0xff, 0xf2,
    0x0, 0x2f, 0xff, 0xf7, 0x0, 0xf, 0xff, 0xf5,
    0x0, 0x4, 0xde, 0x80, 0x0, 0x0, 0x0, 0x0,
    0x0, 0x0, 0x0, 0x0, 0x0, 0xd, 0xff, 0xf3,
    0x0, 0xd, 0xff, 0xf3, 0x0, 0xd, 0xff, 0xf3,
    0x0, 0xd, 0xff, 0xf3, 0x0, 0xd, 0xff, 0xf3,
    0x0, 0xd, 0xff, 0xf3, 0x0, 0xd, 0xff, 0xf3,
    0x0, 0xd, 0xff, 0xf3, 0x0, 0xd, 0xff, 0xf3,
    0x0, 0xd, 0xff, 0xf3, 0x0, 0xd, 0xff, 0xf3,
    0x0, 0xd, 0xff, 0xf3, 0x0, 0xd, 0xff, 0xf3,
    0x0, 0xd, 0xff, 0xf3, 0x0, 0xd, 0xff, 0xf3,
    0x0, 0xd, 0xff, 0xf3, 0x0, 0xd, 0xff, 0xf3,
    0x0, 0xd, 0xff, 0xf3, 0x0, 0xd, 0xff, 0xf3,
    0x0, 0xe, 0xff, 0xf3, 0x0, 0x1f, 0xff, 0xf1,
    0x37, 0xdf, 0xff, 0xe0, 0xaf, 0xff, 0xff, 0x70,
    0xaf, 0xff, 0xfa, 0x0, 0xaf, 0xeb, 0x50, 0x0,

    /* U+006B "k" */
    0xdf, 0xff, 0x30, 0x0, 0x0, 0x0, 0x0, 0x0,
    0xdf, 0xff, 0x30, 0x0, 0x0, 0x0, 0x0, 0x0,
    0xdf, 0xff, 0x30, 0x0, 0x0, 0x0, 0x0, 0x0,
    0xdf, 0xff, 0x30, 0x0, 0x0, 0x0, 0x0, 0x0,
    0xdf, 0xff, 0x30, 0x0, 0x0, 0x0, 0x0, 0x0,
    0xdf, 0xff, 0x30, 0x0, 0x0, 0x0, 0x0, 0x0,
    0xdf, 0xff, 0x30, 0x0, 0x0, 0x9f, 0xff, 0xf3,
    0xdf, 0xff, 0x30, 0x0, 0x7, 0xff, 0xff, 0x40,
    0xdf, 0xff, 0x30, 0x0, 0x5f, 0xff, 0xf6, 0x0,
    0xdf, 0xff, 0x30, 0x3, 0xff, 0xff, 0x80, 0x0,
    0xdf, 0xff, 0x30, 0x2e, 0xff, 0xfa, 0x0, 0x0,
    0xdf, 0xff, 0x31, 0xdf, 0xff, 0xc0, 0x0, 0x0,
    0xdf, 0xff, 0x4c, 0xff, 0xfd, 0x10, 0x0, 0x0,
    0xdf, 0xff, 0xef, 0xff, 0xf2, 0x0, 0x0, 0x0,
    0xdf, 0xff, 0xff, 0xff, 0xf5, 0x0, 0x0, 0x0,
    0xdf, 0xff, 0xff, 0xff, 0xfe, 0x10, 0x0, 0x0,
    0xdf, 0xff, 0xf9, 0xff, 0xff, 0xb0, 0x0, 0x0,
    0xdf, 0xff, 0x90, 0x6f, 0xff, 0xf6, 0x0, 0x0,
    0xdf, 0xff, 0x30, 0xb, 0xff, 0xff, 0x20, 0x0,
    0xdf, 0xff, 0x30, 0x1, 0xef, 0xff, 0xc0, 0x0,
    0xdf, 0xff, 0x30, 0x0, 0x5f, 0xff, 0xf8, 0x0,
    0xdf, 0xff, 0x30, 0x0, 0xa, 0xff, 0xff, 0x30,
    0xdf, 0xff, 0x30, 0x0, 0x0, 0xef, 0xff, 0xd0,
    0xdf, 0xff, 0x30, 0x0, 0x0, 0x3f, 0xff, 0xfa,

    /* U+006C "l" */
    0xdf, 0xff, 0x3d, 0xff, 0xf3, 0xdf, 0xff, 0x3d,
    0xff, 0xf3, 0xdf, 0xff, 0x3d, 0xff, 0xf3, 0xdf,
    0xff, 0x3d, 0xff, 0xf3, 0xdf, 0xff, 0x3d, 0xff,
    0xf3, 0xdf, 0xff, 0x3d, 0xff, 0xf3, 0xdf, 0xff,
    0x3d, 0xff, 0xf3, 0xdf, 0xff, 0x3d, 0xff, 0xf3,
    0xdf, 0xff, 0x3d, 0xff, 0xf3, 0xdf, 0xff, 0x3d,
    0xff, 0xf3, 0xdf, 0xff, 0x3d, 0xff, 0xf3, 0xdf,
    0xff, 0x3d, 0xff, 0xf3,

    /* U+006D "m" */
    0xdf, 0xff, 0x0, 0x4b, 0xee, 0xb3, 0x0, 0x0,
    0x5c, 0xef, 0xd7, 0x0, 0xd, 0xff, 0xf0, 0x8f,
    0xff, 0xff, 0xf4, 0x1, 0xcf, 0xff, 0xff, 0xfd,
    0x10, 0xdf, 0xff, 0x5f, 0xff, 0xff, 0xff, 0xe0,
    0xbf, 0xff, 0xff, 0xff, 0xfc, 0xd, 0xff, 0xfe,
    0xfb, 0x9b, 0xff, 0xff, 0xaf, 0xfb, 0x9b, 0xff,
    0xff, 0xf3, 0xdf, 0xff, 0xf4, 0x0, 0x5, 0xff,
    0xff, 0xf5, 0x0, 0x3, 0xff, 0xff, 0x8d, 0xff,
    0xf8, 0x0, 0x0, 0xc, 0xff, 0xfa, 0x0, 0x0,
    0x9, 0xff, 0xf9, 0xdf, 0xff, 0x50, 0x0, 0x0,
    0x9f, 0xff, 0x70, 0x0, 0x0, 0x7f, 0xff, 0xad,
    0xff, 0xf3, 0x0, 0x0, 0x9, 0xff, 0xf6, 0x0,
    0x0, 0x6, 0xff, 0xfa, 0xdf, 0xff, 0x30, 0x0,
    0x0, 0x9f, 0xff, 0x60, 0x0, 0x0, 0x6f, 0xff,
    0xad, 0xff, 0xf3, 0x0, 0x0, 0x9, 0xff, 0xf6,
    0x0, 0x0, 0x6, 0xff, 0xfa, 0xdf, 0xff, 0x30,
    0x0, 0x0, 0x9f, 0xff, 0x60, 0x0, 0x0, 0x6f,
    0xff, 0xad, 0xff, 0xf3, 0x0, 0x0, 0x9, 0xff,
    0xf6, 0x0, 0x0, 0x6, 0xff, 0xfa, 0xdf, 0xff,
    0x30, 0x0, 0x0, 0x9f, 0xff, 0x60, 0x0, 0x0,
    0x6f, 0xff, 0xad, 0xff, 0xf3, 0x0, 0x0, 0x9,
    0xff, 0xf6, 0x0, 0x0, 0x6, 0xff, 0xfa, 0xdf,
    0xff, 0x30, 0x0, 0x0, 0x9f, 0xff, 0x60, 0x0,
    0x0, 0x6f, 0xff, 0xad, 0xff, 0xf3, 0x0, 0x0,
    0x9, 0xff, 0xf6, 0x0, 0x0, 0x6, 0xff, 0xfa,
    0xdf, 0xff, 0x30, 0x0, 0x0, 0x9f, 0xff, 0x60,
    0x0, 0x0, 0x6f, 0xff, 0xad, 0xff, 0xf3, 0x0,
    0x0, 0x9, 0xff, 0xf6, 0x0, 0x0, 0x6, 0xff,
    0xfa,

    /* U+006E "n" */
    0xdf, 0xff, 0x0, 0x3a, 0xef, 0xea, 0x30, 0x0,
    0xdf, 0xff, 0x7, 0xff, 0xff, 0xff, 0xf7, 0x0,
    0xdf, 0xff, 0x5f, 0xff, 0xff, 0xff, 0xff, 0x50,
    0xdf, 0xff, 0xef, 0x95, 0x5a, 0xff, 0xff, 0xd0,
    0xdf, 0xff, 0xf3, 0x0, 0x0, 0x7f, 0xff, 0xf2,
    0xdf, 0xff, 0x90, 0x0, 0x0, 0xe, 0xff, 0xf5,
    0xdf, 0xff, 0x40, 0x0, 0x0, 0xb, 0xff, 0xf6,
    0xdf, 0xff, 0x30, 0x0, 0x0, 0xa, 0xff, 0xf6,
    0xdf, 0xff, 0x30, 0x0, 0x0, 0xa, 0xff, 0xf6,
    0xdf, 0xff, 0x30, 0x0, 0x0, 0xa, 0xff, 0xf6,
    0xdf, 0xff, 0x30, 0x0, 0x0, 0xa, 0xff, 0xf6,
    0xdf, 0xff, 0x30, 0x0, 0x0, 0xa, 0xff, 0xf6,
    0xdf, 0xff, 0x30, 0x0, 0x0, 0xa, 0xff, 0xf6,
    0xdf, 0xff, 0x30, 0x0, 0x0, 0xa, 0xff, 0xf6,
    0xdf, 0xff, 0x30, 0x0, 0x0, 0xa, 0xff, 0xf6,
    0xdf, 0xff, 0x30, 0x0, 0x0, 0xa, 0xff, 0xf6,
    0xdf, 0xff, 0x30, 0x0, 0x0, 0xa, 0xff, 0xf6,
    0xdf, 0xff, 0x30, 0x0, 0x0, 0xa, 0xff, 0xf6,

    /* U+006F "o" */
    0x0, 0x0, 0x6, 0xbe, 0xff, 0xd9, 0x30, 0x0,
    0x0, 0x0, 0x3, 0xef, 0xff, 0xff, 0xff, 0xf9,
    0x0, 0x0, 0x0, 0x5f, 0xff, 0xff, 0xff, 0xff,
    0xff, 0xc0, 0x0, 0x1, 0xff, 0xff, 0xf9, 0x67,
    0xcf, 0xff, 0xf8, 0x0, 0xa, 0xff, 0xfe, 0x20,
    0x0, 0x8, 0xff, 0xff, 0x20, 0x1f, 0xff, 0xf4,
    0x0, 0x0, 0x0, 0xdf, 0xff, 0x80, 0x5f, 0xff,
    0xe0, 0x0, 0x0, 0x0, 0x6f, 0xff, 0xd0, 0x8f,
    0xff, 0xa0, 0x0, 0x0, 0x0, 0x2f, 0xff, 0xf0,
    0x9f, 0xff, 0x90, 0x0, 0x0, 0x0, 0x1f, 0xff,
    0xf1, 0x9f, 0xff, 0x90, 0x0, 0x0, 0x0, 0x1f,
    0xff, 0xf1, 0x8f, 0xff, 0xa0, 0x0, 0x0, 0x0,
    0x2f, 0xff, 0xf0, 0x5f, 0xff, 0xe0, 0x0, 0x0,
    0x0, 0x6f, 0xff, 0xd0, 0x1f, 0xff, 0xf4, 0x0,
    0x0, 0x0, 0xdf, 0xff, 0x80, 0xa, 0xff, 0xfe,
    0x20, 0x0, 0x8, 0xff, 0xff, 0x20, 0x1, 0xff,
    0xff, 0xf8, 0x67, 0xcf, 0xff, 0xf8, 0x0, 0x0,
    0x5f, 0xff, 0xff, 0xff, 0xff, 0xff, 0xc0, 0x0,
    0x0, 0x3, 0xef, 0xff, 0xff, 0xff, 0xf9, 0x0,
    0x0, 0x0, 0x0, 0x6, 0xbe, 0xff, 0xd9, 0x30,
    0x0, 0x0,

    /* U+0070 "p" */
    0xdf, 0xff, 0x20, 0x4b, 0xef, 0xea, 0x30, 0x0,
    0xd, 0xff, 0xf2, 0x8f, 0xff, 0xff, 0xff, 0x80,
    0x0, 0xdf, 0xff, 0x7f, 0xff, 0xff, 0xff, 0xff,
    0x90, 0xd, 0xff, 0xff, 0xf9, 0x43, 0x6d, 0xff,
    0xff, 0x40, 0xdf, 0xff, 0xf6, 0x0, 0x0, 0xd,
    0xff, 0xfc, 0xd, 0xff, 0xfc, 0x0, 0x0, 0x0,
    0x4f, 0xff, 0xf1, 0xdf, 0xff, 0x60, 0x0, 0x0,
    0x0, 0xef, 0xff, 0x5d, 0xff, 0xf3, 0x0, 0x0,
    0x0, 0xa, 0xff, 0xf7, 0xdf, 0xff, 0x20, 0x0,
    0x0, 0x0, 0x9f, 0xff, 0x8d, 0xff, 0xf2, 0x0,
    0x0, 0x0, 0x9, 0xff, 0xf8, 0xdf, 0xff, 0x40,
    0x0, 0x0, 0x0, 0xbf, 0xff, 0x7d, 0xff, 0xf8,
    0x0, 0x0, 0x0, 0xf, 0xff, 0xf5, 0xdf, 0xff,
    0xe0, 0x0, 0x0, 0x6, 0xff, 0xff, 0x1d, 0xff,
    0xff, 0xa0, 0x0, 0x2, 0xef, 0xff, 0xc0, 0xdf,
    0xff, 0xff, 0xd7, 0x69, 0xff, 0xff, 0xf4, 0xd,
    0xff, 0xf7, 0xff, 0xff, 0xff, 0xff, 0xf9, 0x0,
    0xdf, 0xff, 0x37, 0xff, 0xff, 0xff, 0xf9, 0x0,
    0xd, 0xff, 0xf3, 0x3, 0xbe, 0xfe, 0xa4, 0x0,
    0x0, 0xdf, 0xff, 0x30, 0x0, 0x0, 0x0, 0x0,
    0x0, 0xd, 0xff, 0xf3, 0x0, 0x0, 0x0, 0x0,
    0x0, 0x0, 0xdf, 0xff, 0x30, 0x0, 0x0, 0x0,
    0x0, 0x0, 0xd, 0xff, 0xf3, 0x0, 0x0, 0x0,
    0x0, 0x0, 0x0, 0xdf, 0xff, 0x30, 0x0, 0x0,
    0x0, 0x0, 0x0, 0xd, 0xff, 0xf3, 0x0, 0x0,
    0x0, 0x0, 0x0, 0x0, 0xdf, 0xff, 0x30, 0x0,
    0x0, 0x0, 0x0, 0x0, 0x0,

    /* U+0071 "q" */
    0x0, 0x0, 0x4a, 0xef, 0xeb, 0x30, 0x2f, 0xff,
    0xd0, 0x0, 0x9f, 0xff, 0xff, 0xff, 0x62, 0xff,
    0xfd, 0x0, 0xaf, 0xff, 0xff, 0xff, 0xff, 0x5f,
    0xff, 0xd0, 0x4f, 0xff, 0xff, 0x96, 0x8d, 0xff,
    0xff, 0xfd, 0xc, 0xff, 0xfe, 0x20, 0x0, 0xa,
    0xff, 0xff, 0xd1, 0xff, 0xff, 0x40, 0x0, 0x0,
    0xe, 0xff, 0xfd, 0x6f, 0xff, 0xe0, 0x0, 0x0,
    0x0, 0x8f, 0xff, 0xd7, 0xff, 0xfa, 0x0, 0x0,
    0x0, 0x4, 0xff, 0xfd, 0x9f, 0xff, 0x90, 0x0,
    0x0, 0x0, 0x2f, 0xff, 0xd9, 0xff, 0xf9, 0x0,
    0x0, 0x0, 0x3, 0xff, 0xfd, 0x7f, 0xff, 0xa0,
    0x0, 0x0, 0x0, 0x4f, 0xff, 0xd5, 0xff, 0xfe,
    0x0, 0x0, 0x0, 0x8, 0xff, 0xfd, 0x1f, 0xff,
    0xf5, 0x0, 0x0, 0x0, 0xef, 0xff, 0xd0, 0xcf,
    0xff, 0xe2, 0x0, 0x0, 0x9f, 0xff, 0xfd, 0x4,
    0xff, 0xff, 0xf9, 0x67, 0xdf, 0xff, 0xff, 0xd0,
    0xa, 0xff, 0xff, 0xff, 0xff, 0xf7, 0xff, 0xfd,
    0x0, 0x9, 0xff, 0xff, 0xff, 0xf6, 0x3f, 0xff,
    0xd0, 0x0, 0x4, 0xae, 0xfe, 0xa3, 0x3, 0xff,
    0xfd, 0x0, 0x0, 0x0, 0x0, 0x0, 0x0, 0x3f,
    0xff, 0xd0, 0x0, 0x0, 0x0, 0x0, 0x0, 0x3,
    0xff, 0xfd, 0x0, 0x0, 0x0, 0x0, 0x0, 0x0,
    0x3f, 0xff, 0xd0, 0x0, 0x0, 0x0, 0x0, 0x0,
    0x3, 0xff, 0xfd, 0x0, 0x0, 0x0, 0x0, 0x0,
    0x0, 0x3f, 0xff, 0xd0, 0x0, 0x0, 0x0, 0x0,
    0x0, 0x3, 0xff, 0xfd, 0x0, 0x0, 0x0, 0x0,
    0x0, 0x0, 0x3f, 0xff, 0xd0,

    /* U+0072 "r" */
    0x0, 0x0, 0x0, 0x0, 0x1, 0xd, 0xff, 0xf1,
    0x7, 0xdf, 0xf1, 0xdf, 0xff, 0x2c, 0xff, 0xff,
    0x1d, 0xff, 0xf9, 0xff, 0xff, 0xf1, 0xdf, 0xff,
    0xff, 0xc8, 0x79, 0xd, 0xff, 0xff, 0x70, 0x0,
    0x0, 0xdf, 0xff, 0xa0, 0x0, 0x0, 0xd, 0xff,
    0xf5, 0x0, 0x0, 0x0, 0xdf, 0xff, 0x30, 0x0,
    0x0, 0xd, 0xff, 0xf3, 0x0, 0x0, 0x0, 0xdf,
    0xff, 0x30, 0x0, 0x0, 0xd, 0xff, 0xf3, 0x0,
    0x0, 0x0, 0xdf, 0xff, 0x30, 0x0, 0x0, 0xd,
    0xff, 0xf3, 0x0, 0x0, 0x0, 0xdf, 0xff, 0x30,
    0x0, 0x0, 0xd, 0xff, 0xf3, 0x0, 0x0, 0x0,
    0xdf, 0xff, 0x30, 0x0, 0x0, 0xd, 0xff, 0xf3,
    0x0, 0x0, 0x0, 0xdf, 0xff, 0x30, 0x0, 0x0,
    0x0,

    /* U+0073 "s" */
    0x0, 0x0, 0x6b, 0xef, 0xfe, 0xa5, 0x0, 0x0,
    0x0, 0x4e, 0xff, 0xff, 0xff, 0xff, 0xc1, 0x0,
    0x3, 0xff, 0xff, 0xff, 0xff, 0xff, 0xfd, 0x0,
    0xc, 0xff, 0xfd, 0x52, 0x26, 0xef, 0xff, 0x70,
    0xf, 0xff, 0xf1, 0x0, 0x0, 0x3f, 0xfc, 0x70,
    0x1f, 0xff, 0xf0, 0x0, 0x0, 0x2, 0x0, 0x0,
    0xf, 0xff, 0xfb, 0x20, 0x0, 0x0, 0x0, 0x0,
    0x9, 0xff, 0xff, 0xfd, 0xa6, 0x30, 0x0, 0x0,
    0x0, 0xbf, 0xff, 0xff, 0xff, 0xfe, 0x81, 0x0,
    0x0, 0x5, 0xcf, 0xff, 0xff, 0xff, 0xfe, 0x20,
    0x0, 0x0, 0x1, 0x48, 0xbf, 0xff, 0xff, 0xc0,
    0x0, 0x0, 0x0, 0x0, 0x0, 0x9f, 0xff, 0xf2,
    0x3, 0x68, 0x30, 0x0, 0x0, 0xf, 0xff, 0xf3,
    0x7f, 0xff, 0xc0, 0x0, 0x0, 0x2f, 0xff, 0xf1,
    0x2f, 0xff, 0xfc, 0x53, 0x37, 0xef, 0xff, 0xc0,
    0x7, 0xff, 0xff, 0xff, 0xff, 0xff, 0xfe, 0x20,
    0x0, 0x7f, 0xff, 0xff, 0xff, 0xff, 0xd3, 0x0,
    0x0, 0x1, 0x8c, 0xef, 0xfd, 0xa5, 0x0, 0x0,

    /* U+0074 "t" */
    0x0, 0x3f, 0xff, 0xd0, 0x0, 0x0, 0x3, 0xff,
    0xfd, 0x0, 0x0, 0x0, 0x3f, 0xff, 0xd0, 0x0,
    0x0, 0x3, 0xff, 0xfd, 0x0, 0x0, 0xbf, 0xff,
    0xff, 0xff, 0xff, 0x3b, 0xff, 0xff, 0xff, 0xff,
    0xf3, 0xbf, 0xff, 0xff, 0xff, 0xff, 0x32, 0x46,
    0xff, 0xfe, 0x44, 0x40, 0x0, 0x3f, 0xff, 0xd0,
    0x0, 0x0, 0x3, 0xff, 0xfd, 0x0, 0x0, 0x0,
    0x3f, 0xff, 0xd0, 0x0, 0x0, 0x3, 0xff, 0xfd,
    0x0, 0x0, 0x0, 0x3f, 0xff, 0xd0, 0x0, 0x0,
    0x3, 0xff, 0xfd, 0x0, 0x0, 0x0, 0x3f, 0xff,
    0xd0, 0x0, 0x0, 0x3, 0xff, 0xfd, 0x0, 0x0,
    0x0, 0x3f, 0xff, 0xd0, 0x0, 0x0, 0x2, 0xff,
    0xff, 0x0, 0x0, 0x0, 0xf, 0xff, 0xfa, 0x67,
    0x10, 0x0, 0xbf, 0xff, 0xff, 0xf4, 0x0, 0x2,
    0xef, 0xff, 0xff, 0x70, 0x0, 0x1, 0x8d, 0xff,
    0xe7,

    /* U+0075 "u" */
    0xdf, 0xff, 0x30, 0x0, 0x0, 0xa, 0xff, 0xf7,
    0xdf, 0xff, 0x30, 0x0, 0x0, 0xa, 0xff, 0xf7,
    0xdf, 0xff, 0x30, 0x0, 0x0, 0xa, 0xff, 0xf7,
    0xdf, 0xff, 0x30, 0x0, 0x0, 0xa, 0xff, 0xf7,
    0xdf, 0xff, 0x30, 0x0, 0x0, 0xa, 0xff, 0xf7,
    0xdf, 0xff, 0x30, 0x0, 0x0, 0xa, 0xff, 0xf7,
    0xdf, 0xff, 0x30, 0x0, 0x0, 0xa, 0xff, 0xf7,
    0xdf, 0xff, 0x30, 0x0, 0x0, 0xa, 0xff, 0xf7,
    0xdf, 0xff, 0x30, 0x0, 0x0, 0xa, 0xff, 0xf7,
    0xdf, 0xff, 0x30, 0x0, 0x0, 0xa, 0xff, 0xf7,
    0xdf, 0xff, 0x30, 0x0, 0x0, 0xa, 0xff, 0xf7,
    0xdf, 0xff, 0x50, 0x0, 0x0, 0xc, 0xff, 0xf7,
    0xcf, 0xff, 0x90, 0x0, 0x0, 0x1f, 0xff, 0xf7,
    0x9f, 0xff, 0xf3, 0x0, 0x1, 0xcf, 0xff, 0xf7,
    0x4f, 0xff, 0xff, 0xb8, 0x9e, 0xfd, 0xff, 0xf7,
    0xb, 0xff, 0xff, 0xff, 0xff, 0xd7, 0xff, 0xf7,
    0x1, 0xcf, 0xff, 0xff, 0xfd, 0x17, 0xff, 0xf7,
    0x0, 0x7, 0xcf, 0xfd, 0x71, 0x6, 0xff, 0xf7,

    /* U+0076 "v" */
    0x3f, 0xff, 0xf1, 0x0, 0x0, 0x0, 0x4, 0xff,
    0xff, 0x0, 0xdf, 0xff, 0x70, 0x0, 0x0, 0x0,
    0x9f, 0xff, 0xa0, 0x7, 0xff, 0xfc, 0x0, 0x0,
    0x0, 0xe, 0xff, 0xf4, 0x0, 0x2f, 0xff, 0xf1,
    0x0, 0x0, 0x4, 0xff, 0xfe, 0x0, 0x0, 0xcf,
    0xff, 0x60, 0x0, 0x0, 0x9f, 0xff, 0x80, 0x0,
    0x6, 0xff, 0xfb, 0x0, 0x0, 0xe, 0xff, 0xf3,
    0x0, 0x0, 0x1f, 0xff, 0xf1, 0x0, 0x3, 0xff,
    0xfd, 0x0, 0x0, 0x0, 0xaf, 0xff, 0x60, 0x0,
    0x8f, 0xff, 0x70, 0x0, 0x0, 0x5, 0xff, 0xfb,
    0x0, 0xe, 0xff, 0xf1, 0x0, 0x0, 0x0, 0xe,
    0xff, 0xf1, 0x3, 0xff, 0xfb, 0x0, 0x0, 0x0,
    0x0, 0x9f, 0xff, 0x50, 0x8f, 0xff, 0x60, 0x0,
    0x0, 0x0, 0x3, 0xff, 0xfa, 0xc, 0xff, 0xf0,
    0x0, 0x0, 0x0, 0x0, 0xd, 0xff, 0xe1, 0xff,
    0xfa, 0x0, 0x0, 0x0, 0x0, 0x0, 0x8f, 0xff,
    0x7f, 0xff, 0x40, 0x0, 0x0, 0x0, 0x0, 0x2,
    0xff, 0xfe, 0xff, 0xe0, 0x0, 0x0, 0x0, 0x0,
    0x0, 0xc, 0xff, 0xff, 0xf8, 0x0, 0x0, 0x0,
    0x0, 0x0, 0x0, 0x6f, 0xff, 0xff, 0x30, 0x0,
    0x0, 0x0, 0x0, 0x0, 0x1, 0xff, 0xff, 0xd0,
    0x0, 0x0, 0x0,

    /* U+0077 "w" */
    0x2f, 0xff, 0xf1, 0x0, 0x0, 0x9, 0xff, 0xf8,
    0x0, 0x0, 0x4, 0xff, 0xff, 0x0, 0xef, 0xff,
    0x50, 0x0, 0x0, 0xdf, 0xff, 0xc0, 0x0, 0x0,
    0x8f, 0xff, 0xb0, 0x9, 0xff, 0xf9, 0x0, 0x0,
    0x1f, 0xff, 0xff, 0x0, 0x0, 0xc, 0xff, 0xf7,
    0x0, 0x4f, 0xff, 0xd0, 0x0, 0x5, 0xff, 0xff,
    0xf3, 0x0, 0x0, 0xff, 0xff, 0x20, 0x0, 0xff,
    0xff, 0x10, 0x0, 0x9f, 0xff, 0xff, 0x70, 0x0,
    0x3f, 0xff, 0xd0, 0x0, 0xb, 0xff, 0xf4, 0x0,
    0xd, 0xff, 0xbf, 0xfb, 0x0, 0x7, 0xff, 0xf9,
    0x0, 0x0, 0x7f, 0xff, 0x80, 0x1, 0xff, 0xf4,
    0xff, 0xf0, 0x0, 0xbf, 0xff, 0x40, 0x0, 0x2,
    0xff, 0xfc, 0x0, 0x5f, 0xfd, 0xf, 0xff, 0x30,
    0xf, 0xff, 0xf0, 0x0, 0x0, 0xd, 0xff, 0xf0,
    0x9, 0xff, 0x90, 0xbf, 0xf7, 0x3, 0xff, 0xfb,
    0x0, 0x0, 0x0, 0x9f, 0xff, 0x30, 0xdf, 0xf5,
    0x7, 0xff, 0xa0, 0x6f, 0xff, 0x60, 0x0, 0x0,
    0x4, 0xff, 0xf7, 0x1f, 0xff, 0x10, 0x3f, 0xfe,
    0xa, 0xff, 0xf2, 0x0, 0x0, 0x0, 0xf, 0xff,
    0xa4, 0xff, 0xc0, 0x0, 0xff, 0xf2, 0xdf, 0xfd,
    0x0, 0x0, 0x0, 0x0, 0xbf, 0xfe, 0x8f, 0xf8,
    0x0, 0xb, 0xff, 0x6f, 0xff, 0x80, 0x0, 0x0,
    0x0, 0x6, 0xff, 0xfc, 0xff, 0x40, 0x0, 0x6f,
    0xfc, 0xff, 0xf4, 0x0, 0x0, 0x0, 0x0, 0x1f,
    0xff, 0xff, 0xf0, 0x0, 0x2, 0xff, 0xff, 0xff,
    0x0, 0x0, 0x0, 0x0, 0x0, 0xdf, 0xff, 0xfb,
    0x0, 0x0, 0xd, 0xff, 0xff, 0xa0, 0x0, 0x0,
    0x0, 0x0, 0x8, 0xff, 0xff, 0x60, 0x0, 0x0,
    0x9f, 0xff, 0xf6, 0x0, 0x0, 0x0, 0x0, 0x0,
    0x4f, 0xff, 0xf2, 0x0, 0x0, 0x4, 0xff, 0xff,
    0x10, 0x0, 0x0,

    /* U+0078 "x" */
    0x9, 0xff, 0xfd, 0x0, 0x0, 0x0, 0x8f, 0xff,
    0xd0, 0x0, 0xef, 0xff, 0x70, 0x0, 0x2, 0xff,
    0xff, 0x30, 0x0, 0x5f, 0xff, 0xf1, 0x0, 0xb,
    0xff, 0xf9, 0x0, 0x0, 0xb, 0xff, 0xf9, 0x0,
    0x4f, 0xff, 0xe1, 0x0, 0x0, 0x2, 0xff, 0xff,
    0x20, 0xdf, 0xff, 0x50, 0x0, 0x0, 0x0, 0x7f,
    0xff, 0xa5, 0xff, 0xfb, 0x0, 0x0, 0x0, 0x0,
    0xd, 0xff, 0xfd, 0xff, 0xf2, 0x0, 0x0, 0x0,
    0x0, 0x3, 0xff, 0xff, 0xff, 0x70, 0x0, 0x0,
    0x0, 0x0, 0x0, 0xaf, 0xff, 0xfd, 0x0, 0x0,
    0x0, 0x0, 0x0, 0x0, 0xdf, 0xff, 0xfe, 0x10,
    0x0, 0x0, 0x0, 0x0, 0x8, 0xff, 0xff, 0xff,
    0xa0, 0x0, 0x0, 0x0, 0x0, 0x2f, 0xff, 0xcb,
    0xff, 0xf4, 0x0, 0x0, 0x0, 0x0, 0xcf, 0xff,
    0x53, 0xff, 0xfe, 0x0, 0x0, 0x0, 0x6, 0xff,
    0xfc, 0x0, 0xaf, 0xff, 0x90, 0x0, 0x0, 0x1e,
    0xff, 0xf4, 0x0, 0x2f, 0xff, 0xf3, 0x0, 0x0,
    0xaf, 0xff, 0xa0, 0x0, 0x8, 0xff, 0xfd, 0x0,
    0x4, 0xff, 0xff, 0x10, 0x0, 0x0, 0xef, 0xff,
    0x70, 0xd, 0xff, 0xf7, 0x0, 0x0, 0x0, 0x5f,
    0xff, 0xf2,

    /* U+0079 "y" */
    0x3f, 0xff, 0xf1, 0x0, 0x0, 0x0, 0x3, 0xff,
    0xff, 0x10, 0xdf, 0xff, 0x60, 0x0, 0x0, 0x0,
    0x9f, 0xff, 0xa0, 0x7, 0xff, 0xfc, 0x0, 0x0,
    0x0, 0xe, 0xff, 0xf4, 0x0, 0x2f, 0xff, 0xf1,
    0x0, 0x0, 0x4, 0xff, 0xfe, 0x0, 0x0, 0xcf,
    0xff, 0x60, 0x0, 0x0, 0x9f, 0xff, 0x90, 0x0,
    0x6, 0xff, 0xfb, 0x0, 0x0, 0xe, 0xff, 0xf3,
    0x0, 0x0, 0x1f, 0xff, 0xf1, 0x0, 0x4, 0xff,
    0xfd, 0x0, 0x0, 0x0, 0xaf, 0xff, 0x60, 0x0,
    0x9f, 0xff, 0x70, 0x0, 0x0, 0x4, 0xff, 0xfb,
    0x0, 0xe, 0xff, 0xf1, 0x0, 0x0, 0x0, 0xe,
    0xff, 0xf0, 0x4, 0xff, 0xfb, 0x0, 0x0, 0x0,
    0x0, 0x9f, 0xff, 0x50, 0x9f, 0xff, 0x50, 0x0,
    0x0, 0x0, 0x3, 0xff, 0xf9, 0xd, 0xff, 0xf0,
    0x0, 0x0, 0x0, 0x0, 0xd, 0xff, 0xd2, 0xff,
    0xfa, 0x0, 0x0, 0x0, 0x0, 0x0, 0x7f, 0xff,
    0x7f, 0xff, 0x40, 0x0, 0x0, 0x0, 0x0, 0x2,
    0xff, 0xfe, 0xff, 0xe0, 0x0, 0x0, 0x0, 0x0,
    0x0, 0xc, 0xff, 0xff, 0xf8, 0x0, 0x0, 0x0,
    0x0, 0x0, 0x0, 0x6f, 0xff, 0xff, 0x20, 0x0,
    0x0, 0x0, 0x0, 0x0, 0x1, 0xff, 0xff, 0xc0,
    0x0, 0x0, 0x0, 0x0, 0x0, 0x0, 0xe, 0xff,
    0xf6, 0x0, 0x0, 0x0, 0x0, 0x0, 0x0, 0x1,
    0xff, 0xff, 0x10, 0x0, 0x0, 0x0, 0x0, 0x0,
    0x0, 0x7f, 0xff, 0xa0, 0x0, 0x0, 0x0, 0x0,
    0x1, 0x97, 0x9f, 0xff, 0xf3, 0x0, 0x0, 0x0,
    0x0, 0x0, 0x6f, 0xff, 0xff, 0xf9, 0x0, 0x0,
    0x0, 0x0, 0x0, 0xb, 0xff, 0xff, 0xfb, 0x0,
    0x0, 0x0, 0x0, 0x0, 0x0, 0xae, 0xff, 0xc6,
    0x0, 0x0, 0x0, 0x0, 0x0, 0x0,

    /* U+007A "z" */
    0xd, 0xff, 0xff, 0xff, 0xff, 0xff, 0xff, 0xe0,
    0xd, 0xff, 0xff, 0xff, 0xff, 0xff, 0xff, 0xe0,
    0xd, 0xff, 0xff, 0xff, 0xff, 0xff, 0xff, 0xe0,
    0x6, 0x88, 0x88, 0x88, 0x8a, 0xff, 0xff, 0x60,
    0x0, 0x0, 0x0, 0x0, 0xc, 0xff, 0xfb, 0x0,
    0x0, 0x0, 0x0, 0x0, 0x9f, 0xff, 0xe1, 0x0,
    0x0, 0x0, 0x0, 0x5, 0xff, 0xff, 0x30, 0x0,
    0x0, 0x0, 0x0, 0x2f, 0xff, 0xf7, 0x0, 0x0,
    0x0, 0x0, 0x0, 0xdf, 0xff, 0xb0, 0x0, 0x0,
    0x0, 0x0, 0xa, 0xff, 0xfe, 0x10, 0x0, 0x0,
    0x0, 0x0, 0x6f, 0xff, 0xf4, 0x0, 0x0, 0x0,
    0x0, 0x2, 0xff, 0xff, 0x80, 0x0, 0x0, 0x0,
    0x0, 0xd, 0xff, 0xfc, 0x0, 0x0, 0x0, 0x0,
    0x0, 0xaf, 0xff, 0xe1, 0x0, 0x0, 0x0, 0x0,
    0x7, 0xff, 0xff, 0xc8, 0x88, 0x88, 0x88, 0x81,
    0x1f, 0xff, 0xff, 0xff, 0xff, 0xff, 0xff, 0xf3,
    0x1f, 0xff, 0xff, 0xff, 0xff, 0xff, 0xff, 0xf3,
    0x1f, 0xff, 0xff, 0xff, 0xff, 0xff, 0xff, 0xf3,

    /* U+007B "{" */
    0x0, 0x0, 0x0, 0x0, 0x2, 0x20, 0x0, 0x0,
    0x7, 0xdf, 0xfd, 0x0, 0x0, 0x1d, 0xff, 0xff,
    0xd0, 0x0, 0xb, 0xff, 0xff, 0xfd, 0x0, 0x1,
    0xff, 0xff, 0x82, 0x0, 0x0, 0x4f, 0xff, 0xc0,
    0x0, 0x0, 0x5, 0xff, 0xf8, 0x0, 0x0, 0x0,
    0x5f, 0xff, 0x60, 0x0, 0x0, 0x5, 0xff, 0xf6,
    0x0, 0x0, 0x0, 0x5f, 0xff, 0x60, 0x0, 0x0,
    0x6, 0xff, 0xf6, 0x0, 0x0, 0x0, 0xaf, 0xff,
    0x50, 0x0, 0x0, 0x5f, 0xff, 0xf2, 0x0, 0xc,
    0xff, 0xff, 0xf8, 0x0, 0x0, 0xcf, 0xff, 0xa4,
    0x0, 0x0, 0xc, 0xff, 0xf9, 0x30, 0x0, 0x0,
    0xcf, 0xff, 0xff, 0x60, 0x0, 0x0, 0x28, 0xff,
    0xff, 0x10, 0x0, 0x0, 0xb, 0xff, 0xf5, 0x0,
    0x0, 0x0, 0x7f, 0xff, 0x60, 0x0, 0x0, 0x5,
    0xff, 0xf6, 0x0, 0x0, 0x0, 0x5f, 0xff, 0x60,
    0x0, 0x0, 0x5, 0xff, 0xf6, 0x0, 0x0, 0x0,
    0x5f, 0xff, 0x70, 0x0, 0x0, 0x4, 0xff, 0xf9,
    0x0, 0x0, 0x0, 0x2f, 0xff, 0xe0, 0x0, 0x0,
    0x0, 0xef, 0xff, 0xc5, 0x20, 0x0, 0x7, 0xff,
    0xff, 0xfd, 0x0, 0x0, 0x9, 0xff, 0xff, 0xd0,
    0x0, 0x0, 0x3, 0x9d, 0xed,

    /* U+007C "|" */
    0x2f, 0xff, 0xa2, 0xff, 0xfa, 0x2f, 0xff, 0xa2,
    0xff, 0xfa, 0x2f, 0xff, 0xa2, 0xff, 0xfa, 0x2f,
    0xff, 0xa2, 0xff, 0xfa, 0x2f, 0xff, 0xa2, 0xff,
    0xfa, 0x2f, 0xff, 0xa2, 0xff, 0xfa, 0x2f, 0xff,
    0xa2, 0xff, 0xfa, 0x2f, 0xff, 0xa2, 0xff, 0xfa,
    0x2f, 0xff, 0xa2, 0xff, 0xfa, 0x2f, 0xff, 0xa2,
    0xff, 0xfa, 0x2f, 0xff, 0xa2, 0xff, 0xfa, 0x2f,
    0xff, 0xa2, 0xff, 0xfa, 0x2f, 0xff, 0xa2, 0xff,
    0xfa, 0x2f, 0xff, 0xa2, 0xff, 0xfa, 0x2f, 0xff,
    0xa2, 0xff, 0xfa, 0x2f, 0xff, 0xa2, 0xff, 0xfa,
    0x2f, 0xff, 0xa2, 0xff, 0xfa, 0x2f, 0xff, 0xa2,
    0xff, 0xfa, 0x2f, 0xff, 0xa2, 0xff, 0xfa, 0x2f,
    0xff, 0xa0,

    /* U+007D "}" */
    0x2, 0x10, 0x0, 0x0, 0x0, 0x0, 0x4f, 0xff,
    0xb4, 0x0, 0x0, 0x0, 0x4f, 0xff, 0xff, 0x70,
    0x0, 0x0, 0x4f, 0xff, 0xff, 0xf3, 0x0, 0x0,
    0x0, 0x4d, 0xff, 0xf9, 0x0, 0x0, 0x0, 0x3,
    0xff, 0xfc, 0x0, 0x0, 0x0, 0x0, 0xff, 0xfd,
    0x0, 0x0, 0x0, 0x0, 0xef, 0xfe, 0x0, 0x0,
    0x0, 0x0, 0xef, 0xfe, 0x0, 0x0, 0x0, 0x0,
    0xef, 0xfe, 0x0, 0x0, 0x0, 0x0, 0xef, 0xff,
    0x0, 0x0, 0x0, 0x0, 0xdf, 0xff, 0x20, 0x0,
    0x0, 0x0, 0x9f, 0xff, 0xc1, 0x0, 0x0, 0x0,
    0x2e, 0xff, 0xff, 0xe4, 0x0, 0x0, 0x1, 0x8d,
    0xff, 0xf5, 0x0, 0x0, 0x0, 0x5c, 0xff, 0xf5,
    0x0, 0x0, 0xc, 0xff, 0xff, 0xf5, 0x0, 0x0,
    0x8f, 0xff, 0xd4, 0x0, 0x0, 0x0, 0xcf, 0xff,
    0x30, 0x0, 0x0, 0x0, 0xdf, 0xff, 0x0, 0x0,
    0x0, 0x0, 0xef, 0xfe, 0x0, 0x0, 0x0, 0x0,
    0xef, 0xfe, 0x0, 0x0, 0x0, 0x0, 0xef, 0xfe,
    0x0, 0x0, 0x0, 0x0, 0xef, 0xfd, 0x0, 0x0,
    0x0, 0x0, 0xff, 0xfd, 0x0, 0x0, 0x0, 0x5,
    0xff, 0xfb, 0x0, 0x0, 0x3, 0x7f, 0xff, 0xf7,
    0x0, 0x0, 0x4f, 0xff, 0xff, 0xe1, 0x0, 0x0,
    0x4f, 0xff, 0xfe, 0x30, 0x0, 0x0, 0x4f, 0xeb,
    0x71, 0x0, 0x0, 0x0,

    /* U+007E "~" */
    0x0, 0x1a, 0xef, 0xc6, 0x0, 0x0, 0x1, 0x66,
    0x60, 0x2, 0xef, 0xff, 0xff, 0xb0, 0x0, 0x5,
    0xff, 0xf0, 0xc, 0xff, 0xff, 0xff, 0xfd, 0x10,
    0xa, 0xff, 0xe0, 0x2f, 0xff, 0xe9, 0xbf, 0xff,
    0xe9, 0xbf, 0xff, 0xa0, 0x5f, 0xff, 0x30, 0x7,
    0xff, 0xff, 0xff, 0xff, 0x40, 0x7f, 0xfe, 0x0,
    0x0, 0x5f, 0xff, 0xff, 0xf9, 0x0, 0x36, 0x65,
    0x0, 0x0, 0x2, 0xae, 0xfc, 0x60, 0x0,

    /* U+00A0 " " */

    /* U+00A1 "¡" */
    0x6, 0xee, 0x90, 0x2f, 0xff, 0xf7, 0x5f, 0xff,
    0xfa, 0x2f, 0xff, 0xf7, 0x6, 0xee, 0x90, 0x0,
    0x0, 0x0, 0x0, 0x0, 0x0, 0x1, 0x22, 0x20,
    0xc, 0xff, 0xf1, 0xc, 0xff, 0xf1, 0xd, 0xff,
    0xf1, 0xd, 0xff, 0xf2, 0xd, 0xff, 0xf2, 0xd,
    0xff, 0xf2, 0xe, 0xff, 0xf2, 0xe, 0xff, 0xf3,
    0xe, 0xff, 0xf3, 0xf, 0xff, 0xf3, 0xf, 0xff,
    0xf4, 0xf, 0xff, 0xf4, 0xf, 0xff, 0xf4, 0xf,
    0xff, 0xf4, 0xf, 0xff, 0xf5, 0xf, 0xff, 0xf5,

    /* U+00A2 "¢" */
    0x0, 0x0, 0x0, 0x4, 0xf9, 0x0, 0x0, 0x0,
    0x0, 0x0, 0x0, 0x0, 0x4f, 0x90, 0x0, 0x0,
    0x0, 0x0, 0x0, 0x0, 0x6, 0xfa, 0x10, 0x0,
    0x0, 0x0, 0x0, 0x2, 0xaf, 0xff, 0xff, 0xe7,
    0x0, 0x0, 0x0, 0x7, 0xff, 0xff, 0xff, 0xff,
    0xfd, 0x20, 0x0, 0x7, 0xff, 0xff, 0xff, 0xff,
    0xff, 0xfe, 0x10, 0x2, 0xff, 0xff, 0xc8, 0xfa,
    0x8f, 0xff, 0xf9, 0x0, 0xbf, 0xff, 0xc0, 0x4f,
    0x90, 0x5f, 0xff, 0xf0, 0x1f, 0xff, 0xf3, 0x4,
    0xf9, 0x0, 0xcf, 0xb8, 0x15, 0xff, 0xfe, 0x0,
    0x4f, 0x90, 0x1, 0x0, 0x0, 0x7f, 0xff, 0xa0,
    0x4, 0xf9, 0x0, 0x0, 0x0, 0x9, 0xff, 0xf9,
    0x0, 0x4f, 0x90, 0x0, 0x0, 0x0, 0x9f, 0xff,
    0x90, 0x4, 0xf9, 0x0, 0x0, 0x0, 0x7, 0xff,
    0xfa, 0x0, 0x4f, 0x90, 0x0, 0x0, 0x0, 0x5f,
    0xff, 0xe0, 0x4, 0xf9, 0x0, 0x21, 0x0, 0x1,
    0xff, 0xff, 0x30, 0x4f, 0x90, 0xc, 0xfd, 0xa1,
    0xb, 0xff, 0xfc, 0x4, 0xf9, 0x5, 0xff, 0xff,
    0x0, 0x3f, 0xff, 0xfc, 0x8f, 0xa8, 0xff, 0xff,
    0x90, 0x0, 0x8f, 0xff, 0xff, 0xff, 0xff, 0xff,
    0xe1, 0x0, 0x0, 0x8f, 0xff, 0xff, 0xff, 0xff,
    0xd2, 0x0, 0x0, 0x0, 0x3b, 0xff, 0xff, 0xfe,
    0x70, 0x0, 0x0, 0x0, 0x0, 0x0, 0x6f, 0xa2,
    0x0, 0x0, 0x0, 0x0, 0x0, 0x0, 0x4, 0xf9,
    0x0, 0x0, 0x0, 0x0, 0x0, 0x0, 0x0, 0x4f,
    0x90, 0x0, 0x0, 0x0,

    /* U+00A3 "£" */
    0x0, 0x0, 0x0, 0x18, 0xce, 0xfe, 0xa4, 0x0,
    0x0, 0x0, 0x0, 0x7, 0xff, 0xff, 0xff, 0xff,
    0xb1, 0x0, 0x0, 0x0, 0x8f, 0xff, 0xff, 0xff,
    0xff, 0xfc, 0x0, 0x0, 0x4, 0xff, 0xff, 0xea,
    0x9d, 0xff, 0xff, 0x80, 0x0, 0xc, 0xff, 0xfb,
    0x0, 0x0, 0x7f, 0xff, 0xf1, 0x0, 0xf, 0xff,
    0xf2, 0x0, 0x0, 0xb, 0xff, 0xf5, 0x0, 0x3f,
    0xff, 0xc0, 0x0, 0x0, 0x6, 0xca, 0x72, 0x0,
    0x4f, 0xff, 0xb0, 0x0, 0x0, 0x0, 0x0, 0x0,
    0x0, 0x3f, 0xff, 0xb0, 0x0, 0x0, 0x0, 0x0,
    0x0, 0x0, 0x3f, 0xff, 0xb0, 0x0, 0x0, 0x0,
    0x0, 0x0, 0x0, 0x2f, 0xff, 0xc0, 0x0, 0x0,
    0x0, 0x0, 0x0, 0x7f, 0xff, 0xff, 0xff, 0xff,
    0xff, 0xf6, 0x0, 0x0, 0x7f, 0xff, 0xff, 0xff,
    0xff, 0xff, 0xf6, 0x0, 0x0, 0x6d, 0xdf, 0xff,
    0xfd, 0xdd, 0xdd, 0xd4, 0x0, 0x0, 0x0, 0xf,
    0xff, 0xe0, 0x0, 0x0, 0x0, 0x0, 0x0, 0x0,
    0xf, 0xff, 0xe0, 0x0, 0x0, 0x0, 0x0, 0x0,
    0x0, 0xe, 0xff, 0xf0, 0x0, 0x0, 0x0, 0x0,
    0x0, 0x0, 0xd, 0xff, 0xf0, 0x0, 0x0, 0x0,
    0x0, 0x0, 0x0, 0xe, 0xff, 0xc0, 0x0, 0x0,
    0x1, 0x77, 0x74, 0x0, 0x4f, 0xff, 0x30, 0x0,
    0x0, 0x3, 0xff, 0xfa, 0x4b, 0xff, 0xfa, 0x99,
    0x99, 0x99, 0x9d, 0xff, 0xf8, 0x7f, 0xff, 0xff,
    0xff, 0xff, 0xff, 0xff, 0xff, 0xf4, 0x7f, 0xff,
    0xff, 0xff, 0xff, 0xff, 0xff, 0xff, 0xb0, 0x7f,
    0xff, 0xff, 0xff, 0xff, 0xff, 0xff, 0xd7, 0x0,

    /* U+00A4 "¤" */
    0x0, 0x10, 0x0, 0x0, 0x0, 0x0, 0x0, 0x0,
    0x1, 0x0, 0xc, 0xd1, 0x0, 0x4a, 0xdf, 0xfd,
    0x94, 0x0, 0x1d, 0xc0, 0xaf, 0xfd, 0x4d, 0xff,
    0xff, 0xff, 0xff, 0xc4, 0xdf, 0xfb, 0x4f, 0xff,
    0xff, 0xff, 0xfe, 0xef, 0xff, 0xff, 0xff, 0xf4,
    0x4, 0xff, 0xff, 0xd5, 0x0, 0x0, 0x6e, 0xff,
    0xff, 0x40, 0x0, 0xef, 0xfa, 0x0, 0x0, 0x0,
    0x1, 0xbf, 0xfd, 0x0, 0x8, 0xff, 0xc0, 0x0,
    0x0, 0x0, 0x0, 0xd, 0xff, 0x60, 0xe, 0xff,
    0x10, 0x0, 0x0, 0x0, 0x0, 0x3, 0xff, 0xd0,
    0x3f, 0xfb, 0x0, 0x0, 0x0, 0x0, 0x0, 0x0,
    0xdf, 0xf1, 0x6f, 0xf6, 0x0, 0x0, 0x0, 0x0,
    0x0, 0x0, 0x8f, 0xf5, 0x7f, 0xf4, 0x0, 0x0,
    0x0, 0x0, 0x0, 0x0, 0x6f, 0xf6, 0x7f, 0xf4,
    0x0, 0x0, 0x0, 0x0, 0x0, 0x0, 0x7f, 0xf6,
    0x6f, 0xf6, 0x0, 0x0, 0x0, 0x0, 0x0, 0x0,
    0x8f, 0xf5, 0x3f, 0xfb, 0x0, 0x0, 0x0, 0x0,
    0x0, 0x0, 0xdf, 0xf1, 0xe, 0xff, 0x20, 0x0,
    0x0, 0x0, 0x0, 0x4, 0xff, 0xd0, 0x8, 0xff,
    0xc0, 0x0, 0x0, 0x0, 0x0, 0xd, 0xff, 0x60,
    0x1, 0xff, 0xfa, 0x0, 0x0, 0x0, 0x1, 0xcf,
    0xff, 0x0, 0xa, 0xff, 0xff, 0xd6, 0x0, 0x1,
    0x7e, 0xff, 0xff, 0xa0, 0x9f, 0xff, 0xff, 0xff,
    0xfe, 0xef, 0xff, 0xff, 0xff, 0xf9, 0x5f, 0xf9,
    0x3d, 0xff, 0xff, 0xff, 0xff, 0xc2, 0x9f, 0xf6,
    0x6, 0x90, 0x0, 0x4a, 0xdf, 0xfd, 0x94, 0x0,
    0x9, 0x60, 0x0, 0x0, 0x0, 0x0, 0x0, 0x0,
    0x0, 0x0, 0x0, 0x0,

    /* U+00A5 "¥" */
    0x4f, 0xff, 0xf1, 0x0, 0x0, 0x0, 0xf, 0xff,
    0xf5, 0xd, 0xff, 0xf7, 0x0, 0x0, 0x0, 0x6f,
    0xff, 0xe0, 0x6, 0xff, 0xfd, 0x0, 0x0, 0x0,
    0xcf, 0xff, 0x70, 0x0, 0xef, 0xff, 0x40, 0x0,
    0x3, 0xff, 0xff, 0x10, 0x0, 0x8f, 0xff, 0xa0,
    0x0, 0x9, 0xff, 0xf9, 0x0, 0x0, 0x1f, 0xff,
    0xf1, 0x0, 0x1f, 0xff, 0xf2, 0x0, 0x0, 0x9,
    0xff, 0xf7, 0x0, 0x6f, 0xff, 0xa0, 0x0, 0x0,
    0x2, 0xff, 0xfd, 0x0, 0xdf, 0xff, 0x30, 0x0,
    0x0, 0x0, 0xbf, 0xff, 0x44, 0xff, 0xfc, 0x0,
    0x0, 0x0, 0x0, 0x4f, 0xff, 0xba, 0xff, 0xf4,
    0x0, 0x0, 0x0, 0x0, 0xd, 0xff, 0xff, 0xff,
    0xd0, 0x0, 0x0, 0x0, 0x0, 0x6, 0xff, 0xff,
    0xff, 0x60, 0x0, 0x0, 0x1, 0xff, 0xff, 0xff,
    0xff, 0xff, 0xff, 0xfd, 0x0, 0x1, 0xff, 0xff,
    0xff, 0xff, 0xff, 0xff, 0xfd, 0x0, 0x0, 0x99,
    0x99, 0x9f, 0xff, 0xf9, 0x99, 0x97, 0x0, 0x0,
    0x0, 0x0, 0x1f, 0xff, 0xf0, 0x0, 0x0, 0x0,
    0x0, 0x99, 0x99, 0xaf, 0xff, 0xf9, 0x99, 0x97,
    0x0, 0x1, 0xff, 0xff, 0xff, 0xff, 0xff, 0xff,
    0xfd, 0x0, 0x1, 0xff, 0xff, 0xff, 0xff, 0xff,
    0xff, 0xfd, 0x0, 0x0, 0x0, 0x0, 0x1f, 0xff,
    0xf0, 0x0, 0x0, 0x0, 0x0, 0x0, 0x0, 0x1f,
    0xff, 0xf0, 0x0, 0x0, 0x0, 0x0, 0x0, 0x0,
    0x1f, 0xff, 0xf0, 0x0, 0x0, 0x0, 0x0, 0x0,
    0x0, 0x1f, 0xff, 0xf0, 0x0, 0x0, 0x0, 0x0,
    0x0, 0x0, 0x1f, 0xff, 0xf0, 0x0, 0x0, 0x0,

    /* U+00A6 "¦" */
    0xcf, 0xfe, 0xcf, 0xfe, 0xcf, 0xfe, 0xcf, 0xfe,
    0xcf, 0xfe, 0xcf, 0xfe, 0xcf, 0xfe, 0xcf, 0xfe,
    0xcf, 0xfe, 0xcf, 0xfe, 0xbe, 0xed, 0x0, 0x0,
    0x0, 0x0, 0x0, 0x0, 0x0, 0x0, 0x0, 0x0,
    0x0, 0x0, 0xcf, 0xfe, 0xcf, 0xfe, 0xcf, 0xfe,
    0xcf, 0xfe, 0xcf, 0xfe, 0xcf, 0xfe, 0xcf, 0xfe,
    0xcf, 0xfe, 0xcf, 0xfe, 0xcf, 0xfe, 0xcf, 0xfe,

    /* U+00A7 "§" */
    0x0, 0x0, 0x39, 0xdf, 0xfd, 0xa3, 0x0, 0x0,
    0x0, 0x8, 0xff, 0xff, 0xff, 0xff, 0x70, 0x0,
    0x0, 0x6f, 0xff, 0xff, 0xff, 0xff, 0xf5, 0x0,
    0x0, 0xef, 0xff, 0xa5, 0x59, 0xff, 0xfe, 0x0,
    0x2, 0xff, 0xfb, 0x0, 0x0, 0x8f, 0xff, 0x40,
    0x3, 0xff, 0xf7, 0x0, 0x0, 0x1d, 0xa7, 0x20,
    0x1, 0xff, 0xfb, 0x0, 0x0, 0x0, 0x0, 0x0,
    0x0, 0xcf, 0xff, 0x80, 0x0, 0x0, 0x0, 0x0,
    0x0, 0x3f, 0xff, 0xfe, 0x60, 0x0, 0x0, 0x0,
    0x0, 0x4, 0xff, 0xff, 0xfd, 0x60, 0x0, 0x0,
    0x0, 0x8d, 0xff, 0xff, 0xff, 0xfe, 0x60, 0x0,
    0xa, 0xff, 0xa1, 0x3b, 0xff, 0xff, 0xfb, 0x0,
    0x2f, 0xff, 0x0, 0x0, 0x3b, 0xff, 0xff, 0xa0,
    0x5f, 0xfe, 0x0, 0x0, 0x0, 0x3d, 0xff, 0xf3,
    0x4f, 0xff, 0x30, 0x0, 0x0, 0x1, 0xff, 0xf7,
    0x1f, 0xff, 0xe4, 0x0, 0x0, 0x0, 0xcf, 0xf8,
    0x7, 0xff, 0xff, 0xb3, 0x0, 0x0, 0xdf, 0xf5,
    0x0, 0x9f, 0xff, 0xff, 0xc4, 0x18, 0xff, 0xc0,
    0x0, 0x5, 0xef, 0xff, 0xff, 0xff, 0xe9, 0x0,
    0x0, 0x0, 0x6, 0xdf, 0xff, 0xff, 0x70, 0x0,
    0x0, 0x0, 0x0, 0x5, 0xdf, 0xff, 0xf6, 0x0,
    0x0, 0x0, 0x0, 0x0, 0x7, 0xff, 0xff, 0x0,
    0x0, 0x0, 0x0, 0x0, 0x0, 0x8f, 0xff, 0x50,
    0x4, 0x8b, 0xc0, 0x0, 0x0, 0x5f, 0xff, 0x60,
    0x9, 0xff, 0xf5, 0x0, 0x0, 0x8f, 0xff, 0x50,
    0x3, 0xff, 0xff, 0x95, 0x5a, 0xff, 0xff, 0x10,
    0x0, 0xaf, 0xff, 0xff, 0xff, 0xff, 0xf8, 0x0,
    0x0, 0xa, 0xff, 0xff, 0xff, 0xff, 0x90, 0x0,
    0x0, 0x0, 0x4a, 0xef, 0xfd, 0xa3, 0x0, 0x0,

    /* U+00A8 "¨" */
    0x1, 0x40, 0x0, 0x0, 0x24, 0x0, 0x4f, 0xfe,
    0x10, 0x7, 0xff, 0xc0, 0xbf, 0xff, 0x70, 0xe,
    0xff, 0xf4, 0xaf, 0xff, 0x60, 0xd, 0xff, 0xf3,
    0x1c, 0xfa, 0x0, 0x3, 0xde, 0x80,

    /* U+00A9 "©" */
    0x0, 0x0, 0x0, 0x0, 0x0, 0x35, 0x65, 0x41,
    0x0, 0x0, 0x0, 0x0, 0x0, 0x0, 0x0, 0x0,
    0x3a, 0xff, 0xff, 0xff, 0xfb, 0x50, 0x0, 0x0,
    0x0, 0x0, 0x0, 0x1, 0xaf, 0xff, 0xff, 0xff,
    0xff, 0xff, 0xc3, 0x0, 0x0, 0x0, 0x0, 0x3,
    0xef, 0xff, 0xff, 0xff, 0xff, 0xff, 0xff, 0xf5,
    0x0, 0x0, 0x0, 0x3, 0xff, 0xff, 0xf9, 0x41,
    0x1, 0x38, 0xef, 0xff, 0xf6, 0x0, 0x0, 0x1,
    0xef, 0xff, 0xb2, 0x0, 0x0, 0x0, 0x0, 0x9f,
    0xff, 0xf3, 0x0, 0x0, 0xaf, 0xff, 0xa0, 0x2,
    0x8d, 0xfe, 0xb5, 0x0, 0x6f, 0xff, 0xd0, 0x0,
    0x2f, 0xff, 0xc0, 0x6, 0xff, 0xff, 0xff, 0xfb,
    0x0, 0x8f, 0xff, 0x60, 0x9, 0xff, 0xf2, 0x5,
    0xff, 0xff, 0xff, 0xff, 0xfb, 0x0, 0xdf, 0xfd,
    0x0, 0xef, 0xfa, 0x1, 0xff, 0xfd, 0x41, 0x29,
    0xff, 0xf5, 0x6, 0xff, 0xf2, 0x2f, 0xff, 0x50,
    0x7f, 0xfd, 0x0, 0x0, 0x8, 0xff, 0xb0, 0x1f,
    0xff, 0x64, 0xff, 0xf1, 0xa, 0xff, 0x50, 0x0,
    0x0, 0x3, 0x33, 0x0, 0xdf, 0xf8, 0x5f, 0xff,
    0x0, 0xcf, 0xf3, 0x0, 0x0, 0x0, 0x0, 0x0,
    0xc, 0xff, 0x94, 0xff, 0xf1, 0xb, 0xff, 0x50,
    0x0, 0x0, 0x13, 0x32, 0x0, 0xdf, 0xf8, 0x3f,
    0xff, 0x20, 0x7f, 0xfc, 0x0, 0x0, 0xa, 0xff,
    0x90, 0xe, 0xff, 0x71, 0xff, 0xf7, 0x1, 0xff,
    0xfc, 0x30, 0x19, 0xff, 0xf4, 0x3, 0xff, 0xf4,
    0xc, 0xff, 0xd0, 0x6, 0xff, 0xff, 0xff, 0xff,
    0xfb, 0x0, 0x9f, 0xff, 0x0, 0x7f, 0xff, 0x50,
    0x7, 0xff, 0xff, 0xff, 0xfb, 0x0, 0x2f, 0xff,
    0xa0, 0x0, 0xef, 0xff, 0x20, 0x2, 0x9e, 0xff,
    0xc6, 0x0, 0xd, 0xff, 0xf2, 0x0, 0x6, 0xff,
    0xfe, 0x30, 0x0, 0x0, 0x0, 0x0, 0x1c, 0xff,
    0xfa, 0x0, 0x0, 0x9, 0xff, 0xff, 0x81, 0x0,
    0x0, 0x0, 0x6e, 0xff, 0xfd, 0x0, 0x0, 0x0,
    0xb, 0xff, 0xff, 0xfb, 0x87, 0x8a, 0xef, 0xff,
    0xfd, 0x20, 0x0, 0x0, 0x0, 0x9, 0xff, 0xff,
    0xff, 0xff, 0xff, 0xff, 0xfc, 0x10, 0x0, 0x0,
    0x0, 0x0, 0x4, 0xcf, 0xff, 0xff, 0xff, 0xff,
    0xe6, 0x0, 0x0, 0x0, 0x0, 0x0, 0x0, 0x0,
    0x38, 0xce, 0xfe, 0xd9, 0x40, 0x0, 0x0, 0x0,
    0x0,

    /* U+00AA "ª" */
    0x0, 0x1, 0x7c, 0xef, 0xea, 0x40, 0x0, 0x0,
    0x3e, 0xff, 0xff, 0xff, 0xfa, 0x0, 0x1, 0xff,
    0xfe, 0x98, 0xbf, 0xff, 0x70, 0x5, 0xdf, 0xd1,
    0x0, 0x9, 0xff, 0xd0, 0x0, 0x0, 0x10, 0x0,
    0x5, 0xff, 0xf0, 0x0, 0x0, 0x2, 0x46, 0x9e,
    0xff, 0xf0, 0x0, 0x2a, 0xff, 0xff, 0xff, 0xff,
    0xf0, 0x4, 0xff, 0xff, 0xfe, 0xba, 0xff, 0xf0,
    0xd, 0xff, 0xd5, 0x0, 0x4, 0xff, 0xf0, 0xf,
    0xff, 0x40, 0x0, 0x6, 0xff, 0xf0, 0xf, 0xff,
    0x50, 0x0, 0x1d, 0xff, 0xf0, 0xc, 0xff, 0xf9,
    0x79, 0xef, 0xff, 0xf0, 0x3, 0xff, 0xff, 0xff,
    0xf7, 0xff, 0xf0, 0x0, 0x29, 0xef, 0xeb, 0x32,
    0xff, 0xf0,

    /* U+00AB "«" */
    0x0, 0x0, 0x0, 0xbf, 0xff, 0xb0, 0xb, 0xff,
    0xfb, 0x0, 0x0, 0x0, 0x8f, 0xff, 0xd0, 0x8,
    0xff, 0xfd, 0x0, 0x0, 0x0, 0x5f, 0xff, 0xe2,
    0x5, 0xff, 0xfe, 0x20, 0x0, 0x0, 0x3f, 0xff,
    0xf4, 0x3, 0xff, 0xff, 0x40, 0x0, 0x0, 0x2e,
    0xff, 0xf6, 0x2, 0xef, 0xff, 0x60, 0x0, 0x0,
    0xd, 0xff, 0xf9, 0x0, 0xdf, 0xff, 0x90, 0x0,
    0x0, 0xb, 0xff, 0xfc, 0x0, 0xbf, 0xff, 0xc0,
    0x0, 0x0, 0x5, 0xff, 0xff, 0x20, 0x5f, 0xff,
    0xf2, 0x0, 0x0, 0x0, 0xb, 0xff, 0xfc, 0x0,
    0xbf, 0xff, 0xc0, 0x0, 0x0, 0x0, 0xd, 0xff,
    0xf9, 0x0, 0xdf, 0xff, 0x90, 0x0, 0x0, 0x0,
    0x2e, 0xff, 0xf6, 0x2, 0xef, 0xff, 0x60, 0x0,
    0x0, 0x0, 0x3f, 0xff, 0xf4, 0x3, 0xff, 0xff,
    0x40, 0x0, 0x0, 0x0, 0x5f, 0xff, 0xe2, 0x5,
    0xff, 0xfe, 0x20, 0x0, 0x0, 0x0, 0x8f, 0xff,
    0xd0, 0x8, 0xff, 0xfd, 0x0, 0x0, 0x0, 0x0,
    0xbf, 0xff, 0xb0, 0xb, 0xff, 0xfb, 0x0,

    /* U+00AC "¬" */
    0x36, 0x66, 0x66, 0x66, 0x66, 0x66, 0x66, 0x19,
    0xff, 0xff, 0xff, 0xff, 0xff, 0xff, 0xf3, 0x9f,
    0xff, 0xff, 0xff, 0xff, 0xff, 0xff, 0x39, 0xff,
    0xff, 0xff, 0xff, 0xff, 0xff, 0xf3, 0x0, 0x0,
    0x0, 0x0, 0x0, 0x5f, 0xff, 0x30, 0x0, 0x0,
    0x0, 0x0, 0x5, 0xff, 0xf3, 0x0, 0x0, 0x0,
    0x0, 0x0, 0x5f, 0xff, 0x30, 0x0, 0x0, 0x0,
    0x0, 0x5, 0xff, 0xf3,

    /* U+00AE "®" */
    0x0, 0x0, 0x0, 0x1, 0x45, 0x42, 0x0, 0x0,
    0x0, 0x0, 0x0, 0x0, 0x5c, 0xff, 0xff, 0xfd,
    0x70, 0x0, 0x0, 0x0, 0x1, 0xbf, 0xff, 0xff,
    0xff, 0xff, 0xd2, 0x0, 0x0, 0x1, 0xdf, 0xfc,
    0x62, 0x1, 0x4b, 0xff, 0xf3, 0x0, 0x0, 0xbf,
    0xf7, 0x0, 0x0, 0x0, 0x4, 0xef, 0xe1, 0x0,
    0x5f, 0xf6, 0x5, 0x88, 0x88, 0x40, 0x3, 0xff,
    0x90, 0xd, 0xfb, 0x0, 0xaf, 0xff, 0xff, 0xa0,
    0x8, 0xff, 0x12, 0xff, 0x40, 0xa, 0xf6, 0x3,
    0xff, 0x20, 0x1f, 0xf6, 0x5f, 0xf0, 0x0, 0xaf,
    0x60, 0xe, 0xf4, 0x0, 0xcf, 0x96, 0xfe, 0x0,
    0xa, 0xf7, 0x26, 0xff, 0x10, 0xa, 0xfa, 0x6f,
    0xe0, 0x0, 0xaf, 0xff, 0xff, 0x60, 0x0, 0xbf,
    0xa4, 0xff, 0x10, 0xa, 0xf9, 0x5e, 0xf4, 0x0,
    0xd, 0xf8, 0xf, 0xf6, 0x0, 0xaf, 0x60, 0x7f,
    0xc0, 0x3, 0xff, 0x40, 0xaf, 0xe1, 0xa, 0xf6,
    0x0, 0xef, 0x50, 0xbf, 0xe0, 0x2, 0xff, 0xb0,
    0x1, 0x0, 0x0, 0x10, 0x8f, 0xf6, 0x0, 0x7,
    0xff, 0xc2, 0x0, 0x0, 0x1, 0xaf, 0xfb, 0x0,
    0x0, 0x8, 0xff, 0xfb, 0x86, 0x7a, 0xff, 0xfb,
    0x0, 0x0, 0x0, 0x5, 0xef, 0xff, 0xff, 0xff,
    0xf8, 0x0, 0x0, 0x0, 0x0, 0x0, 0x6b, 0xef,
    0xec, 0x71, 0x0, 0x0, 0x0,

    /* U+00AF "¯" */
    0x2c, 0xcc, 0xcc, 0xcc, 0xc8, 0x3f, 0xff, 0xff,
    0xff, 0xfb, 0x3f, 0xff, 0xff, 0xff, 0xfb,

    /* U+00B0 "°" */
    0x0, 0x2, 0xae, 0xfd, 0x70, 0x0, 0x0, 0x5f,
    0xff, 0xff, 0xfd, 0x20, 0x3, 0xff, 0xff, 0xff,
    0xff, 0xd0, 0xb, 0xff, 0xc2, 0x4, 0xef, 0xf5,
    0xf, 0xff, 0x10, 0x0, 0x5f, 0xfa, 0x1f, 0xfd,
    0x0, 0x0, 0x2f, 0xfb, 0xf, 0xff, 0x10, 0x0,
    0x5f, 0xfa, 0xb, 0xff, 0xb2, 0x4, 0xef, 0xf5,
    0x3, 0xff, 0xff, 0xff, 0xff, 0xd0, 0x0, 0x5f,
    0xff, 0xff, 0xfd, 0x20, 0x0, 0x3, 0xae, 0xfd,
    0x81, 0x0,

    /* U+00B1 "±" */
    0x0, 0x0, 0x0, 0xff, 0xf8, 0x0, 0x0, 0x0,
    0x0, 0x0, 0x0, 0xff, 0xf8, 0x0, 0x0, 0x0,
    0x0, 0x0, 0x0, 0xff, 0xf8, 0x0, 0x0, 0x0,
    0x0, 0x0, 0x0, 0xff, 0xf8, 0x0, 0x0, 0x0,
    0xff, 0xff, 0xff, 0xff, 0xff, 0xff, 0xff, 0xf8,
    0xff, 0xff, 0xff, 0xff, 0xff, 0xff, 0xff, 0xf8,
    0xff, 0xff, 0xff, 0xff, 0xff, 0xff, 0xff, 0xf8,
    0x55, 0x55, 0x55, 0xff, 0xfb, 0x55, 0x55, 0x53,
    0x0, 0x0, 0x0, 0xff, 0xf8, 0x0, 0x0, 0x0,
    0x0, 0x0, 0x0, 0xff, 0xf8, 0x0, 0x0, 0x0,
    0x0, 0x0, 0x0, 0xff, 0xf8, 0x0, 0x0, 0x0,
    0x0, 0x0, 0x0, 0xee, 0xe7, 0x0, 0x0, 0x0,
    0x0, 0x0, 0x0, 0x0, 0x0, 0x0, 0x0, 0x0,
    0x77, 0x77, 0x77, 0x77, 0x77, 0x77, 0x77, 0x73,
    0xff, 0xff, 0xff, 0xff, 0xff, 0xff, 0xff, 0xf8,
    0xff, 0xff, 0xff, 0xff, 0xff, 0xff, 0xff, 0xf8,
    0xff, 0xff, 0xff, 0xff, 0xff, 0xff, 0xff, 0xf8,

    /* U+00B2 "²" */
    0x0, 0x29, 0xdf, 0xfd, 0xa3, 0x0, 0x5, 0xff,
    0xff, 0xff, 0xff, 0x80, 0x1f, 0xff, 0xe9, 0x9e,
    0xff, 0xf4, 0x5f, 0xfe, 0x0, 0x0, 0xef, 0xf8,
    0x1, 0x11, 0x0, 0x0, 0xcf, 0xf7, 0x0, 0x0,
    0x0, 0x6, 0xff, 0xf3, 0x0, 0x0, 0x0, 0x9f,
    0xff, 0x80, 0x0, 0x0, 0x2c, 0xff, 0xf7, 0x0,
    0x0, 0x5, 0xff, 0xfd, 0x30, 0x0, 0x0, 0x9f,
    0xff, 0x80, 0x0, 0x0, 0x1d, 0xff, 0xfe, 0xbb,
    0xbb, 0xba, 0x3f, 0xff, 0xff, 0xff, 0xff, 0xfe,
    0x3f, 0xff, 0xff, 0xff, 0xff, 0xfe,

    /* U+00B3 "³" */
    0x0, 0x7, 0xce, 0xfd, 0xb5, 0x0, 0x0, 0x3e,
    0xff, 0xff, 0xff, 0xfc, 0x0, 0xd, 0xff, 0xfb,
    0xac, 0xff, 0xf8, 0x1, 0xaa, 0xa2, 0x0, 0x9,
    0xff, 0xb0, 0x0, 0x0, 0x0, 0x3, 0xdf, 0xf6,
    0x0, 0x0, 0x4, 0xff, 0xff, 0xb5, 0x0, 0x0,
    0x0, 0x4f, 0xff, 0xfd, 0x91, 0x0, 0x0, 0x0,
    0x1, 0x4d, 0xff, 0xd0, 0x1, 0x10, 0x0, 0x0,
    0x4f, 0xff, 0x45, 0xff, 0xf3, 0x0, 0x8, 0xff,
    0xf4, 0x1e, 0xff, 0xfc, 0xbd, 0xff, 0xfe, 0x0,
    0x3e, 0xff, 0xff, 0xff, 0xfe, 0x30, 0x0, 0x17,
    0xce, 0xfe, 0xb7, 0x0, 0x0,

    /* U+00B4 "´" */
    0x0, 0x5e, 0xee, 0x60, 0xc, 0xff, 0xd0, 0x3,
    0xff, 0xf3, 0x0, 0xbf, 0xf9, 0x0, 0x2f, 0xfd,
    0x0, 0x0,

    /* U+00B5 "µ" */
    0xdf, 0xff, 0x30, 0x0, 0x0, 0x9, 0xff, 0xf7,
    0x0, 0xdf, 0xff, 0x30, 0x0, 0x0, 0x9, 0xff,
    0xf7, 0x0, 0xdf, 0xff, 0x30, 0x0, 0x0, 0x9,
    0xff, 0xf7, 0x0, 0xdf, 0xff, 0x30, 0x0, 0x0,
    0x9, 0xff, 0xf7, 0x0, 0xdf, 0xff, 0x30, 0x0,
    0x0, 0x9, 0xff, 0xf7, 0x0, 0xdf, 0xff, 0x30,
    0x0, 0x0, 0x9, 0xff, 0xf7, 0x0, 0xdf, 0xff,
    0x30, 0x0, 0x0, 0x9, 0xff, 0xf7, 0x0, 0xdf,
    0xff, 0x30, 0x0, 0x0, 0x9, 0xff, 0xf7, 0x0,
    0xdf, 0xff, 0x30, 0x0, 0x0, 0x9, 0xff, 0xf7,
    0x0, 0xdf, 0xff, 0x30, 0x0, 0x0, 0x9, 0xff,
    0xf7, 0x0, 0xdf, 0xff, 0x30, 0x0, 0x0, 0x9,
    0xff, 0xf7, 0x0, 0xdf, 0xff, 0x40, 0x0, 0x0,
    0xa, 0xff, 0xf7, 0x0, 0xdf, 0xff, 0x70, 0x0,
    0x0, 0xd, 0xff, 0xf7, 0x0, 0xdf, 0xff, 0xe1,
    0x0, 0x0, 0x6f, 0xff, 0xf7, 0x0, 0xdf, 0xff,
    0xfe, 0x73, 0x49, 0xff, 0xff, 0xfc, 0x31, 0xdf,
    0xff, 0xff, 0xff, 0xff, 0xfb, 0xff, 0xff, 0xf8,
    0xdf, 0xff, 0x6f, 0xff, 0xff, 0xe1, 0x9f, 0xff,
    0xf8, 0xdf, 0xff, 0x33, 0xbf, 0xe9, 0x20, 0x7,
    0xdf, 0xf8, 0xdf, 0xff, 0x30, 0x0, 0x0, 0x0,
    0x0, 0x0, 0x0, 0xdf, 0xff, 0x30, 0x0, 0x0,
    0x0, 0x0, 0x0, 0x0, 0xdf, 0xff, 0x30, 0x0,
    0x0, 0x0, 0x0, 0x0, 0x0, 0xdf, 0xff, 0x30,
    0x0, 0x0, 0x0, 0x0, 0x0, 0x0, 0xdf, 0xff,
    0x30, 0x0, 0x0, 0x0, 0x0, 0x0, 0x0, 0xdf,
    0xff, 0x30, 0x0, 0x0, 0x0, 0x0, 0x0, 0x0,
    0xdf, 0xff, 0x30, 0x0, 0x0, 0x0, 0x0, 0x0,
    0x0,

    /* U+00B6 "¶" */
    0x0, 0x0, 0x39, 0xde, 0xff, 0xff, 0xff, 0xfd,
    0x0, 0xa, 0xff, 0xff, 0xff, 0xff, 0xff, 0xfd,
    0x0, 0xdf, 0xff, 0xff, 0xff, 0xff, 0xff, 0xfd,
    0x9, 0xff, 0xff, 0xff, 0xfb, 0x55, 0xcf, 0xfd,
    0xf, 0xff, 0xff, 0xff, 0xf8, 0x0, 0xaf, 0xfd,
    0x5f, 0xff, 0xff, 0xff, 0xf8, 0x0, 0xaf, 0xfd,
    0x8f, 0xff, 0xff, 0xff, 0xf8, 0x0, 0xaf, 0xfd,
    0x9f, 0xff, 0xff, 0xff, 0xf8, 0x0, 0xaf, 0xfd,
    0x8f, 0xff, 0xff, 0xff, 0xf8, 0x0, 0xaf, 0xfd,
    0x5f, 0xff, 0xff, 0xff, 0xf8, 0x0, 0xaf, 0xfd,
    0x1f, 0xff, 0xff, 0xff, 0xf8, 0x0, 0xaf, 0xfd,
    0x9, 0xff, 0xff, 0xff, 0xf8, 0x0, 0xaf, 0xfd,
    0x0, 0xdf, 0xff, 0xff, 0xf8, 0x0, 0xaf, 0xfd,
    0x0, 0x1c, 0xff, 0xff, 0xf8, 0x0, 0xaf, 0xfd,
    0x0, 0x0, 0x5b, 0xef, 0xf8, 0x0, 0xaf, 0xfd,
    0x0, 0x0, 0x0, 0x0, 0x10, 0x0, 0xaf, 0xfd,
    0x0, 0x0, 0x0, 0x0, 0x0, 0x0, 0xaf, 0xfd,
    0x0, 0x0, 0x0, 0x0, 0x0, 0x0, 0xaf, 0xfd,
    0x0, 0x0, 0x0, 0x0, 0x0, 0x0, 0xaf, 0xfd,
    0x0, 0x0, 0x0, 0x0, 0x0, 0x0, 0xaf, 0xfd,
    0x0, 0x0, 0x0, 0x0, 0x0, 0x0, 0xaf, 0xfd,
    0x0, 0x0, 0x0, 0x0, 0x0, 0x0, 0xaf, 0xfd,
    0x0, 0x0, 0x0, 0x0, 0x0, 0x0, 0xaf, 0xfd,
    0x0, 0x0, 0x0, 0x0, 0x0, 0x0, 0xaf, 0xfd,

    /* U+00B7 "·" */
    0x0, 0x0, 0x0, 0x6, 0xff, 0x90, 0x2f, 0xff,
    0xf5, 0x5f, 0xff, 0xf8, 0x2f, 0xff, 0xf5, 0x6,
    0xee, 0x80,

    /* U+00B8 "¸" */
    0x5, 0x80, 0x0, 0x0, 0xcf, 0x0, 0x0, 0xf,
    0xf6, 0x20, 0x1, 0xff, 0xff, 0x70, 0x0, 0x9,
    0xfe, 0x0, 0x0, 0x7f, 0xf0, 0x9d, 0xdf, 0xfb,
    0xb, 0xff, 0xea, 0x10,

    /* U+00B9 "¹" */
    0x0, 0x2b, 0xff, 0xf8, 0x8, 0xff, 0xff, 0xf8,
    0x5f, 0xff, 0xff, 0xf8, 0x5f, 0xb2, 0xdf, 0xf8,
    0x35, 0x0, 0xdf, 0xf8, 0x0, 0x0, 0xdf, 0xf8,
    0x0, 0x0, 0xdf, 0xf8, 0x0, 0x0, 0xdf, 0xf8,
    0x0, 0x0, 0xdf, 0xf8, 0x0, 0x0, 0xdf, 0xf8,
    0x0, 0x0, 0xdf, 0xf8, 0x0, 0x0, 0xdf, 0xf8,
    0x0, 0x0, 0xdf, 0xf8,

    /* U+00BA "º" */
    0x0, 0x3, 0x9d, 0xfe, 0xc7, 0x10, 0x0, 0x0,
    0x8f, 0xff, 0xff, 0xff, 0xe3, 0x0, 0x7, 0xff,
    0xfe, 0xbc, 0xff, 0xff, 0x20, 0x2f, 0xff, 0xa0,
    0x0, 0x3e, 0xff, 0xb0, 0x8f, 0xff, 0x10, 0x0,
    0x7, 0xff, 0xf1, 0xcf, 0xfb, 0x0, 0x0, 0x1,
    0xff, 0xf5, 0xdf, 0xf8, 0x0, 0x0, 0x0, 0xff,
    0xf7, 0xdf, 0xf8, 0x0, 0x0, 0x0, 0xff, 0xf7,
    0xcf, 0xfb, 0x0, 0x0, 0x1, 0xff, 0xf5, 0x8f,
    0xff, 0x10, 0x0, 0x7, 0xff, 0xf1, 0x2f, 0xff,
    0xa0, 0x0, 0x2e, 0xff, 0xb0, 0x8, 0xff, 0xfe,
    0xbc, 0xff, 0xff, 0x20, 0x0, 0x9f, 0xff, 0xff,
    0xff, 0xe3, 0x0, 0x0, 0x3, 0xad, 0xfe, 0xc7,
    0x10, 0x0,

    /* U+00BB "»" */
    0x6f, 0xff, 0xe1, 0x6, 0xff, 0xfe, 0x10, 0x0,
    0x0, 0x9, 0xff, 0xfc, 0x0, 0x9f, 0xff, 0xc0,
    0x0, 0x0, 0x0, 0xbf, 0xff, 0xa0, 0xb, 0xff,
    0xfa, 0x0, 0x0, 0x0, 0x1d, 0xff, 0xf8, 0x1,
    0xdf, 0xff, 0x80, 0x0, 0x0, 0x2, 0xff, 0xff,
    0x50, 0x2f, 0xff, 0xf5, 0x0, 0x0, 0x0, 0x4f,
    0xff, 0xf3, 0x4, 0xff, 0xff, 0x30, 0x0, 0x0,
    0x7, 0xff, 0xfe, 0x10, 0x7f, 0xff, 0xe1, 0x0,
    0x0, 0x0, 0xdf, 0xff, 0xa0, 0xd, 0xff, 0xfa,
    0x0, 0x0, 0x7, 0xff, 0xfe, 0x10, 0x7f, 0xff,
    0xe1, 0x0, 0x0, 0x4f, 0xff, 0xf3, 0x4, 0xff,
    0xff, 0x30, 0x0, 0x2, 0xff, 0xff, 0x50, 0x2f,
    0xff, 0xf5, 0x0, 0x0, 0x1d, 0xff, 0xf8, 0x1,
    0xdf, 0xff, 0x80, 0x0, 0x0, 0xbf, 0xff, 0xa0,
    0xb, 0xff, 0xfa, 0x0, 0x0, 0x9, 0xff, 0xfc,
    0x0, 0x9f, 0xff, 0xc0, 0x0, 0x0, 0x6f, 0xff,
    0xe1, 0x6, 0xff, 0xfe, 0x10, 0x0, 0x0,

    /* U+00BC "¼" */
    0x1, 0xbf, 0xff, 0x40, 0x0, 0x0, 0x0, 0x0,
    0x2, 0xff, 0xd0, 0x0, 0x3, 0xef, 0xff, 0xf4,
    0x0, 0x0, 0x0, 0x0, 0x0, 0xcf, 0xf4, 0x0,
    0x0, 0xcf, 0xed, 0xff, 0x40, 0x0, 0x0, 0x0,
    0x0, 0x7f, 0xf9, 0x0, 0x0, 0xc, 0xc1, 0xbf,
    0xf4, 0x0, 0x0, 0x0, 0x0, 0x2f, 0xfd, 0x0,
    0x0, 0x0, 0x50, 0xb, 0xff, 0x40, 0x0, 0x0,
    0x0, 0xc, 0xff, 0x40, 0x0, 0x0, 0x0, 0x0,
    0xbf, 0xf4, 0x0, 0x0, 0x0, 0x7, 0xff, 0x90,
    0x0, 0x0, 0x0, 0x0, 0xb, 0xff, 0x40, 0x0,
    0x0, 0x2, 0xff, 0xd0, 0x0, 0x0, 0x0, 0x0,
    0x0, 0xbf, 0xf4, 0x0, 0x0, 0x0, 0xcf, 0xf4,
    0x0, 0x0, 0x0, 0x0, 0x0, 0xb, 0xff, 0x40,
    0x0, 0x0, 0x7f, 0xf9, 0x0, 0x0, 0x0, 0x0,
    0x0, 0x0, 0xbf, 0xf4, 0x0, 0x0, 0x2f, 0xfd,
    0x0, 0x0, 0x0, 0x0, 0x0, 0x0, 0xb, 0xff,
    0x40, 0x0, 0xc, 0xff, 0x40, 0x0, 0x5, 0x66,
    0x60, 0x0, 0x0, 0xbf, 0xf4, 0x0, 0x7, 0xff,
    0x90, 0x0, 0x4, 0xff, 0xff, 0x0, 0x0, 0xb,
    0xff, 0x40, 0x2, 0xff, 0xd0, 0x0, 0x0, 0xcf,
    0xff, 0xf0, 0x0, 0x0, 0x1, 0x10, 0x0, 0xcf,
    0xf4, 0x0, 0x0, 0x6f, 0xff, 0xff, 0x0, 0x0,
    0x0, 0x0, 0x0, 0x7f, 0xf9, 0x0, 0x0, 0xe,
    0xfd, 0xcf, 0xf0, 0x0, 0x0, 0x0, 0x0, 0x2f,
    0xfd, 0x0, 0x0, 0x8, 0xff, 0x5c, 0xff, 0x0,
    0x0, 0x0, 0x0, 0xc, 0xff, 0x40, 0x0, 0x1,
    0xff, 0xc0, 0xcf, 0xf0, 0x0, 0x0, 0x0, 0x7,
    0xff, 0x90, 0x0, 0x0, 0x9f, 0xf4, 0xc, 0xff,
    0x0, 0x0, 0x0, 0x2, 0xff, 0xd0, 0x0, 0x0,
    0x3f, 0xfb, 0x0, 0xcf, 0xf0, 0x0, 0x0, 0x0,
    0xcf, 0xf4, 0x0, 0x0, 0xb, 0xff, 0xa7, 0x7e,
    0xff, 0x73, 0x0, 0x0, 0x7f, 0xf9, 0x0, 0x0,
    0x0, 0xdf, 0xff, 0xff, 0xff, 0xff, 0x70, 0x0,
    0x2f, 0xfd, 0x0, 0x0, 0x0, 0xd, 0xff, 0xff,
    0xff, 0xff, 0xf7, 0x0, 0xc, 0xff, 0x40, 0x0,
    0x0, 0x0, 0x0, 0x0, 0x0, 0xef, 0xf0, 0x0,
    0x7, 0xff, 0x90, 0x0, 0x0, 0x0, 0x0, 0x0,
    0x0, 0xe, 0xff, 0x0,

    /* U+00BD "½" */
    0x1, 0xbf, 0xff, 0x40, 0x0, 0x0, 0x0, 0x0,
    0x2, 0xff, 0xd0, 0x0, 0x0, 0x3e, 0xff, 0xff,
    0x40, 0x0, 0x0, 0x0, 0x0, 0xc, 0xff, 0x40,
    0x0, 0x0, 0xcf, 0xee, 0xff, 0x40, 0x0, 0x0,
    0x0, 0x0, 0x7f, 0xf9, 0x0, 0x0, 0x0, 0xcd,
    0x2b, 0xff, 0x40, 0x0, 0x0, 0x0, 0x2, 0xff,
    0xd0, 0x0, 0x0, 0x0, 0x70, 0xb, 0xff, 0x40,
    0x0, 0x0, 0x0, 0xc, 0xff, 0x40, 0x0, 0x0,
    0x0, 0x0, 0xb, 0xff, 0x40, 0x0, 0x0, 0x0,
    0x7f, 0xf9, 0x0, 0x0, 0x0, 0x0, 0x0, 0xb,
    0xff, 0x40, 0x0, 0x0, 0x2, 0xff, 0xd0, 0x0,
    0x0, 0x0, 0x0, 0x0, 0xb, 0xff, 0x40, 0x0,
    0x0, 0xc, 0xff, 0x40, 0x0, 0x0, 0x0, 0x0,
    0x0, 0xb, 0xff, 0x40, 0x0, 0x0, 0x7f, 0xf9,
    0x0, 0x0, 0x0, 0x0, 0x0, 0x0, 0xb, 0xff,
    0x40, 0x0, 0x2, 0xff, 0xd0, 0x0, 0x0, 0x0,
    0x0, 0x0, 0x0, 0xb, 0xff, 0x40, 0x0, 0xc,
    0xff, 0x40, 0x0, 0x3, 0x54, 0x10, 0x0, 0x0,
    0xb, 0xff, 0x40, 0x0, 0x7f, 0xf9, 0x0, 0x4,
    0xef, 0xff, 0xfa, 0x10, 0x0, 0xb, 0xff, 0x40,
    0x2, 0xff, 0xd0, 0x0, 0x3f, 0xff, 0xff, 0xff,
    0xb0, 0x0, 0x0, 0x11, 0x0, 0xc, 0xff, 0x40,
    0x0, 0xaf, 0xf7, 0x3, 0xef, 0xf3, 0x0, 0x0,
    0x0, 0x0, 0x7f, 0xf9, 0x0, 0x0, 0x46, 0x60,
    0x0, 0x8f, 0xf5, 0x0, 0x0, 0x0, 0x2, 0xff,
    0xd0, 0x0, 0x0, 0x0, 0x0, 0x0, 0xbf, 0xf2,
    0x0, 0x0, 0x0, 0xc, 0xff, 0x40, 0x0, 0x0,
    0x0, 0x0, 0x5, 0xff, 0xb0, 0x0, 0x0, 0x0,
    0x7f, 0xf9, 0x0, 0x0, 0x0, 0x0, 0x0, 0x4f,
    0xfe, 0x20, 0x0, 0x0, 0x2, 0xff, 0xd0, 0x0,
    0x0, 0x0, 0x0, 0x4, 0xff, 0xf4, 0x0, 0x0,
    0x0, 0xc, 0xff, 0x40, 0x0, 0x0, 0x0, 0x0,
    0x3f, 0xff, 0x50, 0x0, 0x0, 0x0, 0x7f, 0xf9,
    0x0, 0x0, 0x0, 0x0, 0x3, 0xff, 0xf6, 0x0,
    0x0, 0x0, 0x2, 0xff, 0xd0, 0x0, 0x0, 0x0,
    0x0, 0x3f, 0xff, 0xe8, 0x88, 0x84, 0x0, 0xc,
    0xff, 0x40, 0x0, 0x0, 0x0, 0x0, 0x9f, 0xff,
    0xff, 0xff, 0xf8, 0x0, 0x7f, 0xf9, 0x0, 0x0,
    0x0, 0x0, 0x0, 0x9f, 0xff, 0xff, 0xff, 0xf8,

    /* U+00BE "¾" */
    0x0, 0x4b, 0xef, 0xd8, 0x0, 0x0, 0x0, 0x0,
    0x0, 0x0, 0xbf, 0xf5, 0x0, 0x0, 0x7f, 0xff,
    0xff, 0xfc, 0x0, 0x0, 0x0, 0x0, 0x0, 0x6f,
    0xfa, 0x0, 0x0, 0x2f, 0xff, 0x97, 0xef, 0xf6,
    0x0, 0x0, 0x0, 0x0, 0x1e, 0xfe, 0x10, 0x0,
    0x4, 0xaa, 0x50, 0x4, 0xff, 0xa0, 0x0, 0x0,
    0x0, 0xb, 0xff, 0x50, 0x0, 0x0, 0x0, 0x0,
    0x0, 0x4f, 0xf9, 0x0, 0x0, 0x0, 0x6, 0xff,
    0xa0, 0x0, 0x0, 0x0, 0x0, 0x13, 0x5d, 0xff,
    0x30, 0x0, 0x0, 0x1, 0xef, 0xe1, 0x0, 0x0,
    0x0, 0x0, 0x5, 0xff, 0xfc, 0x30, 0x0, 0x0,
    0x0, 0xbf, 0xf5, 0x0, 0x0, 0x0, 0x0, 0x0,
    0x5f, 0xff, 0xfc, 0x30, 0x0, 0x0, 0x6f, 0xfa,
    0x0, 0x0, 0x0, 0x0, 0x0, 0x0, 0x1, 0x7f,
    0xfe, 0x0, 0x0, 0x1e, 0xfe, 0x10, 0x0, 0x0,
    0x0, 0x0, 0x0, 0x0, 0x0, 0xff, 0xf2, 0x0,
    0xb, 0xff, 0x50, 0x0, 0x0, 0x0, 0x0, 0x7c,
    0xc8, 0x10, 0x6f, 0xff, 0x10, 0x6, 0xff, 0xa0,
    0x0, 0x0, 0x0, 0x0, 0x4, 0xff, 0xff, 0xff,
    0xff, 0xb0, 0x1, 0xef, 0xe1, 0x0, 0x0, 0xaf,
    0xff, 0x50, 0x6, 0xef, 0xff, 0xff, 0xa0, 0x0,
    0xbf, 0xf5, 0x0, 0x0, 0x3f, 0xff, 0xf5, 0x0,
    0x0, 0x47, 0x76, 0x20, 0x0, 0x6f, 0xfa, 0x0,
    0x0, 0xc, 0xff, 0xff, 0x50, 0x0, 0x0, 0x0,
    0x0, 0x0, 0x1e, 0xfe, 0x10, 0x0, 0x6, 0xff,
    0xcf, 0xf5, 0x0, 0x0, 0x0, 0x0, 0x0, 0xb,
    0xff, 0x50, 0x0, 0x0, 0xef, 0xd5, 0xff, 0x50,
    0x0, 0x0, 0x0, 0x0, 0x6, 0xff, 0xa0, 0x0,
    0x0, 0x8f, 0xf4, 0x5f, 0xf5, 0x0, 0x0, 0x0,
    0x0, 0x1, 0xef, 0xe1, 0x0, 0x0, 0x2f, 0xfb,
    0x5, 0xff, 0x50, 0x0, 0x0, 0x0, 0x0, 0xbf,
    0xf5, 0x0, 0x0, 0xb, 0xff, 0x20, 0x5f, 0xf5,
    0x0, 0x0, 0x0, 0x0, 0x6f, 0xfa, 0x0, 0x0,
    0x4, 0xff, 0xd7, 0x7a, 0xff, 0xa6, 0x0, 0x0,
    0x0, 0x1e, 0xfe, 0x10, 0x0, 0x0, 0x6f, 0xff,
    0xff, 0xff, 0xff, 0xe0, 0x0, 0x0, 0xb, 0xff,
    0x50, 0x0, 0x0, 0x6, 0xff, 0xff, 0xff, 0xff,
    0xfe, 0x0, 0x0, 0x6, 0xff, 0xa0, 0x0, 0x0,
    0x0, 0x0, 0x0, 0x0, 0x7f, 0xf5, 0x0, 0x0,
    0x1, 0xef, 0xe1, 0x0, 0x0, 0x0, 0x0, 0x0,
    0x0, 0x7, 0xff, 0x50,

    /* U+00BF "¿" */
    0x0, 0x0, 0x0, 0x2c, 0xfb, 0x10, 0x0, 0x0,
    0x0, 0x0, 0x0, 0xdf, 0xff, 0xb0, 0x0, 0x0,
    0x0, 0x0, 0x1, 0xff, 0xff, 0xf0, 0x0, 0x0,
    0x0, 0x0, 0x0, 0xdf, 0xff, 0xc0, 0x0, 0x0,
    0x0, 0x0, 0x0, 0x3c, 0xfc, 0x20, 0x0, 0x0,
    0x0, 0x0, 0x0, 0x0, 0x0, 0x0, 0x0, 0x0,
    0x0, 0x0, 0x0, 0x0, 0x0, 0x0, 0x0, 0x0,
    0x0, 0x0, 0x0, 0x26, 0x66, 0x10, 0x0, 0x0,
    0x0, 0x0, 0x0, 0x7f, 0xff, 0x40, 0x0, 0x0,
    0x0, 0x0, 0x0, 0x9f, 0xff, 0x40, 0x0, 0x0,
    0x0, 0x0, 0x0, 0xef, 0xff, 0x10, 0x0, 0x0,
    0x0, 0x0, 0xa, 0xff, 0xfd, 0x0, 0x0, 0x0,
    0x0, 0x2, 0xdf, 0xff, 0xf6, 0x0, 0x0, 0x0,
    0x0, 0x4f, 0xff, 0xff, 0x90, 0x0, 0x0, 0x0,
    0x3, 0xff, 0xff, 0xf6, 0x0, 0x0, 0x0, 0x0,
    0xc, 0xff, 0xfe, 0x30, 0x0, 0x0, 0x0, 0x0,
    0x3f, 0xff, 0xf4, 0x0, 0x0, 0x0, 0x0, 0x0,
    0x5f, 0xff, 0xd0, 0x0, 0x0, 0x0, 0x0, 0x0,
    0x7f, 0xff, 0xb0, 0x0, 0x0, 0xb, 0xcc, 0xc1,
    0x5f, 0xff, 0xe0, 0x0, 0x0, 0x2f, 0xff, 0xf0,
    0x2f, 0xff, 0xf7, 0x0, 0x0, 0xbf, 0xff, 0xc0,
    0xb, 0xff, 0xff, 0xb7, 0x8d, 0xff, 0xff, 0x50,
    0x2, 0xef, 0xff, 0xff, 0xff, 0xff, 0xfa, 0x0,
    0x0, 0x2d, 0xff, 0xff, 0xff, 0xff, 0x90, 0x0,
    0x0, 0x0, 0x5a, 0xdf, 0xfd, 0x93, 0x0, 0x0,

    /* U+00C0 "À" */
    0x0, 0x0, 0x0, 0x9, 0xdd, 0xd2, 0x0, 0x0,
    0x0, 0x0, 0x0, 0x0, 0x0, 0x0, 0x0, 0x2f,
    0xff, 0x90, 0x0, 0x0, 0x0, 0x0, 0x0, 0x0,
    0x0, 0x0, 0x0, 0x7f, 0xff, 0x10, 0x0, 0x0,
    0x0, 0x0, 0x0, 0x0, 0x0, 0x0, 0x0, 0xcf,
    0xf7, 0x0, 0x0, 0x0, 0x0, 0x0, 0x0, 0x0,
    0x0, 0x0, 0x2, 0xff, 0xe0, 0x0, 0x0, 0x0,
    0x0, 0x0, 0x0, 0x0, 0x0, 0x0, 0x0, 0x0,
    0x0, 0x0, 0x0, 0x0, 0x0, 0x0, 0x0, 0x0,
    0x0, 0x0, 0x0, 0x0, 0x0, 0x0, 0x0, 0x0,
    0x0, 0x0, 0x0, 0x0, 0x4, 0xff, 0xff, 0xf5,
    0x0, 0x0, 0x0, 0x0, 0x0, 0x0, 0x0, 0x0,
    0x9f, 0xff, 0xff, 0xb0, 0x0, 0x0, 0x0, 0x0,
    0x0, 0x0, 0x0, 0xe, 0xff, 0xff, 0xff, 0x10,
    0x0, 0x0, 0x0, 0x0, 0x0, 0x0, 0x4, 0xff,
    0xfe, 0xff, 0xf6, 0x0, 0x0, 0x0, 0x0, 0x0,
    0x0, 0x0, 0x9f, 0xff, 0x6f, 0xff, 0xc0, 0x0,
    0x0, 0x0, 0x0, 0x0, 0x0, 0xe, 0xff, 0xf0,
    0xef, 0xff, 0x10, 0x0, 0x0, 0x0, 0x0, 0x0,
    0x4, 0xff, 0xfb, 0xa, 0xff, 0xf7, 0x0, 0x0,
    0x0, 0x0, 0x0, 0x0, 0xaf, 0xff, 0x70, 0x6f,
    0xff, 0xc0, 0x0, 0x0, 0x0, 0x0, 0x0, 0xf,
    0xff, 0xf3, 0x1, 0xff, 0xff, 0x20, 0x0, 0x0,
    0x0, 0x0, 0x5, 0xff, 0xfe, 0x0, 0xd, 0xff,
    0xf7, 0x0, 0x0, 0x0, 0x0, 0x0, 0xaf, 0xff,
    0xa0, 0x0, 0x8f, 0xff, 0xd0, 0x0, 0x0, 0x0,
    0x0, 0xf, 0xff, 0xf5, 0x0, 0x3, 0xff, 0xff,
    0x20, 0x0, 0x0, 0x0, 0x5, 0xff, 0xff, 0x0,
    0x0, 0xe, 0xff, 0xf8, 0x0, 0x0, 0x0, 0x0,
    0xaf, 0xff, 0xb0, 0x0, 0x0, 0x8f, 0xff, 0xd0,
    0x0, 0x0, 0x0, 0xf, 0xff, 0xfa, 0x66, 0x66,
    0x69, 0xff, 0xff, 0x30, 0x0, 0x0, 0x5, 0xff,
    0xff, 0xff, 0xff, 0xff, 0xff, 0xff, 0xf9, 0x0,
    0x0, 0x0, 0xaf, 0xff, 0xff, 0xff, 0xff, 0xff,
    0xff, 0xff, 0xe0, 0x0, 0x0, 0xf, 0xff, 0xff,
    0xff, 0xff, 0xff, 0xff, 0xff, 0xff, 0x40, 0x0,
    0x5, 0xff, 0xff, 0x10, 0x0, 0x0, 0x0, 0xe,
    0xff, 0xf9, 0x0, 0x0, 0xbf, 0xff, 0xc0, 0x0,
    0x0, 0x0, 0x0, 0x8f, 0xff, 0xe0, 0x0, 0xf,
    0xff, 0xf7, 0x0, 0x0, 0x0, 0x0, 0x3, 0xff,
    0xff, 0x40, 0x6, 0xff, 0xff, 0x20, 0x0, 0x0,
    0x0, 0x0, 0xe, 0xff, 0xfa, 0x0, 0xbf, 0xff,
    0xd0, 0x0, 0x0, 0x0, 0x0, 0x0, 0x8f, 0xff,
    0xf0, 0x1f, 0xff, 0xf8, 0x0, 0x0, 0x0, 0x0,
    0x0, 0x3, 0xff, 0xff, 0x50,

    /* U+00C1 "Á" */
    0x0, 0x0, 0x0, 0x0, 0x0, 0x0, 0xcd, 0xdc,
    0x0, 0x0, 0x0, 0x0, 0x0, 0x0, 0x0, 0x0,
    0x0, 0x5f, 0xff, 0x40, 0x0, 0x0, 0x0, 0x0,
    0x0, 0x0, 0x0, 0x0, 0xc, 0xff, 0xa0, 0x0,
    0x0, 0x0, 0x0, 0x0, 0x0, 0x0, 0x0, 0x4,
    0xff, 0xe1, 0x0, 0x0, 0x0, 0x0, 0x0, 0x0,
    0x0, 0x0, 0x0, 0xbf, 0xf5, 0x0, 0x0, 0x0,
    0x0, 0x0, 0x0, 0x0, 0x0, 0x0, 0x0, 0x0,
    0x0, 0x0, 0x0, 0x0, 0x0, 0x0, 0x0, 0x0,
    0x0, 0x0, 0x0, 0x0, 0x0, 0x0, 0x0, 0x0,
    0x0, 0x0, 0x0, 0x0, 0x4, 0xff, 0xff, 0xf5,
    0x0, 0x0, 0x0, 0x0, 0x0, 0x0, 0x0, 0x0,
    0x9f, 0xff, 0xff, 0xb0, 0x0, 0x0, 0x0, 0x0,
    0x0, 0x0, 0x0, 0xe, 0xff, 0xff, 0xff, 0x10,
    0x0, 0x0, 0x0, 0x0, 0x0, 0x0, 0x4, 0xff,
    0xfe, 0xff, 0xf6, 0x0, 0x0, 0x0, 0x0, 0x0,
    0x0, 0x0, 0x9f, 0xff, 0x6f, 0xff, 0xc0, 0x0,
    0x0, 0x0, 0x0, 0x0, 0x0, 0xe, 0xff, 0xf0,
    0xef, 0xff, 0x10, 0x0, 0x0, 0x0, 0x0, 0x0,
    0x4, 0xff, 0xfb, 0xa, 0xff, 0xf7, 0x0, 0x0,
    0x0, 0x0, 0x0, 0x0, 0xaf, 0xff, 0x70, 0x6f,
    0xff, 0xc0, 0x0, 0x0, 0x0, 0x0, 0x0, 0xf,
    0xff, 0xf3, 0x1, 0xff, 0xff, 0x20, 0x0, 0x0,
    0x0, 0x0, 0x5, 0xff, 0xfe, 0x0, 0xd, 0xff,
    0xf7, 0x0, 0x0, 0x0, 0x0, 0x0, 0xaf, 0xff,
    0xa0, 0x0, 0x8f, 0xff, 0xd0, 0x0, 0x0, 0x0,
    0x0, 0xf, 0xff, 0xf5, 0x0, 0x3, 0xff, 0xff,
    0x20, 0x0, 0x0, 0x0, 0x5, 0xff, 0xff, 0x0,
    0x0, 0xe, 0xff, 0xf8, 0x0, 0x0, 0x0, 0x0,
    0xaf, 0xff, 0xb0, 0x0, 0x0, 0x8f, 0xff, 0xd0,
    0x0, 0x0, 0x0, 0xf, 0xff, 0xfa, 0x66, 0x66,
    0x69, 0xff, 0xff, 0x30, 0x0, 0x0, 0x5, 0xff,
    0xff, 0xff, 0xff, 0xff, 0xff, 0xff, 0xf9, 0x0,
    0x0, 0x0, 0xaf, 0xff, 0xff, 0xff, 0xff, 0xff,
    0xff, 0xff, 0xe0, 0x0, 0x0, 0xf, 0xff, 0xff,
    0xff, 0xff, 0xff, 0xff, 0xff, 0xff, 0x40, 0x0,
    0x5, 0xff, 0xff, 0x10, 0x0, 0x0, 0x0, 0xe,
    0xff, 0xf9, 0x0, 0x0, 0xbf, 0xff, 0xc0, 0x0,
    0x0, 0x0, 0x0, 0x8f, 0xff, 0xe0, 0x0, 0xf,
    0xff, 0xf7, 0x0, 0x0, 0x0, 0x0, 0x3, 0xff,
    0xff, 0x40, 0x6, 0xff, 0xff, 0x20, 0x0, 0x0,
    0x0, 0x0, 0xe, 0xff, 0xfa, 0x0, 0xbf, 0xff,
    0xd0, 0x0, 0x0, 0x0, 0x0, 0x0, 0x8f, 0xff,
    0xf0, 0x1f, 0xff, 0xf8, 0x0, 0x0, 0x0, 0x0,
    0x0, 0x3, 0xff, 0xff, 0x50,

    /* U+00C2 "Â" */
    0x0, 0x0, 0x0, 0x0, 0x7, 0xff, 0xfa, 0x0,
    0x0, 0x0, 0x0, 0x0, 0x0, 0x0, 0x0, 0x5,
    0xff, 0xff, 0xf8, 0x0, 0x0, 0x0, 0x0, 0x0,
    0x0, 0x0, 0x3, 0xff, 0xf6, 0xff, 0xf5, 0x0,
    0x0, 0x0, 0x0, 0x0, 0x0, 0x2, 0xef, 0xf8,
    0x5, 0xff, 0xf3, 0x0, 0x0, 0x0, 0x0, 0x0,
    0x1, 0xdf, 0xfb, 0x0, 0x8, 0xff, 0xe2, 0x0,
    0x0, 0x0, 0x0, 0x0, 0x0, 0x0, 0x0, 0x0,
    0x0, 0x0, 0x0, 0x0, 0x0, 0x0, 0x0, 0x0,
    0x0, 0x0, 0x0, 0x0, 0x0, 0x0, 0x0, 0x0,
    0x0, 0x0, 0x0, 0x0, 0x4, 0xff, 0xff, 0xf5,
    0x0, 0x0, 0x0, 0x0, 0x0, 0x0, 0x0, 0x0,
    0x9f, 0xff, 0xff, 0xb0, 0x0, 0x0, 0x0, 0x0,
    0x0, 0x0, 0x0, 0xe, 0xff, 0xff, 0xff, 0x10,
    0x0, 0x0, 0x0, 0x0, 0x0, 0x0, 0x4, 0xff,
    0xfe, 0xff, 0xf6, 0x0, 0x0, 0x0, 0x0, 0x0,
    0x0, 0x0, 0x9f, 0xff, 0x6f, 0xff, 0xc0, 0x0,
    0x0, 0x0, 0x0, 0x0, 0x0, 0xe, 0xff, 0xf0,
    0xef, 0xff, 0x10, 0x0, 0x0, 0x0, 0x0, 0x0,
    0x4, 0xff, 0xfb, 0xa, 0xff, 0xf7, 0x0, 0x0,
    0x0, 0x0, 0x0, 0x0, 0xaf, 0xff, 0x70, 0x6f,
    0xff, 0xc0, 0x0, 0x0, 0x0, 0x0, 0x0, 0xf,
    0xff, 0xf3, 0x1, 0xff, 0xff, 0x20, 0x0, 0x0,
    0x0, 0x0, 0x5, 0xff, 0xfe, 0x0, 0xd, 0xff,
    0xf7, 0x0, 0x0, 0x0, 0x0, 0x0, 0xaf, 0xff,
    0xa0, 0x0, 0x8f, 0xff, 0xd0, 0x0, 0x0, 0x0,
    0x0, 0xf, 0xff, 0xf5, 0x0, 0x3, 0xff, 0xff,
    0x20, 0x0, 0x0, 0x0, 0x5, 0xff, 0xff, 0x0,
    0x0, 0xe, 0xff, 0xf8, 0x0, 0x0, 0x0, 0x0,
    0xaf, 0xff, 0xb0, 0x0, 0x0, 0x8f, 0xff, 0xd0,
    0x0, 0x0, 0x0, 0xf, 0xff, 0xfa, 0x66, 0x66,
    0x69, 0xff, 0xff, 0x30, 0x0, 0x0, 0x5, 0xff,
    0xff, 0xff, 0xff, 0xff, 0xff, 0xff, 0xf9, 0x0,
    0x0, 0x0, 0xaf, 0xff, 0xff, 0xff, 0xff, 0xff,
    0xff, 0xff, 0xe0, 0x0, 0x0, 0xf, 0xff, 0xff,
    0xff, 0xff, 0xff, 0xff, 0xff, 0xff, 0x40, 0x0,
    0x5, 0xff, 0xff, 0x10, 0x0, 0x0, 0x0, 0xe,
    0xff, 0xf9, 0x0, 0x0, 0xbf, 0xff, 0xc0, 0x0,
    0x0, 0x0, 0x0, 0x8f, 0xff, 0xe0, 0x0, 0xf,
    0xff, 0xf7, 0x0, 0x0, 0x0, 0x0, 0x3, 0xff,
    0xff, 0x40, 0x6, 0xff, 0xff, 0x20, 0x0, 0x0,
    0x0, 0x0, 0xe, 0xff, 0xfa, 0x0, 0xbf, 0xff,
    0xd0, 0x0, 0x0, 0x0, 0x0, 0x0, 0x8f, 0xff,
    0xf0, 0x1f, 0xff, 0xf8, 0x0, 0x0, 0x0, 0x0,
    0x0, 0x3, 0xff, 0xff, 0x50,

    /* U+00C3 "Ã" */
    0x0, 0x0, 0x0, 0x0, 0x46, 0x40, 0x0, 0x47,
    0x50, 0x0, 0x0, 0x0, 0x0, 0x0, 0x0, 0x8f,
    0xff, 0xd4, 0x1d, 0xf9, 0x0, 0x0, 0x0, 0x0,
    0x0, 0x0, 0x2f, 0xff, 0xff, 0xff, 0xff, 0x50,
    0x0, 0x0, 0x0, 0x0, 0x0, 0x6, 0xff, 0x23,
    0xcf, 0xff, 0xc0, 0x0, 0x0, 0x0, 0x0, 0x0,
    0x0, 0x37, 0x60, 0x0, 0x37, 0x50, 0x0, 0x0,
    0x0, 0x0, 0x0, 0x0, 0x0, 0x0, 0x0, 0x0,
    0x0, 0x0, 0x0, 0x0, 0x0, 0x0, 0x0, 0x0,
    0x0, 0x0, 0x0, 0x0, 0x0, 0x0, 0x0, 0x0,
    0x0, 0x0, 0x0, 0x0, 0x4, 0xff, 0xff, 0xf5,
    0x0, 0x0, 0x0, 0x0, 0x0, 0x0, 0x0, 0x0,
    0x9f, 0xff, 0xff, 0xb0, 0x0, 0x0, 0x0, 0x0,
    0x0, 0x0, 0x0, 0xe, 0xff, 0xff, 0xff, 0x10,
    0x0, 0x0, 0x0, 0x0, 0x0, 0x0, 0x4, 0xff,
    0xfe, 0xff, 0xf6, 0x0, 0x0, 0x0, 0x0, 0x0,
    0x0, 0x0, 0x9f, 0xff, 0x6f, 0xff, 0xc0, 0x0,
    0x0, 0x0, 0x0, 0x0, 0x0, 0xe, 0xff, 0xf0,
    0xef, 0xff, 0x10, 0x0, 0x0, 0x0, 0x0, 0x0,
    0x4, 0xff, 0xfb, 0xa, 0xff, 0xf7, 0x0, 0x0,
    0x0, 0x0, 0x0, 0x0, 0xaf, 0xff, 0x70, 0x6f,
    0xff, 0xc0, 0x0, 0x0, 0x0, 0x0, 0x0, 0xf,
    0xff, 0xf3, 0x1, 0xff, 0xff, 0x20, 0x0, 0x0,
    0x0, 0x0, 0x5, 0xff, 0xfe, 0x0, 0xd, 0xff,
    0xf7, 0x0, 0x0, 0x0, 0x0, 0x0, 0xaf, 0xff,
    0xa0, 0x0, 0x8f, 0xff, 0xd0, 0x0, 0x0, 0x0,
    0x0, 0xf, 0xff, 0xf5, 0x0, 0x3, 0xff, 0xff,
    0x20, 0x0, 0x0, 0x0, 0x5, 0xff, 0xff, 0x0,
    0x0, 0xe, 0xff, 0xf8, 0x0, 0x0, 0x0, 0x0,
    0xaf, 0xff, 0xb0, 0x0, 0x0, 0x8f, 0xff, 0xd0,
    0x0, 0x0, 0x0, 0xf, 0xff, 0xfa, 0x66, 0x66,
    0x69, 0xff, 0xff, 0x30, 0x0, 0x0, 0x5, 0xff,
    0xff, 0xff, 0xff, 0xff, 0xff, 0xff, 0xf9, 0x0,
    0x0, 0x0, 0xaf, 0xff, 0xff, 0xff, 0xff, 0xff,
    0xff, 0xff, 0xe0, 0x0, 0x0, 0xf, 0xff, 0xff,
    0xff, 0xff, 0xff, 0xff, 0xff, 0xff, 0x40, 0x0,
    0x5, 0xff, 0xff, 0x10, 0x0, 0x0, 0x0, 0xe,
    0xff, 0xf9, 0x0, 0x0, 0xbf, 0xff, 0xc0, 0x0,
    0x0, 0x0, 0x0, 0x8f, 0xff, 0xe0, 0x0, 0xf,
    0xff, 0xf7, 0x0, 0x0, 0x0, 0x0, 0x3, 0xff,
    0xff, 0x40, 0x6, 0xff, 0xff, 0x20, 0x0, 0x0,
    0x0, 0x0, 0xe, 0xff, 0xfa, 0x0, 0xbf, 0xff,
    0xd0, 0x0, 0x0, 0x0, 0x0, 0x0, 0x8f, 0xff,
    0xf0, 0x1f, 0xff, 0xf8, 0x0, 0x0, 0x0, 0x0,
    0x0, 0x3, 0xff, 0xff, 0x50,

    /* U+00C4 "Ä" */
    0x0, 0x0, 0x0, 0x2, 0x40, 0x0, 0x0, 0x33,
    0x0, 0x0, 0x0, 0x0, 0x0, 0x0, 0x6, 0xff,
    0xd0, 0x0, 0x9f, 0xfa, 0x0, 0x0, 0x0, 0x0,
    0x0, 0x0, 0xef, 0xff, 0x50, 0x1f, 0xff, 0xf2,
    0x0, 0x0, 0x0, 0x0, 0x0, 0xc, 0xff, 0xf3,
    0x0, 0xff, 0xff, 0x10, 0x0, 0x0, 0x0, 0x0,
    0x0, 0x3d, 0xf8, 0x0, 0x5, 0xee, 0x50, 0x0,
    0x0, 0x0, 0x0, 0x0, 0x0, 0x0, 0x0, 0x0,
    0x0, 0x0, 0x0, 0x0, 0x0, 0x0, 0x0, 0x0,
    0x0, 0x0, 0x0, 0x0, 0x0, 0x0, 0x0, 0x0,
    0x0, 0x0, 0x0, 0x0, 0x4, 0xff, 0xff, 0xf5,
    0x0, 0x0, 0x0, 0x0, 0x0, 0x0, 0x0, 0x0,
    0x9f, 0xff, 0xff, 0xb0, 0x0, 0x0, 0x0, 0x0,
    0x0, 0x0, 0x0, 0xe, 0xff, 0xff, 0xff, 0x10,
    0x0, 0x0, 0x0, 0x0, 0x0, 0x0, 0x4, 0xff,
    0xfe, 0xff, 0xf6, 0x0, 0x0, 0x0, 0x0, 0x0,
    0x0, 0x0, 0x9f, 0xff, 0x6f, 0xff, 0xc0, 0x0,
    0x0, 0x0, 0x0, 0x0, 0x0, 0xe, 0xff, 0xf0,
    0xef, 0xff, 0x10, 0x0, 0x0, 0x0, 0x0, 0x0,
    0x4, 0xff, 0xfb, 0xa, 0xff, 0xf7, 0x0, 0x0,
    0x0, 0x0, 0x0, 0x0, 0xaf, 0xff, 0x70, 0x6f,
    0xff, 0xc0, 0x0, 0x0, 0x0, 0x0, 0x0, 0xf,
    0xff, 0xf3, 0x1, 0xff, 0xff, 0x20, 0x0, 0x0,
    0x0, 0x0, 0x5, 0xff, 0xfe, 0x0, 0xd, 0xff,
    0xf7, 0x0, 0x0, 0x0, 0x0, 0x0, 0xaf, 0xff,
    0xa0, 0x0, 0x8f, 0xff, 0xd0, 0x0, 0x0, 0x0,
    0x0, 0xf, 0xff, 0xf5, 0x0, 0x3, 0xff, 0xff,
    0x20, 0x0, 0x0, 0x0, 0x5, 0xff, 0xff, 0x0,
    0x0, 0xe, 0xff, 0xf8, 0x0, 0x0, 0x0, 0x0,
    0xaf, 0xff, 0xb0, 0x0, 0x0, 0x8f, 0xff, 0xd0,
    0x0, 0x0, 0x0, 0xf, 0xff, 0xfa, 0x66, 0x66,
    0x69, 0xff, 0xff, 0x30, 0x0, 0x0, 0x5, 0xff,
    0xff, 0xff, 0xff, 0xff, 0xff, 0xff, 0xf9, 0x0,
    0x0, 0x0, 0xaf, 0xff, 0xff, 0xff, 0xff, 0xff,
    0xff, 0xff, 0xe0, 0x0, 0x0, 0xf, 0xff, 0xff,
    0xff, 0xff, 0xff, 0xff, 0xff, 0xff, 0x40, 0x0,
    0x5, 0xff, 0xff, 0x10, 0x0, 0x0, 0x0, 0xe,
    0xff, 0xf9, 0x0, 0x0, 0xbf, 0xff, 0xc0, 0x0,
    0x0, 0x0, 0x0, 0x8f, 0xff, 0xe0, 0x0, 0xf,
    0xff, 0xf7, 0x0, 0x0, 0x0, 0x0, 0x3, 0xff,
    0xff, 0x40, 0x6, 0xff, 0xff, 0x20, 0x0, 0x0,
    0x0, 0x0, 0xe, 0xff, 0xfa, 0x0, 0xbf, 0xff,
    0xd0, 0x0, 0x0, 0x0, 0x0, 0x0, 0x8f, 0xff,
    0xf0, 0x1f, 0xff, 0xf8, 0x0, 0x0, 0x0, 0x0,
    0x0, 0x3, 0xff, 0xff, 0x50,

    /* U+00C5 "Å" */
    0x0, 0x0, 0x0, 0x0, 0x0, 0x0, 0x0, 0x0,
    0x0, 0x0, 0x0, 0x0, 0x0, 0x0, 0x0, 0x1,
    0x9e, 0xff, 0xa2, 0x0, 0x0, 0x0, 0x0, 0x0,
    0x0, 0x0, 0x0, 0xdf, 0xff, 0xff, 0xf2, 0x0,
    0x0, 0x0, 0x0, 0x0, 0x0, 0x0, 0x6f, 0xf5,
    0x3, 0xef, 0xa0, 0x0, 0x0, 0x0, 0x0, 0x0,
    0x0, 0x9, 0xfc, 0x0, 0x8, 0xfd, 0x0, 0x0,
    0x0, 0x0, 0x0, 0x0, 0x0, 0x6f, 0xf5, 0x3,
    0xef, 0xa0, 0x0, 0x0, 0x0, 0x0, 0x0, 0x0,
    0x0, 0xdf, 0xff, 0xff, 0xf2, 0x0, 0x0, 0x0,
    0x0, 0x0, 0x0, 0x0, 0x1, 0x9e, 0xff, 0xb2,
    0x0, 0x0, 0x0, 0x0, 0x0, 0x0, 0x0, 0x0,
    0x0, 0x0, 0x0, 0x0, 0x0, 0x0, 0x0, 0x0,
    0x0, 0x0, 0x0, 0x4, 0xff, 0xff, 0xf5, 0x0,
    0x0, 0x0, 0x0, 0x0, 0x0, 0x0, 0x0, 0x9f,
    0xff, 0xff, 0xb0, 0x0, 0x0, 0x0, 0x0, 0x0,
    0x0, 0x0, 0xe, 0xff, 0xff, 0xff, 0x10, 0x0,
    0x0, 0x0, 0x0, 0x0, 0x0, 0x4, 0xff, 0xfe,
    0xff, 0xf6, 0x0, 0x0, 0x0, 0x0, 0x0, 0x0,
    0x0, 0x9f, 0xff, 0x6f, 0xff, 0xc0, 0x0, 0x0,
    0x0, 0x0, 0x0, 0x0, 0xe, 0xff, 0xf0, 0xef,
    0xff, 0x10, 0x0, 0x0, 0x0, 0x0, 0x0, 0x4,
    0xff, 0xfb, 0xa, 0xff, 0xf7, 0x0, 0x0, 0x0,
    0x0, 0x0, 0x0, 0xaf, 0xff, 0x70, 0x6f, 0xff,
    0xc0, 0x0, 0x0, 0x0, 0x0, 0x0, 0xf, 0xff,
    0xf3, 0x1, 0xff, 0xff, 0x20, 0x0, 0x0, 0x0,
    0x0, 0x5, 0xff, 0xfe, 0x0, 0xd, 0xff, 0xf7,
    0x0, 0x0, 0x0, 0x0, 0x0, 0xaf, 0xff, 0xa0,
    0x0, 0x8f, 0xff, 0xd0, 0x0, 0x0, 0x0, 0x0,
    0xf, 0xff, 0xf5, 0x0, 0x3, 0xff, 0xff, 0x20,
    0x0, 0x0, 0x0, 0x5, 0xff, 0xff, 0x0, 0x0,
    0xe, 0xff, 0xf8, 0x0, 0x0, 0x0, 0x0, 0xaf,
    0xff, 0xb0, 0x0, 0x0, 0x8f, 0xff, 0xd0, 0x0,
    0x0, 0x0, 0xf, 0xff, 0xfa, 0x66, 0x66, 0x69,
    0xff, 0xff, 0x30, 0x0, 0x0, 0x5, 0xff, 0xff,
    0xff, 0xff, 0xff, 0xff, 0xff, 0xf9, 0x0, 0x0,
    0x0, 0xaf, 0xff, 0xff, 0xff, 0xff, 0xff, 0xff,
    0xff, 0xe0, 0x0, 0x0, 0xf, 0xff, 0xff, 0xff,
    0xff, 0xff, 0xff, 0xff, 0xff, 0x40, 0x0, 0x5,
    0xff, 0xff, 0x10, 0x0, 0x0, 0x0, 0xe, 0xff,
    0xf9, 0x0, 0x0, 0xbf, 0xff, 0xc0, 0x0, 0x0,
    0x0, 0x0, 0x8f, 0xff, 0xe0, 0x0, 0xf, 0xff,
    0xf7, 0x0, 0x0, 0x0, 0x0, 0x3, 0xff, 0xff,
    0x40, 0x6, 0xff, 0xff, 0x20, 0x0, 0x0, 0x0,
    0x0, 0xe, 0xff, 0xfa, 0x0, 0xbf, 0xff, 0xd0,
    0x0, 0x0, 0x0, 0x0, 0x0, 0x8f, 0xff, 0xf0,
    0x1f, 0xff, 0xf8, 0x0, 0x0, 0x0, 0x0, 0x0,
    0x3, 0xff, 0xff, 0x50,

    /* U+00C6 "Æ" */
    0x0, 0x0, 0x0, 0x0, 0x0, 0xf, 0xff, 0xff,
    0xff, 0xff, 0xff, 0xff, 0xff, 0xff, 0xff, 0x70,
    0x0, 0x0, 0x0, 0x0, 0x6, 0xff, 0xff, 0xff,
    0xff, 0xff, 0xff, 0xff, 0xff, 0xff, 0xf7, 0x0,
    0x0, 0x0, 0x0, 0x0, 0xdf, 0xff, 0xcd, 0xff,
    0xff, 0xff, 0xff, 0xff, 0xff, 0xff, 0x70, 0x0,
    0x0, 0x0, 0x0, 0x4f, 0xff, 0xe0, 0x7f, 0xff,
    0xd9, 0x99, 0x99, 0x99, 0x99, 0x94, 0x0, 0x0,
    0x0, 0x0, 0xb, 0xff, 0xf8, 0x7, 0xff, 0xf9,
    0x0, 0x0, 0x0, 0x0, 0x0, 0x0, 0x0, 0x0,
    0x0, 0x2, 0xff, 0xff, 0x20, 0x7f, 0xff, 0x90,
    0x0, 0x0, 0x0, 0x0, 0x0, 0x0, 0x0, 0x0,
    0x0, 0x9f, 0xff, 0xb0, 0x7, 0xff, 0xf9, 0x0,
    0x0, 0x0, 0x0, 0x0, 0x0, 0x0, 0x0, 0x0,
    0x1f, 0xff, 0xf4, 0x0, 0x7f, 0xff, 0x90, 0x0,
    0x0, 0x0, 0x0, 0x0, 0x0, 0x0, 0x0, 0x7,
    0xff, 0xfd, 0x0, 0x7, 0xff, 0xf9, 0x0, 0x0,
    0x0, 0x0, 0x0, 0x0, 0x0, 0x0, 0x0, 0xef,
    0xff, 0x70, 0x0, 0x7f, 0xff, 0x90, 0x0, 0x0,
    0x0, 0x0, 0x0, 0x0, 0x0, 0x0, 0x5f, 0xff,
    0xf1, 0x0, 0x7, 0xff, 0xfc, 0x88, 0x88, 0x88,
    0x88, 0x86, 0x0, 0x0, 0x0, 0xc, 0xff, 0xfa,
    0x0, 0x0, 0x7f, 0xff, 0xff, 0xff, 0xff, 0xff,
    0xff, 0xb0, 0x0, 0x0, 0x3, 0xff, 0xff, 0x30,
    0x0, 0x7, 0xff, 0xff, 0xff, 0xff, 0xff, 0xff,
    0xfb, 0x0, 0x0, 0x0, 0xaf, 0xff, 0xd0, 0x0,
    0x0, 0x7f, 0xff, 0xff, 0xff, 0xff, 0xff, 0xff,
    0xb0, 0x0, 0x0, 0x1f, 0xff, 0xf8, 0x22, 0x22,
    0x28, 0xff, 0xf9, 0x0, 0x0, 0x0, 0x0, 0x0,
    0x0, 0x0, 0x8, 0xff, 0xff, 0xff, 0xff, 0xff,
    0xff, 0xff, 0x90, 0x0, 0x0, 0x0, 0x0, 0x0,
    0x0, 0x0, 0xef, 0xff, 0xff, 0xff, 0xff, 0xff,
    0xff, 0xf9, 0x0, 0x0, 0x0, 0x0, 0x0, 0x0,
    0x0, 0x6f, 0xff, 0xff, 0xff, 0xff, 0xff, 0xff,
    0xff, 0x90, 0x0, 0x0, 0x0, 0x0, 0x0, 0x0,
    0xd, 0xff, 0xfb, 0x0, 0x0, 0x0, 0x7, 0xff,
    0xf9, 0x0, 0x0, 0x0, 0x0, 0x0, 0x0, 0x4,
    0xff, 0xff, 0x40, 0x0, 0x0, 0x0, 0x7f, 0xff,
    0x90, 0x0, 0x0, 0x0, 0x0, 0x0, 0x0, 0xbf,
    0xff, 0xd0, 0x0, 0x0, 0x0, 0x7, 0xff, 0xfd,
    0x99, 0x99, 0x99, 0x99, 0x99, 0x50, 0x2f, 0xff,
    0xf6, 0x0, 0x0, 0x0, 0x0, 0x7f, 0xff, 0xff,
    0xff, 0xff, 0xff, 0xff, 0xf9, 0x9, 0xff, 0xff,
    0x0, 0x0, 0x0, 0x0, 0x7, 0xff, 0xff, 0xff,
    0xff, 0xff, 0xff, 0xff, 0x90, 0xff, 0xff, 0x90,
    0x0, 0x0, 0x0, 0x0, 0x7f, 0xff, 0xff, 0xff,
    0xff, 0xff, 0xff, 0xf9,

    /* U+00C7 "Ç" */
    0x0, 0x0, 0x0, 0x5, 0xad, 0xff, 0xec, 0x72,
    0x0, 0x0, 0x0, 0x0, 0x0, 0x5, 0xef, 0xff,
    0xff, 0xff, 0xff, 0xa1, 0x0, 0x0, 0x0, 0x0,
    0x9f, 0xff, 0xff, 0xff, 0xff, 0xff, 0xfe, 0x30,
    0x0, 0x0, 0x9, 0xff, 0xff, 0xff, 0xed, 0xef,
    0xff, 0xff, 0xe2, 0x0, 0x0, 0x5f, 0xff, 0xff,
    0x71, 0x0, 0x3, 0xaf, 0xff, 0xfc, 0x0, 0x0,
    0xef, 0xff, 0xe2, 0x0, 0x0, 0x0, 0x7, 0xff,
    0xff, 0x40, 0x6, 0xff, 0xff, 0x40, 0x0, 0x0,
    0x0, 0x0, 0xbf, 0xff, 0xa0, 0xc, 0xff, 0xfa,
    0x0, 0x0, 0x0, 0x0, 0x0, 0x4f, 0xff, 0xe0,
    0xf, 0xff, 0xf4, 0x0, 0x0, 0x0, 0x0, 0x0,
    0x2, 0x22, 0x20, 0x3f, 0xff, 0xf0, 0x0, 0x0,
    0x0, 0x0, 0x0, 0x0, 0x0, 0x0, 0x5f, 0xff,
    0xe0, 0x0, 0x0, 0x0, 0x0, 0x0, 0x0, 0x0,
    0x0, 0x5f, 0xff, 0xd0, 0x0, 0x0, 0x0, 0x0,
    0x0, 0x0, 0x0, 0x0, 0x5f, 0xff, 0xd0, 0x0,
    0x0, 0x0, 0x0, 0x0, 0x0, 0x0, 0x0, 0x5f,
    0xff, 0xe0, 0x0, 0x0, 0x0, 0x0, 0x0, 0x0,
    0x0, 0x0, 0x3f, 0xff, 0xf0, 0x0, 0x0, 0x0,
    0x0, 0x0, 0x0, 0x0, 0x0, 0xf, 0xff, 0xf4,
    0x0, 0x0, 0x0, 0x0, 0x0, 0x1, 0x11, 0x10,
    0xc, 0xff, 0xfa, 0x0, 0x0, 0x0, 0x0, 0x0,
    0x4f, 0xff, 0xe0, 0x6, 0xff, 0xff, 0x30, 0x0,
    0x0, 0x0, 0x0, 0xbf, 0xff, 0xa0, 0x0, 0xef,
    0xff, 0xe2, 0x0, 0x0, 0x0, 0x7, 0xff, 0xff,
    0x40, 0x0, 0x5f, 0xff, 0xff, 0x71, 0x0, 0x2,
    0xaf, 0xff, 0xfb, 0x0, 0x0, 0x9, 0xff, 0xff,
    0xff, 0xdd, 0xef, 0xff, 0xff, 0xe1, 0x0, 0x0,
    0x0, 0x9f, 0xff, 0xff, 0xff, 0xff, 0xff, 0xfe,
    0x20, 0x0, 0x0, 0x0, 0x5, 0xef, 0xff, 0xff,
    0xff, 0xff, 0xa1, 0x0, 0x0, 0x0, 0x0, 0x0,
    0x5, 0xad, 0xff, 0xfc, 0x82, 0x0, 0x0, 0x0,
    0x0, 0x0, 0x0, 0x0, 0x0, 0xcf, 0x10, 0x0,
    0x0, 0x0, 0x0, 0x0, 0x0, 0x0, 0x0, 0x0,
    0xff, 0xa7, 0x0, 0x0, 0x0, 0x0, 0x0, 0x0,
    0x0, 0x0, 0x1, 0xef, 0xff, 0xa0, 0x0, 0x0,
    0x0, 0x0, 0x0, 0x0, 0x0, 0x0, 0x0, 0x8f,
    0xf0, 0x0, 0x0, 0x0, 0x0, 0x0, 0x0, 0x0,
    0x0, 0x0, 0x7f, 0xf0, 0x0, 0x0, 0x0, 0x0,
    0x0, 0x0, 0x0, 0x9, 0xdd, 0xff, 0xb0, 0x0,
    0x0, 0x0, 0x0, 0x0, 0x0, 0x0, 0xb, 0xff,
    0xea, 0x10, 0x0, 0x0, 0x0,

    /* U+00C8 "È" */
    0x0, 0x5, 0xdd, 0xd6, 0x0, 0x0, 0x0, 0x0,
    0x0, 0x0, 0xcf, 0xfe, 0x0, 0x0, 0x0, 0x0,
    0x0, 0x0, 0x2f, 0xff, 0x50, 0x0, 0x0, 0x0,
    0x0, 0x0, 0x7, 0xff, 0xc0, 0x0, 0x0, 0x0,
    0x0, 0x0, 0x0, 0xcf, 0xf3, 0x0, 0x0, 0x0,
    0x0, 0x0, 0x0, 0x0, 0x0, 0x0, 0x0, 0x0,
    0x0, 0x0, 0x0, 0x0, 0x0, 0x0, 0x0, 0x0,
    0xaf, 0xff, 0xff, 0xff, 0xff, 0xff, 0xff, 0xf7,
    0xaf, 0xff, 0xff, 0xff, 0xff, 0xff, 0xff, 0xf7,
    0xaf, 0xff, 0xff, 0xff, 0xff, 0xff, 0xff, 0xf7,
    0xaf, 0xff, 0xc9, 0x99, 0x99, 0x99, 0x99, 0x94,
    0xaf, 0xff, 0x80, 0x0, 0x0, 0x0, 0x0, 0x0,
    0xaf, 0xff, 0x80, 0x0, 0x0, 0x0, 0x0, 0x0,
    0xaf, 0xff, 0x80, 0x0, 0x0, 0x0, 0x0, 0x0,
    0xaf, 0xff, 0x80, 0x0, 0x0, 0x0, 0x0, 0x0,
    0xaf, 0xff, 0x80, 0x0, 0x0, 0x0, 0x0, 0x0,
    0xaf, 0xff, 0x80, 0x0, 0x0, 0x0, 0x0, 0x0,
    0xaf, 0xff, 0xc8, 0x88, 0x88, 0x88, 0x88, 0x50,
    0xaf, 0xff, 0xff, 0xff, 0xff, 0xff, 0xff, 0xa0,
    0xaf, 0xff, 0xff, 0xff, 0xff, 0xff, 0xff, 0xa0,
    0xaf, 0xff, 0xff, 0xff, 0xff, 0xff, 0xff, 0xa0,
    0xaf, 0xff, 0x80, 0x0, 0x0, 0x0, 0x0, 0x0,
    0xaf, 0xff, 0x80, 0x0, 0x0, 0x0, 0x0, 0x0,
    0xaf, 0xff, 0x80, 0x0, 0x0, 0x0, 0x0, 0x0,
    0xaf, 0xff, 0x80, 0x0, 0x0, 0x0, 0x0, 0x0,
    0xaf, 0xff, 0x80, 0x0, 0x0, 0x0, 0x0, 0x0,
    0xaf, 0xff, 0x80, 0x0, 0x0, 0x0, 0x0, 0x0,
    0xaf, 0xff, 0xc9, 0x99, 0x99, 0x99, 0x99, 0x94,
    0xaf, 0xff, 0xff, 0xff, 0xff, 0xff, 0xff, 0xf8,
    0xaf, 0xff, 0xff, 0xff, 0xff, 0xff, 0xff, 0xf8,
    0xaf, 0xff, 0xff, 0xff, 0xff, 0xff, 0xff, 0xf8,

    /* U+00C9 "É" */
    0x0, 0x0, 0x0, 0x0, 0x8d, 0xdd, 0x30, 0x0,
    0x0, 0x0, 0x0, 0x1, 0xff, 0xfa, 0x0, 0x0,
    0x0, 0x0, 0x0, 0x7, 0xff, 0xe1, 0x0, 0x0,
    0x0, 0x0, 0x0, 0xe, 0xff, 0x50, 0x0, 0x0,
    0x0, 0x0, 0x0, 0x5f, 0xfa, 0x0, 0x0, 0x0,
    0x0, 0x0, 0x0, 0x0, 0x0, 0x0, 0x0, 0x0,
    0x0, 0x0, 0x0, 0x0, 0x0, 0x0, 0x0, 0x0,
    0xaf, 0xff, 0xff, 0xff, 0xff, 0xff, 0xff, 0xf7,
    0xaf, 0xff, 0xff, 0xff, 0xff, 0xff, 0xff, 0xf7,
    0xaf, 0xff, 0xff, 0xff, 0xff, 0xff, 0xff, 0xf7,
    0xaf, 0xff, 0xc9, 0x99, 0x99, 0x99, 0x99, 0x94,
    0xaf, 0xff, 0x80, 0x0, 0x0, 0x0, 0x0, 0x0,
    0xaf, 0xff, 0x80, 0x0, 0x0, 0x0, 0x0, 0x0,
    0xaf, 0xff, 0x80, 0x0, 0x0, 0x0, 0x0, 0x0,
    0xaf, 0xff, 0x80, 0x0, 0x0, 0x0, 0x0, 0x0,
    0xaf, 0xff, 0x80, 0x0, 0x0, 0x0, 0x0, 0x0,
    0xaf, 0xff, 0x80, 0x0, 0x0, 0x0, 0x0, 0x0,
    0xaf, 0xff, 0xc8, 0x88, 0x88, 0x88, 0x88, 0x50,
    0xaf, 0xff, 0xff, 0xff, 0xff, 0xff, 0xff, 0xa0,
    0xaf, 0xff, 0xff, 0xff, 0xff, 0xff, 0xff, 0xa0,
    0xaf, 0xff, 0xff, 0xff, 0xff, 0xff, 0xff, 0xa0,
    0xaf, 0xff, 0x80, 0x0, 0x0, 0x0, 0x0, 0x0,
    0xaf, 0xff, 0x80, 0x0, 0x0, 0x0, 0x0, 0x0,
    0xaf, 0xff, 0x80, 0x0, 0x0, 0x0, 0x0, 0x0,
    0xaf, 0xff, 0x80, 0x0, 0x0, 0x0, 0x0, 0x0,
    0xaf, 0xff, 0x80, 0x0, 0x0, 0x0, 0x0, 0x0,
    0xaf, 0xff, 0x80, 0x0, 0x0, 0x0, 0x0, 0x0,
    0xaf, 0xff, 0xc9, 0x99, 0x99, 0x99, 0x99, 0x94,
    0xaf, 0xff, 0xff, 0xff, 0xff, 0xff, 0xff, 0xf8,
    0xaf, 0xff, 0xff, 0xff, 0xff, 0xff, 0xff, 0xf8,
    0xaf, 0xff, 0xff, 0xff, 0xff, 0xff, 0xff, 0xf8,

    /* U+00CA "Ê" */
    0x0, 0x0, 0x2, 0xff, 0xfe, 0x10, 0x0, 0x0,
    0x0, 0x0, 0x1e, 0xff, 0xff, 0xd0, 0x0, 0x0,
    0x0, 0x0, 0xdf, 0xfa, 0xbf, 0xfb, 0x0, 0x0,
    0x0, 0xb, 0xff, 0xd0, 0x1e, 0xff, 0x80, 0x0,
    0x0, 0x9f, 0xff, 0x20, 0x3, 0xff, 0xf6, 0x0,
    0x0, 0x0, 0x0, 0x0, 0x0, 0x0, 0x0, 0x0,
    0x0, 0x0, 0x0, 0x0, 0x0, 0x0, 0x0, 0x0,
    0xaf, 0xff, 0xff, 0xff, 0xff, 0xff, 0xff, 0xf7,
    0xaf, 0xff, 0xff, 0xff, 0xff, 0xff, 0xff, 0xf7,
    0xaf, 0xff, 0xff, 0xff, 0xff, 0xff, 0xff, 0xf7,
    0xaf, 0xff, 0xc9, 0x99, 0x99, 0x99, 0x99, 0x94,
    0xaf, 0xff, 0x80, 0x0, 0x0, 0x0, 0x0, 0x0,
    0xaf, 0xff, 0x80, 0x0, 0x0, 0x0, 0x0, 0x0,
    0xaf, 0xff, 0x80, 0x0, 0x0, 0x0, 0x0, 0x0,
    0xaf, 0xff, 0x80, 0x0, 0x0, 0x0, 0x0, 0x0,
    0xaf, 0xff, 0x80, 0x0, 0x0, 0x0, 0x0, 0x0,
    0xaf, 0xff, 0x80, 0x0, 0x0, 0x0, 0x0, 0x0,
    0xaf, 0xff, 0xc8, 0x88, 0x88, 0x88, 0x88, 0x50,
    0xaf, 0xff, 0xff, 0xff, 0xff, 0xff, 0xff, 0xa0,
    0xaf, 0xff, 0xff, 0xff, 0xff, 0xff, 0xff, 0xa0,
    0xaf, 0xff, 0xff, 0xff, 0xff, 0xff, 0xff, 0xa0,
    0xaf, 0xff, 0x80, 0x0, 0x0, 0x0, 0x0, 0x0,
    0xaf, 0xff, 0x80, 0x0, 0x0, 0x0, 0x0, 0x0,
    0xaf, 0xff, 0x80, 0x0, 0x0, 0x0, 0x0, 0x0,
    0xaf, 0xff, 0x80, 0x0, 0x0, 0x0, 0x0, 0x0,
    0xaf, 0xff, 0x80, 0x0, 0x0, 0x0, 0x0, 0x0,
    0xaf, 0xff, 0x80, 0x0, 0x0, 0x0, 0x0, 0x0,
    0xaf, 0xff, 0xc9, 0x99, 0x99, 0x99, 0x99, 0x94,
    0xaf, 0xff, 0xff, 0xff, 0xff, 0xff, 0xff, 0xf8,
    0xaf, 0xff, 0xff, 0xff, 0xff, 0xff, 0xff, 0xf8,
    0xaf, 0xff, 0xff, 0xff, 0xff, 0xff, 0xff, 0xf8,

    /* U+00CB "Ë" */
    0x0, 0x1, 0x41, 0x0, 0x0, 0x24, 0x0, 0x0,
    0x0, 0x2e, 0xff, 0x30, 0x5, 0xff, 0xe1, 0x0,
    0x0, 0x8f, 0xff, 0xa0, 0xc, 0xff, 0xf7, 0x0,
    0x0, 0x7f, 0xff, 0x80, 0xa, 0xff, 0xf5, 0x0,
    0x0, 0xa, 0xfb, 0x10, 0x1, 0xcf, 0x90, 0x0,
    0x0, 0x0, 0x0, 0x0, 0x0, 0x0, 0x0, 0x0,
    0x0, 0x0, 0x0, 0x0, 0x0, 0x0, 0x0, 0x0,
    0xaf, 0xff, 0xff, 0xff, 0xff, 0xff, 0xff, 0xf7,
    0xaf, 0xff, 0xff, 0xff, 0xff, 0xff, 0xff, 0xf7,
    0xaf, 0xff, 0xff, 0xff, 0xff, 0xff, 0xff, 0xf7,
    0xaf, 0xff, 0xc9, 0x99, 0x99, 0x99, 0x99, 0x94,
    0xaf, 0xff, 0x80, 0x0, 0x0, 0x0, 0x0, 0x0,
    0xaf, 0xff, 0x80, 0x0, 0x0, 0x0, 0x0, 0x0,
    0xaf, 0xff, 0x80, 0x0, 0x0, 0x0, 0x0, 0x0,
    0xaf, 0xff, 0x80, 0x0, 0x0, 0x0, 0x0, 0x0,
    0xaf, 0xff, 0x80, 0x0, 0x0, 0x0, 0x0, 0x0,
    0xaf, 0xff, 0x80, 0x0, 0x0, 0x0, 0x0, 0x0,
    0xaf, 0xff, 0xc8, 0x88, 0x88, 0x88, 0x88, 0x50,
    0xaf, 0xff, 0xff, 0xff, 0xff, 0xff, 0xff, 0xa0,
    0xaf, 0xff, 0xff, 0xff, 0xff, 0xff, 0xff, 0xa0,
    0xaf, 0xff, 0xff, 0xff, 0xff, 0xff, 0xff, 0xa0,
    0xaf, 0xff, 0x80, 0x0, 0x0, 0x0, 0x0, 0x0,
    0xaf, 0xff, 0x80, 0x0, 0x0, 0x0, 0x0, 0x0,
    0xaf, 0xff, 0x80, 0x0, 0x0, 0x0, 0x0, 0x0,
    0xaf, 0xff, 0x80, 0x0, 0x0, 0x0, 0x0, 0x0,
    0xaf, 0xff, 0x80, 0x0, 0x0, 0x0, 0x0, 0x0,
    0xaf, 0xff, 0x80, 0x0, 0x0, 0x0, 0x0, 0x0,
    0xaf, 0xff, 0xc9, 0x99, 0x99, 0x99, 0x99, 0x94,
    0xaf, 0xff, 0xff, 0xff, 0xff, 0xff, 0xff, 0xf8,
    0xaf, 0xff, 0xff, 0xff, 0xff, 0xff, 0xff, 0xf8,
    0xaf, 0xff, 0xff, 0xff, 0xff, 0xff, 0xff, 0xf8,

    /* U+00CC "Ì" */
    0xb, 0xdd, 0xd0, 0x0, 0x4, 0xff, 0xf6, 0x0,
    0x0, 0xaf, 0xfd, 0x0, 0x0, 0x1e, 0xff, 0x40,
    0x0, 0x5, 0xff, 0xb0, 0x0, 0x0, 0x0, 0x0,
    0x0, 0x0, 0x0, 0x0, 0x0, 0xa, 0xff, 0xf8,
    0x0, 0xa, 0xff, 0xf8, 0x0, 0xa, 0xff, 0xf8,
    0x0, 0xa, 0xff, 0xf8, 0x0, 0xa, 0xff, 0xf8,
    0x0, 0xa, 0xff, 0xf8, 0x0, 0xa, 0xff, 0xf8,
    0x0, 0xa, 0xff, 0xf8, 0x0, 0xa, 0xff, 0xf8,
    0x0, 0xa, 0xff, 0xf8, 0x0, 0xa, 0xff, 0xf8,
    0x0, 0xa, 0xff, 0xf8, 0x0, 0xa, 0xff, 0xf8,
    0x0, 0xa, 0xff, 0xf8, 0x0, 0xa, 0xff, 0xf8,
    0x0, 0xa, 0xff, 0xf8, 0x0, 0xa, 0xff, 0xf8,
    0x0, 0xa, 0xff, 0xf8, 0x0, 0xa, 0xff, 0xf8,
    0x0, 0xa, 0xff, 0xf8, 0x0, 0xa, 0xff, 0xf8,
    0x0, 0xa, 0xff, 0xf8, 0x0, 0xa, 0xff, 0xf8,
    0x0, 0xa, 0xff, 0xf8,

    /* U+00CD "Í" */
    0x0, 0x1d, 0xdd, 0x90, 0x8, 0xff, 0xf2, 0x0,
    0xff, 0xf7, 0x0, 0x7f, 0xfc, 0x0, 0xd, 0xff,
    0x20, 0x0, 0x0, 0x0, 0x0, 0x0, 0x0, 0x0,
    0xa, 0xff, 0xf8, 0x0, 0xaf, 0xff, 0x80, 0xa,
    0xff, 0xf8, 0x0, 0xaf, 0xff, 0x80, 0xa, 0xff,
    0xf8, 0x0, 0xaf, 0xff, 0x80, 0xa, 0xff, 0xf8,
    0x0, 0xaf, 0xff, 0x80, 0xa, 0xff, 0xf8, 0x0,
    0xaf, 0xff, 0x80, 0xa, 0xff, 0xf8, 0x0, 0xaf,
    0xff, 0x80, 0xa, 0xff, 0xf8, 0x0, 0xaf, 0xff,
    0x80, 0xa, 0xff, 0xf8, 0x0, 0xaf, 0xff, 0x80,
    0xa, 0xff, 0xf8, 0x0, 0xaf, 0xff, 0x80, 0xa,
    0xff, 0xf8, 0x0, 0xaf, 0xff, 0x80, 0xa, 0xff,
    0xf8, 0x0, 0xaf, 0xff, 0x80, 0xa, 0xff, 0xf8,
    0x0, 0xaf, 0xff, 0x80, 0x0,

    /* U+00CE "Î" */
    0x0, 0x0, 0xaf, 0xff, 0x70, 0x0, 0x0, 0x0,
    0x8f, 0xff, 0xff, 0x50, 0x0, 0x0, 0x6f, 0xff,
    0x6f, 0xff, 0x30, 0x0, 0x4f, 0xff, 0x50, 0x7f,
    0xfe, 0x20, 0x2f, 0xff, 0x90, 0x0, 0xbf, 0xfd,
    0x0, 0x0, 0x0, 0x0, 0x0, 0x0, 0x0, 0x0,
    0x0, 0x0, 0x0, 0x0, 0x0, 0x0, 0x0, 0xa,
    0xff, 0xf8, 0x0, 0x0, 0x0, 0x0, 0xaf, 0xff,
    0x80, 0x0, 0x0, 0x0, 0xa, 0xff, 0xf8, 0x0,
    0x0, 0x0, 0x0, 0xaf, 0xff, 0x80, 0x0, 0x0,
    0x0, 0xa, 0xff, 0xf8, 0x0, 0x0, 0x0, 0x0,
    0xaf, 0xff, 0x80, 0x0, 0x0, 0x0, 0xa, 0xff,
    0xf8, 0x0, 0x0, 0x0, 0x0, 0xaf, 0xff, 0x80,
    0x0, 0x0, 0x0, 0xa, 0xff, 0xf8, 0x0, 0x0,
    0x0, 0x0, 0xaf, 0xff, 0x80, 0x0, 0x0, 0x0,
    0xa, 0xff, 0xf8, 0x0, 0x0, 0x0, 0x0, 0xaf,
    0xff, 0x80, 0x0, 0x0, 0x0, 0xa, 0xff, 0xf8,
    0x0, 0x0, 0x0, 0x0, 0xaf, 0xff, 0x80, 0x0,
    0x0, 0x0, 0xa, 0xff, 0xf8, 0x0, 0x0, 0x0,
    0x0, 0xaf, 0xff, 0x80, 0x0, 0x0, 0x0, 0xa,
    0xff, 0xf8, 0x0, 0x0, 0x0, 0x0, 0xaf, 0xff,
    0x80, 0x0, 0x0, 0x0, 0xa, 0xff, 0xf8, 0x0,
    0x0, 0x0, 0x0, 0xaf, 0xff, 0x80, 0x0, 0x0,
    0x0, 0xa, 0xff, 0xf8, 0x0, 0x0, 0x0, 0x0,
    0xaf, 0xff, 0x80, 0x0, 0x0, 0x0, 0xa, 0xff,
    0xf8, 0x0, 0x0, 0x0, 0x0, 0xaf, 0xff, 0x80,
    0x0, 0x0,

    /* U+00CF "Ï" */
    0x0, 0x33, 0x0, 0x0, 0x4, 0x30, 0x0, 0x9f,
    0xfa, 0x0, 0xc, 0xff, 0x70, 0x1f, 0xff, 0xf2,
    0x4, 0xff, 0xff, 0x0, 0xff, 0xff, 0x10, 0x2f,
    0xff, 0xd0, 0x5, 0xee, 0x50, 0x0, 0x7e, 0xd3,
    0x0, 0x0, 0x0, 0x0, 0x0, 0x0, 0x0, 0x0,
    0x0, 0x0, 0x0, 0x0, 0x0, 0x0, 0x0, 0xa,
    0xff, 0xf8, 0x0, 0x0, 0x0, 0x0, 0xaf, 0xff,
    0x80, 0x0, 0x0, 0x0, 0xa, 0xff, 0xf8, 0x0,
    0x0, 0x0, 0x0, 0xaf, 0xff, 0x80, 0x0, 0x0,
    0x0, 0xa, 0xff, 0xf8, 0x0, 0x0, 0x0, 0x0,
    0xaf, 0xff, 0x80, 0x0, 0x0, 0x0, 0xa, 0xff,
    0xf8, 0x0, 0x0, 0x0, 0x0, 0xaf, 0xff, 0x80,
    0x0, 0x0, 0x0, 0xa, 0xff, 0xf8, 0x0, 0x0,
    0x0, 0x0, 0xaf, 0xff, 0x80, 0x0, 0x0, 0x0,
    0xa, 0xff, 0xf8, 0x0, 0x0, 0x0, 0x0, 0xaf,
    0xff, 0x80, 0x0, 0x0, 0x0, 0xa, 0xff, 0xf8,
    0x0, 0x0, 0x0, 0x0, 0xaf, 0xff, 0x80, 0x0,
    0x0, 0x0, 0xa, 0xff, 0xf8, 0x0, 0x0, 0x0,
    0x0, 0xaf, 0xff, 0x80, 0x0, 0x0, 0x0, 0xa,
    0xff, 0xf8, 0x0, 0x0, 0x0, 0x0, 0xaf, 0xff,
    0x80, 0x0, 0x0, 0x0, 0xa, 0xff, 0xf8, 0x0,
    0x0, 0x0, 0x0, 0xaf, 0xff, 0x80, 0x0, 0x0,
    0x0, 0xa, 0xff, 0xf8, 0x0, 0x0, 0x0, 0x0,
    0xaf, 0xff, 0x80, 0x0, 0x0, 0x0, 0xa, 0xff,
    0xf8, 0x0, 0x0, 0x0, 0x0, 0xaf, 0xff, 0x80,
    0x0, 0x0,

    /* U+00D0 "Ð" */
    0x0, 0xb, 0xff, 0xff, 0xff, 0xff, 0xed, 0xa5,
    0x0, 0x0, 0x0, 0x0, 0x0, 0xbf, 0xff, 0xff,
    0xff, 0xff, 0xff, 0xfe, 0x60, 0x0, 0x0, 0x0,
    0xb, 0xff, 0xff, 0xff, 0xff, 0xff, 0xff, 0xff,
    0xa0, 0x0, 0x0, 0x0, 0xbf, 0xff, 0xda, 0xaa,
    0xbc, 0xff, 0xff, 0xff, 0xb0, 0x0, 0x0, 0xb,
    0xff, 0xf7, 0x0, 0x0, 0x0, 0x5d, 0xff, 0xff,
    0x70, 0x0, 0x0, 0xbf, 0xff, 0x70, 0x0, 0x0,
    0x0, 0xb, 0xff, 0xff, 0x10, 0x0, 0xb, 0xff,
    0xf7, 0x0, 0x0, 0x0, 0x0, 0x1e, 0xff, 0xf7,
    0x0, 0x0, 0xbf, 0xff, 0x70, 0x0, 0x0, 0x0,
    0x0, 0x7f, 0xff, 0xd0, 0x0, 0xb, 0xff, 0xf7,
    0x0, 0x0, 0x0, 0x0, 0x1, 0xff, 0xff, 0x10,
    0x0, 0xbf, 0xff, 0x70, 0x0, 0x0, 0x0, 0x0,
    0xe, 0xff, 0xf3, 0x0, 0xb, 0xff, 0xf7, 0x0,
    0x0, 0x0, 0x0, 0x0, 0xcf, 0xff, 0x5b, 0xff,
    0xff, 0xff, 0xff, 0xff, 0xfd, 0x0, 0x0, 0xb,
    0xff, 0xf6, 0xbf, 0xff, 0xff, 0xff, 0xff, 0xff,
    0xd0, 0x0, 0x0, 0xbf, 0xff, 0x6a, 0xff, 0xff,
    0xff, 0xff, 0xff, 0xfc, 0x0, 0x0, 0xc, 0xff,
    0xf5, 0x0, 0xb, 0xff, 0xf7, 0x0, 0x0, 0x0,
    0x0, 0x0, 0xef, 0xff, 0x30, 0x0, 0xbf, 0xff,
    0x70, 0x0, 0x0, 0x0, 0x0, 0x2f, 0xff, 0xf1,
    0x0, 0xb, 0xff, 0xf7, 0x0, 0x0, 0x0, 0x0,
    0x8, 0xff, 0xfc, 0x0, 0x0, 0xbf, 0xff, 0x70,
    0x0, 0x0, 0x0, 0x1, 0xef, 0xff, 0x70, 0x0,
    0xb, 0xff, 0xf7, 0x0, 0x0, 0x0, 0x1, 0xcf,
    0xff, 0xf1, 0x0, 0x0, 0xbf, 0xff, 0x70, 0x0,
    0x0, 0x5, 0xdf, 0xff, 0xf7, 0x0, 0x0, 0xb,
    0xff, 0xfd, 0xaa, 0xab, 0xcf, 0xff, 0xff, 0xfa,
    0x0, 0x0, 0x0, 0xbf, 0xff, 0xff, 0xff, 0xff,
    0xff, 0xff, 0xfa, 0x0, 0x0, 0x0, 0xb, 0xff,
    0xff, 0xff, 0xff, 0xff, 0xff, 0xe5, 0x0, 0x0,
    0x0, 0x0, 0xbf, 0xff, 0xff, 0xff, 0xfe, 0xc9,
    0x50, 0x0, 0x0, 0x0,

    /* U+00D1 "Ñ" */
    0x0, 0x0, 0x0, 0x16, 0x62, 0x0, 0x7, 0x71,
    0x0, 0x0, 0x0, 0x0, 0x1, 0xef, 0xff, 0x91,
    0x5f, 0xf2, 0x0, 0x0, 0x0, 0x0, 0x9, 0xff,
    0xff, 0xff, 0xff, 0xd0, 0x0, 0x0, 0x0, 0x0,
    0xd, 0xfb, 0x7, 0xff, 0xff, 0x50, 0x0, 0x0,
    0x0, 0x0, 0x7, 0x73, 0x0, 0x15, 0x72, 0x0,
    0x0, 0x0, 0x0, 0x0, 0x0, 0x0, 0x0, 0x0,
    0x0, 0x0, 0x0, 0x0, 0x0, 0x0, 0x0, 0x0,
    0x0, 0x0, 0x0, 0x0, 0x0, 0x0, 0xaf, 0xff,
    0xf5, 0x0, 0x0, 0x0, 0x0, 0x4, 0xff, 0xff,
    0xaf, 0xff, 0xfe, 0x10, 0x0, 0x0, 0x0, 0x4,
    0xff, 0xff, 0xaf, 0xff, 0xff, 0x90, 0x0, 0x0,
    0x0, 0x4, 0xff, 0xff, 0xaf, 0xff, 0xff, 0xf3,
    0x0, 0x0, 0x0, 0x4, 0xff, 0xff, 0xaf, 0xff,
    0xff, 0xfc, 0x0, 0x0, 0x0, 0x4, 0xff, 0xff,
    0xaf, 0xff, 0xdf, 0xff, 0x60, 0x0, 0x0, 0x4,
    0xff, 0xff, 0xaf, 0xff, 0x7f, 0xff, 0xe1, 0x0,
    0x0, 0x4, 0xff, 0xff, 0xaf, 0xff, 0x69, 0xff,
    0xfa, 0x0, 0x0, 0x4, 0xff, 0xff, 0xaf, 0xff,
    0x71, 0xff, 0xff, 0x30, 0x0, 0x4, 0xff, 0xff,
    0xaf, 0xff, 0x80, 0x8f, 0xff, 0xd0, 0x0, 0x4,
    0xff, 0xff, 0xaf, 0xff, 0x80, 0x1e, 0xff, 0xf7,
    0x0, 0x4, 0xff, 0xff, 0xaf, 0xff, 0x90, 0x6,
    0xff, 0xff, 0x10, 0x4, 0xff, 0xff, 0xaf, 0xff,
    0x90, 0x0, 0xcf, 0xff, 0xa0, 0x4, 0xff, 0xff,
    0xaf, 0xff, 0x90, 0x0, 0x3f, 0xff, 0xf4, 0x4,
    0xff, 0xff, 0xaf, 0xff, 0x90, 0x0, 0x9, 0xff,
    0xfd, 0x3, 0xff, 0xff, 0xaf, 0xff, 0x90, 0x0,
    0x0, 0xef, 0xff, 0x63, 0xff, 0xff, 0xaf, 0xff,
    0x90, 0x0, 0x0, 0x5f, 0xff, 0xe2, 0xff, 0xff,
    0xaf, 0xff, 0x90, 0x0, 0x0, 0xb, 0xff, 0xf7,
    0xff, 0xff, 0xaf, 0xff, 0x90, 0x0, 0x0, 0x2,
    0xff, 0xfd, 0xff, 0xff, 0xaf, 0xff, 0x90, 0x0,
    0x0, 0x0, 0x8f, 0xff, 0xff, 0xff, 0xaf, 0xff,
    0x90, 0x0, 0x0, 0x0, 0xe, 0xff, 0xff, 0xff,
    0xaf, 0xff, 0x90, 0x0, 0x0, 0x0, 0x4, 0xff,
    0xff, 0xff, 0xaf, 0xff, 0x90, 0x0, 0x0, 0x0,
    0x0, 0xbf, 0xff, 0xff, 0xaf, 0xff, 0x90, 0x0,
    0x0, 0x0, 0x0, 0x2f, 0xff, 0xff,

    /* U+00D2 "Ò" */
    0x0, 0x0, 0x0, 0x1e, 0xff, 0xd0, 0x0, 0x0,
    0x0, 0x0, 0x0, 0x0, 0x0, 0x0, 0x5, 0xff,
    0xf5, 0x0, 0x0, 0x0, 0x0, 0x0, 0x0, 0x0,
    0x0, 0x0, 0xaf, 0xfc, 0x0, 0x0, 0x0, 0x0,
    0x0, 0x0, 0x0, 0x0, 0x0, 0x1e, 0xff, 0x30,
    0x0, 0x0, 0x0, 0x0, 0x0, 0x0, 0x0, 0x0,
    0x5, 0xdd, 0x80, 0x0, 0x0, 0x0, 0x0, 0x0,
    0x0, 0x0, 0x0, 0x0, 0x0, 0x0, 0x0, 0x0,
    0x0, 0x0, 0x0, 0x0, 0x0, 0x0, 0x0, 0x0,
    0x0, 0x0, 0x0, 0x0, 0x0, 0x0, 0x0, 0x0,
    0x5, 0xad, 0xff, 0xec, 0x82, 0x0, 0x0, 0x0,
    0x0, 0x0, 0x5, 0xef, 0xff, 0xff, 0xff, 0xff,
    0xb1, 0x0, 0x0, 0x0, 0x0, 0x9f, 0xff, 0xff,
    0xff, 0xff, 0xff, 0xfe, 0x40, 0x0, 0x0, 0x9,
    0xff, 0xff, 0xff, 0xed, 0xff, 0xff, 0xff, 0xf3,
    0x0, 0x0, 0x5f, 0xff, 0xff, 0x71, 0x0, 0x3,
    0xbf, 0xff, 0xfe, 0x0, 0x0, 0xef, 0xff, 0xe2,
    0x0, 0x0, 0x0, 0x7, 0xff, 0xff, 0x80, 0x6,
    0xff, 0xff, 0x30, 0x0, 0x0, 0x0, 0x0, 0xaf,
    0xff, 0xe0, 0xc, 0xff, 0xfa, 0x0, 0x0, 0x0,
    0x0, 0x0, 0x1f, 0xff, 0xf5, 0xf, 0xff, 0xf4,
    0x0, 0x0, 0x0, 0x0, 0x0, 0xb, 0xff, 0xf9,
    0x3f, 0xff, 0xf0, 0x0, 0x0, 0x0, 0x0, 0x0,
    0x7, 0xff, 0xfc, 0x5f, 0xff, 0xe0, 0x0, 0x0,
    0x0, 0x0, 0x0, 0x4, 0xff, 0xfe, 0x5f, 0xff,
    0xd0, 0x0, 0x0, 0x0, 0x0, 0x0, 0x4, 0xff,
    0xff, 0x5f, 0xff, 0xd0, 0x0, 0x0, 0x0, 0x0,
    0x0, 0x3, 0xff, 0xff, 0x5f, 0xff, 0xe0, 0x0,
    0x0, 0x0, 0x0, 0x0, 0x4, 0xff, 0xfe, 0x3f,
    0xff, 0xf0, 0x0, 0x0, 0x0, 0x0, 0x0, 0x7,
    0xff, 0xfc, 0xf, 0xff, 0xf4, 0x0, 0x0, 0x0,
    0x0, 0x0, 0xb, 0xff, 0xf9, 0xc, 0xff, 0xfa,
    0x0, 0x0, 0x0, 0x0, 0x0, 0x1f, 0xff, 0xf5,
    0x6, 0xff, 0xff, 0x30, 0x0, 0x0, 0x0, 0x0,
    0xaf, 0xff, 0xf0, 0x0, 0xef, 0xff, 0xe2, 0x0,
    0x0, 0x0, 0x7, 0xff, 0xff, 0x80, 0x0, 0x5f,
    0xff, 0xff, 0x71, 0x0, 0x3, 0xaf, 0xff, 0xfe,
    0x0, 0x0, 0x9, 0xff, 0xff, 0xff, 0xdd, 0xef,
    0xff, 0xff, 0xf3, 0x0, 0x0, 0x0, 0x9f, 0xff,
    0xff, 0xff, 0xff, 0xff, 0xff, 0x40, 0x0, 0x0,
    0x0, 0x5, 0xef, 0xff, 0xff, 0xff, 0xff, 0xb1,
    0x0, 0x0, 0x0, 0x0, 0x0, 0x5, 0xad, 0xff,
    0xec, 0x83, 0x0, 0x0, 0x0,

    /* U+00D3 "Ó" */
    0x0, 0x0, 0x0, 0x0, 0x0, 0x4, 0xff, 0xf8,
    0x0, 0x0, 0x0, 0x0, 0x0, 0x0, 0x0, 0x0,
    0xb, 0xff, 0xd0, 0x0, 0x0, 0x0, 0x0, 0x0,
    0x0, 0x0, 0x0, 0x2f, 0xff, 0x40, 0x0, 0x0,
    0x0, 0x0, 0x0, 0x0, 0x0, 0x0, 0xaf, 0xf9,
    0x0, 0x0, 0x0, 0x0, 0x0, 0x0, 0x0, 0x0,
    0x0, 0xdd, 0xc0, 0x0, 0x0, 0x0, 0x0, 0x0,
    0x0, 0x0, 0x0, 0x0, 0x0, 0x0, 0x0, 0x0,
    0x0, 0x0, 0x0, 0x0, 0x0, 0x0, 0x0, 0x0,
    0x0, 0x0, 0x0, 0x0, 0x0, 0x0, 0x0, 0x0,
    0x5, 0xad, 0xff, 0xec, 0x82, 0x0, 0x0, 0x0,
    0x0, 0x0, 0x5, 0xef, 0xff, 0xff, 0xff, 0xff,
    0xb1, 0x0, 0x0, 0x0, 0x0, 0x9f, 0xff, 0xff,
    0xff, 0xff, 0xff, 0xfe, 0x40, 0x0, 0x0, 0x9,
    0xff, 0xff, 0xff, 0xed, 0xff, 0xff, 0xff, 0xf3,
    0x0, 0x0, 0x5f, 0xff, 0xff, 0x71, 0x0, 0x3,
    0xbf, 0xff, 0xfe, 0x0, 0x0, 0xef, 0xff, 0xe2,
    0x0, 0x0, 0x0, 0x7, 0xff, 0xff, 0x80, 0x6,
    0xff, 0xff, 0x30, 0x0, 0x0, 0x0, 0x0, 0xaf,
    0xff, 0xe0, 0xc, 0xff, 0xfa, 0x0, 0x0, 0x0,
    0x0, 0x0, 0x1f, 0xff, 0xf5, 0xf, 0xff, 0xf4,
    0x0, 0x0, 0x0, 0x0, 0x0, 0xb, 0xff, 0xf9,
    0x3f, 0xff, 0xf0, 0x0, 0x0, 0x0, 0x0, 0x0,
    0x7, 0xff, 0xfc, 0x5f, 0xff, 0xe0, 0x0, 0x0,
    0x0, 0x0, 0x0, 0x4, 0xff, 0xfe, 0x5f, 0xff,
    0xd0, 0x0, 0x0, 0x0, 0x0, 0x0, 0x4, 0xff,
    0xff, 0x5f, 0xff, 0xd0, 0x0, 0x0, 0x0, 0x0,
    0x0, 0x3, 0xff, 0xff, 0x5f, 0xff, 0xe0, 0x0,
    0x0, 0x0, 0x0, 0x0, 0x4, 0xff, 0xfe, 0x3f,
    0xff, 0xf0, 0x0, 0x0, 0x0, 0x0, 0x0, 0x7,
    0xff, 0xfc, 0xf, 0xff, 0xf4, 0x0, 0x0, 0x0,
    0x0, 0x0, 0xb, 0xff, 0xf9, 0xc, 0xff, 0xfa,
    0x0, 0x0, 0x0, 0x0, 0x0, 0x1f, 0xff, 0xf5,
    0x6, 0xff, 0xff, 0x30, 0x0, 0x0, 0x0, 0x0,
    0xaf, 0xff, 0xf0, 0x0, 0xef, 0xff, 0xe2, 0x0,
    0x0, 0x0, 0x7, 0xff, 0xff, 0x80, 0x0, 0x5f,
    0xff, 0xff, 0x71, 0x0, 0x3, 0xaf, 0xff, 0xfe,
    0x0, 0x0, 0x9, 0xff, 0xff, 0xff, 0xdd, 0xef,
    0xff, 0xff, 0xf3, 0x0, 0x0, 0x0, 0x9f, 0xff,
    0xff, 0xff, 0xff, 0xff, 0xff, 0x40, 0x0, 0x0,
    0x0, 0x5, 0xef, 0xff, 0xff, 0xff, 0xff, 0xb1,
    0x0, 0x0, 0x0, 0x0, 0x0, 0x5, 0xad, 0xff,
    0xec, 0x83, 0x0, 0x0, 0x0,

    /* U+00D4 "Ô" */
    0x0, 0x0, 0x0, 0x0, 0xc, 0xff, 0xf6, 0x0,
    0x0, 0x0, 0x0, 0x0, 0x0, 0x0, 0x0, 0xbf,
    0xff, 0xff, 0x50, 0x0, 0x0, 0x0, 0x0, 0x0,
    0x0, 0xb, 0xff, 0xc3, 0xff, 0xf5, 0x0, 0x0,
    0x0, 0x0, 0x0, 0x0, 0xbf, 0xfd, 0x10, 0x5f,
    0xff, 0x40, 0x0, 0x0, 0x0, 0x0, 0x3, 0x88,
    0x82, 0x0, 0x5, 0x88, 0x70, 0x0, 0x0, 0x0,
    0x0, 0x0, 0x0, 0x0, 0x0, 0x0, 0x0, 0x0,
    0x0, 0x0, 0x0, 0x0, 0x0, 0x0, 0x0, 0x0,
    0x0, 0x0, 0x0, 0x0, 0x0, 0x0, 0x0, 0x0,
    0x5, 0xad, 0xff, 0xec, 0x82, 0x0, 0x0, 0x0,
    0x0, 0x0, 0x5, 0xef, 0xff, 0xff, 0xff, 0xff,
    0xb1, 0x0, 0x0, 0x0, 0x0, 0x9f, 0xff, 0xff,
    0xff, 0xff, 0xff, 0xfe, 0x40, 0x0, 0x0, 0x9,
    0xff, 0xff, 0xff, 0xed, 0xff, 0xff, 0xff, 0xf3,
    0x0, 0x0, 0x5f, 0xff, 0xff, 0x71, 0x0, 0x3,
    0xbf, 0xff, 0xfe, 0x0, 0x0, 0xef, 0xff, 0xe2,
    0x0, 0x0, 0x0, 0x7, 0xff, 0xff, 0x80, 0x6,
    0xff, 0xff, 0x30, 0x0, 0x0, 0x0, 0x0, 0xaf,
    0xff, 0xe0, 0xc, 0xff, 0xfa, 0x0, 0x0, 0x0,
    0x0, 0x0, 0x1f, 0xff, 0xf5, 0xf, 0xff, 0xf4,
    0x0, 0x0, 0x0, 0x0, 0x0, 0xb, 0xff, 0xf9,
    0x3f, 0xff, 0xf0, 0x0, 0x0, 0x0, 0x0, 0x0,
    0x7, 0xff, 0xfc, 0x5f, 0xff, 0xe0, 0x0, 0x0,
    0x0, 0x0, 0x0, 0x4, 0xff, 0xfe, 0x5f, 0xff,
    0xd0, 0x0, 0x0, 0x0, 0x0, 0x0, 0x4, 0xff,
    0xff, 0x5f, 0xff, 0xd0, 0x0, 0x0, 0x0, 0x0,
    0x0, 0x3, 0xff, 0xff, 0x5f, 0xff, 0xe0, 0x0,
    0x0, 0x0, 0x0, 0x0, 0x4, 0xff, 0xfe, 0x3f,
    0xff, 0xf0, 0x0, 0x0, 0x0, 0x0, 0x0, 0x7,
    0xff, 0xfc, 0xf, 0xff, 0xf4, 0x0, 0x0, 0x0,
    0x0, 0x0, 0xb, 0xff, 0xf9, 0xc, 0xff, 0xfa,
    0x0, 0x0, 0x0, 0x0, 0x0, 0x1f, 0xff, 0xf5,
    0x6, 0xff, 0xff, 0x30, 0x0, 0x0, 0x0, 0x0,
    0xaf, 0xff, 0xf0, 0x0, 0xef, 0xff, 0xe2, 0x0,
    0x0, 0x0, 0x7, 0xff, 0xff, 0x80, 0x0, 0x5f,
    0xff, 0xff, 0x71, 0x0, 0x3, 0xaf, 0xff, 0xfe,
    0x0, 0x0, 0x9, 0xff, 0xff, 0xff, 0xdd, 0xef,
    0xff, 0xff, 0xf3, 0x0, 0x0, 0x0, 0x9f, 0xff,
    0xff, 0xff, 0xff, 0xff, 0xff, 0x40, 0x0, 0x0,
    0x0, 0x5, 0xef, 0xff, 0xff, 0xff, 0xff, 0xb1,
    0x0, 0x0, 0x0, 0x0, 0x0, 0x5, 0xad, 0xff,
    0xec, 0x83, 0x0, 0x0, 0x0,

    /* U+00D5 "Õ" */
    0x0, 0x0, 0x0, 0x5, 0xef, 0xa1, 0x0, 0xff,
    0x50, 0x0, 0x0, 0x0, 0x0, 0x0, 0x2f, 0xff,
    0xfd, 0x34, 0xff, 0x30, 0x0, 0x0, 0x0, 0x0,
    0x0, 0x8f, 0xf8, 0xef, 0xff, 0xfe, 0x0, 0x0,
    0x0, 0x0, 0x0, 0x0, 0xbf, 0xb0, 0x1b, 0xff,
    0xf5, 0x0, 0x0, 0x0, 0x0, 0x0, 0x0, 0x67,
    0x40, 0x0, 0x46, 0x30, 0x0, 0x0, 0x0, 0x0,
    0x0, 0x0, 0x0, 0x0, 0x0, 0x0, 0x0, 0x0,
    0x0, 0x0, 0x0, 0x0, 0x0, 0x0, 0x0, 0x0,
    0x0, 0x0, 0x0, 0x0, 0x0, 0x0, 0x0, 0x0,
    0x5, 0xad, 0xff, 0xec, 0x82, 0x0, 0x0, 0x0,
    0x0, 0x0, 0x5, 0xef, 0xff, 0xff, 0xff, 0xff,
    0xb1, 0x0, 0x0, 0x0, 0x0, 0x9f, 0xff, 0xff,
    0xff, 0xff, 0xff, 0xfe, 0x40, 0x0, 0x0, 0x9,
    0xff, 0xff, 0xff, 0xed, 0xff, 0xff, 0xff, 0xf3,
    0x0, 0x0, 0x5f, 0xff, 0xff, 0x71, 0x0, 0x3,
    0xbf, 0xff, 0xfe, 0x0, 0x0, 0xef, 0xff, 0xe2,
    0x0, 0x0, 0x0, 0x7, 0xff, 0xff, 0x80, 0x6,
    0xff, 0xff, 0x30, 0x0, 0x0, 0x0, 0x0, 0xaf,
    0xff, 0xe0, 0xc, 0xff, 0xfa, 0x0, 0x0, 0x0,
    0x0, 0x0, 0x1f, 0xff, 0xf5, 0xf, 0xff, 0xf4,
    0x0, 0x0, 0x0, 0x0, 0x0, 0xb, 0xff, 0xf9,
    0x3f, 0xff, 0xf0, 0x0, 0x0, 0x0, 0x0, 0x0,
    0x7, 0xff, 0xfc, 0x5f, 0xff, 0xe0, 0x0, 0x0,
    0x0, 0x0, 0x0, 0x4, 0xff, 0xfe, 0x5f, 0xff,
    0xd0, 0x0, 0x0, 0x0, 0x0, 0x0, 0x4, 0xff,
    0xff, 0x5f, 0xff, 0xd0, 0x0, 0x0, 0x0, 0x0,
    0x0, 0x3, 0xff, 0xff, 0x5f, 0xff, 0xe0, 0x0,
    0x0, 0x0, 0x0, 0x0, 0x4, 0xff, 0xfe, 0x3f,
    0xff, 0xf0, 0x0, 0x0, 0x0, 0x0, 0x0, 0x7,
    0xff, 0xfc, 0xf, 0xff, 0xf4, 0x0, 0x0, 0x0,
    0x0, 0x0, 0xb, 0xff, 0xf9, 0xc, 0xff, 0xfa,
    0x0, 0x0, 0x0, 0x0, 0x0, 0x1f, 0xff, 0xf5,
    0x6, 0xff, 0xff, 0x30, 0x0, 0x0, 0x0, 0x0,
    0xaf, 0xff, 0xf0, 0x0, 0xef, 0xff, 0xe2, 0x0,
    0x0, 0x0, 0x7, 0xff, 0xff, 0x80, 0x0, 0x5f,
    0xff, 0xff, 0x71, 0x0, 0x3, 0xaf, 0xff, 0xfe,
    0x0, 0x0, 0x9, 0xff, 0xff, 0xff, 0xdd, 0xef,
    0xff, 0xff, 0xf3, 0x0, 0x0, 0x0, 0x9f, 0xff,
    0xff, 0xff, 0xff, 0xff, 0xff, 0x40, 0x0, 0x0,
    0x0, 0x5, 0xef, 0xff, 0xff, 0xff, 0xff, 0xb1,
    0x0, 0x0, 0x0, 0x0, 0x0, 0x5, 0xad, 0xff,
    0xec, 0x83, 0x0, 0x0, 0x0,

    /* U+00D6 "Ö" */
    0x0, 0x0, 0x0, 0x6e, 0xd4, 0x0, 0x9, 0xfc,
    0x20, 0x0, 0x0, 0x0, 0x0, 0x1, 0xff, 0xfe,
    0x0, 0x5f, 0xff, 0xb0, 0x0, 0x0, 0x0, 0x0,
    0x3, 0xff, 0xff, 0x0, 0x6f, 0xff, 0xd0, 0x0,
    0x0, 0x0, 0x0, 0x0, 0xbf, 0xf8, 0x0, 0x1d,
    0xff, 0x50, 0x0, 0x0, 0x0, 0x0, 0x0, 0x4,
    0x30, 0x0, 0x0, 0x42, 0x0, 0x0, 0x0, 0x0,
    0x0, 0x0, 0x0, 0x0, 0x0, 0x0, 0x0, 0x0,
    0x0, 0x0, 0x0, 0x0, 0x0, 0x0, 0x0, 0x0,
    0x0, 0x0, 0x0, 0x0, 0x0, 0x0, 0x0, 0x0,
    0x5, 0xad, 0xff, 0xec, 0x82, 0x0, 0x0, 0x0,
    0x0, 0x0, 0x5, 0xef, 0xff, 0xff, 0xff, 0xff,
    0xb1, 0x0, 0x0, 0x0, 0x0, 0x9f, 0xff, 0xff,
    0xff, 0xff, 0xff, 0xfe, 0x40, 0x0, 0x0, 0x9,
    0xff, 0xff, 0xff, 0xed, 0xff, 0xff, 0xff, 0xf3,
    0x0, 0x0, 0x5f, 0xff, 0xff, 0x71, 0x0, 0x3,
    0xbf, 0xff, 0xfe, 0x0, 0x0, 0xef, 0xff, 0xe2,
    0x0, 0x0, 0x0, 0x7, 0xff, 0xff, 0x80, 0x6,
    0xff, 0xff, 0x30, 0x0, 0x0, 0x0, 0x0, 0xaf,
    0xff, 0xe0, 0xc, 0xff, 0xfa, 0x0, 0x0, 0x0,
    0x0, 0x0, 0x1f, 0xff, 0xf5, 0xf, 0xff, 0xf4,
    0x0, 0x0, 0x0, 0x0, 0x0, 0xb, 0xff, 0xf9,
    0x3f, 0xff, 0xf0, 0x0, 0x0, 0x0, 0x0, 0x0,
    0x7, 0xff, 0xfc, 0x5f, 0xff, 0xe0, 0x0, 0x0,
    0x0, 0x0, 0x0, 0x4, 0xff, 0xfe, 0x5f, 0xff,
    0xd0, 0x0, 0x0, 0x0, 0x0, 0x0, 0x4, 0xff,
    0xff, 0x5f, 0xff, 0xd0, 0x0, 0x0, 0x0, 0x0,
    0x0, 0x3, 0xff, 0xff, 0x5f, 0xff, 0xe0, 0x0,
    0x0, 0x0, 0x0, 0x0, 0x4, 0xff, 0xfe, 0x3f,
    0xff, 0xf0, 0x0, 0x0, 0x0, 0x0, 0x0, 0x7,
    0xff, 0xfc, 0xf, 0xff, 0xf4, 0x0, 0x0, 0x0,
    0x0, 0x0, 0xb, 0xff, 0xf9, 0xc, 0xff, 0xfa,
    0x0, 0x0, 0x0, 0x0, 0x0, 0x1f, 0xff, 0xf5,
    0x6, 0xff, 0xff, 0x30, 0x0, 0x0, 0x0, 0x0,
    0xaf, 0xff, 0xf0, 0x0, 0xef, 0xff, 0xe2, 0x0,
    0x0, 0x0, 0x7, 0xff, 0xff, 0x80, 0x0, 0x5f,
    0xff, 0xff, 0x71, 0x0, 0x3, 0xaf, 0xff, 0xfe,
    0x0, 0x0, 0x9, 0xff, 0xff, 0xff, 0xdd, 0xef,
    0xff, 0xff, 0xf3, 0x0, 0x0, 0x0, 0x9f, 0xff,
    0xff, 0xff, 0xff, 0xff, 0xff, 0x40, 0x0, 0x0,
    0x0, 0x5, 0xef, 0xff, 0xff, 0xff, 0xff, 0xb1,
    0x0, 0x0, 0x0, 0x0, 0x0, 0x5, 0xad, 0xff,
    0xec, 0x83, 0x0, 0x0, 0x0,

    /* U+00D7 "×" */
    0x0, 0x3, 0x0, 0x0, 0x0, 0x0, 0x0, 0x20,
    0x0, 0x8, 0xf5, 0x0, 0x0, 0x0, 0x0, 0xbe,
    0x30, 0x8, 0xff, 0xf5, 0x0, 0x0, 0x0, 0xbf,
    0xfe, 0x20, 0xbf, 0xff, 0xf5, 0x0, 0x0, 0xbf,
    0xff, 0xf5, 0x0, 0xcf, 0xff, 0xf5, 0x0, 0xaf,
    0xff, 0xf6, 0x0, 0x0, 0xcf, 0xff, 0xf5, 0xaf,
    0xff, 0xf6, 0x0, 0x0, 0x0, 0xcf, 0xff, 0xff,
    0xff, 0xf6, 0x0, 0x0, 0x0, 0x0, 0xcf, 0xff,
    0xff, 0xf7, 0x0, 0x0, 0x0, 0x0, 0x1, 0xef,
    0xff, 0xf9, 0x0, 0x0, 0x0, 0x0, 0x0, 0x9f,
    0xff, 0xff, 0xf3, 0x0, 0x0, 0x0, 0x0, 0x9f,
    0xff, 0xff, 0xff, 0xf3, 0x0, 0x0, 0x0, 0x9f,
    0xff, 0xf8, 0xdf, 0xff, 0xf3, 0x0, 0x0, 0x8f,
    0xff, 0xf8, 0x1, 0xdf, 0xff, 0xe3, 0x0, 0x8f,
    0xff, 0xf8, 0x0, 0x1, 0xdf, 0xff, 0xe3, 0xb,
    0xff, 0xf9, 0x0, 0x0, 0x1, 0xdf, 0xff, 0x50,
    0xb, 0xf9, 0x0, 0x0, 0x0, 0x1, 0xdf, 0x50,
    0x0, 0x6, 0x0, 0x0, 0x0, 0x0, 0x1, 0x50,
    0x0,

    /* U+00D8 "Ø" */
    0x0, 0x0, 0x0, 0x0, 0x0, 0x0, 0x0, 0x0,
    0x0, 0x50, 0x0, 0x0, 0x0, 0x0, 0x5, 0xad,
    0xff, 0xec, 0x82, 0x4, 0xfd, 0x20, 0x0, 0x0,
    0x5, 0xef, 0xff, 0xff, 0xff, 0xff, 0xcf, 0xff,
    0x40, 0x0, 0x0, 0x9f, 0xff, 0xff, 0xff, 0xff,
    0xff, 0xff, 0xf9, 0x0, 0x0, 0x9, 0xff, 0xff,
    0xff, 0xed, 0xff, 0xff, 0xff, 0xf4, 0x0, 0x0,
    0x5f, 0xff, 0xff, 0x71, 0x0, 0x3, 0xdf, 0xff,
    0xfe, 0x0, 0x0, 0xef, 0xff, 0xe2, 0x0, 0x0,
    0x0, 0xcf, 0xff, 0xff, 0x80, 0x6, 0xff, 0xff,
    0x30, 0x0, 0x0, 0x7, 0xff, 0xff, 0xff, 0xe0,
    0xc, 0xff, 0xfa, 0x0, 0x0, 0x0, 0x3f, 0xff,
    0x3f, 0xff, 0xf5, 0xf, 0xff, 0xf4, 0x0, 0x0,
    0x0, 0xdf, 0xf6, 0xb, 0xff, 0xf9, 0x3f, 0xff,
    0xf0, 0x0, 0x0, 0x9, 0xff, 0xb0, 0x7, 0xff,
    0xfc, 0x5f, 0xff, 0xe0, 0x0, 0x0, 0x4f, 0xfe,
    0x10, 0x4, 0xff, 0xfe, 0x5f, 0xff, 0xd0, 0x0,
    0x1, 0xef, 0xf5, 0x0, 0x4, 0xff, 0xff, 0x5f,
    0xff, 0xd0, 0x0, 0xa, 0xff, 0x90, 0x0, 0x3,
    0xff, 0xff, 0x5f, 0xff, 0xe0, 0x0, 0x6f, 0xfd,
    0x0, 0x0, 0x4, 0xff, 0xfe, 0x3f, 0xff, 0xf0,
    0x2, 0xff, 0xf3, 0x0, 0x0, 0x7, 0xff, 0xfc,
    0xf, 0xff, 0xf4, 0xc, 0xff, 0x80, 0x0, 0x0,
    0xb, 0xff, 0xf9, 0xc, 0xff, 0xfa, 0x7f, 0xfc,
    0x0, 0x0, 0x0, 0x1f, 0xff, 0xf5, 0x6, 0xff,
    0xff, 0xff, 0xf2, 0x0, 0x0, 0x0, 0xaf, 0xff,
    0xf0, 0x0, 0xef, 0xff, 0xff, 0x60, 0x0, 0x0,
    0x7, 0xff, 0xff, 0x80, 0x0, 0x5f, 0xff, 0xff,
    0x71, 0x0, 0x3, 0xaf, 0xff, 0xfe, 0x0, 0x0,
    0xd, 0xff, 0xff, 0xff, 0xdd, 0xef, 0xff, 0xff,
    0xf3, 0x0, 0x0, 0x1e, 0xff, 0xff, 0xff, 0xff,
    0xff, 0xff, 0xff, 0x40, 0x0, 0x0, 0xaf, 0xff,
    0xef, 0xff, 0xff, 0xff, 0xff, 0xb1, 0x0, 0x0,
    0x0, 0x6f, 0xe0, 0x5, 0xad, 0xff, 0xec, 0x83,
    0x0, 0x0, 0x0, 0x0, 0x2, 0x30, 0x0, 0x0,
    0x0, 0x0, 0x0, 0x0, 0x0, 0x0,

    /* U+00D9 "Ù" */
    0x0, 0x0, 0x7, 0xff, 0xf5, 0x0, 0x0, 0x0,
    0x0, 0x0, 0x0, 0x0, 0x0, 0xdf, 0xfc, 0x0,
    0x0, 0x0, 0x0, 0x0, 0x0, 0x0, 0x0, 0x3f,
    0xff, 0x40, 0x0, 0x0, 0x0, 0x0, 0x0, 0x0,
    0x0, 0x8, 0xff, 0xb0, 0x0, 0x0, 0x0, 0x0,
    0x0, 0x0, 0x0, 0x0, 0xcd, 0xd1, 0x0, 0x0,
    0x0, 0x0, 0x0, 0x0, 0x0, 0x0, 0x0, 0x0,
    0x0, 0x0, 0x0, 0x0, 0x0, 0x0, 0x0, 0x0,
    0x0, 0x0, 0x0, 0x0, 0x0, 0x0, 0xaf, 0xff,
    0x80, 0x0, 0x0, 0x0, 0x0, 0xf, 0xff, 0xf3,
    0xaf, 0xff, 0x80, 0x0, 0x0, 0x0, 0x0, 0xf,
    0xff, 0xf3, 0xaf, 0xff, 0x80, 0x0, 0x0, 0x0,
    0x0, 0xf, 0xff, 0xf3, 0xaf, 0xff, 0x80, 0x0,
    0x0, 0x0, 0x0, 0xf, 0xff, 0xf3, 0xaf, 0xff,
    0x80, 0x0, 0x0, 0x0, 0x0, 0xf, 0xff, 0xf3,
    0xaf, 0xff, 0x80, 0x0, 0x0, 0x0, 0x0, 0xf,
    0xff, 0xf3, 0xaf, 0xff, 0x80, 0x0, 0x0, 0x0,
    0x0, 0xf, 0xff, 0xf3, 0xaf, 0xff, 0x80, 0x0,
    0x0, 0x0, 0x0, 0xf, 0xff, 0xf3, 0xaf, 0xff,
    0x80, 0x0, 0x0, 0x0, 0x0, 0xf, 0xff, 0xf3,
    0xaf, 0xff, 0x80, 0x0, 0x0, 0x0, 0x0, 0xf,
    0xff, 0xf3, 0xaf, 0xff, 0x80, 0x0, 0x0, 0x0,
    0x0, 0xf, 0xff, 0xf3, 0xaf, 0xff, 0x80, 0x0,
    0x0, 0x0, 0x0, 0xf, 0xff, 0xf3, 0xaf, 0xff,
    0x80, 0x0, 0x0, 0x0, 0x0, 0xf, 0xff, 0xf3,
    0xaf, 0xff, 0x80, 0x0, 0x0, 0x0, 0x0, 0xf,
    0xff, 0xf3, 0xaf, 0xff, 0x80, 0x0, 0x0, 0x0,
    0x0, 0xf, 0xff, 0xf3, 0xaf, 0xff, 0x80, 0x0,
    0x0, 0x0, 0x0, 0xf, 0xff, 0xf3, 0x9f, 0xff,
    0xb0, 0x0, 0x0, 0x0, 0x0, 0x2f, 0xff, 0xf2,
    0x6f, 0xff, 0xf1, 0x0, 0x0, 0x0, 0x0, 0x8f,
    0xff, 0xf0, 0x2f, 0xff, 0xfb, 0x0, 0x0, 0x0,
    0x3, 0xff, 0xff, 0xb0, 0xb, 0xff, 0xff, 0xc3,
    0x0, 0x0, 0x7f, 0xff, 0xff, 0x30, 0x1, 0xef,
    0xff, 0xff, 0xed, 0xdf, 0xff, 0xff, 0xf8, 0x0,
    0x0, 0x3e, 0xff, 0xff, 0xff, 0xff, 0xff, 0xff,
    0xa0, 0x0, 0x0, 0x1, 0xbf, 0xff, 0xff, 0xff,
    0xff, 0xf6, 0x0, 0x0, 0x0, 0x0, 0x3, 0x8c,
    0xef, 0xfe, 0xb6, 0x10, 0x0, 0x0,

    /* U+00DA "Ú" */
    0x0, 0x0, 0x0, 0x0, 0x0, 0xdf, 0xfe, 0x10,
    0x0, 0x0, 0x0, 0x0, 0x0, 0x0, 0x4, 0xff,
    0xf5, 0x0, 0x0, 0x0, 0x0, 0x0, 0x0, 0x0,
    0xb, 0xff, 0xb0, 0x0, 0x0, 0x0, 0x0, 0x0,
    0x0, 0x0, 0x2f, 0xff, 0x10, 0x0, 0x0, 0x0,
    0x0, 0x0, 0x0, 0x0, 0x7d, 0xd6, 0x0, 0x0,
    0x0, 0x0, 0x0, 0x0, 0x0, 0x0, 0x0, 0x0,
    0x0, 0x0, 0x0, 0x0, 0x0, 0x0, 0x0, 0x0,
    0x0, 0x0, 0x0, 0x0, 0x0, 0x0, 0xaf, 0xff,
    0x80, 0x0, 0x0, 0x0, 0x0, 0xf, 0xff, 0xf3,
    0xaf, 0xff, 0x80, 0x0, 0x0, 0x0, 0x0, 0xf,
    0xff, 0xf3, 0xaf, 0xff, 0x80, 0x0, 0x0, 0x0,
    0x0, 0xf, 0xff, 0xf3, 0xaf, 0xff, 0x80, 0x0,
    0x0, 0x0, 0x0, 0xf, 0xff, 0xf3, 0xaf, 0xff,
    0x80, 0x0, 0x0, 0x0, 0x0, 0xf, 0xff, 0xf3,
    0xaf, 0xff, 0x80, 0x0, 0x0, 0x0, 0x0, 0xf,
    0xff, 0xf3, 0xaf, 0xff, 0x80, 0x0, 0x0, 0x0,
    0x0, 0xf, 0xff, 0xf3, 0xaf, 0xff, 0x80, 0x0,
    0x0, 0x0, 0x0, 0xf, 0xff, 0xf3, 0xaf, 0xff,
    0x80, 0x0, 0x0, 0x0, 0x0, 0xf, 0xff, 0xf3,
    0xaf, 0xff, 0x80, 0x0, 0x0, 0x0, 0x0, 0xf,
    0xff, 0xf3, 0xaf, 0xff, 0x80, 0x0, 0x0, 0x0,
    0x0, 0xf, 0xff, 0xf3, 0xaf, 0xff, 0x80, 0x0,
    0x0, 0x0, 0x0, 0xf, 0xff, 0xf3, 0xaf, 0xff,
    0x80, 0x0, 0x0, 0x0, 0x0, 0xf, 0xff, 0xf3,
    0xaf, 0xff, 0x80, 0x0, 0x0, 0x0, 0x0, 0xf,
    0xff, 0xf3, 0xaf, 0xff, 0x80, 0x0, 0x0, 0x0,
    0x0, 0xf, 0xff, 0xf3, 0xaf, 0xff, 0x80, 0x0,
    0x0, 0x0, 0x0, 0xf, 0xff, 0xf3, 0x9f, 0xff,
    0xb0, 0x0, 0x0, 0x0, 0x0, 0x2f, 0xff, 0xf2,
    0x6f, 0xff, 0xf1, 0x0, 0x0, 0x0, 0x0, 0x8f,
    0xff, 0xf0, 0x2f, 0xff, 0xfb, 0x0, 0x0, 0x0,
    0x3, 0xff, 0xff, 0xb0, 0xb, 0xff, 0xff, 0xc3,
    0x0, 0x0, 0x7f, 0xff, 0xff, 0x30, 0x1, 0xef,
    0xff, 0xff, 0xed, 0xdf, 0xff, 0xff, 0xf8, 0x0,
    0x0, 0x3e, 0xff, 0xff, 0xff, 0xff, 0xff, 0xff,
    0xa0, 0x0, 0x0, 0x1, 0xbf, 0xff, 0xff, 0xff,
    0xff, 0xf6, 0x0, 0x0, 0x0, 0x0, 0x3, 0x8c,
    0xef, 0xfe, 0xb6, 0x10, 0x0, 0x0,

    /* U+00DB "Û" */
    0x0, 0x0, 0x0, 0x5, 0xff, 0xfd, 0x10, 0x0,
    0x0, 0x0, 0x0, 0x0, 0x0, 0x5f, 0xff, 0xff,
    0xc0, 0x0, 0x0, 0x0, 0x0, 0x0, 0x4, 0xff,
    0xf4, 0xaf, 0xfb, 0x0, 0x0, 0x0, 0x0, 0x0,
    0x4f, 0xff, 0x60, 0xc, 0xff, 0xb0, 0x0, 0x0,
    0x0, 0x0, 0x78, 0x86, 0x0, 0x1, 0x88, 0x83,
    0x0, 0x0, 0x0, 0x0, 0x0, 0x0, 0x0, 0x0,
    0x0, 0x0, 0x0, 0x0, 0x0, 0x0, 0x0, 0x0,
    0x0, 0x0, 0x0, 0x0, 0x0, 0x0, 0xaf, 0xff,
    0x80, 0x0, 0x0, 0x0, 0x0, 0xf, 0xff, 0xf3,
    0xaf, 0xff, 0x80, 0x0, 0x0, 0x0, 0x0, 0xf,
    0xff, 0xf3, 0xaf, 0xff, 0x80, 0x0, 0x0, 0x0,
    0x0, 0xf, 0xff, 0xf3, 0xaf, 0xff, 0x80, 0x0,
    0x0, 0x0, 0x0, 0xf, 0xff, 0xf3, 0xaf, 0xff,
    0x80, 0x0, 0x0, 0x0, 0x0, 0xf, 0xff, 0xf3,
    0xaf, 0xff, 0x80, 0x0, 0x0, 0x0, 0x0, 0xf,
    0xff, 0xf3, 0xaf, 0xff, 0x80, 0x0, 0x0, 0x0,
    0x0, 0xf, 0xff, 0xf3, 0xaf, 0xff, 0x80, 0x0,
    0x0, 0x0, 0x0, 0xf, 0xff, 0xf3, 0xaf, 0xff,
    0x80, 0x0, 0x0, 0x0, 0x0, 0xf, 0xff, 0xf3,
    0xaf, 0xff, 0x80, 0x0, 0x0, 0x0, 0x0, 0xf,
    0xff, 0xf3, 0xaf, 0xff, 0x80, 0x0, 0x0, 0x0,
    0x0, 0xf, 0xff, 0xf3, 0xaf, 0xff, 0x80, 0x0,
    0x0, 0x0, 0x0, 0xf, 0xff, 0xf3, 0xaf, 0xff,
    0x80, 0x0, 0x0, 0x0, 0x0, 0xf, 0xff, 0xf3,
    0xaf, 0xff, 0x80, 0x0, 0x0, 0x0, 0x0, 0xf,
    0xff, 0xf3, 0xaf, 0xff, 0x80, 0x0, 0x0, 0x0,
    0x0, 0xf, 0xff, 0xf3, 0xaf, 0xff, 0x80, 0x0,
    0x0, 0x0, 0x0, 0xf, 0xff, 0xf3, 0x9f, 0xff,
    0xb0, 0x0, 0x0, 0x0, 0x0, 0x2f, 0xff, 0xf2,
    0x6f, 0xff, 0xf1, 0x0, 0x0, 0x0, 0x0, 0x8f,
    0xff, 0xf0, 0x2f, 0xff, 0xfb, 0x0, 0x0, 0x0,
    0x3, 0xff, 0xff, 0xb0, 0xb, 0xff, 0xff, 0xc3,
    0x0, 0x0, 0x7f, 0xff, 0xff, 0x30, 0x1, 0xef,
    0xff, 0xff, 0xed, 0xdf, 0xff, 0xff, 0xf8, 0x0,
    0x0, 0x3e, 0xff, 0xff, 0xff, 0xff, 0xff, 0xff,
    0xa0, 0x0, 0x0, 0x1, 0xbf, 0xff, 0xff, 0xff,
    0xff, 0xf6, 0x0, 0x0, 0x0, 0x0, 0x3, 0x8c,
    0xef, 0xfe, 0xb6, 0x10, 0x0, 0x0,

    /* U+00DC "Ü" */
    0x0, 0x0, 0x1c, 0xf9, 0x0, 0x3, 0xde, 0x70,
    0x0, 0x0, 0x0, 0x0, 0xaf, 0xff, 0x60, 0xd,
    0xff, 0xf3, 0x0, 0x0, 0x0, 0x0, 0xbf, 0xff,
    0x70, 0xe, 0xff, 0xf4, 0x0, 0x0, 0x0, 0x0,
    0x4f, 0xfe, 0x10, 0x7, 0xff, 0xc0, 0x0, 0x0,
    0x0, 0x0, 0x2, 0x41, 0x0, 0x0, 0x24, 0x0,
    0x0, 0x0, 0x0, 0x0, 0x0, 0x0, 0x0, 0x0,
    0x0, 0x0, 0x0, 0x0, 0x0, 0x0, 0x0, 0x0,
    0x0, 0x0, 0x0, 0x0, 0x0, 0x0, 0xaf, 0xff,
    0x80, 0x0, 0x0, 0x0, 0x0, 0xf, 0xff, 0xf3,
    0xaf, 0xff, 0x80, 0x0, 0x0, 0x0, 0x0, 0xf,
    0xff, 0xf3, 0xaf, 0xff, 0x80, 0x0, 0x0, 0x0,
    0x0, 0xf, 0xff, 0xf3, 0xaf, 0xff, 0x80, 0x0,
    0x0, 0x0, 0x0, 0xf, 0xff, 0xf3, 0xaf, 0xff,
    0x80, 0x0, 0x0, 0x0, 0x0, 0xf, 0xff, 0xf3,
    0xaf, 0xff, 0x80, 0x0, 0x0, 0x0, 0x0, 0xf,
    0xff, 0xf3, 0xaf, 0xff, 0x80, 0x0, 0x0, 0x0,
    0x0, 0xf, 0xff, 0xf3, 0xaf, 0xff, 0x80, 0x0,
    0x0, 0x0, 0x0, 0xf, 0xff, 0xf3, 0xaf, 0xff,
    0x80, 0x0, 0x0, 0x0, 0x0, 0xf, 0xff, 0xf3,
    0xaf, 0xff, 0x80, 0x0, 0x0, 0x0, 0x0, 0xf,
    0xff, 0xf3, 0xaf, 0xff, 0x80, 0x0, 0x0, 0x0,
    0x0, 0xf, 0xff, 0xf3, 0xaf, 0xff, 0x80, 0x0,
    0x0, 0x0, 0x0, 0xf, 0xff, 0xf3, 0xaf, 0xff,
    0x80, 0x0, 0x0, 0x0, 0x0, 0xf, 0xff, 0xf3,
    0xaf, 0xff, 0x80, 0x0, 0x0, 0x0, 0x0, 0xf,
    0xff, 0xf3, 0xaf, 0xff, 0x80, 0x0, 0x0, 0x0,
    0x0, 0xf, 0xff, 0xf3, 0xaf, 0xff, 0x80, 0x0,
    0x0, 0x0, 0x0, 0xf, 0xff, 0xf3, 0x9f, 0xff,
    0xb0, 0x0, 0x0, 0x0, 0x0, 0x2f, 0xff, 0xf2,
    0x6f, 0xff, 0xf1, 0x0, 0x0, 0x0, 0x0, 0x8f,
    0xff, 0xf0, 0x2f, 0xff, 0xfb, 0x0, 0x0, 0x0,
    0x3, 0xff, 0xff, 0xb0, 0xb, 0xff, 0xff, 0xc3,
    0x0, 0x0, 0x7f, 0xff, 0xff, 0x30, 0x1, 0xef,
    0xff, 0xff, 0xed, 0xdf, 0xff, 0xff, 0xf8, 0x0,
    0x0, 0x3e, 0xff, 0xff, 0xff, 0xff, 0xff, 0xff,
    0xa0, 0x0, 0x0, 0x1, 0xbf, 0xff, 0xff, 0xff,
    0xff, 0xf6, 0x0, 0x0, 0x0, 0x0, 0x3, 0x8c,
    0xef, 0xfe, 0xb6, 0x10, 0x0, 0x0,

    /* U+00DD "Ý" */
    0x0, 0x0, 0x0, 0x0, 0x0, 0x2, 0xdd, 0xd9,
    0x0, 0x0, 0x0, 0x0, 0x0, 0x0, 0x0, 0x0,
    0x0, 0x9f, 0xff, 0x20, 0x0, 0x0, 0x0, 0x0,
    0x0, 0x0, 0x0, 0x0, 0xf, 0xff, 0x70, 0x0,
    0x0, 0x0, 0x0, 0x0, 0x0, 0x0, 0x0, 0x7,
    0xff, 0xc0, 0x0, 0x0, 0x0, 0x0, 0x0, 0x0,
    0x0, 0x0, 0x0, 0xef, 0xf2, 0x0, 0x0, 0x0,
    0x0, 0x0, 0x0, 0x0, 0x0, 0x0, 0x0, 0x0,
    0x0, 0x0, 0x0, 0x0, 0x0, 0x0, 0x0, 0x0,
    0x0, 0x0, 0x0, 0x0, 0x0, 0x0, 0x0, 0x0,
    0x0, 0xef, 0xff, 0xe0, 0x0, 0x0, 0x0, 0x0,
    0x1, 0xff, 0xff, 0xc0, 0x5, 0xff, 0xff, 0x70,
    0x0, 0x0, 0x0, 0x0, 0x9f, 0xff, 0xf3, 0x0,
    0xc, 0xff, 0xff, 0x10, 0x0, 0x0, 0x0, 0x2f,
    0xff, 0xf9, 0x0, 0x0, 0x2f, 0xff, 0xf9, 0x0,
    0x0, 0x0, 0xb, 0xff, 0xff, 0x10, 0x0, 0x0,
    0x9f, 0xff, 0xf2, 0x0, 0x0, 0x3, 0xff, 0xff,
    0x70, 0x0, 0x0, 0x1, 0xef, 0xff, 0xa0, 0x0,
    0x0, 0xcf, 0xff, 0xd0, 0x0, 0x0, 0x0, 0x6,
    0xff, 0xff, 0x30, 0x0, 0x4f, 0xff, 0xf4, 0x0,
    0x0, 0x0, 0x0, 0xd, 0xff, 0xfc, 0x0, 0xd,
    0xff, 0xfb, 0x0, 0x0, 0x0, 0x0, 0x0, 0x4f,
    0xff, 0xf4, 0x5, 0xff, 0xff, 0x20, 0x0, 0x0,
    0x0, 0x0, 0x0, 0xaf, 0xff, 0xc0, 0xdf, 0xff,
    0x80, 0x0, 0x0, 0x0, 0x0, 0x0, 0x1, 0xff,
    0xff, 0x7f, 0xff, 0xe0, 0x0, 0x0, 0x0, 0x0,
    0x0, 0x0, 0x8, 0xff, 0xff, 0xff, 0xf6, 0x0,
    0x0, 0x0, 0x0, 0x0, 0x0, 0x0, 0xe, 0xff,
    0xff, 0xfc, 0x0, 0x0, 0x0, 0x0, 0x0, 0x0,
    0x0, 0x0, 0x5f, 0xff, 0xff, 0x30, 0x0, 0x0,
    0x0, 0x0, 0x0, 0x0, 0x0, 0x0, 0xcf, 0xff,
    0xb0, 0x0, 0x0, 0x0, 0x0, 0x0, 0x0, 0x0,
    0x0, 0xa, 0xff, 0xf8, 0x0, 0x0, 0x0, 0x0,
    0x0, 0x0, 0x0, 0x0, 0x0, 0xaf, 0xff, 0x80,
    0x0, 0x0, 0x0, 0x0, 0x0, 0x0, 0x0, 0x0,
    0xa, 0xff, 0xf8, 0x0, 0x0, 0x0, 0x0, 0x0,
    0x0, 0x0, 0x0, 0x0, 0xaf, 0xff, 0x80, 0x0,
    0x0, 0x0, 0x0, 0x0, 0x0, 0x0, 0x0, 0xa,
    0xff, 0xf8, 0x0, 0x0, 0x0, 0x0, 0x0, 0x0,
    0x0, 0x0, 0x0, 0xaf, 0xff, 0x80, 0x0, 0x0,
    0x0, 0x0, 0x0, 0x0, 0x0, 0x0, 0xa, 0xff,
    0xf8, 0x0, 0x0, 0x0, 0x0, 0x0, 0x0, 0x0,
    0x0, 0x0, 0xaf, 0xff, 0x80, 0x0, 0x0, 0x0,
    0x0, 0x0, 0x0, 0x0, 0x0, 0xa, 0xff, 0xf8,
    0x0, 0x0, 0x0, 0x0, 0x0,

    /* U+00DE "Þ" */
    0xcf, 0xff, 0x70, 0x0, 0x0, 0x0, 0x0, 0x0,
    0xc, 0xff, 0xf7, 0x0, 0x0, 0x0, 0x0, 0x0,
    0x0, 0xcf, 0xff, 0x70, 0x0, 0x0, 0x0, 0x0,
    0x0, 0xc, 0xff, 0xf7, 0x0, 0x0, 0x0, 0x0,
    0x0, 0x0, 0xcf, 0xff, 0x70, 0x0, 0x0, 0x0,
    0x0, 0x0, 0xc, 0xff, 0xff, 0xff, 0xff, 0xec,
    0x72, 0x0, 0x0, 0xcf, 0xff, 0xff, 0xff, 0xff,
    0xff, 0xf9, 0x0, 0xc, 0xff, 0xff, 0xff, 0xff,
    0xff, 0xff, 0xfc, 0x0, 0xcf, 0xff, 0xa6, 0x66,
    0x68, 0xdf, 0xff, 0xf9, 0xc, 0xff, 0xf7, 0x0,
    0x0, 0x0, 0x8f, 0xff, 0xf1, 0xcf, 0xff, 0x70,
    0x0, 0x0, 0x0, 0xcf, 0xff, 0x5c, 0xff, 0xf7,
    0x0, 0x0, 0x0, 0x7, 0xff, 0xf7, 0xcf, 0xff,
    0x70, 0x0, 0x0, 0x0, 0x7f, 0xff, 0x7c, 0xff,
    0xf7, 0x0, 0x0, 0x0, 0xb, 0xff, 0xf5, 0xcf,
    0xff, 0x70, 0x0, 0x0, 0x6, 0xff, 0xff, 0x1c,
    0xff, 0xfa, 0x66, 0x66, 0x7c, 0xff, 0xff, 0x90,
    0xcf, 0xff, 0xff, 0xff, 0xff, 0xff, 0xff, 0xc0,
    0xc, 0xff, 0xff, 0xff, 0xff, 0xff, 0xff, 0x90,
    0x0, 0xcf, 0xff, 0xff, 0xff, 0xfe, 0xc8, 0x20,
    0x0, 0xc, 0xff, 0xf7, 0x0, 0x0, 0x0, 0x0,
    0x0, 0x0, 0xcf, 0xff, 0x70, 0x0, 0x0, 0x0,
    0x0, 0x0, 0xc, 0xff, 0xf7, 0x0, 0x0, 0x0,
    0x0, 0x0, 0x0, 0xcf, 0xff, 0x70, 0x0, 0x0,
    0x0, 0x0, 0x0, 0xc, 0xff, 0xf7, 0x0, 0x0,
    0x0, 0x0, 0x0, 0x0,

    /* U+00DF "ß" */
    0x0, 0x0, 0x6b, 0xdf, 0xfd, 0xa5, 0x0, 0x0,
    0x0, 0x0, 0x4e, 0xff, 0xff, 0xff, 0xff, 0xd4,
    0x0, 0x0, 0x4, 0xff, 0xff, 0xff, 0xff, 0xff,
    0xff, 0x50, 0x0, 0xe, 0xff, 0xff, 0xda, 0xad,
    0xff, 0xff, 0xf1, 0x0, 0x5f, 0xff, 0xf8, 0x0,
    0x0, 0x8f, 0xff, 0xf6, 0x0, 0x8f, 0xff, 0xc0,
    0x0, 0x0, 0xc, 0xff, 0xf9, 0x0, 0xaf, 0xff,
    0x80, 0x0, 0x0, 0x8, 0xff, 0xf9, 0x0, 0xaf,
    0xff, 0x60, 0x0, 0x0, 0x9, 0xff, 0xf7, 0x0,
    0xaf, 0xff, 0x60, 0x0, 0x0, 0x1e, 0xff, 0xf1,
    0x0, 0xaf, 0xff, 0x60, 0x0, 0x3, 0xcf, 0xff,
    0x70, 0x0, 0xaf, 0xff, 0x60, 0xd, 0xff, 0xff,
    0xe6, 0x0, 0x0, 0xaf, 0xff, 0x60, 0xd, 0xff,
    0xff, 0xb6, 0x0, 0x0, 0xaf, 0xff, 0x60, 0xd,
    0xff, 0xff, 0xff, 0xe3, 0x0, 0xaf, 0xff, 0x60,
    0x5, 0x67, 0xaf, 0xff, 0xfe, 0x10, 0xaf, 0xff,
    0x60, 0x0, 0x0, 0x2, 0xdf, 0xff, 0x90, 0xaf,
    0xff, 0x60, 0x0, 0x0, 0x0, 0x4f, 0xff, 0xe0,
    0xaf, 0xff, 0x60, 0x0, 0x0, 0x0, 0xf, 0xff,
    0xf1, 0xaf, 0xff, 0x60, 0x0, 0x0, 0x0, 0xf,
    0xff, 0xf2, 0xaf, 0xff, 0x60, 0x0, 0x0, 0x0,
    0x4f, 0xff, 0xf0, 0xaf, 0xff, 0x60, 0x0, 0x0,
    0x2, 0xdf, 0xff, 0xd0, 0xaf, 0xff, 0x60, 0x7,
    0x88, 0xaf, 0xff, 0xff, 0x60, 0xaf, 0xff, 0x60,
    0xf, 0xff, 0xff, 0xff, 0xfb, 0x0, 0xaf, 0xff,
    0x60, 0xf, 0xff, 0xff, 0xff, 0xa0, 0x0, 0xaf,
    0xff, 0x60, 0xf, 0xff, 0xfd, 0x94, 0x0, 0x0,

    /* U+00E0 "à" */
    0x0, 0x3, 0xff, 0xf9, 0x0, 0x0, 0x0, 0x0,
    0x0, 0x0, 0x9f, 0xff, 0x10, 0x0, 0x0, 0x0,
    0x0, 0x0, 0xe, 0xff, 0x80, 0x0, 0x0, 0x0,
    0x0, 0x0, 0x4, 0xff, 0xe0, 0x0, 0x0, 0x0,
    0x0, 0x0, 0x0, 0x9e, 0xe5, 0x0, 0x0, 0x0,
    0x0, 0x0, 0x0, 0x0, 0x0, 0x0, 0x0, 0x0,
    0x0, 0x0, 0x0, 0x0, 0x0, 0x0, 0x0, 0x0,
    0x0, 0x0, 0x5a, 0xdf, 0xfe, 0xb6, 0x0, 0x0,
    0x0, 0x3d, 0xff, 0xff, 0xff, 0xff, 0xe3, 0x0,
    0x3, 0xff, 0xff, 0xff, 0xff, 0xff, 0xff, 0x20,
    0xc, 0xff, 0xfe, 0x74, 0x37, 0xef, 0xff, 0xb0,
    0x1c, 0xff, 0xe2, 0x0, 0x0, 0x3f, 0xff, 0xf0,
    0x0, 0x2, 0x20, 0x0, 0x0, 0xe, 0xff, 0xf2,
    0x0, 0x0, 0x0, 0x0, 0x0, 0x1f, 0xff, 0xf3,
    0x0, 0x0, 0x14, 0x79, 0xbd, 0xff, 0xff, 0xf3,
    0x0, 0x4c, 0xff, 0xff, 0xff, 0xff, 0xff, 0xf3,
    0x8, 0xff, 0xff, 0xff, 0xfd, 0x9e, 0xff, 0xf3,
    0x4f, 0xff, 0xfb, 0x52, 0x0, 0xd, 0xff, 0xf3,
    0xaf, 0xff, 0x80, 0x0, 0x0, 0xd, 0xff, 0xf3,
    0xcf, 0xff, 0x20, 0x0, 0x0, 0x1f, 0xff, 0xf3,
    0xbf, 0xff, 0x50, 0x0, 0x0, 0x9f, 0xff, 0xf3,
    0x8f, 0xff, 0xe6, 0x21, 0x4b, 0xff, 0xff, 0xf3,
    0x1f, 0xff, 0xff, 0xff, 0xff, 0xec, 0xff, 0xf3,
    0x4, 0xff, 0xff, 0xff, 0xfe, 0x3a, 0xff, 0xf3,
    0x0, 0x18, 0xdf, 0xfd, 0x81, 0xa, 0xff, 0xf3,

    /* U+00E1 "á" */
    0x0, 0x0, 0x0, 0x0, 0x8f, 0xff, 0x40, 0x0,
    0x0, 0x0, 0x0, 0x0, 0xff, 0xfa, 0x0, 0x0,
    0x0, 0x0, 0x0, 0x7, 0xff, 0xe1, 0x0, 0x0,
    0x0, 0x0, 0x0, 0xd, 0xff, 0x50, 0x0, 0x0,
    0x0, 0x0, 0x0, 0x4e, 0xea, 0x0, 0x0, 0x0,
    0x0, 0x0, 0x0, 0x0, 0x0, 0x0, 0x0, 0x0,
    0x0, 0x0, 0x0, 0x0, 0x0, 0x0, 0x0, 0x0,
    0x0, 0x0, 0x5a, 0xdf, 0xfe, 0xb6, 0x0, 0x0,
    0x0, 0x3d, 0xff, 0xff, 0xff, 0xff, 0xe3, 0x0,
    0x3, 0xff, 0xff, 0xff, 0xff, 0xff, 0xff, 0x20,
    0xc, 0xff, 0xfe, 0x74, 0x37, 0xef, 0xff, 0xb0,
    0x1c, 0xff, 0xe2, 0x0, 0x0, 0x3f, 0xff, 0xf0,
    0x0, 0x2, 0x20, 0x0, 0x0, 0xe, 0xff, 0xf2,
    0x0, 0x0, 0x0, 0x0, 0x0, 0x1f, 0xff, 0xf3,
    0x0, 0x0, 0x14, 0x79, 0xbd, 0xff, 0xff, 0xf3,
    0x0, 0x4c, 0xff, 0xff, 0xff, 0xff, 0xff, 0xf3,
    0x8, 0xff, 0xff, 0xff, 0xfd, 0x9e, 0xff, 0xf3,
    0x4f, 0xff, 0xfb, 0x52, 0x0, 0xd, 0xff, 0xf3,
    0xaf, 0xff, 0x80, 0x0, 0x0, 0xd, 0xff, 0xf3,
    0xcf, 0xff, 0x20, 0x0, 0x0, 0x1f, 0xff, 0xf3,
    0xbf, 0xff, 0x50, 0x0, 0x0, 0x9f, 0xff, 0xf3,
    0x8f, 0xff, 0xe6, 0x21, 0x4b, 0xff, 0xff, 0xf3,
    0x1f, 0xff, 0xff, 0xff, 0xff, 0xec, 0xff, 0xf3,
    0x4, 0xff, 0xff, 0xff, 0xfe, 0x3a, 0xff, 0xf3,
    0x0, 0x18, 0xdf, 0xfd, 0x81, 0xa, 0xff, 0xf3,

    /* U+00E2 "â" */
    0x0, 0x0, 0x0, 0x68, 0x87, 0x0, 0x0, 0x0,
    0x0, 0x0, 0x7, 0xff, 0xff, 0x80, 0x0, 0x0,
    0x0, 0x0, 0x5f, 0xff, 0xef, 0xf6, 0x0, 0x0,
    0x0, 0x3, 0xff, 0xf5, 0x4f, 0xff, 0x30, 0x0,
    0x0, 0x2e, 0xff, 0x90, 0x8, 0xff, 0xe2, 0x0,
    0x0, 0x58, 0x87, 0x0, 0x0, 0x78, 0x85, 0x0,
    0x0, 0x0, 0x0, 0x0, 0x0, 0x0, 0x0, 0x0,
    0x0, 0x0, 0x0, 0x0, 0x0, 0x0, 0x0, 0x0,
    0x0, 0x0, 0x5a, 0xdf, 0xfe, 0xb6, 0x0, 0x0,
    0x0, 0x3d, 0xff, 0xff, 0xff, 0xff, 0xe3, 0x0,
    0x3, 0xff, 0xff, 0xff, 0xff, 0xff, 0xff, 0x20,
    0xc, 0xff, 0xfe, 0x74, 0x37, 0xef, 0xff, 0xb0,
    0x1c, 0xff, 0xe2, 0x0, 0x0, 0x3f, 0xff, 0xf0,
    0x0, 0x2, 0x20, 0x0, 0x0, 0xe, 0xff, 0xf2,
    0x0, 0x0, 0x0, 0x0, 0x0, 0x1f, 0xff, 0xf3,
    0x0, 0x0, 0x14, 0x79, 0xbd, 0xff, 0xff, 0xf3,
    0x0, 0x4c, 0xff, 0xff, 0xff, 0xff, 0xff, 0xf3,
    0x8, 0xff, 0xff, 0xff, 0xfd, 0x9e, 0xff, 0xf3,
    0x4f, 0xff, 0xfb, 0x52, 0x0, 0xd, 0xff, 0xf3,
    0xaf, 0xff, 0x80, 0x0, 0x0, 0xd, 0xff, 0xf3,
    0xcf, 0xff, 0x20, 0x0, 0x0, 0x1f, 0xff, 0xf3,
    0xbf, 0xff, 0x50, 0x0, 0x0, 0x9f, 0xff, 0xf3,
    0x8f, 0xff, 0xe6, 0x21, 0x4b, 0xff, 0xff, 0xf3,
    0x1f, 0xff, 0xff, 0xff, 0xff, 0xec, 0xff, 0xf3,
    0x4, 0xff, 0xff, 0xff, 0xfe, 0x3a, 0xff, 0xf3,
    0x0, 0x18, 0xdf, 0xfd, 0x81, 0xa, 0xff, 0xf3,

    /* U+00E3 "ã" */
    0x0, 0x0, 0x9f, 0xe9, 0x10, 0x3f, 0xf1, 0x0,
    0x0, 0x7, 0xff, 0xff, 0xe8, 0xcf, 0xf0, 0x0,
    0x0, 0xd, 0xfd, 0x8e, 0xff, 0xff, 0x80, 0x0,
    0x0, 0xf, 0xf6, 0x1, 0x8e, 0xfa, 0x0, 0x0,
    0x0, 0x0, 0x0, 0x0, 0x0, 0x0, 0x0, 0x0,
    0x0, 0x0, 0x0, 0x0, 0x0, 0x0, 0x0, 0x0,
    0x0, 0x0, 0x0, 0x0, 0x0, 0x0, 0x0, 0x0,
    0x0, 0x0, 0x5a, 0xdf, 0xfe, 0xb6, 0x0, 0x0,
    0x0, 0x3d, 0xff, 0xff, 0xff, 0xff, 0xe3, 0x0,
    0x3, 0xff, 0xff, 0xff, 0xff, 0xff, 0xff, 0x20,
    0xc, 0xff, 0xfe, 0x74, 0x37, 0xef, 0xff, 0xb0,
    0x1c, 0xff, 0xe2, 0x0, 0x0, 0x3f, 0xff, 0xf0,
    0x0, 0x2, 0x20, 0x0, 0x0, 0xe, 0xff, 0xf2,
    0x0, 0x0, 0x0, 0x0, 0x0, 0x1f, 0xff, 0xf3,
    0x0, 0x0, 0x14, 0x79, 0xbd, 0xff, 0xff, 0xf3,
    0x0, 0x4c, 0xff, 0xff, 0xff, 0xff, 0xff, 0xf3,
    0x8, 0xff, 0xff, 0xff, 0xfd, 0x9e, 0xff, 0xf3,
    0x4f, 0xff, 0xfb, 0x52, 0x0, 0xd, 0xff, 0xf3,
    0xaf, 0xff, 0x80, 0x0, 0x0, 0xd, 0xff, 0xf3,
    0xcf, 0xff, 0x20, 0x0, 0x0, 0x1f, 0xff, 0xf3,
    0xbf, 0xff, 0x50, 0x0, 0x0, 0x9f, 0xff, 0xf3,
    0x8f, 0xff, 0xe6, 0x21, 0x4b, 0xff, 0xff, 0xf3,
    0x1f, 0xff, 0xff, 0xff, 0xff, 0xec, 0xff, 0xf3,
    0x4, 0xff, 0xff, 0xff, 0xfe, 0x3a, 0xff, 0xf3,
    0x0, 0x18, 0xdf, 0xfd, 0x81, 0xa, 0xff, 0xf3,

    /* U+00E4 "ä" */
    0x0, 0x9, 0xfc, 0x10, 0x1, 0xbf, 0xa0, 0x0,
    0x0, 0x6f, 0xff, 0xa0, 0x9, 0xff, 0xf7, 0x0,
    0x0, 0x7f, 0xff, 0xb0, 0xa, 0xff, 0xf8, 0x0,
    0x0, 0x1e, 0xff, 0x40, 0x3, 0xff, 0xe2, 0x0,
    0x0, 0x0, 0x41, 0x0, 0x0, 0x14, 0x10, 0x0,
    0x0, 0x0, 0x0, 0x0, 0x0, 0x0, 0x0, 0x0,
    0x0, 0x0, 0x0, 0x0, 0x0, 0x0, 0x0, 0x0,
    0x0, 0x0, 0x5a, 0xdf, 0xfe, 0xb6, 0x0, 0x0,
    0x0, 0x3d, 0xff, 0xff, 0xff, 0xff, 0xe3, 0x0,
    0x3, 0xff, 0xff, 0xff, 0xff, 0xff, 0xff, 0x20,
    0xc, 0xff, 0xfe, 0x74, 0x37, 0xef, 0xff, 0xb0,
    0x1c, 0xff, 0xe2, 0x0, 0x0, 0x3f, 0xff, 0xf0,
    0x0, 0x2, 0x20, 0x0, 0x0, 0xe, 0xff, 0xf2,
    0x0, 0x0, 0x0, 0x0, 0x0, 0x1f, 0xff, 0xf3,
    0x0, 0x0, 0x14, 0x79, 0xbd, 0xff, 0xff, 0xf3,
    0x0, 0x4c, 0xff, 0xff, 0xff, 0xff, 0xff, 0xf3,
    0x8, 0xff, 0xff, 0xff, 0xfd, 0x9e, 0xff, 0xf3,
    0x4f, 0xff, 0xfb, 0x52, 0x0, 0xd, 0xff, 0xf3,
    0xaf, 0xff, 0x80, 0x0, 0x0, 0xd, 0xff, 0xf3,
    0xcf, 0xff, 0x20, 0x0, 0x0, 0x1f, 0xff, 0xf3,
    0xbf, 0xff, 0x50, 0x0, 0x0, 0x9f, 0xff, 0xf3,
    0x8f, 0xff, 0xe6, 0x21, 0x4b, 0xff, 0xff, 0xf3,
    0x1f, 0xff, 0xff, 0xff, 0xff, 0xec, 0xff, 0xf3,
    0x4, 0xff, 0xff, 0xff, 0xfe, 0x3a, 0xff, 0xf3,
    0x0, 0x18, 0xdf, 0xfd, 0x81, 0xa, 0xff, 0xf3,

    /* U+00E5 "å" */
    0x0, 0x0, 0x0, 0x0, 0x0, 0x0, 0x0, 0x0,
    0x0, 0x0, 0x4, 0xcf, 0xfd, 0x40, 0x0, 0x0,
    0x0, 0x0, 0x4f, 0xff, 0xff, 0xf5, 0x0, 0x0,
    0x0, 0x0, 0xdf, 0xc2, 0x1b, 0xfe, 0x0, 0x0,
    0x0, 0x2, 0xff, 0x30, 0x2, 0xff, 0x30, 0x0,
    0x0, 0x1, 0xff, 0x40, 0x2, 0xff, 0x30, 0x0,
    0x0, 0x0, 0xdf, 0xd3, 0x3c, 0xfe, 0x0, 0x0,
    0x0, 0x0, 0x3f, 0xff, 0xff, 0xf4, 0x0, 0x0,
    0x0, 0x0, 0x3, 0xbf, 0xfb, 0x30, 0x0, 0x0,
    0x0, 0x0, 0x0, 0x0, 0x0, 0x0, 0x0, 0x0,
    0x0, 0x0, 0x5a, 0xdf, 0xfe, 0xb6, 0x0, 0x0,
    0x0, 0x3d, 0xff, 0xff, 0xff, 0xff, 0xe3, 0x0,
    0x3, 0xff, 0xff, 0xff, 0xff, 0xff, 0xff, 0x20,
    0xc, 0xff, 0xfe, 0x74, 0x37, 0xef, 0xff, 0xb0,
    0x1c, 0xff, 0xe2, 0x0, 0x0, 0x3f, 0xff, 0xf0,
    0x0, 0x2, 0x20, 0x0, 0x0, 0xe, 0xff, 0xf2,
    0x0, 0x0, 0x0, 0x0, 0x0, 0x1f, 0xff, 0xf3,
    0x0, 0x0, 0x14, 0x79, 0xbd, 0xff, 0xff, 0xf3,
    0x0, 0x4c, 0xff, 0xff, 0xff, 0xff, 0xff, 0xf3,
    0x8, 0xff, 0xff, 0xff, 0xfd, 0x9e, 0xff, 0xf3,
    0x4f, 0xff, 0xfb, 0x52, 0x0, 0xd, 0xff, 0xf3,
    0xaf, 0xff, 0x80, 0x0, 0x0, 0xd, 0xff, 0xf3,
    0xcf, 0xff, 0x20, 0x0, 0x0, 0x1f, 0xff, 0xf3,
    0xbf, 0xff, 0x50, 0x0, 0x0, 0x9f, 0xff, 0xf3,
    0x8f, 0xff, 0xe6, 0x21, 0x4b, 0xff, 0xff, 0xf3,
    0x1f, 0xff, 0xff, 0xff, 0xff, 0xec, 0xff, 0xf3,
    0x4, 0xff, 0xff, 0xff, 0xfe, 0x3a, 0xff, 0xf3,
    0x0, 0x18, 0xdf, 0xfd, 0x81, 0xa, 0xff, 0xf3,

    /* U+00E6 "æ" */
    0x0, 0x0, 0x5a, 0xdf, 0xfd, 0xa3, 0x0, 0x3,
    0x9d, 0xfe, 0xd9, 0x30, 0x0, 0x0, 0x3, 0xdf,
    0xff, 0xff, 0xff, 0xf8, 0xa, 0xff, 0xff, 0xff,
    0xff, 0xa0, 0x0, 0x3, 0xff, 0xff, 0xff, 0xff,
    0xff, 0xfe, 0xff, 0xff, 0xff, 0xff, 0xff, 0xc0,
    0x0, 0xdf, 0xff, 0xe7, 0x43, 0x6e, 0xff, 0xff,
    0xfd, 0x63, 0x37, 0xef, 0xff, 0x90, 0x1a, 0xdf,
    0xd1, 0x0, 0x0, 0x2f, 0xff, 0xfc, 0x0, 0x0,
    0x2, 0xff, 0xff, 0x20, 0x0, 0x1, 0x0, 0x0,
    0x0, 0xef, 0xff, 0x20, 0x0, 0x0, 0x7, 0xff,
    0xf7, 0x0, 0x0, 0x0, 0x0, 0x0, 0xd, 0xff,
    0xd0, 0x0, 0x0, 0x0, 0x3f, 0xff, 0xb0, 0x0,
    0x28, 0xce, 0xff, 0xff, 0xff, 0xff, 0xff, 0xff,
    0xff, 0xff, 0xff, 0xfd, 0x0, 0xaf, 0xff, 0xff,
    0xff, 0xff, 0xff, 0xff, 0xff, 0xff, 0xff, 0xff,
    0xff, 0xd0, 0xcf, 0xff, 0xff, 0xed, 0xdd, 0xff,
    0xff, 0xdd, 0xdd, 0xdd, 0xdd, 0xdd, 0xdb, 0x6f,
    0xff, 0xf6, 0x0, 0x0, 0xd, 0xff, 0xc0, 0x0,
    0x0, 0x0, 0x0, 0x0, 0xb, 0xff, 0xf5, 0x0,
    0x0, 0x0, 0xef, 0xfe, 0x0, 0x0, 0x0, 0x0,
    0x0, 0x0, 0xcf, 0xff, 0x20, 0x0, 0x0, 0x2f,
    0xff, 0xf5, 0x0, 0x0, 0x0, 0x28, 0x64, 0x1b,
    0xff, 0xf7, 0x0, 0x0, 0xc, 0xff, 0xff, 0xe2,
    0x0, 0x0, 0xc, 0xff, 0xf7, 0x8f, 0xff, 0xf8,
    0x44, 0x7d, 0xff, 0xff, 0xff, 0xf8, 0x44, 0x7d,
    0xff, 0xfe, 0x11, 0xff, 0xff, 0xff, 0xff, 0xff,
    0xf5, 0xdf, 0xff, 0xff, 0xff, 0xff, 0xff, 0x40,
    0x4, 0xef, 0xff, 0xff, 0xff, 0xe4, 0x1, 0xbf,
    0xff, 0xff, 0xff, 0xfe, 0x40, 0x0, 0x1, 0x8d,
    0xff, 0xdb, 0x60, 0x0, 0x0, 0x49, 0xdf, 0xfe,
    0xb6, 0x0, 0x0,

    /* U+00E7 "ç" */
    0x0, 0x0, 0x6, 0xbe, 0xff, 0xd9, 0x30, 0x0,
    0x0, 0x0, 0x3e, 0xff, 0xff, 0xff, 0xff, 0x90,
    0x0, 0x0, 0x5f, 0xff, 0xff, 0xff, 0xff, 0xff,
    0xb0, 0x0, 0x1f, 0xff, 0xfe, 0x86, 0x7c, 0xff,
    0xff, 0x70, 0xa, 0xff, 0xfe, 0x10, 0x0, 0x8,
    0xff, 0xfe, 0x1, 0xff, 0xff, 0x40, 0x0, 0x0,
    0xd, 0xfe, 0xa1, 0x5f, 0xff, 0xe0, 0x0, 0x0,
    0x0, 0x21, 0x0, 0x8, 0xff, 0xfa, 0x0, 0x0,
    0x0, 0x0, 0x0, 0x0, 0x9f, 0xff, 0x80, 0x0,
    0x0, 0x0, 0x0, 0x0, 0x9, 0xff, 0xf9, 0x0,
    0x0, 0x0, 0x0, 0x0, 0x0, 0x8f, 0xff, 0xa0,
    0x0, 0x0, 0x0, 0x0, 0x0, 0x5, 0xff, 0xfe,
    0x0, 0x0, 0x0, 0x3, 0x30, 0x0, 0x1f, 0xff,
    0xf5, 0x0, 0x0, 0x0, 0xdf, 0xfc, 0x20, 0xaf,
    0xff, 0xe2, 0x0, 0x0, 0x8f, 0xff, 0xe0, 0x1,
    0xff, 0xff, 0xf9, 0x67, 0xcf, 0xff, 0xf7, 0x0,
    0x5, 0xff, 0xff, 0xff, 0xff, 0xff, 0xfb, 0x0,
    0x0, 0x3, 0xef, 0xff, 0xff, 0xff, 0xf9, 0x0,
    0x0, 0x0, 0x0, 0x6b, 0xff, 0xfd, 0x93, 0x0,
    0x0, 0x0, 0x0, 0x0, 0x4, 0xf9, 0x0, 0x0,
    0x0, 0x0, 0x0, 0x0, 0x0, 0x7f, 0xeb, 0x40,
    0x0, 0x0, 0x0, 0x0, 0x0, 0x7, 0xdf, 0xff,
    0x30, 0x0, 0x0, 0x0, 0x0, 0x0, 0x0, 0xe,
    0xf8, 0x0, 0x0, 0x0, 0x0, 0x0, 0x0, 0x0,
    0xef, 0x70, 0x0, 0x0, 0x0, 0x0, 0x2, 0xdd,
    0xef, 0xf3, 0x0, 0x0, 0x0, 0x0, 0x0, 0x3f,
    0xff, 0xd6, 0x0, 0x0, 0x0,

    /* U+00E8 "è" */
    0x0, 0x0, 0xcf, 0xff, 0x10, 0x0, 0x0, 0x0,
    0x0, 0x0, 0x2, 0xff, 0xf8, 0x0, 0x0, 0x0,
    0x0, 0x0, 0x0, 0x7, 0xff, 0xf0, 0x0, 0x0,
    0x0, 0x0, 0x0, 0x0, 0xc, 0xff, 0x60, 0x0,
    0x0, 0x0, 0x0, 0x0, 0x0, 0x2d, 0xeb, 0x0,
    0x0, 0x0, 0x0, 0x0, 0x0, 0x0, 0x0, 0x0,
    0x0, 0x0, 0x0, 0x0, 0x0, 0x0, 0x0, 0x0,
    0x0, 0x0, 0x0, 0x0, 0x0, 0x0, 0x7b, 0xef,
    0xec, 0x71, 0x0, 0x0, 0x0, 0x3, 0xef, 0xff,
    0xff, 0xff, 0xf6, 0x0, 0x0, 0x5, 0xff, 0xff,
    0xff, 0xff, 0xff, 0xf8, 0x0, 0x1, 0xff, 0xff,
    0xc6, 0x45, 0xaf, 0xff, 0xf5, 0x0, 0xaf, 0xff,
    0x90, 0x0, 0x0, 0x6f, 0xff, 0xd0, 0xf, 0xff,
    0xd0, 0x0, 0x0, 0x0, 0xcf, 0xff, 0x35, 0xff,
    0xf9, 0x0, 0x0, 0x0, 0x7, 0xff, 0xf6, 0x7f,
    0xff, 0xff, 0xff, 0xff, 0xff, 0xff, 0xff, 0x88,
    0xff, 0xff, 0xff, 0xff, 0xff, 0xff, 0xff, 0xf9,
    0x9f, 0xff, 0xed, 0xdd, 0xdd, 0xdd, 0xdd, 0xdd,
    0x78, 0xff, 0xf8, 0x0, 0x0, 0x0, 0x0, 0x0,
    0x0, 0x5f, 0xff, 0xa0, 0x0, 0x0, 0x0, 0x0,
    0x0, 0x1, 0xff, 0xff, 0x10, 0x0, 0x0, 0x5,
    0x62, 0x0, 0xb, 0xff, 0xfb, 0x0, 0x0, 0x2,
    0xef, 0xff, 0x20, 0x2f, 0xff, 0xfd, 0x74, 0x48,
    0xff, 0xff, 0xc0, 0x0, 0x5f, 0xff, 0xff, 0xff,
    0xff, 0xff, 0xe2, 0x0, 0x0, 0x4e, 0xff, 0xff,
    0xff, 0xff, 0xc2, 0x0, 0x0, 0x0, 0x6, 0xbe,
    0xff, 0xda, 0x50, 0x0, 0x0,

    /* U+00E9 "é" */
    0x0, 0x0, 0x0, 0x0, 0x1f, 0xff, 0xc0, 0x0,
    0x0, 0x0, 0x0, 0x0, 0x8, 0xff, 0xf2, 0x0,
    0x0, 0x0, 0x0, 0x0, 0x0, 0xef, 0xf7, 0x0,
    0x0, 0x0, 0x0, 0x0, 0x0, 0x6f, 0xfc, 0x0,
    0x0, 0x0, 0x0, 0x0, 0x0, 0xb, 0xed, 0x30,
    0x0, 0x0, 0x0, 0x0, 0x0, 0x0, 0x0, 0x0,
    0x0, 0x0, 0x0, 0x0, 0x0, 0x0, 0x0, 0x0,
    0x0, 0x0, 0x0, 0x0, 0x0, 0x0, 0x7b, 0xef,
    0xec, 0x71, 0x0, 0x0, 0x0, 0x3, 0xef, 0xff,
    0xff, 0xff, 0xf6, 0x0, 0x0, 0x5, 0xff, 0xff,
    0xff, 0xff, 0xff, 0xf8, 0x0, 0x1, 0xff, 0xff,
    0xc6, 0x45, 0xaf, 0xff, 0xf5, 0x0, 0xaf, 0xff,
    0x90, 0x0, 0x0, 0x6f, 0xff, 0xd0, 0xf, 0xff,
    0xd0, 0x0, 0x0, 0x0, 0xcf, 0xff, 0x35, 0xff,
    0xf9, 0x0, 0x0, 0x0, 0x7, 0xff, 0xf6, 0x7f,
    0xff, 0xff, 0xff, 0xff, 0xff, 0xff, 0xff, 0x88,
    0xff, 0xff, 0xff, 0xff, 0xff, 0xff, 0xff, 0xf9,
    0x9f, 0xff, 0xed, 0xdd, 0xdd, 0xdd, 0xdd, 0xdd,
    0x78, 0xff, 0xf8, 0x0, 0x0, 0x0, 0x0, 0x0,
    0x0, 0x5f, 0xff, 0xa0, 0x0, 0x0, 0x0, 0x0,
    0x0, 0x1, 0xff, 0xff, 0x10, 0x0, 0x0, 0x5,
    0x62, 0x0, 0xb, 0xff, 0xfb, 0x0, 0x0, 0x2,
    0xef, 0xff, 0x20, 0x2f, 0xff, 0xfd, 0x74, 0x48,
    0xff, 0xff, 0xc0, 0x0, 0x5f, 0xff, 0xff, 0xff,
    0xff, 0xff, 0xe2, 0x0, 0x0, 0x4e, 0xff, 0xff,
    0xff, 0xff, 0xc2, 0x0, 0x0, 0x0, 0x6, 0xbe,
    0xff, 0xda, 0x50, 0x0, 0x0,

    /* U+00EA "ê" */
    0x0, 0x0, 0x0, 0x28, 0x88, 0x30, 0x0, 0x0,
    0x0, 0x0, 0x0, 0x1e, 0xff, 0xfe, 0x10, 0x0,
    0x0, 0x0, 0x0, 0xc, 0xff, 0xdf, 0xfd, 0x0,
    0x0, 0x0, 0x0, 0xb, 0xff, 0xc0, 0xcf, 0xfb,
    0x0, 0x0, 0x0, 0x9, 0xff, 0xe2, 0x1, 0xef,
    0xf8, 0x0, 0x0, 0x1, 0x88, 0x83, 0x0, 0x3,
    0x88, 0x71, 0x0, 0x0, 0x0, 0x0, 0x0, 0x0,
    0x0, 0x0, 0x0, 0x0, 0x0, 0x0, 0x0, 0x0,
    0x0, 0x0, 0x0, 0x0, 0x0, 0x0, 0x7, 0xbe,
    0xfe, 0xc7, 0x10, 0x0, 0x0, 0x0, 0x3e, 0xff,
    0xff, 0xff, 0xff, 0x60, 0x0, 0x0, 0x5f, 0xff,
    0xff, 0xff, 0xff, 0xff, 0x80, 0x0, 0x1f, 0xff,
    0xfc, 0x64, 0x5a, 0xff, 0xff, 0x50, 0xa, 0xff,
    0xf9, 0x0, 0x0, 0x6, 0xff, 0xfd, 0x0, 0xff,
    0xfd, 0x0, 0x0, 0x0, 0xc, 0xff, 0xf3, 0x5f,
    0xff, 0x90, 0x0, 0x0, 0x0, 0x7f, 0xff, 0x67,
    0xff, 0xff, 0xff, 0xff, 0xff, 0xff, 0xff, 0xf8,
    0x8f, 0xff, 0xff, 0xff, 0xff, 0xff, 0xff, 0xff,
    0x99, 0xff, 0xfe, 0xdd, 0xdd, 0xdd, 0xdd, 0xdd,
    0xd7, 0x8f, 0xff, 0x80, 0x0, 0x0, 0x0, 0x0,
    0x0, 0x5, 0xff, 0xfa, 0x0, 0x0, 0x0, 0x0,
    0x0, 0x0, 0x1f, 0xff, 0xf1, 0x0, 0x0, 0x0,
    0x56, 0x20, 0x0, 0xbf, 0xff, 0xb0, 0x0, 0x0,
    0x2e, 0xff, 0xf2, 0x2, 0xff, 0xff, 0xd7, 0x44,
    0x8f, 0xff, 0xfc, 0x0, 0x5, 0xff, 0xff, 0xff,
    0xff, 0xff, 0xfe, 0x20, 0x0, 0x4, 0xef, 0xff,
    0xff, 0xff, 0xfc, 0x20, 0x0, 0x0, 0x0, 0x6b,
    0xef, 0xfd, 0xa5, 0x0, 0x0,

    /* U+00EB "ë" */
    0x0, 0x4, 0xde, 0x60, 0x0, 0x6e, 0xe4, 0x0,
    0x0, 0x0, 0xef, 0xff, 0x20, 0x1f, 0xff, 0xf0,
    0x0, 0x0, 0xf, 0xff, 0xf3, 0x2, 0xff, 0xff,
    0x0, 0x0, 0x0, 0x8f, 0xfb, 0x0, 0xb, 0xff,
    0x90, 0x0, 0x0, 0x0, 0x34, 0x0, 0x0, 0x3,
    0x30, 0x0, 0x0, 0x0, 0x0, 0x0, 0x0, 0x0,
    0x0, 0x0, 0x0, 0x0, 0x0, 0x0, 0x0, 0x0,
    0x0, 0x0, 0x0, 0x0, 0x0, 0x0, 0x7b, 0xef,
    0xec, 0x71, 0x0, 0x0, 0x0, 0x3, 0xef, 0xff,
    0xff, 0xff, 0xf6, 0x0, 0x0, 0x5, 0xff, 0xff,
    0xff, 0xff, 0xff, 0xf8, 0x0, 0x1, 0xff, 0xff,
    0xc6, 0x45, 0xaf, 0xff, 0xf5, 0x0, 0xaf, 0xff,
    0x90, 0x0, 0x0, 0x6f, 0xff, 0xd0, 0xf, 0xff,
    0xd0, 0x0, 0x0, 0x0, 0xcf, 0xff, 0x35, 0xff,
    0xf9, 0x0, 0x0, 0x0, 0x7, 0xff, 0xf6, 0x7f,
    0xff, 0xff, 0xff, 0xff, 0xff, 0xff, 0xff, 0x88,
    0xff, 0xff, 0xff, 0xff, 0xff, 0xff, 0xff, 0xf9,
    0x9f, 0xff, 0xed, 0xdd, 0xdd, 0xdd, 0xdd, 0xdd,
    0x78, 0xff, 0xf8, 0x0, 0x0, 0x0, 0x0, 0x0,
    0x0, 0x5f, 0xff, 0xa0, 0x0, 0x0, 0x0, 0x0,
    0x0, 0x1, 0xff, 0xff, 0x10, 0x0, 0x0, 0x5,
    0x62, 0x0, 0xb, 0xff, 0xfb, 0x0, 0x0, 0x2,
    0xef, 0xff, 0x20, 0x2f, 0xff, 0xfd, 0x74, 0x48,
    0xff, 0xff, 0xc0, 0x0, 0x5f, 0xff, 0xff, 0xff,
    0xff, 0xff, 0xe2, 0x0, 0x0, 0x4e, 0xff, 0xff,
    0xff, 0xff, 0xc2, 0x0, 0x0, 0x0, 0x6, 0xbe,
    0xff, 0xda, 0x50, 0x0, 0x0,

    /* U+00EC "ì" */
    0x2d, 0xee, 0xa0, 0x0, 0x8, 0xff, 0xf2, 0x0,
    0x0, 0xdf, 0xf9, 0x0, 0x0, 0x3f, 0xff, 0x10,
    0x0, 0x9, 0xff, 0x70, 0x0, 0x0, 0x0, 0x0,
    0x0, 0x0, 0x0, 0x0, 0x0, 0xd, 0xff, 0xf3,
    0x0, 0xd, 0xff, 0xf3, 0x0, 0xd, 0xff, 0xf3,
    0x0, 0xd, 0xff, 0xf3, 0x0, 0xd, 0xff, 0xf3,
    0x0, 0xd, 0xff, 0xf3, 0x0, 0xd, 0xff, 0xf3,
    0x0, 0xd, 0xff, 0xf3, 0x0, 0xd, 0xff, 0xf3,
    0x0, 0xd, 0xff, 0xf3, 0x0, 0xd, 0xff, 0xf3,
    0x0, 0xd, 0xff, 0xf3, 0x0, 0xd, 0xff, 0xf3,
    0x0, 0xd, 0xff, 0xf3, 0x0, 0xd, 0xff, 0xf3,
    0x0, 0xd, 0xff, 0xf3, 0x0, 0xd, 0xff, 0xf3,
    0x0, 0xd, 0xff, 0xf3,

    /* U+00ED "í" */
    0x0, 0x5e, 0xee, 0x60, 0xc, 0xff, 0xd0, 0x3,
    0xff, 0xf3, 0x0, 0xaf, 0xf9, 0x0, 0x2f, 0xfe,
    0x0, 0x0, 0x0, 0x0, 0x0, 0x0, 0x0, 0x0,
    0xd, 0xff, 0xf3, 0x0, 0xdf, 0xff, 0x30, 0xd,
    0xff, 0xf3, 0x0, 0xdf, 0xff, 0x30, 0xd, 0xff,
    0xf3, 0x0, 0xdf, 0xff, 0x30, 0xd, 0xff, 0xf3,
    0x0, 0xdf, 0xff, 0x30, 0xd, 0xff, 0xf3, 0x0,
    0xdf, 0xff, 0x30, 0xd, 0xff, 0xf3, 0x0, 0xdf,
    0xff, 0x30, 0xd, 0xff, 0xf3, 0x0, 0xdf, 0xff,
    0x30, 0xd, 0xff, 0xf3, 0x0, 0xdf, 0xff, 0x30,
    0xd, 0xff, 0xf3, 0x0, 0xdf, 0xff, 0x30, 0x0,

    /* U+00EE "î" */
    0x0, 0x0, 0xdf, 0xff, 0x40, 0x0, 0x0, 0x0,
    0xbf, 0xff, 0xfe, 0x20, 0x0, 0x0, 0xaf, 0xfd,
    0x8f, 0xfd, 0x10, 0x0, 0x8f, 0xff, 0x20, 0xbf,
    0xfc, 0x0, 0x6f, 0xff, 0x50, 0x1, 0xef, 0xfa,
    0x0, 0x0, 0x0, 0x0, 0x0, 0x0, 0x0, 0x0,
    0x0, 0x0, 0x0, 0x0, 0x0, 0x0, 0x0, 0xd,
    0xff, 0xf3, 0x0, 0x0, 0x0, 0x0, 0xdf, 0xff,
    0x30, 0x0, 0x0, 0x0, 0xd, 0xff, 0xf3, 0x0,
    0x0, 0x0, 0x0, 0xdf, 0xff, 0x30, 0x0, 0x0,
    0x0, 0xd, 0xff, 0xf3, 0x0, 0x0, 0x0, 0x0,
    0xdf, 0xff, 0x30, 0x0, 0x0, 0x0, 0xd, 0xff,
    0xf3, 0x0, 0x0, 0x0, 0x0, 0xdf, 0xff, 0x30,
    0x0, 0x0, 0x0, 0xd, 0xff, 0xf3, 0x0, 0x0,
    0x0, 0x0, 0xdf, 0xff, 0x30, 0x0, 0x0, 0x0,
    0xd, 0xff, 0xf3, 0x0, 0x0, 0x0, 0x0, 0xdf,
    0xff, 0x30, 0x0, 0x0, 0x0, 0xd, 0xff, 0xf3,
    0x0, 0x0, 0x0, 0x0, 0xdf, 0xff, 0x30, 0x0,
    0x0, 0x0, 0xd, 0xff, 0xf3, 0x0, 0x0, 0x0,
    0x0, 0xdf, 0xff, 0x30, 0x0, 0x0, 0x0, 0xd,
    0xff, 0xf3, 0x0, 0x0, 0x0, 0x0, 0xdf, 0xff,
    0x30, 0x0, 0x0,

    /* U+00EF "ï" */
    0x8, 0xed, 0x30, 0x0, 0xaf, 0xb1, 0x3f, 0xff,
    0xc0, 0x7, 0xff, 0xf9, 0x5f, 0xff, 0xe0, 0x8,
    0xff, 0xfb, 0xd, 0xff, 0x60, 0x2, 0xef, 0xf4,
    0x0, 0x42, 0x0, 0x0, 0x14, 0x10, 0x0, 0x0,
    0x0, 0x0, 0x0, 0x0, 0x0, 0x0, 0x0, 0x0,
    0x0, 0x0, 0x0, 0x0, 0xdf, 0xff, 0x30, 0x0,
    0x0, 0x0, 0xdf, 0xff, 0x30, 0x0, 0x0, 0x0,
    0xdf, 0xff, 0x30, 0x0, 0x0, 0x0, 0xdf, 0xff,
    0x30, 0x0, 0x0, 0x0, 0xdf, 0xff, 0x30, 0x0,
    0x0, 0x0, 0xdf, 0xff, 0x30, 0x0, 0x0, 0x0,
    0xdf, 0xff, 0x30, 0x0, 0x0, 0x0, 0xdf, 0xff,
    0x30, 0x0, 0x0, 0x0, 0xdf, 0xff, 0x30, 0x0,
    0x0, 0x0, 0xdf, 0xff, 0x30, 0x0, 0x0, 0x0,
    0xdf, 0xff, 0x30, 0x0, 0x0, 0x0, 0xdf, 0xff,
    0x30, 0x0, 0x0, 0x0, 0xdf, 0xff, 0x30, 0x0,
    0x0, 0x0, 0xdf, 0xff, 0x30, 0x0, 0x0, 0x0,
    0xdf, 0xff, 0x30, 0x0, 0x0, 0x0, 0xdf, 0xff,
    0x30, 0x0, 0x0, 0x0, 0xdf, 0xff, 0x30, 0x0,
    0x0, 0x0, 0xdf, 0xff, 0x30, 0x0,

    /* U+00F0 "ð" */
    0x0, 0x0, 0x20, 0x0, 0x0, 0x0, 0x0, 0x0,
    0x0, 0x0, 0x1f, 0xc5, 0x0, 0x0, 0x3, 0x50,
    0x0, 0x0, 0x6, 0xff, 0xfc, 0x30, 0x2b, 0xfc,
    0x0, 0x0, 0x0, 0x2a, 0xff, 0xff, 0xcf, 0xff,
    0x80, 0x0, 0x0, 0x0, 0x3, 0xdf, 0xff, 0xfa,
    0x10, 0x0, 0x0, 0x0, 0x2, 0xaf, 0xff, 0xff,
    0xc0, 0x0, 0x0, 0x0, 0x7, 0xff, 0xfa, 0x7f,
    0xff, 0xb0, 0x0, 0x0, 0x0, 0x7f, 0xa2, 0x0,
    0x6f, 0xff, 0x90, 0x0, 0x0, 0x2, 0x20, 0x0,
    0x0, 0x8f, 0xff, 0x30, 0x0, 0x0, 0x2, 0x8b,
    0xca, 0x60, 0xcf, 0xfc, 0x0, 0x0, 0x7, 0xff,
    0xff, 0xff, 0xd5, 0xff, 0xf5, 0x0, 0x8, 0xff,
    0xff, 0xff, 0xff, 0xed, 0xff, 0xb0, 0x3, 0xff,
    0xff, 0x82, 0x2, 0x8f, 0xff, 0xff, 0x0, 0xcf,
    0xff, 0x70, 0x0, 0x0, 0x6f, 0xff, 0xf4, 0x2f,
    0xff, 0xd0, 0x0, 0x0, 0x0, 0xdf, 0xff, 0x76,
    0xff, 0xf8, 0x0, 0x0, 0x0, 0x7, 0xff, 0xf8,
    0x8f, 0xff, 0x60, 0x0, 0x0, 0x0, 0x4f, 0xff,
    0x99, 0xff, 0xf5, 0x0, 0x0, 0x0, 0x3, 0xff,
    0xf8, 0x8f, 0xff, 0x60, 0x0, 0x0, 0x0, 0x4f,
    0xff, 0x76, 0xff, 0xfa, 0x0, 0x0, 0x0, 0x8,
    0xff, 0xf4, 0x2f, 0xff, 0xf1, 0x0, 0x0, 0x0,
    0xdf, 0xff, 0x0, 0xcf, 0xff, 0xb0, 0x0, 0x0,
    0x9f, 0xff, 0xa0, 0x3, 0xff, 0xff, 0xd7, 0x56,
    0xcf, 0xff, 0xf1, 0x0, 0x7, 0xff, 0xff, 0xff,
    0xff, 0xff, 0xf5, 0x0, 0x0, 0x6, 0xff, 0xff,
    0xff, 0xff, 0xe4, 0x0, 0x0, 0x0, 0x1, 0x8c,
    0xff, 0xec, 0x71, 0x0, 0x0,

    /* U+00F1 "ñ" */
    0x0, 0x0, 0x26, 0x50, 0x0, 0x37, 0x60, 0x0,
    0x0, 0x6, 0xff, 0xfe, 0x60, 0xbf, 0xc0, 0x0,
    0x0, 0xe, 0xff, 0xff, 0xff, 0xff, 0x80, 0x0,
    0x0, 0x3f, 0xf5, 0x2a, 0xff, 0xfd, 0x10, 0x0,
    0x0, 0x27, 0x70, 0x0, 0x26, 0x60, 0x0, 0x0,
    0x0, 0x0, 0x0, 0x0, 0x0, 0x0, 0x0, 0x0,
    0x0, 0x0, 0x0, 0x0, 0x0, 0x0, 0x0, 0x0,
    0xdf, 0xff, 0x0, 0x3a, 0xef, 0xea, 0x30, 0x0,
    0xdf, 0xff, 0x7, 0xff, 0xff, 0xff, 0xf7, 0x0,
    0xdf, 0xff, 0x5f, 0xff, 0xff, 0xff, 0xff, 0x50,
    0xdf, 0xff, 0xef, 0x95, 0x5a, 0xff, 0xff, 0xd0,
    0xdf, 0xff, 0xf3, 0x0, 0x0, 0x7f, 0xff, 0xf2,
    0xdf, 0xff, 0x90, 0x0, 0x0, 0xe, 0xff, 0xf5,
    0xdf, 0xff, 0x40, 0x0, 0x0, 0xb, 0xff, 0xf6,
    0xdf, 0xff, 0x30, 0x0, 0x0, 0xa, 0xff, 0xf6,
    0xdf, 0xff, 0x30, 0x0, 0x0, 0xa, 0xff, 0xf6,
    0xdf, 0xff, 0x30, 0x0, 0x0, 0xa, 0xff, 0xf6,
    0xdf, 0xff, 0x30, 0x0, 0x0, 0xa, 0xff, 0xf6,
    0xdf, 0xff, 0x30, 0x0, 0x0, 0xa, 0xff, 0xf6,
    0xdf, 0xff, 0x30, 0x0, 0x0, 0xa, 0xff, 0xf6,
    0xdf, 0xff, 0x30, 0x0, 0x0, 0xa, 0xff, 0xf6,
    0xdf, 0xff, 0x30, 0x0, 0x0, 0xa, 0xff, 0xf6,
    0xdf, 0xff, 0x30, 0x0, 0x0, 0xa, 0xff, 0xf6,
    0xdf, 0xff, 0x30, 0x0, 0x0, 0xa, 0xff, 0xf6,
    0xdf, 0xff, 0x30, 0x0, 0x0, 0xa, 0xff, 0xf6,

    /* U+00F2 "ò" */
    0x0, 0x0, 0x8f, 0xff, 0x40, 0x0, 0x0, 0x0,
    0x0, 0x0, 0x0, 0xd, 0xff, 0xb0, 0x0, 0x0,
    0x0, 0x0, 0x0, 0x0, 0x4, 0xff, 0xf3, 0x0,
    0x0, 0x0, 0x0, 0x0, 0x0, 0x0, 0x9f, 0xfa,
    0x0, 0x0, 0x0, 0x0, 0x0, 0x0, 0x0, 0x1d,
    0xed, 0x10, 0x0, 0x0, 0x0, 0x0, 0x0, 0x0,
    0x0, 0x0, 0x0, 0x0, 0x0, 0x0, 0x0, 0x0,
    0x0, 0x0, 0x0, 0x0, 0x0, 0x0, 0x0, 0x0,
    0x0, 0x6, 0xbe, 0xff, 0xd9, 0x30, 0x0, 0x0,
    0x0, 0x3, 0xef, 0xff, 0xff, 0xff, 0xf9, 0x0,
    0x0, 0x0, 0x5f, 0xff, 0xff, 0xff, 0xff, 0xff,
    0xc0, 0x0, 0x1, 0xff, 0xff, 0xf9, 0x67, 0xcf,
    0xff, 0xf8, 0x0, 0xa, 0xff, 0xfe, 0x20, 0x0,
    0x8, 0xff, 0xff, 0x20, 0x1f, 0xff, 0xf4, 0x0,
    0x0, 0x0, 0xdf, 0xff, 0x80, 0x5f, 0xff, 0xe0,
    0x0, 0x0, 0x0, 0x6f, 0xff, 0xd0, 0x8f, 0xff,
    0xa0, 0x0, 0x0, 0x0, 0x2f, 0xff, 0xf0, 0x9f,
    0xff, 0x90, 0x0, 0x0, 0x0, 0x1f, 0xff, 0xf1,
    0x9f, 0xff, 0x90, 0x0, 0x0, 0x0, 0x1f, 0xff,
    0xf1, 0x8f, 0xff, 0xa0, 0x0, 0x0, 0x0, 0x2f,
    0xff, 0xf0, 0x5f, 0xff, 0xe0, 0x0, 0x0, 0x0,
    0x6f, 0xff, 0xd0, 0x1f, 0xff, 0xf4, 0x0, 0x0,
    0x0, 0xdf, 0xff, 0x80, 0xa, 0xff, 0xfe, 0x20,
    0x0, 0x8, 0xff, 0xff, 0x20, 0x1, 0xff, 0xff,
    0xf8, 0x67, 0xcf, 0xff, 0xf8, 0x0, 0x0, 0x5f,
    0xff, 0xff, 0xff, 0xff, 0xff, 0xc0, 0x0, 0x0,
    0x3, 0xef, 0xff, 0xff, 0xff, 0xf9, 0x0, 0x0,
    0x0, 0x0, 0x6, 0xbe, 0xff, 0xd9, 0x30, 0x0,
    0x0,

    /* U+00F3 "ó" */
    0x0, 0x0, 0x0, 0x0, 0xd, 0xff, 0xe1, 0x0,
    0x0, 0x0, 0x0, 0x0, 0x0, 0x5f, 0xff, 0x50,
    0x0, 0x0, 0x0, 0x0, 0x0, 0x0, 0xcf, 0xfa,
    0x0, 0x0, 0x0, 0x0, 0x0, 0x0, 0x3, 0xff,
    0xe1, 0x0, 0x0, 0x0, 0x0, 0x0, 0x0, 0x8,
    0xee, 0x50, 0x0, 0x0, 0x0, 0x0, 0x0, 0x0,
    0x0, 0x0, 0x0, 0x0, 0x0, 0x0, 0x0, 0x0,
    0x0, 0x0, 0x0, 0x0, 0x0, 0x0, 0x0, 0x0,
    0x0, 0x6, 0xbe, 0xff, 0xd9, 0x30, 0x0, 0x0,
    0x0, 0x3, 0xef, 0xff, 0xff, 0xff, 0xf9, 0x0,
    0x0, 0x0, 0x5f, 0xff, 0xff, 0xff, 0xff, 0xff,
    0xc0, 0x0, 0x1, 0xff, 0xff, 0xf9, 0x67, 0xcf,
    0xff, 0xf8, 0x0, 0xa, 0xff, 0xfe, 0x20, 0x0,
    0x8, 0xff, 0xff, 0x20, 0x1f, 0xff, 0xf4, 0x0,
    0x0, 0x0, 0xdf, 0xff, 0x80, 0x5f, 0xff, 0xe0,
    0x0, 0x0, 0x0, 0x6f, 0xff, 0xd0, 0x8f, 0xff,
    0xa0, 0x0, 0x0, 0x0, 0x2f, 0xff, 0xf0, 0x9f,
    0xff, 0x90, 0x0, 0x0, 0x0, 0x1f, 0xff, 0xf1,
    0x9f, 0xff, 0x90, 0x0, 0x0, 0x0, 0x1f, 0xff,
    0xf1, 0x8f, 0xff, 0xa0, 0x0, 0x0, 0x0, 0x2f,
    0xff, 0xf0, 0x5f, 0xff, 0xe0, 0x0, 0x0, 0x0,
    0x6f, 0xff, 0xd0, 0x1f, 0xff, 0xf4, 0x0, 0x0,
    0x0, 0xdf, 0xff, 0x80, 0xa, 0xff, 0xfe, 0x20,
    0x0, 0x8, 0xff, 0xff, 0x20, 0x1, 0xff, 0xff,
    0xf8, 0x67, 0xcf, 0xff, 0xf8, 0x0, 0x0, 0x5f,
    0xff, 0xff, 0xff, 0xff, 0xff, 0xc0, 0x0, 0x0,
    0x3, 0xef, 0xff, 0xff, 0xff, 0xf9, 0x0, 0x0,
    0x0, 0x0, 0x6, 0xbe, 0xff, 0xd9, 0x30, 0x0,
    0x0,

    /* U+00F4 "ô" */
    0x0, 0x0, 0x0, 0x17, 0x88, 0x40, 0x0, 0x0,
    0x0, 0x0, 0x0, 0x0, 0xcf, 0xff, 0xf3, 0x0,
    0x0, 0x0, 0x0, 0x0, 0xa, 0xff, 0xef, 0xfe,
    0x20, 0x0, 0x0, 0x0, 0x0, 0x8f, 0xfe, 0x19,
    0xff, 0xd1, 0x0, 0x0, 0x0, 0x6, 0xff, 0xf4,
    0x0, 0xcf, 0xfb, 0x0, 0x0, 0x0, 0x7, 0x88,
    0x50, 0x0, 0x18, 0x88, 0x30, 0x0, 0x0, 0x0,
    0x0, 0x0, 0x0, 0x0, 0x0, 0x0, 0x0, 0x0,
    0x0, 0x0, 0x0, 0x0, 0x0, 0x0, 0x0, 0x0,
    0x0, 0x0, 0x6, 0xbe, 0xff, 0xd9, 0x30, 0x0,
    0x0, 0x0, 0x3, 0xef, 0xff, 0xff, 0xff, 0xf9,
    0x0, 0x0, 0x0, 0x5f, 0xff, 0xff, 0xff, 0xff,
    0xff, 0xc0, 0x0, 0x1, 0xff, 0xff, 0xf9, 0x67,
    0xcf, 0xff, 0xf8, 0x0, 0xa, 0xff, 0xfe, 0x20,
    0x0, 0x8, 0xff, 0xff, 0x20, 0x1f, 0xff, 0xf4,
    0x0, 0x0, 0x0, 0xdf, 0xff, 0x80, 0x5f, 0xff,
    0xe0, 0x0, 0x0, 0x0, 0x6f, 0xff, 0xd0, 0x8f,
    0xff, 0xa0, 0x0, 0x0, 0x0, 0x2f, 0xff, 0xf0,
    0x9f, 0xff, 0x90, 0x0, 0x0, 0x0, 0x1f, 0xff,
    0xf1, 0x9f, 0xff, 0x90, 0x0, 0x0, 0x0, 0x1f,
    0xff, 0xf1, 0x8f, 0xff, 0xa0, 0x0, 0x0, 0x0,
    0x2f, 0xff, 0xf0, 0x5f, 0xff, 0xe0, 0x0, 0x0,
    0x0, 0x6f, 0xff, 0xd0, 0x1f, 0xff, 0xf4, 0x0,
    0x0, 0x0, 0xdf, 0xff, 0x80, 0xa, 0xff, 0xfe,
    0x20, 0x0, 0x8, 0xff, 0xff, 0x20, 0x1, 0xff,
    0xff, 0xf8, 0x67, 0xcf, 0xff, 0xf8, 0x0, 0x0,
    0x5f, 0xff, 0xff, 0xff, 0xff, 0xff, 0xc0, 0x0,
    0x0, 0x3, 0xef, 0xff, 0xff, 0xff, 0xf9, 0x0,
    0x0, 0x0, 0x0, 0x6, 0xbe, 0xff, 0xd9, 0x30,
    0x0, 0x0,

    /* U+00F5 "õ" */
    0x0, 0x0, 0x2b, 0xfd, 0x60, 0x8, 0xfc, 0x0,
    0x0, 0x0, 0x0, 0xcf, 0xff, 0xfd, 0x8e, 0xfa,
    0x0, 0x0, 0x0, 0x2, 0xff, 0xa9, 0xff, 0xff,
    0xf3, 0x0, 0x0, 0x0, 0x5, 0xff, 0x10, 0x2b,
    0xfe, 0x60, 0x0, 0x0, 0x0, 0x0, 0x0, 0x0,
    0x0, 0x0, 0x0, 0x0, 0x0, 0x0, 0x0, 0x0,
    0x0, 0x0, 0x0, 0x0, 0x0, 0x0, 0x0, 0x0,
    0x0, 0x0, 0x0, 0x0, 0x0, 0x0, 0x0, 0x0,
    0x0, 0x6, 0xbe, 0xff, 0xd9, 0x30, 0x0, 0x0,
    0x0, 0x3, 0xef, 0xff, 0xff, 0xff, 0xf9, 0x0,
    0x0, 0x0, 0x5f, 0xff, 0xff, 0xff, 0xff, 0xff,
    0xc0, 0x0, 0x1, 0xff, 0xff, 0xf9, 0x67, 0xcf,
    0xff, 0xf8, 0x0, 0xa, 0xff, 0xfe, 0x20, 0x0,
    0x8, 0xff, 0xff, 0x20, 0x1f, 0xff, 0xf4, 0x0,
    0x0, 0x0, 0xdf, 0xff, 0x80, 0x5f, 0xff, 0xe0,
    0x0, 0x0, 0x0, 0x6f, 0xff, 0xd0, 0x8f, 0xff,
    0xa0, 0x0, 0x0, 0x0, 0x2f, 0xff, 0xf0, 0x9f,
    0xff, 0x90, 0x0, 0x0, 0x0, 0x1f, 0xff, 0xf1,
    0x9f, 0xff, 0x90, 0x0, 0x0, 0x0, 0x1f, 0xff,
    0xf1, 0x8f, 0xff, 0xa0, 0x0, 0x0, 0x0, 0x2f,
    0xff, 0xf0, 0x5f, 0xff, 0xe0, 0x0, 0x0, 0x0,
    0x6f, 0xff, 0xd0, 0x1f, 0xff, 0xf4, 0x0, 0x0,
    0x0, 0xdf, 0xff, 0x80, 0xa, 0xff, 0xfe, 0x20,
    0x0, 0x8, 0xff, 0xff, 0x20, 0x1, 0xff, 0xff,
    0xf8, 0x67, 0xcf, 0xff, 0xf8, 0x0, 0x0, 0x5f,
    0xff, 0xff, 0xff, 0xff, 0xff, 0xc0, 0x0, 0x0,
    0x3, 0xef, 0xff, 0xff, 0xff, 0xf9, 0x0, 0x0,
    0x0, 0x0, 0x6, 0xbe, 0xff, 0xd9, 0x30, 0x0,
    0x0,

    /* U+00F6 "ö" */
    0x0, 0x2, 0xcf, 0x90, 0x0, 0x3d, 0xe7, 0x0,
    0x0, 0x0, 0xb, 0xff, 0xf5, 0x0, 0xef, 0xff,
    0x20, 0x0, 0x0, 0xc, 0xff, 0xf6, 0x0, 0xff,
    0xff, 0x30, 0x0, 0x0, 0x5, 0xff, 0xe1, 0x0,
    0x8f, 0xfc, 0x0, 0x0, 0x0, 0x0, 0x24, 0x0,
    0x0, 0x3, 0x40, 0x0, 0x0, 0x0, 0x0, 0x0,
    0x0, 0x0, 0x0, 0x0, 0x0, 0x0, 0x0, 0x0,
    0x0, 0x0, 0x0, 0x0, 0x0, 0x0, 0x0, 0x0,
    0x0, 0x6, 0xbe, 0xff, 0xd9, 0x30, 0x0, 0x0,
    0x0, 0x3, 0xef, 0xff, 0xff, 0xff, 0xf9, 0x0,
    0x0, 0x0, 0x5f, 0xff, 0xff, 0xff, 0xff, 0xff,
    0xc0, 0x0, 0x1, 0xff, 0xff, 0xf9, 0x67, 0xcf,
    0xff, 0xf8, 0x0, 0xa, 0xff, 0xfe, 0x20, 0x0,
    0x8, 0xff, 0xff, 0x20, 0x1f, 0xff, 0xf4, 0x0,
    0x0, 0x0, 0xdf, 0xff, 0x80, 0x5f, 0xff, 0xe0,
    0x0, 0x0, 0x0, 0x6f, 0xff, 0xd0, 0x8f, 0xff,
    0xa0, 0x0, 0x0, 0x0, 0x2f, 0xff, 0xf0, 0x9f,
    0xff, 0x90, 0x0, 0x0, 0x0, 0x1f, 0xff, 0xf1,
    0x9f, 0xff, 0x90, 0x0, 0x0, 0x0, 0x1f, 0xff,
    0xf1, 0x8f, 0xff, 0xa0, 0x0, 0x0, 0x0, 0x2f,
    0xff, 0xf0, 0x5f, 0xff, 0xe0, 0x0, 0x0, 0x0,
    0x6f, 0xff, 0xd0, 0x1f, 0xff, 0xf4, 0x0, 0x0,
    0x0, 0xdf, 0xff, 0x80, 0xa, 0xff, 0xfe, 0x20,
    0x0, 0x8, 0xff, 0xff, 0x20, 0x1, 0xff, 0xff,
    0xf8, 0x67, 0xcf, 0xff, 0xf8, 0x0, 0x0, 0x5f,
    0xff, 0xff, 0xff, 0xff, 0xff, 0xc0, 0x0, 0x0,
    0x3, 0xef, 0xff, 0xff, 0xff, 0xf9, 0x0, 0x0,
    0x0, 0x0, 0x6, 0xbe, 0xff, 0xd9, 0x30, 0x0,
    0x0,

    /* U+00F7 "÷" */
    0x0, 0x0, 0x0, 0x9f, 0xd3, 0x0, 0x0, 0x0,
    0x0, 0x0, 0x7, 0xff, 0xfe, 0x0, 0x0, 0x0,
    0x0, 0x0, 0xa, 0xff, 0xff, 0x20, 0x0, 0x0,
    0x0, 0x0, 0x7, 0xff, 0xff, 0x0, 0x0, 0x0,
    0x0, 0x0, 0x0, 0xaf, 0xd4, 0x0, 0x0, 0x0,
    0x0, 0x0, 0x0, 0x0, 0x0, 0x0, 0x0, 0x0,
    0x0, 0x0, 0x0, 0x0, 0x0, 0x0, 0x0, 0x0,
    0xff, 0xff, 0xff, 0xff, 0xff, 0xff, 0xff, 0xf7,
    0xff, 0xff, 0xff, 0xff, 0xff, 0xff, 0xff, 0xf7,
    0xff, 0xff, 0xff, 0xff, 0xff, 0xff, 0xff, 0xf7,
    0x67, 0x77, 0x77, 0x77, 0x77, 0x77, 0x77, 0x73,
    0x0, 0x0, 0x0, 0x0, 0x0, 0x0, 0x0, 0x0,
    0x0, 0x0, 0x0, 0x0, 0x0, 0x0, 0x0, 0x0,
    0x0, 0x0, 0x0, 0xaf, 0xd4, 0x0, 0x0, 0x0,
    0x0, 0x0, 0x7, 0xff, 0xfe, 0x0, 0x0, 0x0,
    0x0, 0x0, 0xa, 0xff, 0xff, 0x20, 0x0, 0x0,
    0x0, 0x0, 0x7, 0xff, 0xfe, 0x0, 0x0, 0x0,
    0x0, 0x0, 0x0, 0x9f, 0xd3, 0x0, 0x0, 0x0,

    /* U+00F8 "ø" */
    0x0, 0x0, 0x0, 0x0, 0x0, 0x0, 0x0, 0x4,
    0x0, 0x0, 0x0, 0x6, 0xbe, 0xff, 0xd9, 0x30,
    0x5f, 0xa0, 0x0, 0x3, 0xef, 0xff, 0xff, 0xff,
    0xfd, 0xff, 0xb0, 0x0, 0x5f, 0xff, 0xff, 0xff,
    0xff, 0xff, 0xfd, 0x0, 0x1, 0xff, 0xff, 0xf9,
    0x67, 0xcf, 0xff, 0xfa, 0x0, 0xa, 0xff, 0xfe,
    0x20, 0x0, 0xf, 0xff, 0xff, 0x20, 0x1f, 0xff,
    0xf4, 0x0, 0x0, 0x9f, 0xff, 0xff, 0x80, 0x5f,
    0xff, 0xe0, 0x0, 0x7, 0xff, 0xdf, 0xff, 0xd0,
    0x8f, 0xff, 0xa0, 0x0, 0x5f, 0xf8, 0x2f, 0xff,
    0xf0, 0x9f, 0xff, 0x90, 0x3, 0xff, 0xb0, 0x1f,
    0xff, 0xf1, 0x9f, 0xff, 0x90, 0x2e, 0xfc, 0x0,
    0x1f, 0xff, 0xf1, 0x8f, 0xff, 0xa1, 0xdf, 0xe1,
    0x0, 0x2f, 0xff, 0xf0, 0x5f, 0xff, 0xec, 0xff,
    0x20, 0x0, 0x6f, 0xff, 0xd0, 0x1f, 0xff, 0xff,
    0xf4, 0x0, 0x0, 0xdf, 0xff, 0x80, 0xa, 0xff,
    0xff, 0x80, 0x0, 0x8, 0xff, 0xff, 0x20, 0x1,
    0xff, 0xff, 0xf8, 0x67, 0xcf, 0xff, 0xf8, 0x0,
    0x3, 0xff, 0xff, 0xff, 0xff, 0xff, 0xff, 0xc0,
    0x0, 0x2e, 0xff, 0xff, 0xff, 0xff, 0xff, 0xf9,
    0x0, 0x0, 0x6f, 0xe1, 0x6, 0xbe, 0xff, 0xd9,
    0x30, 0x0, 0x0, 0x5, 0x30, 0x0, 0x0, 0x0,
    0x0, 0x0, 0x0, 0x0,

    /* U+00F9 "ù" */
    0x0, 0x7, 0xff, 0xf6, 0x0, 0x0, 0x0, 0x0,
    0x0, 0x0, 0xcf, 0xfd, 0x0, 0x0, 0x0, 0x0,
    0x0, 0x0, 0x3f, 0xff, 0x40, 0x0, 0x0, 0x0,
    0x0, 0x0, 0x8, 0xff, 0xb0, 0x0, 0x0, 0x0,
    0x0, 0x0, 0x0, 0xce, 0xd1, 0x0, 0x0, 0x0,
    0x0, 0x0, 0x0, 0x0, 0x0, 0x0, 0x0, 0x0,
    0x0, 0x0, 0x0, 0x0, 0x0, 0x0, 0x0, 0x0,
    0xdf, 0xff, 0x30, 0x0, 0x0, 0xa, 0xff, 0xf7,
    0xdf, 0xff, 0x30, 0x0, 0x0, 0xa, 0xff, 0xf7,
    0xdf, 0xff, 0x30, 0x0, 0x0, 0xa, 0xff, 0xf7,
    0xdf, 0xff, 0x30, 0x0, 0x0, 0xa, 0xff, 0xf7,
    0xdf, 0xff, 0x30, 0x0, 0x0, 0xa, 0xff, 0xf7,
    0xdf, 0xff, 0x30, 0x0, 0x0, 0xa, 0xff, 0xf7,
    0xdf, 0xff, 0x30, 0x0, 0x0, 0xa, 0xff, 0xf7,
    0xdf, 0xff, 0x30, 0x0, 0x0, 0xa, 0xff, 0xf7,
    0xdf, 0xff, 0x30, 0x0, 0x0, 0xa, 0xff, 0xf7,
    0xdf, 0xff, 0x30, 0x0, 0x0, 0xa, 0xff, 0xf7,
    0xdf, 0xff, 0x30, 0x0, 0x0, 0xa, 0xff, 0xf7,
    0xdf, 0xff, 0x50, 0x0, 0x0, 0xc, 0xff, 0xf7,
    0xcf, 0xff, 0x90, 0x0, 0x0, 0x1f, 0xff, 0xf7,
    0x9f, 0xff, 0xf3, 0x0, 0x1, 0xcf, 0xff, 0xf7,
    0x4f, 0xff, 0xff, 0xb8, 0x9e, 0xfd, 0xff, 0xf7,
    0xb, 0xff, 0xff, 0xff, 0xff, 0xd7, 0xff, 0xf7,
    0x1, 0xcf, 0xff, 0xff, 0xfd, 0x17, 0xff, 0xf7,
    0x0, 0x7, 0xcf, 0xfd, 0x71, 0x6, 0xff, 0xf7,

    /* U+00FA "ú" */
    0x0, 0x0, 0x0, 0x0, 0xcf, 0xfe, 0x10, 0x0,
    0x0, 0x0, 0x0, 0x4, 0xff, 0xf6, 0x0, 0x0,
    0x0, 0x0, 0x0, 0xb, 0xff, 0xb0, 0x0, 0x0,
    0x0, 0x0, 0x0, 0x2f, 0xff, 0x20, 0x0, 0x0,
    0x0, 0x0, 0x0, 0x7e, 0xe6, 0x0, 0x0, 0x0,
    0x0, 0x0, 0x0, 0x0, 0x0, 0x0, 0x0, 0x0,
    0x0, 0x0, 0x0, 0x0, 0x0, 0x0, 0x0, 0x0,
    0xdf, 0xff, 0x30, 0x0, 0x0, 0xa, 0xff, 0xf7,
    0xdf, 0xff, 0x30, 0x0, 0x0, 0xa, 0xff, 0xf7,
    0xdf, 0xff, 0x30, 0x0, 0x0, 0xa, 0xff, 0xf7,
    0xdf, 0xff, 0x30, 0x0, 0x0, 0xa, 0xff, 0xf7,
    0xdf, 0xff, 0x30, 0x0, 0x0, 0xa, 0xff, 0xf7,
    0xdf, 0xff, 0x30, 0x0, 0x0, 0xa, 0xff, 0xf7,
    0xdf, 0xff, 0x30, 0x0, 0x0, 0xa, 0xff, 0xf7,
    0xdf, 0xff, 0x30, 0x0, 0x0, 0xa, 0xff, 0xf7,
    0xdf, 0xff, 0x30, 0x0, 0x0, 0xa, 0xff, 0xf7,
    0xdf, 0xff, 0x30, 0x0, 0x0, 0xa, 0xff, 0xf7,
    0xdf, 0xff, 0x30, 0x0, 0x0, 0xa, 0xff, 0xf7,
    0xdf, 0xff, 0x50, 0x0, 0x0, 0xc, 0xff, 0xf7,
    0xcf, 0xff, 0x90, 0x0, 0x0, 0x1f, 0xff, 0xf7,
    0x9f, 0xff, 0xf3, 0x0, 0x1, 0xcf, 0xff, 0xf7,
    0x4f, 0xff, 0xff, 0xb8, 0x9e, 0xfd, 0xff, 0xf7,
    0xb, 0xff, 0xff, 0xff, 0xff, 0xd7, 0xff, 0xf7,
    0x1, 0xcf, 0xff, 0xff, 0xfd, 0x17, 0xff, 0xf7,
    0x0, 0x7, 0xcf, 0xfd, 0x71, 0x6, 0xff, 0xf7,

    /* U+00FB "û" */
    0x0, 0x0, 0x5, 0xff, 0xfd, 0x10, 0x0, 0x0,
    0x0, 0x0, 0x5f, 0xff, 0xff, 0xc0, 0x0, 0x0,
    0x0, 0x4, 0xff, 0xf4, 0xaf, 0xfc, 0x0, 0x0,
    0x0, 0x4f, 0xff, 0x60, 0xc, 0xff, 0xb0, 0x0,
    0x0, 0x78, 0x86, 0x0, 0x1, 0x78, 0x83, 0x0,
    0x0, 0x0, 0x0, 0x0, 0x0, 0x0, 0x0, 0x0,
    0x0, 0x0, 0x0, 0x0, 0x0, 0x0, 0x0, 0x0,
    0xdf, 0xff, 0x30, 0x0, 0x0, 0xa, 0xff, 0xf7,
    0xdf, 0xff, 0x30, 0x0, 0x0, 0xa, 0xff, 0xf7,
    0xdf, 0xff, 0x30, 0x0, 0x0, 0xa, 0xff, 0xf7,
    0xdf, 0xff, 0x30, 0x0, 0x0, 0xa, 0xff, 0xf7,
    0xdf, 0xff, 0x30, 0x0, 0x0, 0xa, 0xff, 0xf7,
    0xdf, 0xff, 0x30, 0x0, 0x0, 0xa, 0xff, 0xf7,
    0xdf, 0xff, 0x30, 0x0, 0x0, 0xa, 0xff, 0xf7,
    0xdf, 0xff, 0x30, 0x0, 0x0, 0xa, 0xff, 0xf7,
    0xdf, 0xff, 0x30, 0x0, 0x0, 0xa, 0xff, 0xf7,
    0xdf, 0xff, 0x30, 0x0, 0x0, 0xa, 0xff, 0xf7,
    0xdf, 0xff, 0x30, 0x0, 0x0, 0xa, 0xff, 0xf7,
    0xdf, 0xff, 0x50, 0x0, 0x0, 0xc, 0xff, 0xf7,
    0xcf, 0xff, 0x90, 0x0, 0x0, 0x1f, 0xff, 0xf7,
    0x9f, 0xff, 0xf3, 0x0, 0x1, 0xcf, 0xff, 0xf7,
    0x4f, 0xff, 0xff, 0xb8, 0x9e, 0xfd, 0xff, 0xf7,
    0xb, 0xff, 0xff, 0xff, 0xff, 0xd7, 0xff, 0xf7,
    0x1, 0xcf, 0xff, 0xff, 0xfd, 0x17, 0xff, 0xf7,
    0x0, 0x7, 0xcf, 0xfd, 0x71, 0x6, 0xff, 0xf7,

    /* U+00FC "ü" */
    0x0, 0x1c, 0xfa, 0x0, 0x3, 0xde, 0x70, 0x0,
    0x0, 0xaf, 0xff, 0x60, 0xd, 0xff, 0xf3, 0x0,
    0x0, 0xbf, 0xff, 0x70, 0xe, 0xff, 0xf4, 0x0,
    0x0, 0x4f, 0xfe, 0x10, 0x7, 0xff, 0xc0, 0x0,
    0x0, 0x1, 0x41, 0x0, 0x0, 0x24, 0x0, 0x0,
    0x0, 0x0, 0x0, 0x0, 0x0, 0x0, 0x0, 0x0,
    0x0, 0x0, 0x0, 0x0, 0x0, 0x0, 0x0, 0x0,
    0xdf, 0xff, 0x30, 0x0, 0x0, 0xa, 0xff, 0xf7,
    0xdf, 0xff, 0x30, 0x0, 0x0, 0xa, 0xff, 0xf7,
    0xdf, 0xff, 0x30, 0x0, 0x0, 0xa, 0xff, 0xf7,
    0xdf, 0xff, 0x30, 0x0, 0x0, 0xa, 0xff, 0xf7,
    0xdf, 0xff, 0x30, 0x0, 0x0, 0xa, 0xff, 0xf7,
    0xdf, 0xff, 0x30, 0x0, 0x0, 0xa, 0xff, 0xf7,
    0xdf, 0xff, 0x30, 0x0, 0x0, 0xa, 0xff, 0xf7,
    0xdf, 0xff, 0x30, 0x0, 0x0, 0xa, 0xff, 0xf7,
    0xdf, 0xff, 0x30, 0x0, 0x0, 0xa, 0xff, 0xf7,
    0xdf, 0xff, 0x30, 0x0, 0x0, 0xa, 0xff, 0xf7,
    0xdf, 0xff, 0x30, 0x0, 0x0, 0xa, 0xff, 0xf7,
    0xdf, 0xff, 0x50, 0x0, 0x0, 0xc, 0xff, 0xf7,
    0xcf, 0xff, 0x90, 0x0, 0x0, 0x1f, 0xff, 0xf7,
    0x9f, 0xff, 0xf3, 0x0, 0x1, 0xcf, 0xff, 0xf7,
    0x4f, 0xff, 0xff, 0xb8, 0x9e, 0xfd, 0xff, 0xf7,
    0xb, 0xff, 0xff, 0xff, 0xff, 0xd7, 0xff, 0xf7,
    0x1, 0xcf, 0xff, 0xff, 0xfd, 0x17, 0xff, 0xf7,
    0x0, 0x7, 0xcf, 0xfd, 0x71, 0x6, 0xff, 0xf7,

    /* U+00FD "ý" */
    0x0, 0x0, 0x0, 0x0, 0x1, 0xde, 0xea, 0x0,
    0x0, 0x0, 0x0, 0x0, 0x0, 0x0, 0x8f, 0xff,
    0x20, 0x0, 0x0, 0x0, 0x0, 0x0, 0x0, 0xe,
    0xff, 0x70, 0x0, 0x0, 0x0, 0x0, 0x0, 0x0,
    0x6, 0xff, 0xc0, 0x0, 0x0, 0x0, 0x0, 0x0,
    0x0, 0x0, 0xdf, 0xf3, 0x0, 0x0, 0x0, 0x0,
    0x0, 0x0, 0x0, 0x0, 0x0, 0x0, 0x0, 0x0,
    0x0, 0x0, 0x0, 0x0, 0x0, 0x0, 0x0, 0x0,
    0x0, 0x0, 0x3, 0xff, 0xff, 0x10, 0x0, 0x0,
    0x0, 0x3f, 0xff, 0xf1, 0xd, 0xff, 0xf6, 0x0,
    0x0, 0x0, 0x9, 0xff, 0xfa, 0x0, 0x7f, 0xff,
    0xc0, 0x0, 0x0, 0x0, 0xef, 0xff, 0x40, 0x2,
    0xff, 0xff, 0x10, 0x0, 0x0, 0x4f, 0xff, 0xe0,
    0x0, 0xc, 0xff, 0xf6, 0x0, 0x0, 0x9, 0xff,
    0xf9, 0x0, 0x0, 0x6f, 0xff, 0xb0, 0x0, 0x0,
    0xef, 0xff, 0x30, 0x0, 0x1, 0xff, 0xff, 0x10,
    0x0, 0x4f, 0xff, 0xd0, 0x0, 0x0, 0xa, 0xff,
    0xf6, 0x0, 0x9, 0xff, 0xf7, 0x0, 0x0, 0x0,
    0x4f, 0xff, 0xb0, 0x0, 0xef, 0xff, 0x10, 0x0,
    0x0, 0x0, 0xef, 0xff, 0x0, 0x4f, 0xff, 0xb0,
    0x0, 0x0, 0x0, 0x9, 0xff, 0xf5, 0x9, 0xff,
    0xf5, 0x0, 0x0, 0x0, 0x0, 0x3f, 0xff, 0x90,
    0xdf, 0xff, 0x0, 0x0, 0x0, 0x0, 0x0, 0xdf,
    0xfd, 0x2f, 0xff, 0xa0, 0x0, 0x0, 0x0, 0x0,
    0x7, 0xff, 0xf7, 0xff, 0xf4, 0x0, 0x0, 0x0,
    0x0, 0x0, 0x2f, 0xff, 0xef, 0xfe, 0x0, 0x0,
    0x0, 0x0, 0x0, 0x0, 0xcf, 0xff, 0xff, 0x80,
    0x0, 0x0, 0x0, 0x0, 0x0, 0x6, 0xff, 0xff,
    0xf2, 0x0, 0x0, 0x0, 0x0, 0x0, 0x0, 0x1f,
    0xff, 0xfc, 0x0, 0x0, 0x0, 0x0, 0x0, 0x0,
    0x0, 0xef, 0xff, 0x60, 0x0, 0x0, 0x0, 0x0,
    0x0, 0x0, 0x1f, 0xff, 0xf1, 0x0, 0x0, 0x0,
    0x0, 0x0, 0x0, 0x7, 0xff, 0xfa, 0x0, 0x0,
    0x0, 0x0, 0x0, 0x19, 0x79, 0xff, 0xff, 0x30,
    0x0, 0x0, 0x0, 0x0, 0x6, 0xff, 0xff, 0xff,
    0x90, 0x0, 0x0, 0x0, 0x0, 0x0, 0xbf, 0xff,
    0xff, 0xb0, 0x0, 0x0, 0x0, 0x0, 0x0, 0xa,
    0xef, 0xfc, 0x60, 0x0, 0x0, 0x0, 0x0, 0x0,

    /* U+00FE "þ" */
    0xdf, 0xff, 0x30, 0x0, 0x0, 0x0, 0x0, 0x0,
    0xd, 0xff, 0xf3, 0x0, 0x0, 0x0, 0x0, 0x0,
    0x0, 0xdf, 0xff, 0x30, 0x0, 0x0, 0x0, 0x0,
    0x0, 0xd, 0xff, 0xf3, 0x0, 0x0, 0x0, 0x0,
    0x0, 0x0, 0xdf, 0xff, 0x30, 0x0, 0x0, 0x0,
    0x0, 0x0, 0xd, 0xff, 0xf3, 0x0, 0x0, 0x0,
    0x0, 0x0, 0x0, 0xdf, 0xff, 0x30, 0x3b, 0xef,
    0xea, 0x30, 0x0, 0xd, 0xff, 0xf3, 0x6f, 0xff,
    0xff, 0xff, 0x80, 0x0, 0xdf, 0xff, 0x7f, 0xff,
    0xff, 0xff, 0xff, 0x90, 0xd, 0xff, 0xff, 0xfd,
    0x87, 0x9f, 0xff, 0xff, 0x40, 0xdf, 0xff, 0xf9,
    0x0, 0x0, 0x2e, 0xff, 0xfc, 0xd, 0xff, 0xfd,
    0x0, 0x0, 0x0, 0x5f, 0xff, 0xf1, 0xdf, 0xff,
    0x70, 0x0, 0x0, 0x0, 0xef, 0xff, 0x5d, 0xff,
    0xf4, 0x0, 0x0, 0x0, 0xb, 0xff, 0xf7, 0xdf,
    0xff, 0x20, 0x0, 0x0, 0x0, 0x9f, 0xff, 0x8d,
    0xff, 0xf2, 0x0, 0x0, 0x0, 0x9, 0xff, 0xf8,
    0xdf, 0xff, 0x40, 0x0, 0x0, 0x0, 0xbf, 0xff,
    0x7d, 0xff, 0xf7, 0x0, 0x0, 0x0, 0xe, 0xff,
    0xf5, 0xdf, 0xff, 0xe0, 0x0, 0x0, 0x5, 0xff,
    0xff, 0x1d, 0xff, 0xff, 0x90, 0x0, 0x2, 0xef,
    0xff, 0xc0, 0xdf, 0xff, 0xff, 0xd7, 0x69, 0xff,
    0xff, 0xf4, 0xd, 0xff, 0xf7, 0xff, 0xff, 0xff,
    0xff, 0xf9, 0x0, 0xdf, 0xff, 0x37, 0xff, 0xff,
    0xff, 0xf9, 0x0, 0xd, 0xff, 0xf3, 0x3, 0xbe,
    0xfe, 0xa4, 0x0, 0x0, 0xdf, 0xff, 0x30, 0x0,
    0x0, 0x0, 0x0, 0x0, 0xd, 0xff, 0xf3, 0x0,
    0x0, 0x0, 0x0, 0x0, 0x0, 0xdf, 0xff, 0x30,
    0x0, 0x0, 0x0, 0x0, 0x0, 0xd, 0xff, 0xf3,
    0x0, 0x0, 0x0, 0x0, 0x0, 0x0, 0xdf, 0xff,
    0x30, 0x0, 0x0, 0x0, 0x0, 0x0, 0xd, 0xff,
    0xf3, 0x0, 0x0, 0x0, 0x0, 0x0, 0x0, 0xdf,
    0xff, 0x30, 0x0, 0x0, 0x0, 0x0, 0x0, 0x0,

    /* U+00FF "ÿ" */
    0x0, 0x0, 0x3, 0x30, 0x0, 0x0, 0x42, 0x0,
    0x0, 0x0, 0x0, 0x9, 0xff, 0xa0, 0x0, 0xcf,
    0xf7, 0x0, 0x0, 0x0, 0x0, 0xff, 0xff, 0x20,
    0x4f, 0xff, 0xf0, 0x0, 0x0, 0x0, 0xf, 0xff,
    0xf1, 0x2, 0xff, 0xfe, 0x0, 0x0, 0x0, 0x0,
    0x5e, 0xe6, 0x0, 0x7, 0xed, 0x30, 0x0, 0x0,
    0x0, 0x0, 0x0, 0x0, 0x0, 0x0, 0x0, 0x0,
    0x0, 0x0, 0x0, 0x0, 0x0, 0x0, 0x0, 0x0,
    0x0, 0x0, 0x3, 0xff, 0xff, 0x10, 0x0, 0x0,
    0x0, 0x3f, 0xff, 0xf1, 0xd, 0xff, 0xf6, 0x0,
    0x0, 0x0, 0x9, 0xff, 0xfa, 0x0, 0x7f, 0xff,
    0xc0, 0x0, 0x0, 0x0, 0xef, 0xff, 0x40, 0x2,
    0xff, 0xff, 0x10, 0x0, 0x0, 0x4f, 0xff, 0xe0,
    0x0, 0xc, 0xff, 0xf6, 0x0, 0x0, 0x9, 0xff,
    0xf9, 0x0, 0x0, 0x6f, 0xff, 0xb0, 0x0, 0x0,
    0xef, 0xff, 0x30, 0x0, 0x1, 0xff, 0xff, 0x10,
    0x0, 0x4f, 0xff, 0xd0, 0x0, 0x0, 0xa, 0xff,
    0xf6, 0x0, 0x9, 0xff, 0xf7, 0x0, 0x0, 0x0,
    0x4f, 0xff, 0xb0, 0x0, 0xef, 0xff, 0x10, 0x0,
    0x0, 0x0, 0xef, 0xff, 0x0, 0x4f, 0xff, 0xb0,
    0x0, 0x0, 0x0, 0x9, 0xff, 0xf5, 0x9, 0xff,
    0xf5, 0x0, 0x0, 0x0, 0x0, 0x3f, 0xff, 0x90,
    0xdf, 0xff, 0x0, 0x0, 0x0, 0x0, 0x0, 0xdf,
    0xfd, 0x2f, 0xff, 0xa0, 0x0, 0x0, 0x0, 0x0,
    0x7, 0xff, 0xf7, 0xff, 0xf4, 0x0, 0x0, 0x0,
    0x0, 0x0, 0x2f, 0xff, 0xef, 0xfe, 0x0, 0x0,
    0x0, 0x0, 0x0, 0x0, 0xcf, 0xff, 0xff, 0x80,
    0x0, 0x0, 0x0, 0x0, 0x0, 0x6, 0xff, 0xff,
    0xf2, 0x0, 0x0, 0x0, 0x0, 0x0, 0x0, 0x1f,
    0xff, 0xfc, 0x0, 0x0, 0x0, 0x0, 0x0, 0x0,
    0x0, 0xef, 0xff, 0x60, 0x0, 0x0, 0x0, 0x0,
    0x0, 0x0, 0x1f, 0xff, 0xf1, 0x0, 0x0, 0x0,
    0x0, 0x0, 0x0, 0x7, 0xff, 0xfa, 0x0, 0x0,
    0x0, 0x0, 0x0, 0x19, 0x79, 0xff, 0xff, 0x30,
    0x0, 0x0, 0x0, 0x0, 0x6, 0xff, 0xff, 0xff,
    0x90, 0x0, 0x0, 0x0, 0x0, 0x0, 0xbf, 0xff,
    0xff, 0xb0, 0x0, 0x0, 0x0, 0x0, 0x0, 0xa,
    0xef, 0xfc, 0x60, 0x0, 0x0, 0x0, 0x0, 0x0,

    /* U+0100 "Ā" */
    0x0, 0x0, 0x0, 0xa, 0xcc, 0xcc, 0xcc, 0xcc,
    0x0, 0x0, 0x0, 0x0, 0x0, 0x0, 0x0, 0xdf,
    0xff, 0xff, 0xff, 0xf1, 0x0, 0x0, 0x0, 0x0,
    0x0, 0x0, 0xd, 0xff, 0xff, 0xff, 0xff, 0x10,
    0x0, 0x0, 0x0, 0x0, 0x0, 0x0, 0x0, 0x0,
    0x0, 0x0, 0x0, 0x0, 0x0, 0x0, 0x0, 0x0,
    0x0, 0x0, 0x0, 0x0, 0x0, 0x0, 0x0, 0x0,
    0x0, 0x0, 0x0, 0x0, 0x0, 0x0, 0x0, 0x0,
    0x0, 0x0, 0x0, 0x0, 0x0, 0x0, 0x0, 0x0,
    0x0, 0x4f, 0xff, 0xff, 0x50, 0x0, 0x0, 0x0,
    0x0, 0x0, 0x0, 0x0, 0x9, 0xff, 0xff, 0xfb,
    0x0, 0x0, 0x0, 0x0, 0x0, 0x0, 0x0, 0x0,
    0xef, 0xff, 0xff, 0xf1, 0x0, 0x0, 0x0, 0x0,
    0x0, 0x0, 0x0, 0x4f, 0xff, 0xef, 0xff, 0x60,
    0x0, 0x0, 0x0, 0x0, 0x0, 0x0, 0x9, 0xff,
    0xf6, 0xff, 0xfc, 0x0, 0x0, 0x0, 0x0, 0x0,
    0x0, 0x0, 0xef, 0xff, 0xe, 0xff, 0xf1, 0x0,
    0x0, 0x0, 0x0, 0x0, 0x0, 0x4f, 0xff, 0xb0,
    0xaf, 0xff, 0x70, 0x0, 0x0, 0x0, 0x0, 0x0,
    0xa, 0xff, 0xf7, 0x6, 0xff, 0xfc, 0x0, 0x0,
    0x0, 0x0, 0x0, 0x0, 0xff, 0xff, 0x30, 0x1f,
    0xff, 0xf2, 0x0, 0x0, 0x0, 0x0, 0x0, 0x5f,
    0xff, 0xe0, 0x0, 0xdf, 0xff, 0x70, 0x0, 0x0,
    0x0, 0x0, 0xa, 0xff, 0xfa, 0x0, 0x8, 0xff,
    0xfd, 0x0, 0x0, 0x0, 0x0, 0x0, 0xff, 0xff,
    0x50, 0x0, 0x3f, 0xff, 0xf2, 0x0, 0x0, 0x0,
    0x0, 0x5f, 0xff, 0xf0, 0x0, 0x0, 0xef, 0xff,
    0x80, 0x0, 0x0, 0x0, 0xa, 0xff, 0xfb, 0x0,
    0x0, 0x8, 0xff, 0xfd, 0x0, 0x0, 0x0, 0x0,
    0xff, 0xff, 0xa6, 0x66, 0x66, 0x9f, 0xff, 0xf3,
    0x0, 0x0, 0x0, 0x5f, 0xff, 0xff, 0xff, 0xff,
    0xff, 0xff, 0xff, 0x90, 0x0, 0x0, 0xa, 0xff,
    0xff, 0xff, 0xff, 0xff, 0xff, 0xff, 0xfe, 0x0,
    0x0, 0x0, 0xff, 0xff, 0xff, 0xff, 0xff, 0xff,
    0xff, 0xff, 0xf4, 0x0, 0x0, 0x5f, 0xff, 0xf1,
    0x0, 0x0, 0x0, 0x0, 0xef, 0xff, 0x90, 0x0,
    0xb, 0xff, 0xfc, 0x0, 0x0, 0x0, 0x0, 0x8,
    0xff, 0xfe, 0x0, 0x0, 0xff, 0xff, 0x70, 0x0,
    0x0, 0x0, 0x0, 0x3f, 0xff, 0xf4, 0x0, 0x6f,
    0xff, 0xf2, 0x0, 0x0, 0x0, 0x0, 0x0, 0xef,
    0xff, 0xa0, 0xb, 0xff, 0xfd, 0x0, 0x0, 0x0,
    0x0, 0x0, 0x8, 0xff, 0xff, 0x1, 0xff, 0xff,
    0x80, 0x0, 0x0, 0x0, 0x0, 0x0, 0x3f, 0xff,
    0xf5,

    /* U+0101 "ā" */
    0x0, 0x6, 0xff, 0xff, 0xff, 0xff, 0x80, 0x0,
    0x0, 0x6, 0xff, 0xff, 0xff, 0xff, 0x80, 0x0,
    0x0, 0x5, 0xcc, 0xcc, 0xcc, 0xcc, 0x60, 0x0,
    0x0, 0x0, 0x0, 0x0, 0x0, 0x0, 0x0, 0x0,
    0x0, 0x0, 0x0, 0x0, 0x0, 0x0, 0x0, 0x0,
    0x0, 0x0, 0x0, 0x0, 0x0, 0x0, 0x0, 0x0,
    0x0, 0x0, 0x5a, 0xdf, 0xfe, 0xb6, 0x0, 0x0,
    0x0, 0x3d, 0xff, 0xff, 0xff, 0xff, 0xe3, 0x0,
    0x3, 0xff, 0xff, 0xff, 0xff, 0xff, 0xff, 0x20,
    0xc, 0xff, 0xfe, 0x74, 0x37, 0xef, 0xff, 0xb0,
    0x1c, 0xff, 0xe2, 0x0, 0x0, 0x3f, 0xff, 0xf0,
    0x0, 0x2, 0x20, 0x0, 0x0, 0xe, 0xff, 0xf2,
    0x0, 0x0, 0x0, 0x0, 0x0, 0x1f, 0xff, 0xf3,
    0x0, 0x0, 0x14, 0x79, 0xbd, 0xff, 0xff, 0xf3,
    0x0, 0x4c, 0xff, 0xff, 0xff, 0xff, 0xff, 0xf3,
    0x8, 0xff, 0xff, 0xff, 0xfd, 0x9e, 0xff, 0xf3,
    0x4f, 0xff, 0xfb, 0x52, 0x0, 0xd, 0xff, 0xf3,
    0xaf, 0xff, 0x80, 0x0, 0x0, 0xd, 0xff, 0xf3,
    0xcf, 0xff, 0x20, 0x0, 0x0, 0x1f, 0xff, 0xf3,
    0xbf, 0xff, 0x50, 0x0, 0x0, 0x9f, 0xff, 0xf3,
    0x8f, 0xff, 0xe6, 0x21, 0x4b, 0xff, 0xff, 0xf3,
    0x1f, 0xff, 0xff, 0xff, 0xff, 0xec, 0xff, 0xf3,
    0x4, 0xff, 0xff, 0xff, 0xfe, 0x3a, 0xff, 0xf3,
    0x0, 0x18, 0xdf, 0xfd, 0x81, 0xa, 0xff, 0xf3,

    /* U+0102 "Ă" */
    0x0, 0x0, 0x0, 0x6f, 0xf1, 0x0, 0x0, 0xef,
    0xa0, 0x0, 0x0, 0x0, 0x0, 0x0, 0x3, 0xff,
    0x80, 0x0, 0x4f, 0xf7, 0x0, 0x0, 0x0, 0x0,
    0x0, 0x0, 0xc, 0xff, 0xb7, 0x9f, 0xfe, 0x10,
    0x0, 0x0, 0x0, 0x0, 0x0, 0x0, 0x2e, 0xff,
    0xff, 0xff, 0x40, 0x0, 0x0, 0x0, 0x0, 0x0,
    0x0, 0x0, 0x18, 0xdf, 0xea, 0x20, 0x0, 0x0,
    0x0, 0x0, 0x0, 0x0, 0x0, 0x0, 0x0, 0x0,
    0x0, 0x0, 0x0, 0x0, 0x0, 0x0, 0x0, 0x0,
    0x0, 0x0, 0x0, 0x0, 0x0, 0x0, 0x0, 0x0,
    0x0, 0x0, 0x0, 0x0, 0x4, 0xff, 0xff, 0xf5,
    0x0, 0x0, 0x0, 0x0, 0x0, 0x0, 0x0, 0x0,
    0x9f, 0xff, 0xff, 0xb0, 0x0, 0x0, 0x0, 0x0,
    0x0, 0x0, 0x0, 0xe, 0xff, 0xff, 0xff, 0x10,
    0x0, 0x0, 0x0, 0x0, 0x0, 0x0, 0x4, 0xff,
    0xfe, 0xff, 0xf6, 0x0, 0x0, 0x0, 0x0, 0x0,
    0x0, 0x0, 0x9f, 0xff, 0x6f, 0xff, 0xc0, 0x0,
    0x0, 0x0, 0x0, 0x0, 0x0, 0xe, 0xff, 0xf0,
    0xef, 0xff, 0x10, 0x0, 0x0, 0x0, 0x0, 0x0,
    0x4, 0xff, 0xfb, 0xa, 0xff, 0xf7, 0x0, 0x0,
    0x0, 0x0, 0x0, 0x0, 0xaf, 0xff, 0x70, 0x6f,
    0xff, 0xc0, 0x0, 0x0, 0x0, 0x0, 0x0, 0xf,
    0xff, 0xf3, 0x1, 0xff, 0xff, 0x20, 0x0, 0x0,
    0x0, 0x0, 0x5, 0xff, 0xfe, 0x0, 0xd, 0xff,
    0xf7, 0x0, 0x0, 0x0, 0x0, 0x0, 0xaf, 0xff,
    0xa0, 0x0, 0x8f, 0xff, 0xd0, 0x0, 0x0, 0x0,
    0x0, 0xf, 0xff, 0xf5, 0x0, 0x3, 0xff, 0xff,
    0x20, 0x0, 0x0, 0x0, 0x5, 0xff, 0xff, 0x0,
    0x0, 0xe, 0xff, 0xf8, 0x0, 0x0, 0x0, 0x0,
    0xaf, 0xff, 0xb0, 0x0, 0x0, 0x8f, 0xff, 0xd0,
    0x0, 0x0, 0x0, 0xf, 0xff, 0xfa, 0x66, 0x66,
    0x69, 0xff, 0xff, 0x30, 0x0, 0x0, 0x5, 0xff,
    0xff, 0xff, 0xff, 0xff, 0xff, 0xff, 0xf9, 0x0,
    0x0, 0x0, 0xaf, 0xff, 0xff, 0xff, 0xff, 0xff,
    0xff, 0xff, 0xe0, 0x0, 0x0, 0xf, 0xff, 0xff,
    0xff, 0xff, 0xff, 0xff, 0xff, 0xff, 0x40, 0x0,
    0x5, 0xff, 0xff, 0x10, 0x0, 0x0, 0x0, 0xe,
    0xff, 0xf9, 0x0, 0x0, 0xbf, 0xff, 0xc0, 0x0,
    0x0, 0x0, 0x0, 0x8f, 0xff, 0xe0, 0x0, 0xf,
    0xff, 0xf7, 0x0, 0x0, 0x0, 0x0, 0x3, 0xff,
    0xff, 0x40, 0x6, 0xff, 0xff, 0x20, 0x0, 0x0,
    0x0, 0x0, 0xe, 0xff, 0xfa, 0x0, 0xbf, 0xff,
    0xd0, 0x0, 0x0, 0x0, 0x0, 0x0, 0x8f, 0xff,
    0xf0, 0x1f, 0xff, 0xf8, 0x0, 0x0, 0x0, 0x0,
    0x0, 0x3, 0xff, 0xff, 0x50,

    /* U+0103 "ă" */
    0x0, 0xd, 0xe7, 0x0, 0x0, 0x6e, 0xe1, 0x0,
    0x0, 0xc, 0xff, 0x61, 0x5, 0xff, 0xd0, 0x0,
    0x0, 0x3, 0xff, 0xff, 0xff, 0xff, 0x40, 0x0,
    0x0, 0x0, 0x3d, 0xff, 0xff, 0xe4, 0x0, 0x0,
    0x0, 0x0, 0x0, 0x36, 0x63, 0x0, 0x0, 0x0,
    0x0, 0x0, 0x0, 0x0, 0x0, 0x0, 0x0, 0x0,
    0x0, 0x0, 0x0, 0x0, 0x0, 0x0, 0x0, 0x0,
    0x0, 0x0, 0x5a, 0xdf, 0xfe, 0xb6, 0x0, 0x0,
    0x0, 0x3d, 0xff, 0xff, 0xff, 0xff, 0xe3, 0x0,
    0x3, 0xff, 0xff, 0xff, 0xff, 0xff, 0xff, 0x20,
    0xc, 0xff, 0xfe, 0x74, 0x37, 0xef, 0xff, 0xb0,
    0x1c, 0xff, 0xe2, 0x0, 0x0, 0x3f, 0xff, 0xf0,
    0x0, 0x2, 0x20, 0x0, 0x0, 0xe, 0xff, 0xf2,
    0x0, 0x0, 0x0, 0x0, 0x0, 0x1f, 0xff, 0xf3,
    0x0, 0x0, 0x14, 0x79, 0xbd, 0xff, 0xff, 0xf3,
    0x0, 0x4c, 0xff, 0xff, 0xff, 0xff, 0xff, 0xf3,
    0x8, 0xff, 0xff, 0xff, 0xfd, 0x9e, 0xff, 0xf3,
    0x4f, 0xff, 0xfb, 0x52, 0x0, 0xd, 0xff, 0xf3,
    0xaf, 0xff, 0x80, 0x0, 0x0, 0xd, 0xff, 0xf3,
    0xcf, 0xff, 0x20, 0x0, 0x0, 0x1f, 0xff, 0xf3,
    0xbf, 0xff, 0x50, 0x0, 0x0, 0x9f, 0xff, 0xf3,
    0x8f, 0xff, 0xe6, 0x21, 0x4b, 0xff, 0xff, 0xf3,
    0x1f, 0xff, 0xff, 0xff, 0xff, 0xec, 0xff, 0xf3,
    0x4, 0xff, 0xff, 0xff, 0xfe, 0x3a, 0xff, 0xf3,
    0x0, 0x18, 0xdf, 0xfd, 0x81, 0xa, 0xff, 0xf3,

    /* U+0104 "Ą" */
    0x0, 0x0, 0x0, 0x0, 0x4f, 0xff, 0xff, 0x50,
    0x0, 0x0, 0x0, 0x0, 0x0, 0x0, 0x0, 0x0,
    0x9f, 0xff, 0xff, 0xb0, 0x0, 0x0, 0x0, 0x0,
    0x0, 0x0, 0x0, 0x0, 0xef, 0xff, 0xff, 0xf1,
    0x0, 0x0, 0x0, 0x0, 0x0, 0x0, 0x0, 0x4,
    0xff, 0xfe, 0xff, 0xf6, 0x0, 0x0, 0x0, 0x0,
    0x0, 0x0, 0x0, 0x9, 0xff, 0xf7, 0xff, 0xfc,
    0x0, 0x0, 0x0, 0x0, 0x0, 0x0, 0x0, 0xe,
    0xff, 0xf0, 0xff, 0xff, 0x10, 0x0, 0x0, 0x0,
    0x0, 0x0, 0x0, 0x4f, 0xff, 0xc0, 0xbf, 0xff,
    0x70, 0x0, 0x0, 0x0, 0x0, 0x0, 0x0, 0xaf,
    0xff, 0x80, 0x6f, 0xff, 0xc0, 0x0, 0x0, 0x0,
    0x0, 0x0, 0x0, 0xff, 0xff, 0x40, 0x2f, 0xff,
    0xf2, 0x0, 0x0, 0x0, 0x0, 0x0, 0x5, 0xff,
    0xff, 0x0, 0xe, 0xff, 0xf7, 0x0, 0x0, 0x0,
    0x0, 0x0, 0xa, 0xff, 0xfb, 0x0, 0x9, 0xff,
    0xfd, 0x0, 0x0, 0x0, 0x0, 0x0, 0xf, 0xff,
    0xf7, 0x0, 0x4, 0xff, 0xff, 0x20, 0x0, 0x0,
    0x0, 0x0, 0x5f, 0xff, 0xf2, 0x0, 0x0, 0xff,
    0xff, 0x80, 0x0, 0x0, 0x0, 0x0, 0xaf, 0xff,
    0xd0, 0x0, 0x0, 0xaf, 0xff, 0xd0, 0x0, 0x0,
    0x0, 0x0, 0xff, 0xff, 0x80, 0x0, 0x0, 0x5f,
    0xff, 0xf3, 0x0, 0x0, 0x0, 0x5, 0xff, 0xff,
    0xff, 0xff, 0xff, 0xff, 0xff, 0xf9, 0x0, 0x0,
    0x0, 0xa, 0xff, 0xff, 0xff, 0xff, 0xff, 0xff,
    0xff, 0xfe, 0x0, 0x0, 0x0, 0xf, 0xff, 0xff,
    0xff, 0xff, 0xff, 0xff, 0xff, 0xff, 0x40, 0x0,
    0x0, 0x5f, 0xff, 0xf7, 0x66, 0x66, 0x66, 0x66,
    0xff, 0xff, 0x90, 0x0, 0x0, 0xbf, 0xff, 0xd0,
    0x0, 0x0, 0x0, 0x0, 0xaf, 0xff, 0xe0, 0x0,
    0x0, 0xff, 0xff, 0x80, 0x0, 0x0, 0x0, 0x0,
    0x4f, 0xff, 0xf4, 0x0, 0x6, 0xff, 0xff, 0x30,
    0x0, 0x0, 0x0, 0x0, 0xe, 0xff, 0xfa, 0x0,
    0xb, 0xff, 0xfd, 0x0, 0x0, 0x0, 0x0, 0x0,
    0x9, 0xff, 0xff, 0x0, 0x1f, 0xff, 0xf8, 0x0,
    0x0, 0x0, 0x0, 0x0, 0x3, 0xff, 0xff, 0x60,
    0x0, 0x0, 0x0, 0x0, 0x0, 0x0, 0x0, 0x0,
    0x6, 0xff, 0xf9, 0x0, 0x0, 0x0, 0x0, 0x0,
    0x0, 0x0, 0x0, 0x0, 0x3f, 0xff, 0x80, 0x0,
    0x0, 0x0, 0x0, 0x0, 0x0, 0x0, 0x0, 0x0,
    0xbf, 0xff, 0x0, 0x0, 0x0, 0x0, 0x0, 0x0,
    0x0, 0x0, 0x0, 0x0, 0xef, 0xff, 0x10, 0x0,
    0x0, 0x0, 0x0, 0x0, 0x0, 0x0, 0x0, 0x0,
    0xdf, 0xff, 0xed, 0xa0, 0x0, 0x0, 0x0, 0x0,
    0x0, 0x0, 0x0, 0x0, 0x5f, 0xff, 0xff, 0xf1,
    0x0, 0x0, 0x0, 0x0, 0x0, 0x0, 0x0, 0x0,
    0x3, 0xbe, 0xfd, 0x91,

    /* U+0105 "ą" */
    0x0, 0x0, 0x5a, 0xdf, 0xfe, 0xb6, 0x0, 0x0,
    0x0, 0x3, 0xdf, 0xff, 0xff, 0xff, 0xfe, 0x30,
    0x0, 0x3, 0xff, 0xff, 0xff, 0xff, 0xff, 0xff,
    0x20, 0x0, 0xcf, 0xff, 0xe7, 0x43, 0x7e, 0xff,
    0xfb, 0x0, 0x1c, 0xff, 0xe2, 0x0, 0x0, 0x3f,
    0xff, 0xf0, 0x0, 0x0, 0x22, 0x0, 0x0, 0x0,
    0xef, 0xff, 0x20, 0x0, 0x0, 0x0, 0x0, 0x0,
    0x1f, 0xff, 0xf3, 0x0, 0x0, 0x1, 0x47, 0x9b,
    0xdf, 0xff, 0xff, 0x30, 0x0, 0x4c, 0xff, 0xff,
    0xff, 0xff, 0xff, 0xf3, 0x0, 0x8f, 0xff, 0xff,
    0xff, 0xd9, 0xef, 0xff, 0x30, 0x4f, 0xff, 0xfb,
    0x52, 0x0, 0xd, 0xff, 0xf3, 0xa, 0xff, 0xf8,
    0x0, 0x0, 0x0, 0xdf, 0xff, 0x30, 0xcf, 0xff,
    0x20, 0x0, 0x0, 0x1f, 0xff, 0xf3, 0xb, 0xff,
    0xf5, 0x0, 0x0, 0x9, 0xff, 0xff, 0x30, 0x8f,
    0xff, 0xe6, 0x21, 0x4b, 0xff, 0xff, 0xf3, 0x1,
    0xff, 0xff, 0xff, 0xff, 0xfe, 0xcf, 0xff, 0x30,
    0x4, 0xff, 0xff, 0xff, 0xfe, 0x3a, 0xff, 0xf3,
    0x0, 0x1, 0x8d, 0xff, 0xd8, 0x10, 0xcf, 0xff,
    0x30, 0x0, 0x0, 0x0, 0x0, 0x0, 0x6f, 0xff,
    0x50, 0x0, 0x0, 0x0, 0x0, 0x0, 0x4f, 0xff,
    0x30, 0x0, 0x0, 0x0, 0x0, 0x0, 0xc, 0xff,
    0xb0, 0x0, 0x0, 0x0, 0x0, 0x0, 0x0, 0xff,
    0xfc, 0x0, 0x0, 0x0, 0x0, 0x0, 0x0, 0xe,
    0xff, 0xfd, 0xe6, 0x0, 0x0, 0x0, 0x0, 0x0,
    0x7f, 0xff, 0xff, 0xc0, 0x0, 0x0, 0x0, 0x0,
    0x0, 0x5c, 0xfe, 0xc7, 0x0,

    /* U+0106 "Ć" */
    0x0, 0x0, 0x0, 0x0, 0x0, 0x5, 0xff, 0xf8,
    0x0, 0x0, 0x0, 0x0, 0x0, 0x0, 0x0, 0x0,
    0xc, 0xff, 0xd0, 0x0, 0x0, 0x0, 0x0, 0x0,
    0x0, 0x0, 0x0, 0x3f, 0xff, 0x30, 0x0, 0x0,
    0x0, 0x0, 0x0, 0x0, 0x0, 0x0, 0xaf, 0xf8,
    0x0, 0x0, 0x0, 0x0, 0x0, 0x0, 0x0, 0x0,
    0x1, 0xdd, 0xc0, 0x0, 0x0, 0x0, 0x0, 0x0,
    0x0, 0x0, 0x0, 0x0, 0x0, 0x0, 0x0, 0x0,
    0x0, 0x0, 0x0, 0x0, 0x0, 0x0, 0x0, 0x0,
    0x0, 0x0, 0x0, 0x0, 0x0, 0x0, 0x0, 0x0,
    0x5, 0xad, 0xff, 0xec, 0x72, 0x0, 0x0, 0x0,
    0x0, 0x0, 0x5, 0xef, 0xff, 0xff, 0xff, 0xff,
    0xa1, 0x0, 0x0, 0x0, 0x0, 0x9f, 0xff, 0xff,
    0xff, 0xff, 0xff, 0xfe, 0x30, 0x0, 0x0, 0x9,
    0xff, 0xff, 0xff, 0xed, 0xef, 0xff, 0xff, 0xe2,
    0x0, 0x0, 0x5f, 0xff, 0xff, 0x71, 0x0, 0x3,
    0xaf, 0xff, 0xfc, 0x0, 0x0, 0xef, 0xff, 0xe2,
    0x0, 0x0, 0x0, 0x7, 0xff, 0xff, 0x40, 0x6,
    0xff, 0xff, 0x40, 0x0, 0x0, 0x0, 0x0, 0xbf,
    0xff, 0xa0, 0xc, 0xff, 0xfa, 0x0, 0x0, 0x0,
    0x0, 0x0, 0x4f, 0xff, 0xe0, 0xf, 0xff, 0xf4,
    0x0, 0x0, 0x0, 0x0, 0x0, 0x2, 0x22, 0x20,
    0x3f, 0xff, 0xf0, 0x0, 0x0, 0x0, 0x0, 0x0,
    0x0, 0x0, 0x0, 0x5f, 0xff, 0xe0, 0x0, 0x0,
    0x0, 0x0, 0x0, 0x0, 0x0, 0x0, 0x5f, 0xff,
    0xd0, 0x0, 0x0, 0x0, 0x0, 0x0, 0x0, 0x0,
    0x0, 0x5f, 0xff, 0xd0, 0x0, 0x0, 0x0, 0x0,
    0x0, 0x0, 0x0, 0x0, 0x5f, 0xff, 0xe0, 0x0,
    0x0, 0x0, 0x0, 0x0, 0x0, 0x0, 0x0, 0x3f,
    0xff, 0xf0, 0x0, 0x0, 0x0, 0x0, 0x0, 0x0,
    0x0, 0x0, 0xf, 0xff, 0xf4, 0x0, 0x0, 0x0,
    0x0, 0x0, 0x1, 0x11, 0x10, 0xc, 0xff, 0xfa,
    0x0, 0x0, 0x0, 0x0, 0x0, 0x4f, 0xff, 0xe0,
    0x6, 0xff, 0xff, 0x30, 0x0, 0x0, 0x0, 0x0,
    0xbf, 0xff, 0xa0, 0x0, 0xef, 0xff, 0xe2, 0x0,
    0x0, 0x0, 0x7, 0xff, 0xff, 0x40, 0x0, 0x5f,
    0xff, 0xff, 0x71, 0x0, 0x2, 0xaf, 0xff, 0xfb,
    0x0, 0x0, 0x9, 0xff, 0xff, 0xff, 0xdd, 0xef,
    0xff, 0xff, 0xe1, 0x0, 0x0, 0x0, 0x9f, 0xff,
    0xff, 0xff, 0xff, 0xff, 0xfe, 0x20, 0x0, 0x0,
    0x0, 0x5, 0xef, 0xff, 0xff, 0xff, 0xff, 0xa1,
    0x0, 0x0, 0x0, 0x0, 0x0, 0x5, 0xad, 0xff,
    0xec, 0x82, 0x0, 0x0, 0x0,

    /* U+0107 "ć" */
    0x0, 0x0, 0x0, 0x0, 0xd, 0xff, 0xe1, 0x0,
    0x0, 0x0, 0x0, 0x0, 0x5, 0xff, 0xf5, 0x0,
    0x0, 0x0, 0x0, 0x0, 0x0, 0xcf, 0xfa, 0x0,
    0x0, 0x0, 0x0, 0x0, 0x0, 0x3f, 0xfe, 0x10,
    0x0, 0x0, 0x0, 0x0, 0x0, 0x8, 0xee, 0x50,
    0x0, 0x0, 0x0, 0x0, 0x0, 0x0, 0x0, 0x0,
    0x0, 0x0, 0x0, 0x0, 0x0, 0x0, 0x0, 0x0,
    0x0, 0x0, 0x0, 0x0, 0x0, 0x0, 0x6b, 0xef,
    0xfd, 0x93, 0x0, 0x0, 0x0, 0x3, 0xef, 0xff,
    0xff, 0xff, 0xf9, 0x0, 0x0, 0x5, 0xff, 0xff,
    0xff, 0xff, 0xff, 0xfb, 0x0, 0x1, 0xff, 0xff,
    0xe8, 0x67, 0xcf, 0xff, 0xf7, 0x0, 0xaf, 0xff,
    0xe1, 0x0, 0x0, 0x8f, 0xff, 0xe0, 0x1f, 0xff,
    0xf4, 0x0, 0x0, 0x0, 0xdf, 0xea, 0x15, 0xff,
    0xfe, 0x0, 0x0, 0x0, 0x2, 0x10, 0x0, 0x8f,
    0xff, 0xa0, 0x0, 0x0, 0x0, 0x0, 0x0, 0x9,
    0xff, 0xf8, 0x0, 0x0, 0x0, 0x0, 0x0, 0x0,
    0x9f, 0xff, 0x90, 0x0, 0x0, 0x0, 0x0, 0x0,
    0x8, 0xff, 0xfa, 0x0, 0x0, 0x0, 0x0, 0x0,
    0x0, 0x5f, 0xff, 0xe0, 0x0, 0x0, 0x0, 0x33,
    0x0, 0x1, 0xff, 0xff, 0x50, 0x0, 0x0, 0xd,
    0xff, 0xc2, 0xa, 0xff, 0xfe, 0x20, 0x0, 0x8,
    0xff, 0xfe, 0x0, 0x1f, 0xff, 0xff, 0x96, 0x7c,
    0xff, 0xff, 0x70, 0x0, 0x5f, 0xff, 0xff, 0xff,
    0xff, 0xff, 0xb0, 0x0, 0x0, 0x3e, 0xff, 0xff,
    0xff, 0xff, 0x90, 0x0, 0x0, 0x0, 0x6, 0xbe,
    0xff, 0xd9, 0x30, 0x0, 0x0,

    /* U+0108 "Ĉ" */
    0x0, 0x0, 0x0, 0x0, 0xc, 0xff, 0xf6, 0x0,
    0x0, 0x0, 0x0, 0x0, 0x0, 0x0, 0x0, 0xcf,
    0xff, 0xff, 0x50, 0x0, 0x0, 0x0, 0x0, 0x0,
    0x0, 0xc, 0xff, 0xb3, 0xff, 0xf4, 0x0, 0x0,
    0x0, 0x0, 0x0, 0x0, 0xbf, 0xfd, 0x0, 0x5f,
    0xff, 0x30, 0x0, 0x0, 0x0, 0x0, 0x3, 0x88,
    0x81, 0x0, 0x5, 0x88, 0x70, 0x0, 0x0, 0x0,
    0x0, 0x0, 0x0, 0x0, 0x0, 0x0, 0x0, 0x0,
    0x0, 0x0, 0x0, 0x0, 0x0, 0x0, 0x0, 0x0,
    0x0, 0x0, 0x0, 0x0, 0x0, 0x0, 0x0, 0x0,
    0x5, 0xad, 0xff, 0xec, 0x72, 0x0, 0x0, 0x0,
    0x0, 0x0, 0x5, 0xef, 0xff, 0xff, 0xff, 0xff,
    0xa1, 0x0, 0x0, 0x0, 0x0, 0x9f, 0xff, 0xff,
    0xff, 0xff, 0xff, 0xfe, 0x30, 0x0, 0x0, 0x9,
    0xff, 0xff, 0xff, 0xed, 0xef, 0xff, 0xff, 0xe2,
    0x0, 0x0, 0x5f, 0xff, 0xff, 0x71, 0x0, 0x3,
    0xaf, 0xff, 0xfc, 0x0, 0x0, 0xef, 0xff, 0xe2,
    0x0, 0x0, 0x0, 0x7, 0xff, 0xff, 0x40, 0x6,
    0xff, 0xff, 0x40, 0x0, 0x0, 0x0, 0x0, 0xbf,
    0xff, 0xa0, 0xc, 0xff, 0xfa, 0x0, 0x0, 0x0,
    0x0, 0x0, 0x4f, 0xff, 0xe0, 0xf, 0xff, 0xf4,
    0x0, 0x0, 0x0, 0x0, 0x0, 0x2, 0x22, 0x20,
    0x3f, 0xff, 0xf0, 0x0, 0x0, 0x0, 0x0, 0x0,
    0x0, 0x0, 0x0, 0x5f, 0xff, 0xe0, 0x0, 0x0,
    0x0, 0x0, 0x0, 0x0, 0x0, 0x0, 0x5f, 0xff,
    0xd0, 0x0, 0x0, 0x0, 0x0, 0x0, 0x0, 0x0,
    0x0, 0x5f, 0xff, 0xd0, 0x0, 0x0, 0x0, 0x0,
    0x0, 0x0, 0x0, 0x0, 0x5f, 0xff, 0xe0, 0x0,
    0x0, 0x0, 0x0, 0x0, 0x0, 0x0, 0x0, 0x3f,
    0xff, 0xf0, 0x0, 0x0, 0x0, 0x0, 0x0, 0x0,
    0x0, 0x0, 0xf, 0xff, 0xf4, 0x0, 0x0, 0x0,
    0x0, 0x0, 0x1, 0x11, 0x10, 0xc, 0xff, 0xfa,
    0x0, 0x0, 0x0, 0x0, 0x0, 0x4f, 0xff, 0xe0,
    0x6, 0xff, 0xff, 0x30, 0x0, 0x0, 0x0, 0x0,
    0xbf, 0xff, 0xa0, 0x0, 0xef, 0xff, 0xe2, 0x0,
    0x0, 0x0, 0x7, 0xff, 0xff, 0x40, 0x0, 0x5f,
    0xff, 0xff, 0x71, 0x0, 0x2, 0xaf, 0xff, 0xfb,
    0x0, 0x0, 0x9, 0xff, 0xff, 0xff, 0xdd, 0xef,
    0xff, 0xff, 0xe1, 0x0, 0x0, 0x0, 0x9f, 0xff,
    0xff, 0xff, 0xff, 0xff, 0xfe, 0x20, 0x0, 0x0,
    0x0, 0x5, 0xef, 0xff, 0xff, 0xff, 0xff, 0xa1,
    0x0, 0x0, 0x0, 0x0, 0x0, 0x5, 0xad, 0xff,
    0xec, 0x82, 0x0, 0x0, 0x0,

    /* U+0109 "ĉ" */
    0x0, 0x0, 0x0, 0x17, 0x88, 0x40, 0x0, 0x0,
    0x0, 0x0, 0x0, 0xc, 0xff, 0xff, 0x30, 0x0,
    0x0, 0x0, 0x0, 0xa, 0xff, 0xef, 0xfe, 0x20,
    0x0, 0x0, 0x0, 0x8, 0xff, 0xe1, 0x9f, 0xfd,
    0x10, 0x0, 0x0, 0x6, 0xff, 0xf4, 0x0, 0xcf,
    0xfb, 0x0, 0x0, 0x0, 0x78, 0x85, 0x0, 0x1,
    0x88, 0x83, 0x0, 0x0, 0x0, 0x0, 0x0, 0x0,
    0x0, 0x0, 0x0, 0x0, 0x0, 0x0, 0x0, 0x0,
    0x0, 0x0, 0x0, 0x0, 0x0, 0x0, 0x6, 0xbe,
    0xff, 0xd9, 0x30, 0x0, 0x0, 0x0, 0x3e, 0xff,
    0xff, 0xff, 0xff, 0x90, 0x0, 0x0, 0x5f, 0xff,
    0xff, 0xff, 0xff, 0xff, 0xb0, 0x0, 0x1f, 0xff,
    0xfe, 0x86, 0x7c, 0xff, 0xff, 0x70, 0xa, 0xff,
    0xfe, 0x10, 0x0, 0x8, 0xff, 0xfe, 0x1, 0xff,
    0xff, 0x40, 0x0, 0x0, 0xd, 0xfe, 0xa1, 0x5f,
    0xff, 0xe0, 0x0, 0x0, 0x0, 0x21, 0x0, 0x8,
    0xff, 0xfa, 0x0, 0x0, 0x0, 0x0, 0x0, 0x0,
    0x9f, 0xff, 0x80, 0x0, 0x0, 0x0, 0x0, 0x0,
    0x9, 0xff, 0xf9, 0x0, 0x0, 0x0, 0x0, 0x0,
    0x0, 0x8f, 0xff, 0xa0, 0x0, 0x0, 0x0, 0x0,
    0x0, 0x5, 0xff, 0xfe, 0x0, 0x0, 0x0, 0x3,
    0x30, 0x0, 0x1f, 0xff, 0xf5, 0x0, 0x0, 0x0,
    0xdf, 0xfc, 0x20, 0xaf, 0xff, 0xe2, 0x0, 0x0,
    0x8f, 0xff, 0xe0, 0x1, 0xff, 0xff, 0xf9, 0x67,
    0xcf, 0xff, 0xf7, 0x0, 0x5, 0xff, 0xff, 0xff,
    0xff, 0xff, 0xfb, 0x0, 0x0, 0x3, 0xef, 0xff,
    0xff, 0xff, 0xf9, 0x0, 0x0, 0x0, 0x0, 0x6b,
    0xef, 0xfd, 0x93, 0x0, 0x0,

    /* U+010A "Ċ" */
    0x0, 0x0, 0x0, 0x0, 0x3, 0xdf, 0x90, 0x0,
    0x0, 0x0, 0x0, 0x0, 0x0, 0x0, 0x0, 0xe,
    0xff, 0xf6, 0x0, 0x0, 0x0, 0x0, 0x0, 0x0,
    0x0, 0x0, 0xf, 0xff, 0xf8, 0x0, 0x0, 0x0,
    0x0, 0x0, 0x0, 0x0, 0x0, 0xa, 0xff, 0xf3,
    0x0, 0x0, 0x0, 0x0, 0x0, 0x0, 0x0, 0x0,
    0x0, 0x57, 0x20, 0x0, 0x0, 0x0, 0x0, 0x0,
    0x0, 0x0, 0x0, 0x0, 0x0, 0x0, 0x0, 0x0,
    0x0, 0x0, 0x0, 0x0, 0x0, 0x0, 0x0, 0x0,
    0x0, 0x0, 0x0, 0x0, 0x0, 0x0, 0x0, 0x0,
    0x5, 0xad, 0xff, 0xec, 0x72, 0x0, 0x0, 0x0,
    0x0, 0x0, 0x5, 0xef, 0xff, 0xff, 0xff, 0xff,
    0xa1, 0x0, 0x0, 0x0, 0x0, 0x9f, 0xff, 0xff,
    0xff, 0xff, 0xff, 0xfe, 0x30, 0x0, 0x0, 0x9,
    0xff, 0xff, 0xff, 0xed, 0xef, 0xff, 0xff, 0xe2,
    0x0, 0x0, 0x5f, 0xff, 0xff, 0x71, 0x0, 0x3,
    0xaf, 0xff, 0xfc, 0x0, 0x0, 0xef, 0xff, 0xe2,
    0x0, 0x0, 0x0, 0x7, 0xff, 0xff, 0x40, 0x6,
    0xff, 0xff, 0x40, 0x0, 0x0, 0x0, 0x0, 0xbf,
    0xff, 0xa0, 0xc, 0xff, 0xfa, 0x0, 0x0, 0x0,
    0x0, 0x0, 0x4f, 0xff, 0xe0, 0xf, 0xff, 0xf4,
    0x0, 0x0, 0x0, 0x0, 0x0, 0x2, 0x22, 0x20,
    0x3f, 0xff, 0xf0, 0x0, 0x0, 0x0, 0x0, 0x0,
    0x0, 0x0, 0x0, 0x5f, 0xff, 0xe0, 0x0, 0x0,
    0x0, 0x0, 0x0, 0x0, 0x0, 0x0, 0x5f, 0xff,
    0xd0, 0x0, 0x0, 0x0, 0x0, 0x0, 0x0, 0x0,
    0x0, 0x5f, 0xff, 0xd0, 0x0, 0x0, 0x0, 0x0,
    0x0, 0x0, 0x0, 0x0, 0x5f, 0xff, 0xe0, 0x0,
    0x0, 0x0, 0x0, 0x0, 0x0, 0x0, 0x0, 0x3f,
    0xff, 0xf0, 0x0, 0x0, 0x0, 0x0, 0x0, 0x0,
    0x0, 0x0, 0xf, 0xff, 0xf4, 0x0, 0x0, 0x0,
    0x0, 0x0, 0x1, 0x11, 0x10, 0xc, 0xff, 0xfa,
    0x0, 0x0, 0x0, 0x0, 0x0, 0x4f, 0xff, 0xe0,
    0x6, 0xff, 0xff, 0x30, 0x0, 0x0, 0x0, 0x0,
    0xbf, 0xff, 0xa0, 0x0, 0xef, 0xff, 0xe2, 0x0,
    0x0, 0x0, 0x7, 0xff, 0xff, 0x40, 0x0, 0x5f,
    0xff, 0xff, 0x71, 0x0, 0x2, 0xaf, 0xff, 0xfb,
    0x0, 0x0, 0x9, 0xff, 0xff, 0xff, 0xdd, 0xef,
    0xff, 0xff, 0xe1, 0x0, 0x0, 0x0, 0x9f, 0xff,
    0xff, 0xff, 0xff, 0xff, 0xfe, 0x20, 0x0, 0x0,
    0x0, 0x5, 0xef, 0xff, 0xff, 0xff, 0xff, 0xa1,
    0x0, 0x0, 0x0, 0x0, 0x0, 0x5, 0xad, 0xff,
    0xec, 0x82, 0x0, 0x0, 0x0,

    /* U+010B "ċ" */
    0x0, 0x0, 0x0, 0x9, 0xfd, 0x30, 0x0, 0x0,
    0x0, 0x0, 0x0, 0x7, 0xff, 0xfe, 0x0, 0x0,
    0x0, 0x0, 0x0, 0x0, 0x9f, 0xff, 0xf0, 0x0,
    0x0, 0x0, 0x0, 0x0, 0x3, 0xff, 0xfa, 0x0,
    0x0, 0x0, 0x0, 0x0, 0x0, 0x2, 0x75, 0x0,
    0x0, 0x0, 0x0, 0x0, 0x0, 0x0, 0x0, 0x0,
    0x0, 0x0, 0x0, 0x0, 0x0, 0x0, 0x0, 0x0,
    0x0, 0x0, 0x0, 0x0, 0x0, 0x0, 0x6b, 0xef,
    0xfd, 0x93, 0x0, 0x0, 0x0, 0x3, 0xef, 0xff,
    0xff, 0xff, 0xf9, 0x0, 0x0, 0x5, 0xff, 0xff,
    0xff, 0xff, 0xff, 0xfb, 0x0, 0x1, 0xff, 0xff,
    0xe8, 0x67, 0xcf, 0xff, 0xf7, 0x0, 0xaf, 0xff,
    0xe1, 0x0, 0x0, 0x8f, 0xff, 0xe0, 0x1f, 0xff,
    0xf4, 0x0, 0x0, 0x0, 0xdf, 0xea, 0x15, 0xff,
    0xfe, 0x0, 0x0, 0x0, 0x2, 0x10, 0x0, 0x8f,
    0xff, 0xa0, 0x0, 0x0, 0x0, 0x0, 0x0, 0x9,
    0xff, 0xf8, 0x0, 0x0, 0x0, 0x0, 0x0, 0x0,
    0x9f, 0xff, 0x90, 0x0, 0x0, 0x0, 0x0, 0x0,
    0x8, 0xff, 0xfa, 0x0, 0x0, 0x0, 0x0, 0x0,
    0x0, 0x5f, 0xff, 0xe0, 0x0, 0x0, 0x0, 0x33,
    0x0, 0x1, 0xff, 0xff, 0x50, 0x0, 0x0, 0xd,
    0xff, 0xc2, 0xa, 0xff, 0xfe, 0x20, 0x0, 0x8,
    0xff, 0xfe, 0x0, 0x1f, 0xff, 0xff, 0x96, 0x7c,
    0xff, 0xff, 0x70, 0x0, 0x5f, 0xff, 0xff, 0xff,
    0xff, 0xff, 0xb0, 0x0, 0x0, 0x3e, 0xff, 0xff,
    0xff, 0xff, 0x90, 0x0, 0x0, 0x0, 0x6, 0xbe,
    0xff, 0xd9, 0x30, 0x0, 0x0,

    /* U+010C "Č" */
    0x0, 0x0, 0x0, 0x0, 0x0, 0x0, 0x0, 0x0,
    0x0, 0x0, 0x0, 0x0, 0x0, 0x3, 0xff, 0xf7,
    0x0, 0x1d, 0xff, 0xc0, 0x0, 0x0, 0x0, 0x0,
    0x0, 0x4f, 0xff, 0x30, 0xbf, 0xfd, 0x10, 0x0,
    0x0, 0x0, 0x0, 0x0, 0x6, 0xff, 0xe9, 0xff,
    0xe1, 0x0, 0x0, 0x0, 0x0, 0x0, 0x0, 0x0,
    0x8f, 0xff, 0xfe, 0x20, 0x0, 0x0, 0x0, 0x0,
    0x0, 0x0, 0x0, 0x9, 0xcc, 0xc3, 0x0, 0x0,
    0x0, 0x0, 0x0, 0x0, 0x0, 0x0, 0x0, 0x0,
    0x0, 0x0, 0x0, 0x0, 0x0, 0x0, 0x0, 0x0,
    0x0, 0x0, 0x0, 0x0, 0x0, 0x0, 0x0, 0x0,
    0x0, 0x0, 0x0, 0x5, 0xad, 0xff, 0xec, 0x72,
    0x0, 0x0, 0x0, 0x0, 0x0, 0x5, 0xef, 0xff,
    0xff, 0xff, 0xff, 0xa1, 0x0, 0x0, 0x0, 0x0,
    0x9f, 0xff, 0xff, 0xff, 0xff, 0xff, 0xff, 0x30,
    0x0, 0x0, 0x9, 0xff, 0xff, 0xff, 0xed, 0xef,
    0xff, 0xff, 0xf3, 0x0, 0x0, 0x5f, 0xff, 0xff,
    0x71, 0x0, 0x2, 0xaf, 0xff, 0xfc, 0x0, 0x0,
    0xef, 0xff, 0xe2, 0x0, 0x0, 0x0, 0x6, 0xff,
    0xff, 0x50, 0x6, 0xff, 0xff, 0x40, 0x0, 0x0,
    0x0, 0x0, 0xaf, 0xff, 0xa0, 0xc, 0xff, 0xfa,
    0x0, 0x0, 0x0, 0x0, 0x0, 0x4f, 0xff, 0xe0,
    0xf, 0xff, 0xf4, 0x0, 0x0, 0x0, 0x0, 0x0,
    0x0, 0x0, 0x0, 0x3f, 0xff, 0xf0, 0x0, 0x0,
    0x0, 0x0, 0x0, 0x0, 0x0, 0x0, 0x5f, 0xff,
    0xe0, 0x0, 0x0, 0x0, 0x0, 0x0, 0x0, 0x0,
    0x0, 0x5f, 0xff, 0xd0, 0x0, 0x0, 0x0, 0x0,
    0x0, 0x0, 0x0, 0x0, 0x5f, 0xff, 0xd0, 0x0,
    0x0, 0x0, 0x0, 0x0, 0x0, 0x0, 0x0, 0x5f,
    0xff, 0xe0, 0x0, 0x0, 0x0, 0x0, 0x0, 0x0,
    0x0, 0x0, 0x3f, 0xff, 0xf0, 0x0, 0x0, 0x0,
    0x0, 0x0, 0x0, 0x0, 0x0, 0xf, 0xff, 0xf4,
    0x0, 0x0, 0x0, 0x0, 0x0, 0x2, 0x22, 0x20,
    0xc, 0xff, 0xfa, 0x0, 0x0, 0x0, 0x0, 0x0,
    0x4f, 0xff, 0xe0, 0x6, 0xff, 0xff, 0x30, 0x0,
    0x0, 0x0, 0x0, 0xbf, 0xff, 0xa0, 0x0, 0xef,
    0xff, 0xe2, 0x0, 0x0, 0x0, 0x7, 0xff, 0xff,
    0x40, 0x0, 0x5f, 0xff, 0xff, 0x71, 0x0, 0x2,
    0xaf, 0xff, 0xfb, 0x0, 0x0, 0x9, 0xff, 0xff,
    0xff, 0xdd, 0xef, 0xff, 0xff, 0xe1, 0x0, 0x0,
    0x0, 0x9f, 0xff, 0xff, 0xff, 0xff, 0xff, 0xfe,
    0x20, 0x0, 0x0, 0x0, 0x5, 0xef, 0xff, 0xff,
    0xff, 0xff, 0xa1, 0x0, 0x0, 0x0, 0x0, 0x0,
    0x5, 0xad, 0xff, 0xec, 0x82, 0x0, 0x0, 0x0,

    /* U+010D "č" */
    0x0, 0x7, 0x88, 0x50, 0x0, 0x18, 0x88, 0x30,
    0x0, 0x0, 0x4f, 0xff, 0x40, 0xc, 0xff, 0xc0,
    0x0, 0x0, 0x0, 0x7f, 0xfe, 0x19, 0xff, 0xe1,
    0x0, 0x0, 0x0, 0x0, 0x9f, 0xfd, 0xff, 0xf2,
    0x0, 0x0, 0x0, 0x0, 0x0, 0xbf, 0xff, 0xf4,
    0x0, 0x0, 0x0, 0x0, 0x0, 0x1, 0x78, 0x84,
    0x0, 0x0, 0x0, 0x0, 0x0, 0x0, 0x0, 0x0,
    0x0, 0x0, 0x0, 0x0, 0x0, 0x0, 0x0, 0x0,
    0x0, 0x0, 0x0, 0x0, 0x0, 0x0, 0x6, 0xbe,
    0xff, 0xd9, 0x30, 0x0, 0x0, 0x0, 0x3e, 0xff,
    0xff, 0xff, 0xff, 0x90, 0x0, 0x0, 0x5f, 0xff,
    0xff, 0xff, 0xff, 0xff, 0xb0, 0x0, 0x1f, 0xff,
    0xfe, 0x86, 0x7c, 0xff, 0xff, 0x70, 0xa, 0xff,
    0xfe, 0x10, 0x0, 0x8, 0xff, 0xfe, 0x1, 0xff,
    0xff, 0x40, 0x0, 0x0, 0xd, 0xfe, 0xa1, 0x5f,
    0xff, 0xe0, 0x0, 0x0, 0x0, 0x21, 0x0, 0x8,
    0xff, 0xfa, 0x0, 0x0, 0x0, 0x0, 0x0, 0x0,
    0x9f, 0xff, 0x80, 0x0, 0x0, 0x0, 0x0, 0x0,
    0x9, 0xff, 0xf9, 0x0, 0x0, 0x0, 0x0, 0x0,
    0x0, 0x8f, 0xff, 0xa0, 0x0, 0x0, 0x0, 0x0,
    0x0, 0x5, 0xff, 0xfe, 0x0, 0x0, 0x0, 0x3,
    0x30, 0x0, 0x1f, 0xff, 0xf5, 0x0, 0x0, 0x0,
    0xdf, 0xfc, 0x20, 0xaf, 0xff, 0xe2, 0x0, 0x0,
    0x8f, 0xff, 0xe0, 0x1, 0xff, 0xff, 0xf9, 0x67,
    0xcf, 0xff, 0xf7, 0x0, 0x5, 0xff, 0xff, 0xff,
    0xff, 0xff, 0xfb, 0x0, 0x0, 0x3, 0xef, 0xff,
    0xff, 0xff, 0xf9, 0x0, 0x0, 0x0, 0x0, 0x6b,
    0xef, 0xfd, 0x93, 0x0, 0x0,

    /* U+010E "Ď" */
    0x1, 0xdf, 0xfa, 0x0, 0xa, 0xff, 0xe2, 0x0,
    0x0, 0x0, 0x0, 0x2e, 0xff, 0x70, 0x6f, 0xff,
    0x30, 0x0, 0x0, 0x0, 0x0, 0x4, 0xff, 0xf6,
    0xff, 0xf5, 0x0, 0x0, 0x0, 0x0, 0x0, 0x0,
    0x6f, 0xff, 0xff, 0x70, 0x0, 0x0, 0x0, 0x0,
    0x0, 0x0, 0x8, 0xff, 0xf9, 0x0, 0x0, 0x0,
    0x0, 0x0, 0x0, 0x0, 0x0, 0x0, 0x0, 0x0,
    0x0, 0x0, 0x0, 0x0, 0x0, 0x0, 0x0, 0x0,
    0x0, 0x0, 0x0, 0x0, 0x0, 0x0, 0xaf, 0xff,
    0xff, 0xff, 0xff, 0xda, 0x50, 0x0, 0x0, 0x0,
    0xaf, 0xff, 0xff, 0xff, 0xff, 0xff, 0xfe, 0x60,
    0x0, 0x0, 0xaf, 0xff, 0xff, 0xff, 0xff, 0xff,
    0xff, 0xfb, 0x0, 0x0, 0xaf, 0xff, 0xda, 0xaa,
    0xbc, 0xff, 0xff, 0xff, 0xc0, 0x0, 0xaf, 0xff,
    0x80, 0x0, 0x0, 0x4, 0xdf, 0xff, 0xf8, 0x0,
    0xaf, 0xff, 0x80, 0x0, 0x0, 0x0, 0xb, 0xff,
    0xff, 0x20, 0xaf, 0xff, 0x80, 0x0, 0x0, 0x0,
    0x0, 0xef, 0xff, 0x80, 0xaf, 0xff, 0x80, 0x0,
    0x0, 0x0, 0x0, 0x6f, 0xff, 0xe0, 0xaf, 0xff,
    0x80, 0x0, 0x0, 0x0, 0x0, 0x1f, 0xff, 0xf2,
    0xaf, 0xff, 0x80, 0x0, 0x0, 0x0, 0x0, 0xd,
    0xff, 0xf4, 0xaf, 0xff, 0x80, 0x0, 0x0, 0x0,
    0x0, 0xb, 0xff, 0xf6, 0xaf, 0xff, 0x80, 0x0,
    0x0, 0x0, 0x0, 0xa, 0xff, 0xf7, 0xaf, 0xff,
    0x80, 0x0, 0x0, 0x0, 0x0, 0xa, 0xff, 0xf7,
    0xaf, 0xff, 0x80, 0x0, 0x0, 0x0, 0x0, 0xb,
    0xff, 0xf6, 0xaf, 0xff, 0x80, 0x0, 0x0, 0x0,
    0x0, 0xd, 0xff, 0xf4, 0xaf, 0xff, 0x80, 0x0,
    0x0, 0x0, 0x0, 0x1f, 0xff, 0xf1, 0xaf, 0xff,
    0x80, 0x0, 0x0, 0x0, 0x0, 0x7f, 0xff, 0xd0,
    0xaf, 0xff, 0x80, 0x0, 0x0, 0x0, 0x1, 0xef,
    0xff, 0x80, 0xaf, 0xff, 0x80, 0x0, 0x0, 0x0,
    0xb, 0xff, 0xff, 0x10, 0xaf, 0xff, 0x80, 0x0,
    0x0, 0x5, 0xdf, 0xff, 0xf8, 0x0, 0xaf, 0xff,
    0xda, 0xaa, 0xbc, 0xff, 0xff, 0xff, 0xb0, 0x0,
    0xaf, 0xff, 0xff, 0xff, 0xff, 0xff, 0xff, 0xfb,
    0x0, 0x0, 0xaf, 0xff, 0xff, 0xff, 0xff, 0xff,
    0xfe, 0x60, 0x0, 0x0, 0xaf, 0xff, 0xff, 0xff,
    0xfe, 0xda, 0x50, 0x0, 0x0, 0x0,

    /* U+010F "ď" */
    0x0, 0x0, 0x0, 0x0, 0x0, 0x0, 0x0, 0x0,
    0x0, 0x1, 0x11, 0x0, 0x0, 0x0, 0x0, 0x0,
    0x0, 0x0, 0x0, 0x0, 0x2, 0xff, 0xf1, 0x0,
    0x0, 0x0, 0x0, 0x0, 0x0, 0x3f, 0xff, 0xd0,
    0x2f, 0xff, 0x0, 0x0, 0x0, 0x0, 0x0, 0x0,
    0x3, 0xff, 0xfd, 0x2, 0xff, 0xd0, 0x0, 0x0,
    0x0, 0x0, 0x0, 0x0, 0x3f, 0xff, 0xd0, 0x2f,
    0xfa, 0x0, 0x0, 0x0, 0x0, 0x0, 0x0, 0x3,
    0xff, 0xfd, 0x2, 0xff, 0x80, 0x0, 0x0, 0x0,
    0x0, 0x0, 0x0, 0x3f, 0xff, 0xd0, 0x2f, 0xf6,
    0x0, 0x0, 0x0, 0x0, 0x0, 0x0, 0x3, 0xff,
    0xfd, 0x0, 0x0, 0x0, 0x0, 0x0, 0x4a, 0xef,
    0xeb, 0x30, 0x3f, 0xff, 0xd0, 0x0, 0x0, 0x0,
    0x0, 0x9f, 0xff, 0xff, 0xff, 0x63, 0xff, 0xfd,
    0x0, 0x0, 0x0, 0x0, 0xaf, 0xff, 0xff, 0xff,
    0xff, 0x6f, 0xff, 0xd0, 0x0, 0x0, 0x0, 0x4f,
    0xff, 0xff, 0x96, 0x8d, 0xff, 0xff, 0xfd, 0x0,
    0x0, 0x0, 0xc, 0xff, 0xfe, 0x20, 0x0, 0xa,
    0xff, 0xff, 0xd0, 0x0, 0x0, 0x1, 0xff, 0xff,
    0x40, 0x0, 0x0, 0xe, 0xff, 0xfd, 0x0, 0x0,
    0x0, 0x6f, 0xff, 0xe0, 0x0, 0x0, 0x0, 0x8f,
    0xff, 0xd0, 0x0, 0x0, 0x7, 0xff, 0xfa, 0x0,
    0x0, 0x0, 0x4, 0xff, 0xfd, 0x0, 0x0, 0x0,
    0x9f, 0xff, 0x90, 0x0, 0x0, 0x0, 0x2f, 0xff,
    0xd0, 0x0, 0x0, 0x9, 0xff, 0xf9, 0x0, 0x0,
    0x0, 0x3, 0xff, 0xfd, 0x0, 0x0, 0x0, 0x7f,
    0xff, 0xa0, 0x0, 0x0, 0x0, 0x4f, 0xff, 0xd0,
    0x0, 0x0, 0x5, 0xff, 0xfe, 0x0, 0x0, 0x0,
    0x8, 0xff, 0xfd, 0x0, 0x0, 0x0, 0x1f, 0xff,
    0xf5, 0x0, 0x0, 0x0, 0xef, 0xff, 0xd0, 0x0,
    0x0, 0x0, 0xcf, 0xff, 0xe2, 0x0, 0x0, 0x9f,
    0xff, 0xfd, 0x0, 0x0, 0x0, 0x4, 0xff, 0xff,
    0xf9, 0x67, 0xdf, 0xff, 0xff, 0xd0, 0x0, 0x0,
    0x0, 0xa, 0xff, 0xff, 0xff, 0xff, 0xf6, 0xff,
    0xfd, 0x0, 0x0, 0x0, 0x0, 0x9, 0xff, 0xff,
    0xff, 0xf6, 0x2f, 0xff, 0xd0, 0x0, 0x0, 0x0,
    0x0, 0x4, 0xae, 0xfe, 0xb3, 0x2, 0xff, 0xfd,
    0x0, 0x0, 0x0,

    /* U+0110 "Đ" */
    0x0, 0xb, 0xff, 0xff, 0xff, 0xff, 0xed, 0xa5,
    0x0, 0x0, 0x0, 0x0, 0x0, 0xbf, 0xff, 0xff,
    0xff, 0xff, 0xff, 0xfe, 0x60, 0x0, 0x0, 0x0,
    0xb, 0xff, 0xff, 0xff, 0xff, 0xff, 0xff, 0xff,
    0xa0, 0x0, 0x0, 0x0, 0xbf, 0xff, 0xda, 0xaa,
    0xbc, 0xff, 0xff, 0xff, 0xb0, 0x0, 0x0, 0xb,
    0xff, 0xf7, 0x0, 0x0, 0x0, 0x5d, 0xff, 0xff,
    0x70, 0x0, 0x0, 0xbf, 0xff, 0x70, 0x0, 0x0,
    0x0, 0xb, 0xff, 0xff, 0x10, 0x0, 0xb, 0xff,
    0xf7, 0x0, 0x0, 0x0, 0x0, 0x1e, 0xff, 0xf7,
    0x0, 0x0, 0xbf, 0xff, 0x70, 0x0, 0x0, 0x0,
    0x0, 0x7f, 0xff, 0xd0, 0x0, 0xb, 0xff, 0xf7,
    0x0, 0x0, 0x0, 0x0, 0x1, 0xff, 0xff, 0x10,
    0x0, 0xbf, 0xff, 0x70, 0x0, 0x0, 0x0, 0x0,
    0xe, 0xff, 0xf3, 0x0, 0xb, 0xff, 0xf7, 0x0,
    0x0, 0x0, 0x0, 0x0, 0xcf, 0xff, 0x5b, 0xff,
    0xff, 0xff, 0xff, 0xff, 0xfd, 0x0, 0x0, 0xb,
    0xff, 0xf6, 0xbf, 0xff, 0xff, 0xff, 0xff, 0xff,
    0xd0, 0x0, 0x0, 0xbf, 0xff, 0x6a, 0xff, 0xff,
    0xff, 0xff, 0xff, 0xfc, 0x0, 0x0, 0xc, 0xff,
    0xf5, 0x0, 0xb, 0xff, 0xf7, 0x0, 0x0, 0x0,
    0x0, 0x0, 0xef, 0xff, 0x30, 0x0, 0xbf, 0xff,
    0x70, 0x0, 0x0, 0x0, 0x0, 0x2f, 0xff, 0xf1,
    0x0, 0xb, 0xff, 0xf7, 0x0, 0x0, 0x0, 0x0,
    0x8, 0xff, 0xfc, 0x0, 0x0, 0xbf, 0xff, 0x70,
    0x0, 0x0, 0x0, 0x1, 0xef, 0xff, 0x70, 0x0,
    0xb, 0xff, 0xf7, 0x0, 0x0, 0x0, 0x1, 0xcf,
    0xff, 0xf1, 0x0, 0x0, 0xbf, 0xff, 0x70, 0x0,
    0x0, 0x5, 0xdf, 0xff, 0xf7, 0x0, 0x0, 0xb,
    0xff, 0xfd, 0xaa, 0xab, 0xcf, 0xff, 0xff, 0xfa,
    0x0, 0x0, 0x0, 0xbf, 0xff, 0xff, 0xff, 0xff,
    0xff, 0xff, 0xfa, 0x0, 0x0, 0x0, 0xb, 0xff,
    0xff, 0xff, 0xff, 0xff, 0xff, 0xe5, 0x0, 0x0,
    0x0, 0x0, 0xbf, 0xff, 0xff, 0xff, 0xfe, 0xc9,
    0x50, 0x0, 0x0, 0x0,

    /* U+0111 "đ" */
    0x0, 0x0, 0x0, 0x0, 0x0, 0x0, 0x3f, 0xff,
    0xd0, 0x0, 0x0, 0x0, 0x0, 0x9, 0xaa, 0xae,
    0xff, 0xff, 0xa9, 0x0, 0x0, 0x0, 0x0, 0xff,
    0xff, 0xff, 0xff, 0xff, 0xe0, 0x0, 0x0, 0x0,
    0xf, 0xff, 0xff, 0xff, 0xff, 0xfe, 0x0, 0x0,
    0x0, 0x0, 0x0, 0x0, 0x3f, 0xff, 0xd0, 0x0,
    0x0, 0x0, 0x0, 0x0, 0x0, 0x3, 0xff, 0xfd,
    0x0, 0x0, 0x0, 0x4a, 0xef, 0xeb, 0x30, 0x3f,
    0xff, 0xd0, 0x0, 0x0, 0x9f, 0xff, 0xff, 0xff,
    0x63, 0xff, 0xfd, 0x0, 0x0, 0xaf, 0xff, 0xff,
    0xff, 0xff, 0x6f, 0xff, 0xd0, 0x0, 0x4f, 0xff,
    0xff, 0x96, 0x8d, 0xff, 0xff, 0xfd, 0x0, 0xc,
    0xff, 0xfe, 0x20, 0x0, 0xa, 0xff, 0xff, 0xd0,
    0x1, 0xff, 0xff, 0x40, 0x0, 0x0, 0xe, 0xff,
    0xfd, 0x0, 0x6f, 0xff, 0xe0, 0x0, 0x0, 0x0,
    0x8f, 0xff, 0xd0, 0x7, 0xff, 0xfa, 0x0, 0x0,
    0x0, 0x4, 0xff, 0xfd, 0x0, 0x9f, 0xff, 0x90,
    0x0, 0x0, 0x0, 0x2f, 0xff, 0xd0, 0x9, 0xff,
    0xf9, 0x0, 0x0, 0x0, 0x3, 0xff, 0xfd, 0x0,
    0x7f, 0xff, 0xa0, 0x0, 0x0, 0x0, 0x4f, 0xff,
    0xd0, 0x5, 0xff, 0xfe, 0x0, 0x0, 0x0, 0x8,
    0xff, 0xfd, 0x0, 0x1f, 0xff, 0xf5, 0x0, 0x0,
    0x0, 0xef, 0xff, 0xd0, 0x0, 0xcf, 0xff, 0xe2,
    0x0, 0x0, 0x9f, 0xff, 0xfd, 0x0, 0x4, 0xff,
    0xff, 0xf9, 0x67, 0xdf, 0xff, 0xff, 0xd0, 0x0,
    0xa, 0xff, 0xff, 0xff, 0xff, 0xf6, 0xff, 0xfd,
    0x0, 0x0, 0x9, 0xff, 0xff, 0xff, 0xf6, 0x2f,
    0xff, 0xd0, 0x0, 0x0, 0x4, 0xae, 0xfe, 0xb3,
    0x2, 0xff, 0xfd, 0x0,

    /* U+0112 "Ē" */
    0x0, 0x6, 0xcc, 0xcc, 0xcc, 0xcc, 0x50, 0x0,
    0x0, 0x8, 0xff, 0xff, 0xff, 0xff, 0x60, 0x0,
    0x0, 0x8, 0xff, 0xff, 0xff, 0xff, 0x60, 0x0,
    0x0, 0x0, 0x0, 0x0, 0x0, 0x0, 0x0, 0x0,
    0x0, 0x0, 0x0, 0x0, 0x0, 0x0, 0x0, 0x0,
    0x0, 0x0, 0x0, 0x0, 0x0, 0x0, 0x0, 0x0,
    0xaf, 0xff, 0xff, 0xff, 0xff, 0xff, 0xff, 0xf7,
    0xaf, 0xff, 0xff, 0xff, 0xff, 0xff, 0xff, 0xf7,
    0xaf, 0xff, 0xff, 0xff, 0xff, 0xff, 0xff, 0xf7,
    0xaf, 0xff, 0xc9, 0x99, 0x99, 0x99, 0x99, 0x94,
    0xaf, 0xff, 0x80, 0x0, 0x0, 0x0, 0x0, 0x0,
    0xaf, 0xff, 0x80, 0x0, 0x0, 0x0, 0x0, 0x0,
    0xaf, 0xff, 0x80, 0x0, 0x0, 0x0, 0x0, 0x0,
    0xaf, 0xff, 0x80, 0x0, 0x0, 0x0, 0x0, 0x0,
    0xaf, 0xff, 0x80, 0x0, 0x0, 0x0, 0x0, 0x0,
    0xaf, 0xff, 0x80, 0x0, 0x0, 0x0, 0x0, 0x0,
    0xaf, 0xff, 0xc8, 0x88, 0x88, 0x88, 0x88, 0x50,
    0xaf, 0xff, 0xff, 0xff, 0xff, 0xff, 0xff, 0xa0,
    0xaf, 0xff, 0xff, 0xff, 0xff, 0xff, 0xff, 0xa0,
    0xaf, 0xff, 0xff, 0xff, 0xff, 0xff, 0xff, 0xa0,
    0xaf, 0xff, 0x80, 0x0, 0x0, 0x0, 0x0, 0x0,
    0xaf, 0xff, 0x80, 0x0, 0x0, 0x0, 0x0, 0x0,
    0xaf, 0xff, 0x80, 0x0, 0x0, 0x0, 0x0, 0x0,
    0xaf, 0xff, 0x80, 0x0, 0x0, 0x0, 0x0, 0x0,
    0xaf, 0xff, 0x80, 0x0, 0x0, 0x0, 0x0, 0x0,
    0xaf, 0xff, 0x80, 0x0, 0x0, 0x0, 0x0, 0x0,
    0xaf, 0xff, 0xc9, 0x99, 0x99, 0x99, 0x99, 0x94,
    0xaf, 0xff, 0xff, 0xff, 0xff, 0xff, 0xff, 0xf8,
    0xaf, 0xff, 0xff, 0xff, 0xff, 0xff, 0xff, 0xf8,
    0xaf, 0xff, 0xff, 0xff, 0xff, 0xff, 0xff, 0xf8,

    /* U+0113 "ē" */
    0x0, 0x0, 0xff, 0xff, 0xff, 0xff, 0xf0, 0x0,
    0x0, 0x0, 0xf, 0xff, 0xff, 0xff, 0xff, 0x0,
    0x0, 0x0, 0x0, 0xbc, 0xcc, 0xcc, 0xcc, 0xc0,
    0x0, 0x0, 0x0, 0x0, 0x0, 0x0, 0x0, 0x0,
    0x0, 0x0, 0x0, 0x0, 0x0, 0x0, 0x0, 0x0,
    0x0, 0x0, 0x0, 0x0, 0x0, 0x0, 0x0, 0x0,
    0x0, 0x0, 0x0, 0x0, 0x0, 0x7, 0xbe, 0xfe,
    0xc7, 0x10, 0x0, 0x0, 0x0, 0x3e, 0xff, 0xff,
    0xff, 0xff, 0x60, 0x0, 0x0, 0x5f, 0xff, 0xff,
    0xff, 0xff, 0xff, 0x80, 0x0, 0x1f, 0xff, 0xfc,
    0x64, 0x5a, 0xff, 0xff, 0x50, 0xa, 0xff, 0xf9,
    0x0, 0x0, 0x6, 0xff, 0xfd, 0x0, 0xff, 0xfd,
    0x0, 0x0, 0x0, 0xc, 0xff, 0xf3, 0x5f, 0xff,
    0x90, 0x0, 0x0, 0x0, 0x7f, 0xff, 0x67, 0xff,
    0xff, 0xff, 0xff, 0xff, 0xff, 0xff, 0xf8, 0x8f,
    0xff, 0xff, 0xff, 0xff, 0xff, 0xff, 0xff, 0x99,
    0xff, 0xfe, 0xdd, 0xdd, 0xdd, 0xdd, 0xdd, 0xd7,
    0x8f, 0xff, 0x80, 0x0, 0x0, 0x0, 0x0, 0x0,
    0x5, 0xff, 0xfa, 0x0, 0x0, 0x0, 0x0, 0x0,
    0x0, 0x1f, 0xff, 0xf1, 0x0, 0x0, 0x0, 0x56,
    0x20, 0x0, 0xbf, 0xff, 0xb0, 0x0, 0x0, 0x2e,
    0xff, 0xf2, 0x2, 0xff, 0xff, 0xd7, 0x44, 0x8f,
    0xff, 0xfc, 0x0, 0x5, 0xff, 0xff, 0xff, 0xff,
    0xff, 0xfe, 0x20, 0x0, 0x4, 0xef, 0xff, 0xff,
    0xff, 0xfc, 0x20, 0x0, 0x0, 0x0, 0x6b, 0xef,
    0xfd, 0xa5, 0x0, 0x0,

    /* U+0114 "Ĕ" */
    0x0, 0x1f, 0xf7, 0x0, 0x0, 0x8f, 0xf0, 0x0,
    0x0, 0xe, 0xfd, 0x0, 0x1, 0xef, 0xc0, 0x0,
    0x0, 0x7, 0xff, 0xd8, 0x8e, 0xff, 0x50, 0x0,
    0x0, 0x0, 0xaf, 0xff, 0xff, 0xf9, 0x0, 0x0,
    0x0, 0x0, 0x6, 0xcf, 0xec, 0x50, 0x0, 0x0,
    0x0, 0x0, 0x0, 0x0, 0x0, 0x0, 0x0, 0x0,
    0x0, 0x0, 0x0, 0x0, 0x0, 0x0, 0x0, 0x0,
    0xaf, 0xff, 0xff, 0xff, 0xff, 0xff, 0xff, 0xf7,
    0xaf, 0xff, 0xff, 0xff, 0xff, 0xff, 0xff, 0xf7,
    0xaf, 0xff, 0xff, 0xff, 0xff, 0xff, 0xff, 0xf7,
    0xaf, 0xff, 0xc9, 0x99, 0x99, 0x99, 0x99, 0x94,
    0xaf, 0xff, 0x80, 0x0, 0x0, 0x0, 0x0, 0x0,
    0xaf, 0xff, 0x80, 0x0, 0x0, 0x0, 0x0, 0x0,
    0xaf, 0xff, 0x80, 0x0, 0x0, 0x0, 0x0, 0x0,
    0xaf, 0xff, 0x80, 0x0, 0x0, 0x0, 0x0, 0x0,
    0xaf, 0xff, 0x80, 0x0, 0x0, 0x0, 0x0, 0x0,
    0xaf, 0xff, 0x80, 0x0, 0x0, 0x0, 0x0, 0x0,
    0xaf, 0xff, 0xc8, 0x88, 0x88, 0x88, 0x88, 0x50,
    0xaf, 0xff, 0xff, 0xff, 0xff, 0xff, 0xff, 0xa0,
    0xaf, 0xff, 0xff, 0xff, 0xff, 0xff, 0xff, 0xa0,
    0xaf, 0xff, 0xff, 0xff, 0xff, 0xff, 0xff, 0xa0,
    0xaf, 0xff, 0x80, 0x0, 0x0, 0x0, 0x0, 0x0,
    0xaf, 0xff, 0x80, 0x0, 0x0, 0x0, 0x0, 0x0,
    0xaf, 0xff, 0x80, 0x0, 0x0, 0x0, 0x0, 0x0,
    0xaf, 0xff, 0x80, 0x0, 0x0, 0x0, 0x0, 0x0,
    0xaf, 0xff, 0x80, 0x0, 0x0, 0x0, 0x0, 0x0,
    0xaf, 0xff, 0x80, 0x0, 0x0, 0x0, 0x0, 0x0,
    0xaf, 0xff, 0xc9, 0x99, 0x99, 0x99, 0x99, 0x94,
    0xaf, 0xff, 0xff, 0xff, 0xff, 0xff, 0xff, 0xf8,
    0xaf, 0xff, 0xff, 0xff, 0xff, 0xff, 0xff, 0xf8,
    0xaf, 0xff, 0xff, 0xff, 0xff, 0xff, 0xff, 0xf8,

    /* U+0115 "ĕ" */
    0x0, 0x8, 0xff, 0x10, 0x0, 0xf, 0xf8, 0x0,
    0x0, 0x0, 0x4f, 0xfb, 0x20, 0x2b, 0xff, 0x40,
    0x0, 0x0, 0x0, 0xaf, 0xff, 0xff, 0xff, 0xb0,
    0x0, 0x0, 0x0, 0x0, 0x8f, 0xff, 0xff, 0x90,
    0x0, 0x0, 0x0, 0x0, 0x0, 0x15, 0x65, 0x10,
    0x0, 0x0, 0x0, 0x0, 0x0, 0x0, 0x0, 0x0,
    0x0, 0x0, 0x0, 0x0, 0x0, 0x0, 0x0, 0x0,
    0x0, 0x0, 0x0, 0x0, 0x0, 0x0, 0x7b, 0xef,
    0xec, 0x71, 0x0, 0x0, 0x0, 0x3, 0xef, 0xff,
    0xff, 0xff, 0xf6, 0x0, 0x0, 0x5, 0xff, 0xff,
    0xff, 0xff, 0xff, 0xf8, 0x0, 0x1, 0xff, 0xff,
    0xc6, 0x45, 0xaf, 0xff, 0xf5, 0x0, 0xaf, 0xff,
    0x90, 0x0, 0x0, 0x6f, 0xff, 0xd0, 0xf, 0xff,
    0xd0, 0x0, 0x0, 0x0, 0xcf, 0xff, 0x35, 0xff,
    0xf9, 0x0, 0x0, 0x0, 0x7, 0xff, 0xf6, 0x7f,
    0xff, 0xff, 0xff, 0xff, 0xff, 0xff, 0xff, 0x88,
    0xff, 0xff, 0xff, 0xff, 0xff, 0xff, 0xff, 0xf9,
    0x9f, 0xff, 0xed, 0xdd, 0xdd, 0xdd, 0xdd, 0xdd,
    0x78, 0xff, 0xf8, 0x0, 0x0, 0x0, 0x0, 0x0,
    0x0, 0x5f, 0xff, 0xa0, 0x0, 0x0, 0x0, 0x0,
    0x0, 0x1, 0xff, 0xff, 0x10, 0x0, 0x0, 0x5,
    0x62, 0x0, 0xb, 0xff, 0xfb, 0x0, 0x0, 0x2,
    0xef, 0xff, 0x20, 0x2f, 0xff, 0xfd, 0x74, 0x48,
    0xff, 0xff, 0xc0, 0x0, 0x5f, 0xff, 0xff, 0xff,
    0xff, 0xff, 0xe2, 0x0, 0x0, 0x4e, 0xff, 0xff,
    0xff, 0xff, 0xc2, 0x0, 0x0, 0x0, 0x6, 0xbe,
    0xff, 0xda, 0x50, 0x0, 0x0,

    /* U+0116 "Ė" */
    0x0, 0x0, 0x0, 0x17, 0x60, 0x0, 0x0, 0x0,
    0x0, 0x0, 0x1, 0xef, 0xfd, 0x0, 0x0, 0x0,
    0x0, 0x0, 0x5, 0xff, 0xff, 0x40, 0x0, 0x0,
    0x0, 0x0, 0x3, 0xff, 0xff, 0x20, 0x0, 0x0,
    0x0, 0x0, 0x0, 0x7e, 0xe6, 0x0, 0x0, 0x0,
    0x0, 0x0, 0x0, 0x0, 0x0, 0x0, 0x0, 0x0,
    0x0, 0x0, 0x0, 0x0, 0x0, 0x0, 0x0, 0x0,
    0xaf, 0xff, 0xff, 0xff, 0xff, 0xff, 0xff, 0xf7,
    0xaf, 0xff, 0xff, 0xff, 0xff, 0xff, 0xff, 0xf7,
    0xaf, 0xff, 0xff, 0xff, 0xff, 0xff, 0xff, 0xf7,
    0xaf, 0xff, 0xc9, 0x99, 0x99, 0x99, 0x99, 0x94,
    0xaf, 0xff, 0x80, 0x0, 0x0, 0x0, 0x0, 0x0,
    0xaf, 0xff, 0x80, 0x0, 0x0, 0x0, 0x0, 0x0,
    0xaf, 0xff, 0x80, 0x0, 0x0, 0x0, 0x0, 0x0,
    0xaf, 0xff, 0x80, 0x0, 0x0, 0x0, 0x0, 0x0,
    0xaf, 0xff, 0x80, 0x0, 0x0, 0x0, 0x0, 0x0,
    0xaf, 0xff, 0x80, 0x0, 0x0, 0x0, 0x0, 0x0,
    0xaf, 0xff, 0xc8, 0x88, 0x88, 0x88, 0x88, 0x50,
    0xaf, 0xff, 0xff, 0xff, 0xff, 0xff, 0xff, 0xa0,
    0xaf, 0xff, 0xff, 0xff, 0xff, 0xff, 0xff, 0xa0,
    0xaf, 0xff, 0xff, 0xff, 0xff, 0xff, 0xff, 0xa0,
    0xaf, 0xff, 0x80, 0x0, 0x0, 0x0, 0x0, 0x0,
    0xaf, 0xff, 0x80, 0x0, 0x0, 0x0, 0x0, 0x0,
    0xaf, 0xff, 0x80, 0x0, 0x0, 0x0, 0x0, 0x0,
    0xaf, 0xff, 0x80, 0x0, 0x0, 0x0, 0x0, 0x0,
    0xaf, 0xff, 0x80, 0x0, 0x0, 0x0, 0x0, 0x0,
    0xaf, 0xff, 0x80, 0x0, 0x0, 0x0, 0x0, 0x0,
    0xaf, 0xff, 0xc9, 0x99, 0x99, 0x99, 0x99, 0x94,
    0xaf, 0xff, 0xff, 0xff, 0xff, 0xff, 0xff, 0xf8,
    0xaf, 0xff, 0xff, 0xff, 0xff, 0xff, 0xff, 0xf8,
    0xaf, 0xff, 0xff, 0xff, 0xff, 0xff, 0xff, 0xf8,

    /* U+0117 "ė" */
    0x0, 0x0, 0x0, 0x1b, 0xfb, 0x10, 0x0, 0x0,
    0x0, 0x0, 0x0, 0xa, 0xff, 0xfb, 0x0, 0x0,
    0x0, 0x0, 0x0, 0x0, 0xcf, 0xff, 0xd0, 0x0,
    0x0, 0x0, 0x0, 0x0, 0x6, 0xff, 0xf7, 0x0,
    0x0, 0x0, 0x0, 0x0, 0x0, 0x4, 0x74, 0x0,
    0x0, 0x0, 0x0, 0x0, 0x0, 0x0, 0x0, 0x0,
    0x0, 0x0, 0x0, 0x0, 0x0, 0x0, 0x0, 0x0,
    0x0, 0x0, 0x0, 0x0, 0x0, 0x0, 0x7b, 0xef,
    0xec, 0x71, 0x0, 0x0, 0x0, 0x3, 0xef, 0xff,
    0xff, 0xff, 0xf6, 0x0, 0x0, 0x5, 0xff, 0xff,
    0xff, 0xff, 0xff, 0xf8, 0x0, 0x1, 0xff, 0xff,
    0xc6, 0x45, 0xaf, 0xff, 0xf5, 0x0, 0xaf, 0xff,
    0x90, 0x0, 0x0, 0x6f, 0xff, 0xd0, 0xf, 0xff,
    0xd0, 0x0, 0x0, 0x0, 0xcf, 0xff, 0x35, 0xff,
    0xf9, 0x0, 0x0, 0x0, 0x7, 0xff, 0xf6, 0x7f,
    0xff, 0xff, 0xff, 0xff, 0xff, 0xff, 0xff, 0x88,
    0xff, 0xff, 0xff, 0xff, 0xff, 0xff, 0xff, 0xf9,
    0x9f, 0xff, 0xed, 0xdd, 0xdd, 0xdd, 0xdd, 0xdd,
    0x78, 0xff, 0xf8, 0x0, 0x0, 0x0, 0x0, 0x0,
    0x0, 0x5f, 0xff, 0xa0, 0x0, 0x0, 0x0, 0x0,
    0x0, 0x1, 0xff, 0xff, 0x10, 0x0, 0x0, 0x5,
    0x62, 0x0, 0xb, 0xff, 0xfb, 0x0, 0x0, 0x2,
    0xef, 0xff, 0x20, 0x2f, 0xff, 0xfd, 0x74, 0x48,
    0xff, 0xff, 0xc0, 0x0, 0x5f, 0xff, 0xff, 0xff,
    0xff, 0xff, 0xe2, 0x0, 0x0, 0x4e, 0xff, 0xff,
    0xff, 0xff, 0xc2, 0x0, 0x0, 0x0, 0x6, 0xbe,
    0xff, 0xda, 0x50, 0x0, 0x0,

    /* U+0118 "Ę" */
    0xaf, 0xff, 0xff, 0xff, 0xff, 0xff, 0xff, 0xf7,
    0xa, 0xff, 0xff, 0xff, 0xff, 0xff, 0xff, 0xff,
    0x70, 0xaf, 0xff, 0xff, 0xff, 0xff, 0xff, 0xff,
    0xf7, 0xa, 0xff, 0xfc, 0x99, 0x99, 0x99, 0x99,
    0x99, 0x40, 0xaf, 0xff, 0x80, 0x0, 0x0, 0x0,
    0x0, 0x0, 0xa, 0xff, 0xf8, 0x0, 0x0, 0x0,
    0x0, 0x0, 0x0, 0xaf, 0xff, 0x80, 0x0, 0x0,
    0x0, 0x0, 0x0, 0xa, 0xff, 0xf8, 0x0, 0x0,
    0x0, 0x0, 0x0, 0x0, 0xaf, 0xff, 0x80, 0x0,
    0x0, 0x0, 0x0, 0x0, 0xa, 0xff, 0xf8, 0x0,
    0x0, 0x0, 0x0, 0x0, 0x0, 0xaf, 0xff, 0xc8,
    0x88, 0x88, 0x88, 0x88, 0x50, 0xa, 0xff, 0xff,
    0xff, 0xff, 0xff, 0xff, 0xfa, 0x0, 0xaf, 0xff,
    0xff, 0xff, 0xff, 0xff, 0xff, 0xa0, 0xa, 0xff,
    0xff, 0xff, 0xff, 0xff, 0xff, 0xfa, 0x0, 0xaf,
    0xff, 0x80, 0x0, 0x0, 0x0, 0x0, 0x0, 0xa,
    0xff, 0xf8, 0x0, 0x0, 0x0, 0x0, 0x0, 0x0,
    0xaf, 0xff, 0x80, 0x0, 0x0, 0x0, 0x0, 0x0,
    0xa, 0xff, 0xf8, 0x0, 0x0, 0x0, 0x0, 0x0,
    0x0, 0xaf, 0xff, 0x80, 0x0, 0x0, 0x0, 0x0,
    0x0, 0xa, 0xff, 0xf8, 0x0, 0x0, 0x0, 0x0,
    0x0, 0x0, 0xaf, 0xff, 0xc9, 0x99, 0x99, 0x99,
    0x99, 0x94, 0xa, 0xff, 0xff, 0xff, 0xff, 0xff,
    0xff, 0xff, 0x80, 0xaf, 0xff, 0xff, 0xff, 0xff,
    0xff, 0xff, 0xf8, 0xa, 0xff, 0xff, 0xff, 0xff,
    0xff, 0xff, 0xff, 0x80, 0x0, 0x0, 0x0, 0x0,
    0x0, 0x4f, 0xff, 0xa1, 0x0, 0x0, 0x0, 0x0,
    0x0, 0x1e, 0xff, 0x90, 0x0, 0x0, 0x0, 0x0,
    0x0, 0x7, 0xff, 0xf1, 0x0, 0x0, 0x0, 0x0,
    0x0, 0x0, 0xaf, 0xff, 0x10, 0x0, 0x0, 0x0,
    0x0, 0x0, 0x9, 0xff, 0xfe, 0xdb, 0x0, 0x0,
    0x0, 0x0, 0x0, 0x2f, 0xff, 0xff, 0xf1, 0x0,
    0x0, 0x0, 0x0, 0x0, 0x2a, 0xef, 0xd9, 0x10,

    /* U+0119 "ę" */
    0x0, 0x0, 0x7, 0xbe, 0xfe, 0xc7, 0x10, 0x0,
    0x0, 0x0, 0x3e, 0xff, 0xff, 0xff, 0xff, 0x70,
    0x0, 0x0, 0x5f, 0xff, 0xff, 0xff, 0xff, 0xff,
    0x80, 0x0, 0x1f, 0xff, 0xfc, 0x64, 0x5a, 0xff,
    0xff, 0x40, 0xa, 0xff, 0xfa, 0x0, 0x0, 0x7,
    0xff, 0xfd, 0x0, 0xff, 0xfe, 0x0, 0x0, 0x0,
    0xd, 0xff, 0xf2, 0x5f, 0xff, 0x90, 0x0, 0x0,
    0x0, 0x8f, 0xff, 0x67, 0xff, 0xfe, 0xdd, 0xdd,
    0xdd, 0xde, 0xff, 0xf8, 0x8f, 0xff, 0xff, 0xff,
    0xff, 0xff, 0xff, 0xff, 0x99, 0xff, 0xff, 0xff,
    0xff, 0xff, 0xff, 0xff, 0xf9, 0x8f, 0xff, 0x70,
    0x0, 0x0, 0x0, 0x0, 0x0, 0x5, 0xff, 0xfa,
    0x0, 0x0, 0x0, 0x0, 0x0, 0x0, 0x1f, 0xff,
    0xf1, 0x0, 0x0, 0x0, 0x45, 0x10, 0x0, 0xbf,
    0xff, 0xb0, 0x0, 0x0, 0x2e, 0xff, 0xf3, 0x2,
    0xff, 0xff, 0xd7, 0x44, 0x8e, 0xff, 0xff, 0x0,
    0x5, 0xff, 0xff, 0xff, 0xff, 0xff, 0xff, 0x90,
    0x0, 0x4, 0xef, 0xff, 0xff, 0xff, 0xff, 0xf0,
    0x0, 0x0, 0x0, 0x6b, 0xef, 0xff, 0xff, 0xf5,
    0x0, 0x0, 0x0, 0x0, 0x0, 0x0, 0xbf, 0xfc,
    0x0, 0x0, 0x0, 0x0, 0x0, 0x0, 0x5f, 0xff,
    0x30, 0x0, 0x0, 0x0, 0x0, 0x0, 0xb, 0xff,
    0xe0, 0x0, 0x0, 0x0, 0x0, 0x0, 0x0, 0xdf,
    0xfe, 0x0, 0x0, 0x0, 0x0, 0x0, 0x0, 0xb,
    0xff, 0xfd, 0xd8, 0x0, 0x0, 0x0, 0x0, 0x0,
    0x4f, 0xff, 0xff, 0xe0, 0x0, 0x0, 0x0, 0x0,
    0x0, 0x3b, 0xef, 0xd8, 0x0,

    /* U+011A "Ě" */
    0x0, 0x8f, 0xff, 0x20, 0x3, 0xff, 0xf8, 0x0,
    0x0, 0xa, 0xff, 0xd0, 0x1e, 0xff, 0xa0, 0x0,
    0x0, 0x0, 0xcf, 0xfa, 0xbf, 0xfb, 0x0, 0x0,
    0x0, 0x0, 0x1d, 0xff, 0xff, 0xd1, 0x0, 0x0,
    0x0, 0x0, 0x2, 0xff, 0xfe, 0x10, 0x0, 0x0,
    0x0, 0x0, 0x0, 0x0, 0x0, 0x0, 0x0, 0x0,
    0x0, 0x0, 0x0, 0x0, 0x0, 0x0, 0x0, 0x0,
    0xaf, 0xff, 0xff, 0xff, 0xff, 0xff, 0xff, 0xf7,
    0xaf, 0xff, 0xff, 0xff, 0xff, 0xff, 0xff, 0xf7,
    0xaf, 0xff, 0xff, 0xff, 0xff, 0xff, 0xff, 0xf7,
    0xaf, 0xff, 0xc9, 0x99, 0x99, 0x99, 0x99, 0x94,
    0xaf, 0xff, 0x80, 0x0, 0x0, 0x0, 0x0, 0x0,
    0xaf, 0xff, 0x80, 0x0, 0x0, 0x0, 0x0, 0x0,
    0xaf, 0xff, 0x80, 0x0, 0x0, 0x0, 0x0, 0x0,
    0xaf, 0xff, 0x80, 0x0, 0x0, 0x0, 0x0, 0x0,
    0xaf, 0xff, 0x80, 0x0, 0x0, 0x0, 0x0, 0x0,
    0xaf, 0xff, 0x80, 0x0, 0x0, 0x0, 0x0, 0x0,
    0xaf, 0xff, 0xc8, 0x88, 0x88, 0x88, 0x88, 0x50,
    0xaf, 0xff, 0xff, 0xff, 0xff, 0xff, 0xff, 0xa0,
    0xaf, 0xff, 0xff, 0xff, 0xff, 0xff, 0xff, 0xa0,
    0xaf, 0xff, 0xff, 0xff, 0xff, 0xff, 0xff, 0xa0,
    0xaf, 0xff, 0x80, 0x0, 0x0, 0x0, 0x0, 0x0,
    0xaf, 0xff, 0x80, 0x0, 0x0, 0x0, 0x0, 0x0,
    0xaf, 0xff, 0x80, 0x0, 0x0, 0x0, 0x0, 0x0,
    0xaf, 0xff, 0x80, 0x0, 0x0, 0x0, 0x0, 0x0,
    0xaf, 0xff, 0x80, 0x0, 0x0, 0x0, 0x0, 0x0,
    0xaf, 0xff, 0x80, 0x0, 0x0, 0x0, 0x0, 0x0,
    0xaf, 0xff, 0xc9, 0x99, 0x99, 0x99, 0x99, 0x94,
    0xaf, 0xff, 0xff, 0xff, 0xff, 0xff, 0xff, 0xf8,
    0xaf, 0xff, 0xff, 0xff, 0xff, 0xff, 0xff, 0xf8,
    0xaf, 0xff, 0xff, 0xff, 0xff, 0xff, 0xff, 0xf8,

    /* U+011B "ě" */
    0x0, 0x17, 0x88, 0x30, 0x0, 0x38, 0x88, 0x20,
    0x0, 0x0, 0x7f, 0xfe, 0x20, 0x1e, 0xff, 0xa0,
    0x0, 0x0, 0x0, 0xaf, 0xfc, 0xc, 0xff, 0xc0,
    0x0, 0x0, 0x0, 0x0, 0xcf, 0xfd, 0xff, 0xd1,
    0x0, 0x0, 0x0, 0x0, 0x1, 0xdf, 0xff, 0xe2,
    0x0, 0x0, 0x0, 0x0, 0x0, 0x2, 0x88, 0x83,
    0x0, 0x0, 0x0, 0x0, 0x0, 0x0, 0x0, 0x0,
    0x0, 0x0, 0x0, 0x0, 0x0, 0x0, 0x0, 0x0,
    0x0, 0x0, 0x0, 0x0, 0x0, 0x0, 0x7, 0xbe,
    0xfe, 0xc7, 0x10, 0x0, 0x0, 0x0, 0x3e, 0xff,
    0xff, 0xff, 0xff, 0x60, 0x0, 0x0, 0x5f, 0xff,
    0xff, 0xff, 0xff, 0xff, 0x80, 0x0, 0x1f, 0xff,
    0xfc, 0x64, 0x5a, 0xff, 0xff, 0x50, 0xa, 0xff,
    0xf9, 0x0, 0x0, 0x6, 0xff, 0xfd, 0x0, 0xff,
    0xfd, 0x0, 0x0, 0x0, 0xc, 0xff, 0xf3, 0x5f,
    0xff, 0x90, 0x0, 0x0, 0x0, 0x7f, 0xff, 0x67,
    0xff, 0xff, 0xff, 0xff, 0xff, 0xff, 0xff, 0xf8,
    0x8f, 0xff, 0xff, 0xff, 0xff, 0xff, 0xff, 0xff,
    0x99, 0xff, 0xfe, 0xdd, 0xdd, 0xdd, 0xdd, 0xdd,
    0xd7, 0x8f, 0xff, 0x80, 0x0, 0x0, 0x0, 0x0,
    0x0, 0x5, 0xff, 0xfa, 0x0, 0x0, 0x0, 0x0,
    0x0, 0x0, 0x1f, 0xff, 0xf1, 0x0, 0x0, 0x0,
    0x56, 0x20, 0x0, 0xbf, 0xff, 0xb0, 0x0, 0x0,
    0x2e, 0xff, 0xf2, 0x2, 0xff, 0xff, 0xd7, 0x44,
    0x8f, 0xff, 0xfc, 0x0, 0x5, 0xff, 0xff, 0xff,
    0xff, 0xff, 0xfe, 0x20, 0x0, 0x4, 0xef, 0xff,
    0xff, 0xff, 0xfc, 0x20, 0x0, 0x0, 0x0, 0x6b,
    0xef, 0xfd, 0xa5, 0x0, 0x0,

    /* U+011C "Ĝ" */
    0x0, 0x0, 0x0, 0x0, 0x1d, 0xff, 0xf5, 0x0,
    0x0, 0x0, 0x0, 0x0, 0x0, 0x0, 0x1, 0xdf,
    0xff, 0xff, 0x40, 0x0, 0x0, 0x0, 0x0, 0x0,
    0x0, 0x1c, 0xff, 0xa4, 0xff, 0xf3, 0x0, 0x0,
    0x0, 0x0, 0x0, 0x0, 0xcf, 0xfc, 0x0, 0x7f,
    0xfe, 0x20, 0x0, 0x0, 0x0, 0x0, 0x4, 0x88,
    0x71, 0x0, 0x6, 0x88, 0x60, 0x0, 0x0, 0x0,
    0x0, 0x0, 0x0, 0x0, 0x0, 0x0, 0x0, 0x0,
    0x0, 0x0, 0x0, 0x0, 0x0, 0x0, 0x0, 0x0,
    0x0, 0x0, 0x0, 0x0, 0x0, 0x0, 0x0, 0x0,
    0x5, 0xad, 0xff, 0xec, 0x72, 0x0, 0x0, 0x0,
    0x0, 0x0, 0x5, 0xdf, 0xff, 0xff, 0xff, 0xff,
    0xa1, 0x0, 0x0, 0x0, 0x0, 0x9f, 0xff, 0xff,
    0xff, 0xff, 0xff, 0xff, 0x30, 0x0, 0x0, 0x9,
    0xff, 0xff, 0xff, 0xed, 0xef, 0xff, 0xff, 0xf3,
    0x0, 0x0, 0x5f, 0xff, 0xff, 0x81, 0x0, 0x2,
    0xaf, 0xff, 0xfd, 0x0, 0x0, 0xef, 0xff, 0xe3,
    0x0, 0x0, 0x0, 0x7, 0xff, 0xff, 0x60, 0x6,
    0xff, 0xff, 0x40, 0x0, 0x0, 0x0, 0x0, 0xbf,
    0xff, 0xc0, 0xb, 0xff, 0xfb, 0x0, 0x0, 0x0,
    0x0, 0x0, 0x39, 0x99, 0x80, 0xf, 0xff, 0xf5,
    0x0, 0x0, 0x0, 0x0, 0x0, 0x0, 0x0, 0x0,
    0x3f, 0xff, 0xf0, 0x0, 0x0, 0x0, 0x0, 0x0,
    0x0, 0x0, 0x0, 0x5f, 0xff, 0xe0, 0x0, 0x0,
    0x0, 0x0, 0x0, 0x0, 0x0, 0x0, 0x5f, 0xff,
    0xd0, 0x0, 0x0, 0x2, 0xff, 0xff, 0xff, 0xff,
    0xf4, 0x5f, 0xff, 0xd0, 0x0, 0x0, 0x2, 0xff,
    0xff, 0xff, 0xff, 0xf4, 0x5f, 0xff, 0xe0, 0x0,
    0x0, 0x2, 0xff, 0xff, 0xff, 0xff, 0xf4, 0x3f,
    0xff, 0xf0, 0x0, 0x0, 0x0, 0x55, 0x55, 0x5e,
    0xff, 0xf3, 0xf, 0xff, 0xf4, 0x0, 0x0, 0x0,
    0x0, 0x0, 0xe, 0xff, 0xf2, 0xc, 0xff, 0xfa,
    0x0, 0x0, 0x0, 0x0, 0x0, 0x2f, 0xff, 0xf0,
    0x6, 0xff, 0xff, 0x30, 0x0, 0x0, 0x0, 0x0,
    0x9f, 0xff, 0xb0, 0x0, 0xef, 0xff, 0xe2, 0x0,
    0x0, 0x0, 0x5, 0xff, 0xff, 0x50, 0x0, 0x6f,
    0xff, 0xff, 0x71, 0x0, 0x2, 0x9f, 0xff, 0xfd,
    0x0, 0x0, 0xa, 0xff, 0xff, 0xff, 0xed, 0xef,
    0xff, 0xff, 0xf3, 0x0, 0x0, 0x0, 0xaf, 0xff,
    0xff, 0xff, 0xff, 0xff, 0xff, 0x40, 0x0, 0x0,
    0x0, 0x6, 0xef, 0xff, 0xff, 0xff, 0xff, 0xc2,
    0x0, 0x0, 0x0, 0x0, 0x0, 0x5, 0xad, 0xff,
    0xfc, 0x93, 0x0, 0x0, 0x0,

    /* U+011D "ĝ" */
    0x0, 0x0, 0x0, 0x6f, 0xff, 0xc0, 0x0, 0x0,
    0x0, 0x0, 0x0, 0x6f, 0xff, 0xff, 0xb0, 0x0,
    0x0, 0x0, 0x0, 0x5f, 0xff, 0x3b, 0xff, 0xb0,
    0x0, 0x0, 0x0, 0x5f, 0xff, 0x50, 0x1d, 0xff,
    0xa0, 0x0, 0x0, 0x7, 0x88, 0x50, 0x0, 0x28,
    0x88, 0x20, 0x0, 0x0, 0x0, 0x0, 0x0, 0x0,
    0x0, 0x0, 0x0, 0x0, 0x0, 0x0, 0x0, 0x0,
    0x0, 0x0, 0x0, 0x0, 0x0, 0x3, 0xae, 0xfe,
    0xb3, 0x2, 0xff, 0xfd, 0x0, 0x8, 0xff, 0xff,
    0xff, 0xf7, 0x2f, 0xff, 0xd0, 0x9, 0xff, 0xff,
    0xff, 0xff, 0xf6, 0xff, 0xfd, 0x3, 0xff, 0xff,
    0xf9, 0x78, 0xdf, 0xff, 0xff, 0xd0, 0xcf, 0xff,
    0xe2, 0x0, 0x0, 0xaf, 0xff, 0xfd, 0x1f, 0xff,
    0xf5, 0x0, 0x0, 0x0, 0xef, 0xff, 0xd5, 0xff,
    0xfe, 0x0, 0x0, 0x0, 0x8, 0xff, 0xfd, 0x7f,
    0xff, 0xb0, 0x0, 0x0, 0x0, 0x4f, 0xff, 0xd8,
    0xff, 0xf9, 0x0, 0x0, 0x0, 0x2, 0xff, 0xfd,
    0x9f, 0xff, 0x90, 0x0, 0x0, 0x0, 0x2f, 0xff,
    0xd7, 0xff, 0xfa, 0x0, 0x0, 0x0, 0x3, 0xff,
    0xfd, 0x6f, 0xff, 0xd0, 0x0, 0x0, 0x0, 0x6f,
    0xff, 0xd2, 0xff, 0xff, 0x30, 0x0, 0x0, 0xc,
    0xff, 0xfd, 0xd, 0xff, 0xfd, 0x0, 0x0, 0x7,
    0xff, 0xff, 0xd0, 0x6f, 0xff, 0xfd, 0x74, 0x5a,
    0xff, 0xff, 0xfd, 0x0, 0xbf, 0xff, 0xff, 0xff,
    0xff, 0x6f, 0xff, 0xd0, 0x0, 0xaf, 0xff, 0xff,
    0xff, 0x72, 0xff, 0xfd, 0x0, 0x0, 0x4a, 0xdf,
    0xeb, 0x40, 0x2f, 0xff, 0xd0, 0x0, 0x0, 0x0,
    0x0, 0x0, 0x2, 0xff, 0xfd, 0x0, 0x0, 0x10,
    0x0, 0x0, 0x0, 0x5f, 0xff, 0xb0, 0x38, 0xde,
    0x20, 0x0, 0x0, 0xc, 0xff, 0xf7, 0xa, 0xff,
    0xff, 0x84, 0x24, 0x7e, 0xff, 0xff, 0x10, 0x1e,
    0xff, 0xff, 0xff, 0xff, 0xff, 0xff, 0x40, 0x0,
    0x1b, 0xff, 0xff, 0xff, 0xff, 0xfd, 0x40, 0x0,
    0x0, 0x4, 0x9d, 0xff, 0xed, 0xa5, 0x0, 0x0,

    /* U+011E "Ğ" */
    0x0, 0x0, 0x0, 0xdf, 0xb0, 0x0, 0x5, 0xff,
    0x30, 0x0, 0x0, 0x0, 0x0, 0x0, 0x9f, 0xf8,
    0x10, 0x4e, 0xfe, 0x0, 0x0, 0x0, 0x0, 0x0,
    0x0, 0x1e, 0xff, 0xff, 0xff, 0xf6, 0x0, 0x0,
    0x0, 0x0, 0x0, 0x0, 0x2, 0xcf, 0xff, 0xfe,
    0x50, 0x0, 0x0, 0x0, 0x0, 0x0, 0x0, 0x0,
    0x2, 0x56, 0x40, 0x0, 0x0, 0x0, 0x0, 0x0,
    0x0, 0x0, 0x0, 0x0, 0x0, 0x0, 0x0, 0x0,
    0x0, 0x0, 0x0, 0x0, 0x0, 0x0, 0x0, 0x0,
    0x0, 0x0, 0x0, 0x0, 0x0, 0x0, 0x0, 0x0,
    0x5, 0xad, 0xff, 0xec, 0x72, 0x0, 0x0, 0x0,
    0x0, 0x0, 0x5, 0xdf, 0xff, 0xff, 0xff, 0xff,
    0xa1, 0x0, 0x0, 0x0, 0x0, 0x9f, 0xff, 0xff,
    0xff, 0xff, 0xff, 0xff, 0x30, 0x0, 0x0, 0x9,
    0xff, 0xff, 0xff, 0xed, 0xef, 0xff, 0xff, 0xf3,
    0x0, 0x0, 0x5f, 0xff, 0xff, 0x81, 0x0, 0x2,
    0xaf, 0xff, 0xfd, 0x0, 0x0, 0xef, 0xff, 0xe3,
    0x0, 0x0, 0x0, 0x7, 0xff, 0xff, 0x60, 0x6,
    0xff, 0xff, 0x40, 0x0, 0x0, 0x0, 0x0, 0xbf,
    0xff, 0xc0, 0xb, 0xff, 0xfb, 0x0, 0x0, 0x0,
    0x0, 0x0, 0x39, 0x99, 0x80, 0xf, 0xff, 0xf5,
    0x0, 0x0, 0x0, 0x0, 0x0, 0x0, 0x0, 0x0,
    0x3f, 0xff, 0xf0, 0x0, 0x0, 0x0, 0x0, 0x0,
    0x0, 0x0, 0x0, 0x5f, 0xff, 0xe0, 0x0, 0x0,
    0x0, 0x0, 0x0, 0x0, 0x0, 0x0, 0x5f, 0xff,
    0xd0, 0x0, 0x0, 0x2, 0xff, 0xff, 0xff, 0xff,
    0xf4, 0x5f, 0xff, 0xd0, 0x0, 0x0, 0x2, 0xff,
    0xff, 0xff, 0xff, 0xf4, 0x5f, 0xff, 0xe0, 0x0,
    0x0, 0x2, 0xff, 0xff, 0xff, 0xff, 0xf4, 0x3f,
    0xff, 0xf0, 0x0, 0x0, 0x0, 0x55, 0x55, 0x5e,
    0xff, 0xf3, 0xf, 0xff, 0xf4, 0x0, 0x0, 0x0,
    0x0, 0x0, 0xe, 0xff, 0xf2, 0xc, 0xff, 0xfa,
    0x0, 0x0, 0x0, 0x0, 0x0, 0x2f, 0xff, 0xf0,
    0x6, 0xff, 0xff, 0x30, 0x0, 0x0, 0x0, 0x0,
    0x9f, 0xff, 0xb0, 0x0, 0xef, 0xff, 0xe2, 0x0,
    0x0, 0x0, 0x5, 0xff, 0xff, 0x50, 0x0, 0x6f,
    0xff, 0xff, 0x71, 0x0, 0x2, 0x9f, 0xff, 0xfd,
    0x0, 0x0, 0xa, 0xff, 0xff, 0xff, 0xed, 0xef,
    0xff, 0xff, 0xf3, 0x0, 0x0, 0x0, 0xaf, 0xff,
    0xff, 0xff, 0xff, 0xff, 0xff, 0x40, 0x0, 0x0,
    0x0, 0x6, 0xef, 0xff, 0xff, 0xff, 0xff, 0xc2,
    0x0, 0x0, 0x0, 0x0, 0x0, 0x5, 0xad, 0xff,
    0xfc, 0x93, 0x0, 0x0, 0x0,

    /* U+011F "ğ" */
    0x0, 0x5, 0xff, 0x30, 0x0, 0xc, 0xfb, 0x0,
    0x0, 0x0, 0x2f, 0xfa, 0x0, 0x3, 0xff, 0x80,
    0x0, 0x0, 0x0, 0xbf, 0xfc, 0x79, 0xff, 0xf2,
    0x0, 0x0, 0x0, 0x1, 0xdf, 0xff, 0xff, 0xf5,
    0x0, 0x0, 0x0, 0x0, 0x0, 0x7d, 0xfe, 0xa3,
    0x0, 0x0, 0x0, 0x0, 0x0, 0x0, 0x0, 0x0,
    0x0, 0x0, 0x0, 0x0, 0x0, 0x0, 0x0, 0x0,
    0x0, 0x0, 0x0, 0x0, 0x0, 0x3, 0xae, 0xfe,
    0xb3, 0x2, 0xff, 0xfd, 0x0, 0x8, 0xff, 0xff,
    0xff, 0xf7, 0x2f, 0xff, 0xd0, 0x9, 0xff, 0xff,
    0xff, 0xff, 0xf6, 0xff, 0xfd, 0x3, 0xff, 0xff,
    0xf9, 0x78, 0xdf, 0xff, 0xff, 0xd0, 0xcf, 0xff,
    0xe2, 0x0, 0x0, 0xaf, 0xff, 0xfd, 0x1f, 0xff,
    0xf5, 0x0, 0x0, 0x0, 0xef, 0xff, 0xd5, 0xff,
    0xfe, 0x0, 0x0, 0x0, 0x8, 0xff, 0xfd, 0x7f,
    0xff, 0xb0, 0x0, 0x0, 0x0, 0x4f, 0xff, 0xd8,
    0xff, 0xf9, 0x0, 0x0, 0x0, 0x2, 0xff, 0xfd,
    0x9f, 0xff, 0x90, 0x0, 0x0, 0x0, 0x2f, 0xff,
    0xd7, 0xff, 0xfa, 0x0, 0x0, 0x0, 0x3, 0xff,
    0xfd, 0x6f, 0xff, 0xd0, 0x0, 0x0, 0x0, 0x6f,
    0xff, 0xd2, 0xff, 0xff, 0x30, 0x0, 0x0, 0xc,
    0xff, 0xfd, 0xd, 0xff, 0xfd, 0x0, 0x0, 0x7,
    0xff, 0xff, 0xd0, 0x6f, 0xff, 0xfd, 0x74, 0x5a,
    0xfd, 0xff, 0xfd, 0x0, 0xbf, 0xff, 0xff, 0xff,
    0xff, 0x4f, 0xff, 0xd0, 0x0, 0xaf, 0xff, 0xff,
    0xff, 0x52, 0xff, 0xfd, 0x0, 0x0, 0x4a, 0xdf,
    0xea, 0x30, 0x2f, 0xff, 0xd0, 0x0, 0x0, 0x0,
    0x0, 0x0, 0x3, 0xff, 0xfd, 0x0, 0x0, 0x10,
    0x0, 0x0, 0x0, 0x6f, 0xff, 0xb0, 0x38, 0xde,
    0x20, 0x0, 0x0, 0x1d, 0xff, 0xf7, 0xa, 0xff,
    0xff, 0x84, 0x24, 0x7e, 0xff, 0xff, 0x10, 0x1e,
    0xff, 0xff, 0xff, 0xff, 0xff, 0xff, 0x40, 0x0,
    0x1b, 0xff, 0xff, 0xff, 0xff, 0xfd, 0x40, 0x0,
    0x0, 0x4, 0x9d, 0xff, 0xed, 0xa5, 0x0, 0x0,

    /* U+0120 "Ġ" */
    0x0, 0x0, 0x0, 0x0, 0x4, 0xde, 0x90, 0x0,
    0x0, 0x0, 0x0, 0x0, 0x0, 0x0, 0x0, 0xf,
    0xff, 0xf5, 0x0, 0x0, 0x0, 0x0, 0x0, 0x0,
    0x0, 0x0, 0x1f, 0xff, 0xf7, 0x0, 0x0, 0x0,
    0x0, 0x0, 0x0, 0x0, 0x0, 0xb, 0xff, 0xf2,
    0x0, 0x0, 0x0, 0x0, 0x0, 0x0, 0x0, 0x0,
    0x0, 0x67, 0x20, 0x0, 0x0, 0x0, 0x0, 0x0,
    0x0, 0x0, 0x0, 0x0, 0x0, 0x0, 0x0, 0x0,
    0x0, 0x0, 0x0, 0x0, 0x0, 0x0, 0x0, 0x0,
    0x0, 0x0, 0x0, 0x0, 0x0, 0x0, 0x0, 0x0,
    0x5, 0xad, 0xff, 0xec, 0x72, 0x0, 0x0, 0x0,
    0x0, 0x0, 0x5, 0xdf, 0xff, 0xff, 0xff, 0xff,
    0xa1, 0x0, 0x0, 0x0, 0x0, 0x9f, 0xff, 0xff,
    0xff, 0xff, 0xff, 0xff, 0x30, 0x0, 0x0, 0x9,
    0xff, 0xff, 0xff, 0xed, 0xef, 0xff, 0xff, 0xf3,
    0x0, 0x0, 0x5f, 0xff, 0xff, 0x81, 0x0, 0x2,
    0xaf, 0xff, 0xfd, 0x0, 0x0, 0xef, 0xff, 0xe3,
    0x0, 0x0, 0x0, 0x7, 0xff, 0xff, 0x60, 0x6,
    0xff, 0xff, 0x40, 0x0, 0x0, 0x0, 0x0, 0xbf,
    0xff, 0xc0, 0xb, 0xff, 0xfb, 0x0, 0x0, 0x0,
    0x0, 0x0, 0x39, 0x99, 0x80, 0xf, 0xff, 0xf5,
    0x0, 0x0, 0x0, 0x0, 0x0, 0x0, 0x0, 0x0,
    0x3f, 0xff, 0xf0, 0x0, 0x0, 0x0, 0x0, 0x0,
    0x0, 0x0, 0x0, 0x5f, 0xff, 0xe0, 0x0, 0x0,
    0x0, 0x0, 0x0, 0x0, 0x0, 0x0, 0x5f, 0xff,
    0xd0, 0x0, 0x0, 0x2, 0xff, 0xff, 0xff, 0xff,
    0xf4, 0x5f, 0xff, 0xd0, 0x0, 0x0, 0x2, 0xff,
    0xff, 0xff, 0xff, 0xf4, 0x5f, 0xff, 0xe0, 0x0,
    0x0, 0x2, 0xff, 0xff, 0xff, 0xff, 0xf4, 0x3f,
    0xff, 0xf0, 0x0, 0x0, 0x0, 0x55, 0x55, 0x5e,
    0xff, 0xf3, 0xf, 0xff, 0xf4, 0x0, 0x0, 0x0,
    0x0, 0x0, 0xe, 0xff, 0xf2, 0xc, 0xff, 0xfa,
    0x0, 0x0, 0x0, 0x0, 0x0, 0x2f, 0xff, 0xf0,
    0x6, 0xff, 0xff, 0x30, 0x0, 0x0, 0x0, 0x0,
    0x9f, 0xff, 0xb0, 0x0, 0xef, 0xff, 0xe2, 0x0,
    0x0, 0x0, 0x5, 0xff, 0xff, 0x50, 0x0, 0x6f,
    0xff, 0xff, 0x71, 0x0, 0x2, 0x9f, 0xff, 0xfd,
    0x0, 0x0, 0xa, 0xff, 0xff, 0xff, 0xed, 0xef,
    0xff, 0xff, 0xf3, 0x0, 0x0, 0x0, 0xaf, 0xff,
    0xff, 0xff, 0xff, 0xff, 0xff, 0x40, 0x0, 0x0,
    0x0, 0x6, 0xef, 0xff, 0xff, 0xff, 0xff, 0xc2,
    0x0, 0x0, 0x0, 0x0, 0x0, 0x5, 0xad, 0xff,
    0xfc, 0x93, 0x0, 0x0, 0x0,

    /* U+0121 "ġ" */
    0x0, 0x0, 0x0, 0xa, 0xfd, 0x30, 0x0, 0x0,
    0x0, 0x0, 0x0, 0x7, 0xff, 0xfe, 0x0, 0x0,
    0x0, 0x0, 0x0, 0x0, 0x9f, 0xff, 0xf0, 0x0,
    0x0, 0x0, 0x0, 0x0, 0x3, 0xff, 0xfa, 0x0,
    0x0, 0x0, 0x0, 0x0, 0x0, 0x2, 0x75, 0x0,
    0x0, 0x0, 0x0, 0x0, 0x0, 0x0, 0x0, 0x0,
    0x0, 0x0, 0x0, 0x0, 0x0, 0x0, 0x0, 0x0,
    0x0, 0x0, 0x0, 0x0, 0x0, 0x3, 0xae, 0xfe,
    0xb3, 0x2, 0xff, 0xfd, 0x0, 0x8, 0xff, 0xff,
    0xff, 0xf7, 0x2f, 0xff, 0xd0, 0x9, 0xff, 0xff,
    0xff, 0xff, 0xf6, 0xff, 0xfd, 0x3, 0xff, 0xff,
    0xf9, 0x78, 0xdf, 0xff, 0xff, 0xd0, 0xcf, 0xff,
    0xe2, 0x0, 0x0, 0xaf, 0xff, 0xfd, 0x1f, 0xff,
    0xf5, 0x0, 0x0, 0x0, 0xef, 0xff, 0xd5, 0xff,
    0xfe, 0x0, 0x0, 0x0, 0x8, 0xff, 0xfd, 0x7f,
    0xff, 0xb0, 0x0, 0x0, 0x0, 0x4f, 0xff, 0xd8,
    0xff, 0xf9, 0x0, 0x0, 0x0, 0x2, 0xff, 0xfd,
    0x9f, 0xff, 0x90, 0x0, 0x0, 0x0, 0x2f, 0xff,
    0xd7, 0xff, 0xfa, 0x0, 0x0, 0x0, 0x3, 0xff,
    0xfd, 0x6f, 0xff, 0xd0, 0x0, 0x0, 0x0, 0x6f,
    0xff, 0xd2, 0xff, 0xff, 0x30, 0x0, 0x0, 0xc,
    0xff, 0xfd, 0xd, 0xff, 0xfd, 0x0, 0x0, 0x7,
    0xff, 0xff, 0xd0, 0x6f, 0xff, 0xfd, 0x74, 0x5a,
    0xff, 0xff, 0xfd, 0x0, 0xbf, 0xff, 0xff, 0xff,
    0xff, 0x6f, 0xff, 0xd0, 0x0, 0xaf, 0xff, 0xff,
    0xff, 0x72, 0xff, 0xfd, 0x0, 0x0, 0x4a, 0xdf,
    0xeb, 0x40, 0x2f, 0xff, 0xd0, 0x0, 0x0, 0x0,
    0x0, 0x0, 0x2, 0xff, 0xfd, 0x0, 0x0, 0x10,
    0x0, 0x0, 0x0, 0x5f, 0xff, 0xb0, 0x38, 0xde,
    0x20, 0x0, 0x0, 0xc, 0xff, 0xf7, 0xa, 0xff,
    0xff, 0x84, 0x24, 0x7e, 0xff, 0xff, 0x10, 0x1e,
    0xff, 0xff, 0xff, 0xff, 0xff, 0xff, 0x40, 0x0,
    0x1b, 0xff, 0xff, 0xff, 0xff, 0xfd, 0x40, 0x0,
    0x0, 0x4, 0x9d, 0xff, 0xed, 0xa5, 0x0, 0x0,

    /* U+0122 "Ģ" */
    0x0, 0x0, 0x0, 0x5, 0xad, 0xff, 0xec, 0x72,
    0x0, 0x0, 0x0, 0x0, 0x0, 0x5, 0xdf, 0xff,
    0xff, 0xff, 0xff, 0xa1, 0x0, 0x0, 0x0, 0x0,
    0x9f, 0xff, 0xff, 0xff, 0xff, 0xff, 0xff, 0x30,
    0x0, 0x0, 0x9, 0xff, 0xff, 0xff, 0xed, 0xef,
    0xff, 0xff, 0xf3, 0x0, 0x0, 0x5f, 0xff, 0xff,
    0x81, 0x0, 0x2, 0xaf, 0xff, 0xfd, 0x0, 0x0,
    0xef, 0xff, 0xe3, 0x0, 0x0, 0x0, 0x7, 0xff,
    0xff, 0x60, 0x6, 0xff, 0xff, 0x40, 0x0, 0x0,
    0x0, 0x0, 0xbf, 0xff, 0xc0, 0xb, 0xff, 0xfb,
    0x0, 0x0, 0x0, 0x0, 0x0, 0x39, 0x99, 0x80,
    0xf, 0xff, 0xf5, 0x0, 0x0, 0x0, 0x0, 0x0,
    0x0, 0x0, 0x0, 0x3f, 0xff, 0xf0, 0x0, 0x0,
    0x0, 0x0, 0x0, 0x0, 0x0, 0x0, 0x5f, 0xff,
    0xe0, 0x0, 0x0, 0x0, 0x0, 0x0, 0x0, 0x0,
    0x0, 0x5f, 0xff, 0xd0, 0x0, 0x0, 0x2, 0xff,
    0xff, 0xff, 0xff, 0xf4, 0x5f, 0xff, 0xd0, 0x0,
    0x0, 0x2, 0xff, 0xff, 0xff, 0xff, 0xf4, 0x5f,
    0xff, 0xe0, 0x0, 0x0, 0x2, 0xff, 0xff, 0xff,
    0xff, 0xf4, 0x3f, 0xff, 0xf0, 0x0, 0x0, 0x0,
    0x55, 0x55, 0x5e, 0xff, 0xf3, 0xf, 0xff, 0xf4,
    0x0, 0x0, 0x0, 0x0, 0x0, 0xe, 0xff, 0xf2,
    0xc, 0xff, 0xfa, 0x0, 0x0, 0x0, 0x0, 0x0,
    0x2f, 0xff, 0xf0, 0x6, 0xff, 0xff, 0x30, 0x0,
    0x0, 0x0, 0x0, 0x9f, 0xff, 0xb0, 0x0, 0xef,
    0xff, 0xe2, 0x0, 0x0, 0x0, 0x5, 0xff, 0xff,
    0x50, 0x0, 0x6f, 0xff, 0xff, 0x71, 0x0, 0x2,
    0x9f, 0xff, 0xfd, 0x0, 0x0, 0xa, 0xff, 0xff,
    0xff, 0xed, 0xef, 0xff, 0xff, 0xf3, 0x0, 0x0,
    0x0, 0xaf, 0xff, 0xff, 0xff, 0xff, 0xff, 0xff,
    0x40, 0x0, 0x0, 0x0, 0x6, 0xef, 0xff, 0xff,
    0xff, 0xff, 0xc2, 0x0, 0x0, 0x0, 0x0, 0x0,
    0x5, 0xad, 0xff, 0xfc, 0x93, 0x0, 0x0, 0x0,
    0x0, 0x0, 0x0, 0x0, 0x0, 0x0, 0x0, 0x0,
    0x0, 0x0, 0x0, 0x0, 0x0, 0x0, 0x0, 0xb,
    0xdd, 0xb0, 0x0, 0x0, 0x0, 0x0, 0x0, 0x0,
    0x0, 0x0, 0x1f, 0xff, 0x80, 0x0, 0x0, 0x0,
    0x0, 0x0, 0x0, 0x0, 0x0, 0x5f, 0xff, 0x20,
    0x0, 0x0, 0x0, 0x0, 0x0, 0x0, 0x0, 0x0,
    0x9f, 0xfc, 0x0, 0x0, 0x0, 0x0, 0x0, 0x0,
    0x0, 0x0, 0x0, 0xcf, 0xf5, 0x0, 0x0, 0x0,
    0x0, 0x0, 0x0, 0x0, 0x0, 0x0, 0xff, 0xe0,
    0x0, 0x0, 0x0, 0x0, 0x0,

    /* U+0123 "ģ" */
    0x0, 0x0, 0x0, 0x0, 0x6, 0x0, 0x0, 0x0,
    0x0, 0x0, 0x0, 0x0, 0x9, 0xfe, 0x30, 0x0,
    0x0, 0x0, 0x0, 0x0, 0x2, 0xff, 0xe0, 0x0,
    0x0, 0x0, 0x0, 0x0, 0x0, 0x8f, 0xf8, 0x0,
    0x0, 0x0, 0x0, 0x0, 0x0, 0xb, 0xff, 0x40,
    0x0, 0x0, 0x0, 0x0, 0x0, 0x0, 0xcf, 0xf3,
    0x0, 0x0, 0x0, 0x0, 0x0, 0x0, 0xd, 0xff,
    0x30, 0x0, 0x0, 0x0, 0x0, 0x0, 0x0, 0x68,
    0x81, 0x0, 0x0, 0x0, 0x0, 0x0, 0x0, 0x0,
    0x0, 0x0, 0x0, 0x0, 0x0, 0x0, 0x3, 0xae,
    0xfe, 0xb3, 0x2, 0xff, 0xfd, 0x0, 0x8, 0xff,
    0xff, 0xff, 0xf7, 0x2f, 0xff, 0xd0, 0x9, 0xff,
    0xff, 0xff, 0xff, 0xf6, 0xff, 0xfd, 0x3, 0xff,
    0xff, 0xf9, 0x78, 0xdf, 0xff, 0xff, 0xd0, 0xcf,
    0xff, 0xe2, 0x0, 0x0, 0xaf, 0xff, 0xfd, 0x1f,
    0xff, 0xf5, 0x0, 0x0, 0x0, 0xef, 0xff, 0xd5,
    0xff, 0xfe, 0x0, 0x0, 0x0, 0x8, 0xff, 0xfd,
    0x7f, 0xff, 0xb0, 0x0, 0x0, 0x0, 0x4f, 0xff,
    0xd8, 0xff, 0xf9, 0x0, 0x0, 0x0, 0x2, 0xff,
    0xfd, 0x9f, 0xff, 0x90, 0x0, 0x0, 0x0, 0x2f,
    0xff, 0xd7, 0xff, 0xfa, 0x0, 0x0, 0x0, 0x3,
    0xff, 0xfd, 0x6f, 0xff, 0xd0, 0x0, 0x0, 0x0,
    0x6f, 0xff, 0xd2, 0xff, 0xff, 0x30, 0x0, 0x0,
    0xc, 0xff, 0xfd, 0xd, 0xff, 0xfd, 0x0, 0x0,
    0x7, 0xff, 0xff, 0xd0, 0x6f, 0xff, 0xfd, 0x74,
    0x5a, 0xff, 0xff, 0xfd, 0x0, 0xbf, 0xff, 0xff,
    0xff, 0xff, 0x6f, 0xff, 0xd0, 0x0, 0xaf, 0xff,
    0xff, 0xff, 0x72, 0xff, 0xfd, 0x0, 0x0, 0x4a,
    0xdf, 0xeb, 0x40, 0x2f, 0xff, 0xd0, 0x0, 0x0,
    0x0, 0x0, 0x0, 0x2, 0xff, 0xfd, 0x0, 0x0,
    0x10, 0x0, 0x0, 0x0, 0x5f, 0xff, 0xb0, 0x38,
    0xde, 0x20, 0x0, 0x0, 0xc, 0xff, 0xf7, 0xa,
    0xff, 0xff, 0x84, 0x24, 0x7e, 0xff, 0xff, 0x10,
    0x1e, 0xff, 0xff, 0xff, 0xff, 0xff, 0xff, 0x40,
    0x0, 0x1b, 0xff, 0xff, 0xff, 0xff, 0xfd, 0x40,
    0x0, 0x0, 0x4, 0x9d, 0xff, 0xed, 0xa5, 0x0,
    0x0,

    /* U+0124 "Ĥ" */
    0x0, 0x0, 0x0, 0x3, 0xff, 0xfe, 0x10, 0x0,
    0x0, 0x0, 0x0, 0x0, 0x0, 0x1e, 0xff, 0xff,
    0xc0, 0x0, 0x0, 0x0, 0x0, 0x0, 0x1, 0xdf,
    0xf9, 0xcf, 0xfa, 0x0, 0x0, 0x0, 0x0, 0x0,
    0xb, 0xff, 0xc0, 0x1e, 0xff, 0x80, 0x0, 0x0,
    0x0, 0x0, 0xaf, 0xfe, 0x20, 0x4, 0xff, 0xf5,
    0x0, 0x0, 0x0, 0x0, 0x0, 0x0, 0x0, 0x0,
    0x0, 0x0, 0x0, 0x0, 0x0, 0x0, 0x0, 0x0,
    0x0, 0x0, 0x0, 0x0, 0x0, 0x0, 0xaf, 0xff,
    0x80, 0x0, 0x0, 0x0, 0x0, 0xa, 0xff, 0xf8,
    0xaf, 0xff, 0x80, 0x0, 0x0, 0x0, 0x0, 0xa,
    0xff, 0xf8, 0xaf, 0xff, 0x80, 0x0, 0x0, 0x0,
    0x0, 0xa, 0xff, 0xf8, 0xaf, 0xff, 0x80, 0x0,
    0x0, 0x0, 0x0, 0xa, 0xff, 0xf8, 0xaf, 0xff,
    0x80, 0x0, 0x0, 0x0, 0x0, 0xa, 0xff, 0xf8,
    0xaf, 0xff, 0x80, 0x0, 0x0, 0x0, 0x0, 0xa,
    0xff, 0xf8, 0xaf, 0xff, 0x80, 0x0, 0x0, 0x0,
    0x0, 0xa, 0xff, 0xf8, 0xaf, 0xff, 0x80, 0x0,
    0x0, 0x0, 0x0, 0xa, 0xff, 0xf8, 0xaf, 0xff,
    0x80, 0x0, 0x0, 0x0, 0x0, 0xa, 0xff, 0xf8,
    0xaf, 0xff, 0x80, 0x0, 0x0, 0x0, 0x0, 0xa,
    0xff, 0xf8, 0xaf, 0xff, 0xff, 0xff, 0xff, 0xff,
    0xff, 0xff, 0xff, 0xf8, 0xaf, 0xff, 0xff, 0xff,
    0xff, 0xff, 0xff, 0xff, 0xff, 0xf8, 0xaf, 0xff,
    0xff, 0xff, 0xff, 0xff, 0xff, 0xff, 0xff, 0xf8,
    0xaf, 0xff, 0xc9, 0x99, 0x99, 0x99, 0x99, 0x9d,
    0xff, 0xf8, 0xaf, 0xff, 0x80, 0x0, 0x0, 0x0,
    0x0, 0xa, 0xff, 0xf8, 0xaf, 0xff, 0x80, 0x0,
    0x0, 0x0, 0x0, 0xa, 0xff, 0xf8, 0xaf, 0xff,
    0x80, 0x0, 0x0, 0x0, 0x0, 0xa, 0xff, 0xf8,
    0xaf, 0xff, 0x80, 0x0, 0x0, 0x0, 0x0, 0xa,
    0xff, 0xf8, 0xaf, 0xff, 0x80, 0x0, 0x0, 0x0,
    0x0, 0xa, 0xff, 0xf8, 0xaf, 0xff, 0x80, 0x0,
    0x0, 0x0, 0x0, 0xa, 0xff, 0xf8, 0xaf, 0xff,
    0x80, 0x0, 0x0, 0x0, 0x0, 0xa, 0xff, 0xf8,
    0xaf, 0xff, 0x80, 0x0, 0x0, 0x0, 0x0, 0xa,
    0xff, 0xf8, 0xaf, 0xff, 0x80, 0x0, 0x0, 0x0,
    0x0, 0xa, 0xff, 0xf8, 0xaf, 0xff, 0x80, 0x0,
    0x0, 0x0, 0x0, 0xa, 0xff, 0xf8,

    /* U+0125 "ĥ" */
    0x0, 0x1, 0xdf, 0xff, 0x30, 0x0, 0x0, 0x0,
    0x0, 0x0, 0x0, 0xc, 0xff, 0xff, 0xe2, 0x0,
    0x0, 0x0, 0x0, 0x0, 0x0, 0xaf, 0xfc, 0x9f,
    0xfd, 0x0, 0x0, 0x0, 0x0, 0x0, 0x8, 0xff,
    0xe2, 0xc, 0xff, 0xb0, 0x0, 0x0, 0x0, 0x0,
    0x6f, 0xff, 0x40, 0x1, 0xef, 0xf9, 0x0, 0x0,
    0x0, 0x0, 0x0, 0x0, 0x0, 0x0, 0x0, 0x0,
    0x0, 0x0, 0x0, 0x0, 0x0, 0x0, 0x0, 0x0,
    0x0, 0x0, 0x0, 0x0, 0x0, 0x0, 0x0, 0x0,
    0xdf, 0xff, 0x20, 0x0, 0x0, 0x0, 0x0, 0x0,
    0x0, 0x0, 0xdf, 0xff, 0x20, 0x0, 0x0, 0x0,
    0x0, 0x0, 0x0, 0x0, 0xdf, 0xff, 0x20, 0x0,
    0x0, 0x0, 0x0, 0x0, 0x0, 0x0, 0xdf, 0xff,
    0x20, 0x0, 0x0, 0x0, 0x0, 0x0, 0x0, 0x0,
    0xdf, 0xff, 0x20, 0x0, 0x0, 0x0, 0x0, 0x0,
    0x0, 0x0, 0xdf, 0xff, 0x20, 0x0, 0x0, 0x0,
    0x0, 0x0, 0x0, 0x0, 0xdf, 0xff, 0x20, 0x3a,
    0xef, 0xea, 0x30, 0x0, 0x0, 0x0, 0xdf, 0xff,
    0x26, 0xff, 0xff, 0xff, 0xf7, 0x0, 0x0, 0x0,
    0xdf, 0xff, 0x6f, 0xff, 0xff, 0xff, 0xff, 0x50,
    0x0, 0x0, 0xdf, 0xff, 0xef, 0xc8, 0x9d, 0xff,
    0xff, 0xd0, 0x0, 0x0, 0xdf, 0xff, 0xf6, 0x0,
    0x0, 0xaf, 0xff, 0xf2, 0x0, 0x0, 0xdf, 0xff,
    0xa0, 0x0, 0x0, 0x1f, 0xff, 0xf5, 0x0, 0x0,
    0xdf, 0xff, 0x50, 0x0, 0x0, 0xc, 0xff, 0xf6,
    0x0, 0x0, 0xdf, 0xff, 0x30, 0x0, 0x0, 0xa,
    0xff, 0xf7, 0x0, 0x0, 0xdf, 0xff, 0x30, 0x0,
    0x0, 0xa, 0xff, 0xf7, 0x0, 0x0, 0xdf, 0xff,
    0x30, 0x0, 0x0, 0xa, 0xff, 0xf7, 0x0, 0x0,
    0xdf, 0xff, 0x30, 0x0, 0x0, 0xa, 0xff, 0xf7,
    0x0, 0x0, 0xdf, 0xff, 0x30, 0x0, 0x0, 0xa,
    0xff, 0xf7, 0x0, 0x0, 0xdf, 0xff, 0x30, 0x0,
    0x0, 0xa, 0xff, 0xf7, 0x0, 0x0, 0xdf, 0xff,
    0x30, 0x0, 0x0, 0xa, 0xff, 0xf7, 0x0, 0x0,
    0xdf, 0xff, 0x30, 0x0, 0x0, 0xa, 0xff, 0xf7,
    0x0, 0x0, 0xdf, 0xff, 0x30, 0x0, 0x0, 0xa,
    0xff, 0xf7, 0x0, 0x0, 0xdf, 0xff, 0x30, 0x0,
    0x0, 0xa, 0xff, 0xf7, 0x0, 0x0, 0xdf, 0xff,
    0x30, 0x0, 0x0, 0xa, 0xff, 0xf7,

    /* U+0126 "Ħ" */
    0x0, 0xdf, 0xff, 0x50, 0x0, 0x0, 0x0, 0x0,
    0xc, 0xff, 0xf6, 0x0, 0x0, 0xdf, 0xff, 0x50,
    0x0, 0x0, 0x0, 0x0, 0xc, 0xff, 0xf6, 0x0,
    0x0, 0xdf, 0xff, 0x50, 0x0, 0x0, 0x0, 0x0,
    0xc, 0xff, 0xf6, 0x0, 0x0, 0xdf, 0xff, 0x50,
    0x0, 0x0, 0x0, 0x0, 0xc, 0xff, 0xf6, 0x0,
    0x0, 0xdf, 0xff, 0x50, 0x0, 0x0, 0x0, 0x0,
    0xc, 0xff, 0xf6, 0x0, 0xbf, 0xff, 0xff, 0xff,
    0xff, 0xff, 0xff, 0xff, 0xff, 0xff, 0xff, 0xf3,
    0xbf, 0xff, 0xff, 0xff, 0xff, 0xff, 0xff, 0xff,
    0xff, 0xff, 0xff, 0xf3, 0x7a, 0xef, 0xff, 0xca,
    0xaa, 0xaa, 0xaa, 0xaa, 0xae, 0xff, 0xfc, 0xa2,
    0x0, 0xdf, 0xff, 0x50, 0x0, 0x0, 0x0, 0x0,
    0xc, 0xff, 0xf6, 0x0, 0x0, 0xdf, 0xff, 0x50,
    0x0, 0x0, 0x0, 0x0, 0xc, 0xff, 0xf6, 0x0,
    0x0, 0xdf, 0xff, 0xff, 0xff, 0xff, 0xff, 0xff,
    0xff, 0xff, 0xf6, 0x0, 0x0, 0xdf, 0xff, 0xff,
    0xff, 0xff, 0xff, 0xff, 0xff, 0xff, 0xf6, 0x0,
    0x0, 0xdf, 0xff, 0xff, 0xff, 0xff, 0xff, 0xff,
    0xff, 0xff, 0xf6, 0x0, 0x0, 0xdf, 0xff, 0xb9,
    0x99, 0x99, 0x99, 0x99, 0x9e, 0xff, 0xf6, 0x0,
    0x0, 0xdf, 0xff, 0x50, 0x0, 0x0, 0x0, 0x0,
    0xc, 0xff, 0xf6, 0x0, 0x0, 0xdf, 0xff, 0x50,
    0x0, 0x0, 0x0, 0x0, 0xc, 0xff, 0xf6, 0x0,
    0x0, 0xdf, 0xff, 0x50, 0x0, 0x0, 0x0, 0x0,
    0xc, 0xff, 0xf6, 0x0, 0x0, 0xdf, 0xff, 0x50,
    0x0, 0x0, 0x0, 0x0, 0xc, 0xff, 0xf6, 0x0,
    0x0, 0xdf, 0xff, 0x50, 0x0, 0x0, 0x0, 0x0,
    0xc, 0xff, 0xf6, 0x0, 0x0, 0xdf, 0xff, 0x50,
    0x0, 0x0, 0x0, 0x0, 0xc, 0xff, 0xf6, 0x0,
    0x0, 0xdf, 0xff, 0x50, 0x0, 0x0, 0x0, 0x0,
    0xc, 0xff, 0xf6, 0x0, 0x0, 0xdf, 0xff, 0x50,
    0x0, 0x0, 0x0, 0x0, 0xc, 0xff, 0xf6, 0x0,
    0x0, 0xdf, 0xff, 0x50, 0x0, 0x0, 0x0, 0x0,
    0xc, 0xff, 0xf6, 0x0, 0x0, 0xdf, 0xff, 0x50,
    0x0, 0x0, 0x0, 0x0, 0xc, 0xff, 0xf6, 0x0,

    /* U+0127 "ħ" */
    0x0, 0xd, 0xff, 0xf2, 0x0, 0x0, 0x0, 0x0,
    0x0, 0x0, 0x0, 0xdf, 0xff, 0x20, 0x0, 0x0,
    0x0, 0x0, 0x0, 0xf, 0xff, 0xff, 0xff, 0xff,
    0xfd, 0x0, 0x0, 0x0, 0x0, 0xff, 0xff, 0xff,
    0xff, 0xff, 0xd0, 0x0, 0x0, 0x0, 0xa, 0xaf,
    0xff, 0xfc, 0xaa, 0xa8, 0x0, 0x0, 0x0, 0x0,
    0x0, 0xdf, 0xff, 0x20, 0x0, 0x0, 0x0, 0x0,
    0x0, 0x0, 0xd, 0xff, 0xf2, 0x3, 0xae, 0xfe,
    0xa3, 0x0, 0x0, 0x0, 0xdf, 0xff, 0x26, 0xff,
    0xff, 0xff, 0xf7, 0x0, 0x0, 0xd, 0xff, 0xf6,
    0xff, 0xff, 0xff, 0xff, 0xf5, 0x0, 0x0, 0xdf,
    0xff, 0xef, 0xc8, 0x9d, 0xff, 0xff, 0xd0, 0x0,
    0xd, 0xff, 0xff, 0x60, 0x0, 0xa, 0xff, 0xff,
    0x20, 0x0, 0xdf, 0xff, 0xa0, 0x0, 0x0, 0x1f,
    0xff, 0xf5, 0x0, 0xd, 0xff, 0xf5, 0x0, 0x0,
    0x0, 0xcf, 0xff, 0x60, 0x0, 0xdf, 0xff, 0x30,
    0x0, 0x0, 0xa, 0xff, 0xf7, 0x0, 0xd, 0xff,
    0xf3, 0x0, 0x0, 0x0, 0xaf, 0xff, 0x70, 0x0,
    0xdf, 0xff, 0x30, 0x0, 0x0, 0xa, 0xff, 0xf7,
    0x0, 0xd, 0xff, 0xf3, 0x0, 0x0, 0x0, 0xaf,
    0xff, 0x70, 0x0, 0xdf, 0xff, 0x30, 0x0, 0x0,
    0xa, 0xff, 0xf7, 0x0, 0xd, 0xff, 0xf3, 0x0,
    0x0, 0x0, 0xaf, 0xff, 0x70, 0x0, 0xdf, 0xff,
    0x30, 0x0, 0x0, 0xa, 0xff, 0xf7, 0x0, 0xd,
    0xff, 0xf3, 0x0, 0x0, 0x0, 0xaf, 0xff, 0x70,
    0x0, 0xdf, 0xff, 0x30, 0x0, 0x0, 0xa, 0xff,
    0xf7, 0x0, 0xd, 0xff, 0xf3, 0x0, 0x0, 0x0,
    0xaf, 0xff, 0x70, 0x0, 0xdf, 0xff, 0x30, 0x0,
    0x0, 0xa, 0xff, 0xf7,

    /* U+0128 "Ĩ" */
    0x0, 0x56, 0x30, 0x0, 0x57, 0x30, 0xbf, 0xff,
    0xb3, 0x1f, 0xf6, 0x4f, 0xff, 0xff, 0xff, 0xff,
    0x29, 0xfe, 0x14, 0xdf, 0xff, 0x90, 0x57, 0x50,
    0x0, 0x47, 0x40, 0x0, 0x0, 0x0, 0x0, 0x0,
    0x0, 0x0, 0x0, 0x0, 0x0, 0x0, 0x0, 0x0,
    0xaf, 0xff, 0x80, 0x0, 0x0, 0xa, 0xff, 0xf8,
    0x0, 0x0, 0x0, 0xaf, 0xff, 0x80, 0x0, 0x0,
    0xa, 0xff, 0xf8, 0x0, 0x0, 0x0, 0xaf, 0xff,
    0x80, 0x0, 0x0, 0xa, 0xff, 0xf8, 0x0, 0x0,
    0x0, 0xaf, 0xff, 0x80, 0x0, 0x0, 0xa, 0xff,
    0xf8, 0x0, 0x0, 0x0, 0xaf, 0xff, 0x80, 0x0,
    0x0, 0xa, 0xff, 0xf8, 0x0, 0x0, 0x0, 0xaf,
    0xff, 0x80, 0x0, 0x0, 0xa, 0xff, 0xf8, 0x0,
    0x0, 0x0, 0xaf, 0xff, 0x80, 0x0, 0x0, 0xa,
    0xff, 0xf8, 0x0, 0x0, 0x0, 0xaf, 0xff, 0x80,
    0x0, 0x0, 0xa, 0xff, 0xf8, 0x0, 0x0, 0x0,
    0xaf, 0xff, 0x80, 0x0, 0x0, 0xa, 0xff, 0xf8,
    0x0, 0x0, 0x0, 0xaf, 0xff, 0x80, 0x0, 0x0,
    0xa, 0xff, 0xf8, 0x0, 0x0, 0x0, 0xaf, 0xff,
    0x80, 0x0, 0x0, 0xa, 0xff, 0xf8, 0x0, 0x0,
    0x0, 0xaf, 0xff, 0x80, 0x0, 0x0, 0xa, 0xff,
    0xf8, 0x0, 0x0,

    /* U+0129 "ĩ" */
    0x0, 0x56, 0x20, 0x0, 0x77, 0x21, 0xef, 0xff,
    0x91, 0x4f, 0xf3, 0x8f, 0xff, 0xff, 0xff, 0xfe,
    0xd, 0xfb, 0x6, 0xef, 0xff, 0x50, 0x67, 0x30,
    0x0, 0x57, 0x30, 0x0, 0x0, 0x0, 0x0, 0x0,
    0x0, 0x0, 0x0, 0x0, 0x0, 0x0, 0x0, 0x0,
    0xdf, 0xff, 0x30, 0x0, 0x0, 0xd, 0xff, 0xf3,
    0x0, 0x0, 0x0, 0xdf, 0xff, 0x30, 0x0, 0x0,
    0xd, 0xff, 0xf3, 0x0, 0x0, 0x0, 0xdf, 0xff,
    0x30, 0x0, 0x0, 0xd, 0xff, 0xf3, 0x0, 0x0,
    0x0, 0xdf, 0xff, 0x30, 0x0, 0x0, 0xd, 0xff,
    0xf3, 0x0, 0x0, 0x0, 0xdf, 0xff, 0x30, 0x0,
    0x0, 0xd, 0xff, 0xf3, 0x0, 0x0, 0x0, 0xdf,
    0xff, 0x30, 0x0, 0x0, 0xd, 0xff, 0xf3, 0x0,
    0x0, 0x0, 0xdf, 0xff, 0x30, 0x0, 0x0, 0xd,
    0xff, 0xf3, 0x0, 0x0, 0x0, 0xdf, 0xff, 0x30,
    0x0, 0x0, 0xd, 0xff, 0xf3, 0x0, 0x0, 0x0,
    0xdf, 0xff, 0x30, 0x0, 0x0, 0xd, 0xff, 0xf3,
    0x0, 0x0,

    /* U+012A "Ī" */
    0xc, 0xcc, 0xcc, 0xcc, 0xcb, 0xf, 0xff, 0xff,
    0xff, 0xfe, 0xf, 0xff, 0xff, 0xff, 0xfe, 0x0,
    0x0, 0x0, 0x0, 0x0, 0x0, 0x0, 0x0, 0x0,
    0x0, 0x0, 0x0, 0x0, 0x0, 0x0, 0x0, 0xa,
    0xff, 0xf8, 0x0, 0x0, 0xa, 0xff, 0xf8, 0x0,
    0x0, 0xa, 0xff, 0xf8, 0x0, 0x0, 0xa, 0xff,
    0xf8, 0x0, 0x0, 0xa, 0xff, 0xf8, 0x0, 0x0,
    0xa, 0xff, 0xf8, 0x0, 0x0, 0xa, 0xff, 0xf8,
    0x0, 0x0, 0xa, 0xff, 0xf8, 0x0, 0x0, 0xa,
    0xff, 0xf8, 0x0, 0x0, 0xa, 0xff, 0xf8, 0x0,
    0x0, 0xa, 0xff, 0xf8, 0x0, 0x0, 0xa, 0xff,
    0xf8, 0x0, 0x0, 0xa, 0xff, 0xf8, 0x0, 0x0,
    0xa, 0xff, 0xf8, 0x0, 0x0, 0xa, 0xff, 0xf8,
    0x0, 0x0, 0xa, 0xff, 0xf8, 0x0, 0x0, 0xa,
    0xff, 0xf8, 0x0, 0x0, 0xa, 0xff, 0xf8, 0x0,
    0x0, 0xa, 0xff, 0xf8, 0x0, 0x0, 0xa, 0xff,
    0xf8, 0x0, 0x0, 0xa, 0xff, 0xf8, 0x0, 0x0,
    0xa, 0xff, 0xf8, 0x0, 0x0, 0xa, 0xff, 0xf8,
    0x0, 0x0, 0xa, 0xff, 0xf8, 0x0,

    /* U+012B "ī" */
    0x4f, 0xff, 0xff, 0xff, 0xfa, 0x4f, 0xff, 0xff,
    0xff, 0xfa, 0x3c, 0xcc, 0xcc, 0xcc, 0xc8, 0x0,
    0x0, 0x0, 0x0, 0x0, 0x0, 0x0, 0x0, 0x0,
    0x0, 0x0, 0x0, 0x0, 0x0, 0x0, 0x0, 0xd,
    0xff, 0xf3, 0x0, 0x0, 0xd, 0xff, 0xf3, 0x0,
    0x0, 0xd, 0xff, 0xf3, 0x0, 0x0, 0xd, 0xff,
    0xf3, 0x0, 0x0, 0xd, 0xff, 0xf3, 0x0, 0x0,
    0xd, 0xff, 0xf3, 0x0, 0x0, 0xd, 0xff, 0xf3,
    0x0, 0x0, 0xd, 0xff, 0xf3, 0x0, 0x0, 0xd,
    0xff, 0xf3, 0x0, 0x0, 0xd, 0xff, 0xf3, 0x0,
    0x0, 0xd, 0xff, 0xf3, 0x0, 0x0, 0xd, 0xff,
    0xf3, 0x0, 0x0, 0xd, 0xff, 0xf3, 0x0, 0x0,
    0xd, 0xff, 0xf3, 0x0, 0x0, 0xd, 0xff, 0xf3,
    0x0, 0x0, 0xd, 0xff, 0xf3, 0x0, 0x0, 0xd,
    0xff, 0xf3, 0x0, 0x0, 0xd, 0xff, 0xf3, 0x0,

    /* U+012C "Ĭ" */
    0x9f, 0xe0, 0x0, 0x1, 0xff, 0x76, 0xff, 0x50,
    0x0, 0x7f, 0xf4, 0x1e, 0xff, 0xa7, 0xbf, 0xfd,
    0x0, 0x3f, 0xff, 0xff, 0xfe, 0x20, 0x0, 0x29,
    0xef, 0xd8, 0x10, 0x0, 0x0, 0x0, 0x0, 0x0,
    0x0, 0x0, 0x0, 0x0, 0x0, 0x0, 0x0, 0x0,
    0xaf, 0xff, 0x80, 0x0, 0x0, 0xa, 0xff, 0xf8,
    0x0, 0x0, 0x0, 0xaf, 0xff, 0x80, 0x0, 0x0,
    0xa, 0xff, 0xf8, 0x0, 0x0, 0x0, 0xaf, 0xff,
    0x80, 0x0, 0x0, 0xa, 0xff, 0xf8, 0x0, 0x0,
    0x0, 0xaf, 0xff, 0x80, 0x0, 0x0, 0xa, 0xff,
    0xf8, 0x0, 0x0, 0x0, 0xaf, 0xff, 0x80, 0x0,
    0x0, 0xa, 0xff, 0xf8, 0x0, 0x0, 0x0, 0xaf,
    0xff, 0x80, 0x0, 0x0, 0xa, 0xff, 0xf8, 0x0,
    0x0, 0x0, 0xaf, 0xff, 0x80, 0x0, 0x0, 0xa,
    0xff, 0xf8, 0x0, 0x0, 0x0, 0xaf, 0xff, 0x80,
    0x0, 0x0, 0xa, 0xff, 0xf8, 0x0, 0x0, 0x0,
    0xaf, 0xff, 0x80, 0x0, 0x0, 0xa, 0xff, 0xf8,
    0x0, 0x0, 0x0, 0xaf, 0xff, 0x80, 0x0, 0x0,
    0xa, 0xff, 0xf8, 0x0, 0x0, 0x0, 0xaf, 0xff,
    0x80, 0x0, 0x0, 0xa, 0xff, 0xf8, 0x0, 0x0,
    0x0, 0xaf, 0xff, 0x80, 0x0, 0x0, 0xa, 0xff,
    0xf8, 0x0, 0x0,

    /* U+012D "ĭ" */
    0xdf, 0xa0, 0x0, 0x5, 0xff, 0x3a, 0xff, 0x20,
    0x0, 0xbf, 0xf0, 0x3f, 0xff, 0x97, 0xcf, 0xf9,
    0x0, 0x6f, 0xff, 0xff, 0xfc, 0x0, 0x0, 0x3b,
    0xef, 0xc6, 0x0, 0x0, 0x0, 0x0, 0x0, 0x0,
    0x0, 0x0, 0x0, 0x0, 0x0, 0x0, 0x0, 0x0,
    0xdf, 0xff, 0x30, 0x0, 0x0, 0xd, 0xff, 0xf3,
    0x0, 0x0, 0x0, 0xdf, 0xff, 0x30, 0x0, 0x0,
    0xd, 0xff, 0xf3, 0x0, 0x0, 0x0, 0xdf, 0xff,
    0x30, 0x0, 0x0, 0xd, 0xff, 0xf3, 0x0, 0x0,
    0x0, 0xdf, 0xff, 0x30, 0x0, 0x0, 0xd, 0xff,
    0xf3, 0x0, 0x0, 0x0, 0xdf, 0xff, 0x30, 0x0,
    0x0, 0xd, 0xff, 0xf3, 0x0, 0x0, 0x0, 0xdf,
    0xff, 0x30, 0x0, 0x0, 0xd, 0xff, 0xf3, 0x0,
    0x0, 0x0, 0xdf, 0xff, 0x30, 0x0, 0x0, 0xd,
    0xff, 0xf3, 0x0, 0x0, 0x0, 0xdf, 0xff, 0x30,
    0x0, 0x0, 0xd, 0xff, 0xf3, 0x0, 0x0, 0x0,
    0xdf, 0xff, 0x30, 0x0, 0x0, 0xd, 0xff, 0xf3,
    0x0, 0x0,

    /* U+012E "Į" */
    0x0, 0xaf, 0xff, 0x80, 0x0, 0xaf, 0xff, 0x80,
    0x0, 0xaf, 0xff, 0x80, 0x0, 0xaf, 0xff, 0x80,
    0x0, 0xaf, 0xff, 0x80, 0x0, 0xaf, 0xff, 0x80,
    0x0, 0xaf, 0xff, 0x80, 0x0, 0xaf, 0xff, 0x80,
    0x0, 0xaf, 0xff, 0x80, 0x0, 0xaf, 0xff, 0x80,
    0x0, 0xaf, 0xff, 0x80, 0x0, 0xaf, 0xff, 0x80,
    0x0, 0xaf, 0xff, 0x80, 0x0, 0xaf, 0xff, 0x80,
    0x0, 0xaf, 0xff, 0x80, 0x0, 0xaf, 0xff, 0x80,
    0x0, 0xaf, 0xff, 0x80, 0x0, 0xaf, 0xff, 0x80,
    0x0, 0xaf, 0xff, 0x80, 0x0, 0xaf, 0xff, 0x80,
    0x0, 0xaf, 0xff, 0x80, 0x0, 0xaf, 0xff, 0x80,
    0x0, 0xaf, 0xff, 0x80, 0x0, 0xdf, 0xff, 0x80,
    0x5, 0xff, 0xfa, 0x10, 0x1f, 0xff, 0x90, 0x0,
    0x8f, 0xff, 0x0, 0x0, 0xbf, 0xff, 0x0, 0x0,
    0x9f, 0xff, 0xed, 0xa0, 0x3f, 0xff, 0xff, 0xf1,
    0x3, 0xae, 0xfd, 0x91,

    /* U+012F "į" */
    0x0, 0x0, 0x67, 0x20, 0x0, 0x0, 0xbf, 0xff,
    0x20, 0x0, 0x1f, 0xff, 0xf7, 0x0, 0x0, 0xff,
    0xff, 0x50, 0x0, 0x4, 0xdf, 0x90, 0x0, 0x0,
    0x0, 0x0, 0x0, 0x0, 0x0, 0x0, 0x0, 0x0,
    0x0, 0xdf, 0xff, 0x30, 0x0, 0xd, 0xff, 0xf3,
    0x0, 0x0, 0xdf, 0xff, 0x30, 0x0, 0xd, 0xff,
    0xf3, 0x0, 0x0, 0xdf, 0xff, 0x30, 0x0, 0xd,
    0xff, 0xf3, 0x0, 0x0, 0xdf, 0xff, 0x30, 0x0,
    0xd, 0xff, 0xf3, 0x0, 0x0, 0xdf, 0xff, 0x30,
    0x0, 0xd, 0xff, 0xf3, 0x0, 0x0, 0xdf, 0xff,
    0x30, 0x0, 0xd, 0xff, 0xf3, 0x0, 0x0, 0xdf,
    0xff, 0x30, 0x0, 0xd, 0xff, 0xf3, 0x0, 0x0,
    0xdf, 0xff, 0x30, 0x0, 0xd, 0xff, 0xf3, 0x0,
    0x0, 0xdf, 0xff, 0x30, 0x0, 0xf, 0xff, 0xf3,
    0x0, 0x9, 0xff, 0xf7, 0x0, 0x5, 0xff, 0xf4,
    0x0, 0x0, 0xdf, 0xfb, 0x0, 0x0, 0xf, 0xff,
    0xb0, 0x0, 0x0, 0xef, 0xff, 0xde, 0x50, 0x7,
    0xff, 0xff, 0xfc, 0x0, 0x5, 0xcf, 0xec, 0x70,

    /* U+0130 "İ" */
    0x4, 0x73, 0x7, 0xff, 0xf5, 0xdf, 0xff, 0xcb,
    0xff, 0xf9, 0x2c, 0xfb, 0x10, 0x0, 0x0, 0x0,
    0x0, 0xa, 0xff, 0xf8, 0xaf, 0xff, 0x8a, 0xff,
    0xf8, 0xaf, 0xff, 0x8a, 0xff, 0xf8, 0xaf, 0xff,
    0x8a, 0xff, 0xf8, 0xaf, 0xff, 0x8a, 0xff, 0xf8,
    0xaf, 0xff, 0x8a, 0xff, 0xf8, 0xaf, 0xff, 0x8a,
    0xff, 0xf8, 0xaf, 0xff, 0x8a, 0xff, 0xf8, 0xaf,
    0xff, 0x8a, 0xff, 0xf8, 0xaf, 0xff, 0x8a, 0xff,
    0xf8, 0xaf, 0xff, 0x8a, 0xff, 0xf8, 0xaf, 0xff,
    0x8a, 0xff, 0xf8, 0xaf, 0xff, 0x80,

    /* U+0131 "ı" */
    0xdf, 0xff, 0x3d, 0xff, 0xf3, 0xdf, 0xff, 0x3d,
    0xff, 0xf3, 0xdf, 0xff, 0x3d, 0xff, 0xf3, 0xdf,
    0xff, 0x3d, 0xff, 0xf3, 0xdf, 0xff, 0x3d, 0xff,
    0xf3, 0xdf, 0xff, 0x3d, 0xff, 0xf3, 0xdf, 0xff,
    0x3d, 0xff, 0xf3, 0xdf, 0xff, 0x3d, 0xff, 0xf3,
    0xdf, 0xff, 0x3d, 0xff, 0xf3,

    /* U+0132 "Ĳ" */
    0xaf, 0xff, 0x80, 0x0, 0x0, 0x0, 0x0, 0x0,
    0x0, 0x1f, 0xff, 0xf1, 0xaf, 0xff, 0x80, 0x0,
    0x0, 0x0, 0x0, 0x0, 0x0, 0x1f, 0xff, 0xf1,
    0xaf, 0xff, 0x80, 0x0, 0x0, 0x0, 0x0, 0x0,
    0x0, 0x1f, 0xff, 0xf1, 0xaf, 0xff, 0x80, 0x0,
    0x0, 0x0, 0x0, 0x0, 0x0, 0x1f, 0xff, 0xf1,
    0xaf, 0xff, 0x80, 0x0, 0x0, 0x0, 0x0, 0x0,
    0x0, 0x1f, 0xff, 0xf1, 0xaf, 0xff, 0x80, 0x0,
    0x0, 0x0, 0x0, 0x0, 0x0, 0x1f, 0xff, 0xf1,
    0xaf, 0xff, 0x80, 0x0, 0x0, 0x0, 0x0, 0x0,
    0x0, 0x1f, 0xff, 0xf1, 0xaf, 0xff, 0x80, 0x0,
    0x0, 0x0, 0x0, 0x0, 0x0, 0x1f, 0xff, 0xf1,
    0xaf, 0xff, 0x80, 0x0, 0x0, 0x0, 0x0, 0x0,
    0x0, 0x1f, 0xff, 0xf1, 0xaf, 0xff, 0x80, 0x0,
    0x0, 0x0, 0x0, 0x0, 0x0, 0x1f, 0xff, 0xf1,
    0xaf, 0xff, 0x80, 0x0, 0x0, 0x0, 0x0, 0x0,
    0x0, 0x1f, 0xff, 0xf1, 0xaf, 0xff, 0x80, 0x0,
    0x0, 0x0, 0x0, 0x0, 0x0, 0x1f, 0xff, 0xf1,
    0xaf, 0xff, 0x80, 0x0, 0x0, 0x0, 0x0, 0x0,
    0x0, 0x1f, 0xff, 0xf1, 0xaf, 0xff, 0x80, 0x0,
    0x0, 0x0, 0x0, 0x0, 0x0, 0x1f, 0xff, 0xf1,
    0xaf, 0xff, 0x80, 0x0, 0x0, 0x0, 0x0, 0x0,
    0x0, 0x1f, 0xff, 0xf1, 0xaf, 0xff, 0x80, 0x0,
    0x9a, 0xaa, 0x20, 0x0, 0x0, 0x1f, 0xff, 0xf1,
    0xaf, 0xff, 0x80, 0x0, 0xef, 0xff, 0x40, 0x0,
    0x0, 0x1f, 0xff, 0xf1, 0xaf, 0xff, 0x80, 0x0,
    0xdf, 0xff, 0x50, 0x0, 0x0, 0x2f, 0xff, 0xf0,
    0xaf, 0xff, 0x80, 0x0, 0xbf, 0xff, 0x90, 0x0,
    0x0, 0x6f, 0xff, 0xe0, 0xaf, 0xff, 0x80, 0x0,
    0x7f, 0xff, 0xf3, 0x0, 0x2, 0xef, 0xff, 0xa0,
    0xaf, 0xff, 0x80, 0x0, 0x1f, 0xff, 0xff, 0xb8,
    0xaf, 0xff, 0xff, 0x30, 0xaf, 0xff, 0x80, 0x0,
    0x6, 0xff, 0xff, 0xff, 0xff, 0xff, 0xf8, 0x0,
    0xaf, 0xff, 0x80, 0x0, 0x0, 0x6f, 0xff, 0xff,
    0xff, 0xff, 0x80, 0x0, 0xaf, 0xff, 0x80, 0x0,
    0x0, 0x1, 0x7c, 0xef, 0xfd, 0x82, 0x0, 0x0,

    /* U+0133 "ĳ" */
    0x0, 0x67, 0x20, 0x0, 0x0, 0x37, 0x40, 0xb,
    0xff, 0xf2, 0x0, 0x5, 0xff, 0xf7, 0x1f, 0xff,
    0xf7, 0x0, 0xc, 0xff, 0xfd, 0xf, 0xff, 0xf5,
    0x0, 0xa, 0xff, 0xfb, 0x4, 0xdf, 0x90, 0x0,
    0x1, 0xbf, 0xc2, 0x0, 0x0, 0x0, 0x0, 0x0,
    0x0, 0x0, 0x0, 0x0, 0x0, 0x0, 0x0, 0x0,
    0x0, 0xd, 0xff, 0xf3, 0x0, 0x7, 0xff, 0xf9,
    0xd, 0xff, 0xf3, 0x0, 0x7, 0xff, 0xf9, 0xd,
    0xff, 0xf3, 0x0, 0x7, 0xff, 0xf9, 0xd, 0xff,
    0xf3, 0x0, 0x7, 0xff, 0xf9, 0xd, 0xff, 0xf3,
    0x0, 0x7, 0xff, 0xf9, 0xd, 0xff, 0xf3, 0x0,
    0x7, 0xff, 0xf9, 0xd, 0xff, 0xf3, 0x0, 0x7,
    0xff, 0xf9, 0xd, 0xff, 0xf3, 0x0, 0x7, 0xff,
    0xf9, 0xd, 0xff, 0xf3, 0x0, 0x7, 0xff, 0xf9,
    0xd, 0xff, 0xf3, 0x0, 0x7, 0xff, 0xf9, 0xd,
    0xff, 0xf3, 0x0, 0x7, 0xff, 0xf9, 0xd, 0xff,
    0xf3, 0x0, 0x7, 0xff, 0xf9, 0xd, 0xff, 0xf3,
    0x0, 0x7, 0xff, 0xf9, 0xd, 0xff, 0xf3, 0x0,
    0x7, 0xff, 0xf9, 0xd, 0xff, 0xf3, 0x0, 0x7,
    0xff, 0xf9, 0xd, 0xff, 0xf3, 0x0, 0x7, 0xff,
    0xf9, 0xd, 0xff, 0xf3, 0x0, 0x7, 0xff, 0xf9,
    0xd, 0xff, 0xf3, 0x0, 0x7, 0xff, 0xf9, 0x0,
    0x0, 0x0, 0x0, 0x7, 0xff, 0xf9, 0x0, 0x0,
    0x0, 0x0, 0x8, 0xff, 0xf9, 0x0, 0x0, 0x0,
    0x0, 0xb, 0xff, 0xf7, 0x0, 0x0, 0x0, 0x16,
    0xaf, 0xff, 0xf4, 0x0, 0x0, 0x0, 0x4f, 0xff,
    0xff, 0xd0, 0x0, 0x0, 0x0, 0x4f, 0xff, 0xfe,
    0x20, 0x0, 0x0, 0x0, 0x4f, 0xfc, 0x71, 0x0,

    /* U+0134 "Ĵ" */
    0x0, 0x0, 0x0, 0x0, 0x0, 0x1d, 0xff, 0xf4,
    0x0, 0x0, 0x0, 0x0, 0x0, 0x0, 0x1, 0xdf,
    0xff, 0xff, 0x30, 0x0, 0x0, 0x0, 0x0, 0x0,
    0x1d, 0xff, 0x95, 0xff, 0xf3, 0x0, 0x0, 0x0,
    0x0, 0x1, 0xdf, 0xfb, 0x0, 0x7f, 0xfe, 0x20,
    0x0, 0x0, 0x0, 0x4, 0x88, 0x71, 0x0, 0x6,
    0x88, 0x60, 0x0, 0x0, 0x0, 0x0, 0x0, 0x0,
    0x0, 0x0, 0x0, 0x0, 0x0, 0x0, 0x0, 0x0,
    0x0, 0x0, 0x0, 0x0, 0x0, 0x0, 0x0, 0x0,
    0x0, 0x0, 0x0, 0xe, 0xff, 0xf3, 0x0, 0x0,
    0x0, 0x0, 0x0, 0x0, 0x0, 0xe, 0xff, 0xf3,
    0x0, 0x0, 0x0, 0x0, 0x0, 0x0, 0x0, 0xe,
    0xff, 0xf3, 0x0, 0x0, 0x0, 0x0, 0x0, 0x0,
    0x0, 0xe, 0xff, 0xf3, 0x0, 0x0, 0x0, 0x0,
    0x0, 0x0, 0x0, 0xe, 0xff, 0xf3, 0x0, 0x0,
    0x0, 0x0, 0x0, 0x0, 0x0, 0xe, 0xff, 0xf3,
    0x0, 0x0, 0x0, 0x0, 0x0, 0x0, 0x0, 0xe,
    0xff, 0xf3, 0x0, 0x0, 0x0, 0x0, 0x0, 0x0,
    0x0, 0xe, 0xff, 0xf3, 0x0, 0x0, 0x0, 0x0,
    0x0, 0x0, 0x0, 0xe, 0xff, 0xf3, 0x0, 0x0,
    0x0, 0x0, 0x0, 0x0, 0x0, 0xe, 0xff, 0xf3,
    0x0, 0x0, 0x0, 0x0, 0x0, 0x0, 0x0, 0xe,
    0xff, 0xf3, 0x0, 0x0, 0x0, 0x0, 0x0, 0x0,
    0x0, 0xe, 0xff, 0xf3, 0x0, 0x0, 0x0, 0x0,
    0x0, 0x0, 0x0, 0xe, 0xff, 0xf3, 0x0, 0x0,
    0x0, 0x0, 0x0, 0x0, 0x0, 0xe, 0xff, 0xf3,
    0x0, 0x0, 0x0, 0x0, 0x0, 0x0, 0x0, 0xe,
    0xff, 0xf3, 0x0, 0x0, 0x8a, 0xaa, 0x40, 0x0,
    0x0, 0xe, 0xff, 0xf3, 0x0, 0x0, 0xcf, 0xff,
    0x60, 0x0, 0x0, 0xe, 0xff, 0xf3, 0x0, 0x0,
    0xbf, 0xff, 0x70, 0x0, 0x0, 0xf, 0xff, 0xf2,
    0x0, 0x0, 0x9f, 0xff, 0xb0, 0x0, 0x0, 0x4f,
    0xff, 0xf0, 0x0, 0x0, 0x5f, 0xff, 0xf5, 0x0,
    0x1, 0xcf, 0xff, 0xc0, 0x0, 0x0, 0xe, 0xff,
    0xff, 0xb8, 0xae, 0xff, 0xff, 0x50, 0x0, 0x0,
    0x4, 0xff, 0xff, 0xff, 0xff, 0xff, 0xfb, 0x0,
    0x0, 0x0, 0x0, 0x4e, 0xff, 0xff, 0xff, 0xff,
    0xa0, 0x0, 0x0, 0x0, 0x0, 0x0, 0x7b, 0xef,
    0xfd, 0x93, 0x0, 0x0, 0x0, 0x0,

    /* U+0135 "ĵ" */
    0x0, 0x0, 0x58, 0x87, 0x0, 0x0, 0x0, 0x0,
    0x6f, 0xff, 0xfb, 0x0, 0x0, 0x0, 0x6f, 0xfe,
    0xbf, 0xfb, 0x0, 0x0, 0x5f, 0xff, 0x40, 0xdf,
    0xfa, 0x0, 0x5f, 0xff, 0x60, 0x1, 0xef, 0xf9,
    0x0, 0x0, 0x0, 0x0, 0x0, 0x0, 0x0, 0x0,
    0x0, 0x0, 0x0, 0x0, 0x0, 0x0, 0x0, 0xd,
    0xff, 0xf3, 0x0, 0x0, 0x0, 0x0, 0xdf, 0xff,
    0x30, 0x0, 0x0, 0x0, 0xd, 0xff, 0xf3, 0x0,
    0x0, 0x0, 0x0, 0xdf, 0xff, 0x30, 0x0, 0x0,
    0x0, 0xd, 0xff, 0xf3, 0x0, 0x0, 0x0, 0x0,
    0xdf, 0xff, 0x30, 0x0, 0x0, 0x0, 0xd, 0xff,
    0xf3, 0x0, 0x0, 0x0, 0x0, 0xdf, 0xff, 0x30,
    0x0, 0x0, 0x0, 0xd, 0xff, 0xf3, 0x0, 0x0,
    0x0, 0x0, 0xdf, 0xff, 0x30, 0x0, 0x0, 0x0,
    0xd, 0xff, 0xf3, 0x0, 0x0, 0x0, 0x0, 0xdf,
    0xff, 0x30, 0x0, 0x0, 0x0, 0xd, 0xff, 0xf3,
    0x0, 0x0, 0x0, 0x0, 0xdf, 0xff, 0x30, 0x0,
    0x0, 0x0, 0xd, 0xff, 0xf3, 0x0, 0x0, 0x0,
    0x0, 0xdf, 0xff, 0x30, 0x0, 0x0, 0x0, 0xd,
    0xff, 0xf3, 0x0, 0x0, 0x0, 0x0, 0xdf, 0xff,
    0x30, 0x0, 0x0, 0x0, 0xd, 0xff, 0xf3, 0x0,
    0x0, 0x0, 0x0, 0xef, 0xff, 0x30, 0x0, 0x0,
    0x0, 0x1f, 0xff, 0xf1, 0x0, 0x0, 0x3, 0x7d,
    0xff, 0xfe, 0x0, 0x0, 0x0, 0xaf, 0xff, 0xff,
    0x70, 0x0, 0x0, 0xa, 0xff, 0xff, 0xa0, 0x0,
    0x0, 0x0, 0xaf, 0xeb, 0x50, 0x0, 0x0, 0x0,

    /* U+0136 "Ķ" */
    0xaf, 0xff, 0x80, 0x0, 0x0, 0x0, 0x2, 0xef,
    0xff, 0xe2, 0xaf, 0xff, 0x80, 0x0, 0x0, 0x0,
    0x1d, 0xff, 0xff, 0x30, 0xaf, 0xff, 0x80, 0x0,
    0x0, 0x0, 0xcf, 0xff, 0xf5, 0x0, 0xaf, 0xff,
    0x80, 0x0, 0x0, 0xa, 0xff, 0xff, 0x80, 0x0,
    0xaf, 0xff, 0x80, 0x0, 0x0, 0x8f, 0xff, 0xfa,
    0x0, 0x0, 0xaf, 0xff, 0x80, 0x0, 0x5, 0xff,
    0xff, 0xc0, 0x0, 0x0, 0xaf, 0xff, 0x80, 0x0,
    0x3f, 0xff, 0xfd, 0x10, 0x0, 0x0, 0xaf, 0xff,
    0x80, 0x1, 0xef, 0xff, 0xe2, 0x0, 0x0, 0x0,
    0xaf, 0xff, 0x70, 0xc, 0xff, 0xff, 0x30, 0x0,
    0x0, 0x0, 0xaf, 0xff, 0x70, 0x9f, 0xff, 0xf5,
    0x0, 0x0, 0x0, 0x0, 0xaf, 0xff, 0x75, 0xff,
    0xff, 0xc0, 0x0, 0x0, 0x0, 0x0, 0xaf, 0xff,
    0x8e, 0xff, 0xff, 0xf5, 0x0, 0x0, 0x0, 0x0,
    0xaf, 0xff, 0xff, 0xff, 0xff, 0xfe, 0x10, 0x0,
    0x0, 0x0, 0xaf, 0xff, 0xff, 0xf9, 0xff, 0xff,
    0xa0, 0x0, 0x0, 0x0, 0xaf, 0xff, 0xff, 0x80,
    0x7f, 0xff, 0xf5, 0x0, 0x0, 0x0, 0xaf, 0xff,
    0xfa, 0x0, 0xc, 0xff, 0xfe, 0x10, 0x0, 0x0,
    0xaf, 0xff, 0xc0, 0x0, 0x3, 0xff, 0xff, 0xa0,
    0x0, 0x0, 0xaf, 0xff, 0x80, 0x0, 0x0, 0x8f,
    0xff, 0xf5, 0x0, 0x0, 0xaf, 0xff, 0x80, 0x0,
    0x0, 0xd, 0xff, 0xfe, 0x10, 0x0, 0xaf, 0xff,
    0x80, 0x0, 0x0, 0x3, 0xff, 0xff, 0xa0, 0x0,
    0xaf, 0xff, 0x80, 0x0, 0x0, 0x0, 0x8f, 0xff,
    0xf5, 0x0, 0xaf, 0xff, 0x80, 0x0, 0x0, 0x0,
    0xd, 0xff, 0xfe, 0x10, 0xaf, 0xff, 0x80, 0x0,
    0x0, 0x0, 0x3, 0xff, 0xff, 0xa0, 0xaf, 0xff,
    0x80, 0x0, 0x0, 0x0, 0x0, 0x9f, 0xff, 0xf5,
    0x0, 0x0, 0x0, 0x0, 0x0, 0x0, 0x0, 0x0,
    0x0, 0x0, 0x0, 0x0, 0x0, 0x0, 0x0, 0x0,
    0x0, 0x0, 0x0, 0x0, 0x0, 0x0, 0x0, 0xc,
    0xff, 0xf0, 0x0, 0x0, 0x0, 0x0, 0x0, 0x0,
    0x0, 0xf, 0xff, 0x90, 0x0, 0x0, 0x0, 0x0,
    0x0, 0x0, 0x0, 0x4f, 0xff, 0x30, 0x0, 0x0,
    0x0, 0x0, 0x0, 0x0, 0x0, 0x7f, 0xfc, 0x0,
    0x0, 0x0, 0x0, 0x0, 0x0, 0x0, 0x0, 0xbf,
    0xf6, 0x0, 0x0, 0x0, 0x0, 0x0, 0x0, 0x0,
    0x0, 0xcd, 0xc0, 0x0, 0x0, 0x0, 0x0, 0x0,

    /* U+0137 "ķ" */
    0xdf, 0xff, 0x30, 0x0, 0x0, 0x0, 0x0, 0x0,
    0xdf, 0xff, 0x30, 0x0, 0x0, 0x0, 0x0, 0x0,
    0xdf, 0xff, 0x30, 0x0, 0x0, 0x0, 0x0, 0x0,
    0xdf, 0xff, 0x30, 0x0, 0x0, 0x0, 0x0, 0x0,
    0xdf, 0xff, 0x30, 0x0, 0x0, 0x0, 0x0, 0x0,
    0xdf, 0xff, 0x30, 0x0, 0x0, 0x0, 0x0, 0x0,
    0xdf, 0xff, 0x30, 0x0, 0x0, 0x9f, 0xff, 0xf3,
    0xdf, 0xff, 0x30, 0x0, 0x7, 0xff, 0xff, 0x40,
    0xdf, 0xff, 0x30, 0x0, 0x5f, 0xff, 0xf6, 0x0,
    0xdf, 0xff, 0x30, 0x3, 0xff, 0xff, 0x80, 0x0,
    0xdf, 0xff, 0x30, 0x2e, 0xff, 0xfa, 0x0, 0x0,
    0xdf, 0xff, 0x31, 0xdf, 0xff, 0xc0, 0x0, 0x0,
    0xdf, 0xff, 0x4c, 0xff, 0xfd, 0x10, 0x0, 0x0,
    0xdf, 0xff, 0xef, 0xff, 0xf2, 0x0, 0x0, 0x0,
    0xdf, 0xff, 0xff, 0xff, 0xf5, 0x0, 0x0, 0x0,
    0xdf, 0xff, 0xff, 0xff, 0xfe, 0x10, 0x0, 0x0,
    0xdf, 0xff, 0xf9, 0xff, 0xff, 0xb0, 0x0, 0x0,
    0xdf, 0xff, 0x90, 0x6f, 0xff, 0xf6, 0x0, 0x0,
    0xdf, 0xff, 0x30, 0xb, 0xff, 0xff, 0x20, 0x0,
    0xdf, 0xff, 0x30, 0x1, 0xef, 0xff, 0xc0, 0x0,
    0xdf, 0xff, 0x30, 0x0, 0x5f, 0xff, 0xf8, 0x0,
    0xdf, 0xff, 0x30, 0x0, 0xa, 0xff, 0xff, 0x30,
    0xdf, 0xff, 0x30, 0x0, 0x0, 0xef, 0xff, 0xd0,
    0xdf, 0xff, 0x30, 0x0, 0x0, 0x3f, 0xff, 0xfa,
    0x0, 0x0, 0x0, 0x0, 0x0, 0x0, 0x0, 0x0,
    0x0, 0x0, 0x0, 0x0, 0x0, 0x0, 0x0, 0x0,
    0x0, 0x0, 0xb, 0xff, 0xf1, 0x0, 0x0, 0x0,
    0x0, 0x0, 0xe, 0xff, 0xa0, 0x0, 0x0, 0x0,
    0x0, 0x0, 0x2f, 0xff, 0x40, 0x0, 0x0, 0x0,
    0x0, 0x0, 0x6f, 0xfe, 0x0, 0x0, 0x0, 0x0,
    0x0, 0x0, 0xaf, 0xf8, 0x0, 0x0, 0x0, 0x0,
    0x0, 0x0, 0xad, 0xc1, 0x0, 0x0, 0x0, 0x0,

    /* U+0138 "ĸ" */
    0xdf, 0xff, 0x30, 0x0, 0x0, 0x6f, 0xff, 0xf8,
    0xdf, 0xff, 0x30, 0x0, 0x1, 0xef, 0xff, 0xc0,
    0xdf, 0xff, 0x30, 0x0, 0xb, 0xff, 0xfe, 0x10,
    0xdf, 0xff, 0x30, 0x0, 0x5f, 0xff, 0xf5, 0x0,
    0xdf, 0xff, 0x30, 0x1, 0xef, 0xff, 0x90, 0x0,
    0xdf, 0xff, 0x30, 0xb, 0xff, 0xfd, 0x0, 0x0,
    0xdf, 0xff, 0x30, 0x5f, 0xff, 0xf2, 0x0, 0x0,
    0xdf, 0xff, 0x31, 0xef, 0xff, 0x60, 0x0, 0x0,
    0xdf, 0xff, 0xff, 0xff, 0xfb, 0x0, 0x0, 0x0,
    0xdf, 0xff, 0xff, 0xff, 0xf3, 0x0, 0x0, 0x0,
    0xdf, 0xff, 0xff, 0xff, 0xfc, 0x0, 0x0, 0x0,
    0xdf, 0xff, 0x31, 0xef, 0xff, 0x90, 0x0, 0x0,
    0xdf, 0xff, 0x30, 0x4f, 0xff, 0xf6, 0x0, 0x0,
    0xdf, 0xff, 0x30, 0x8, 0xff, 0xff, 0x30, 0x0,
    0xdf, 0xff, 0x30, 0x0, 0xcf, 0xff, 0xe1, 0x0,
    0xdf, 0xff, 0x30, 0x0, 0x2f, 0xff, 0xfb, 0x0,
    0xdf, 0xff, 0x30, 0x0, 0x5, 0xff, 0xff, 0x80,
    0xdf, 0xff, 0x30, 0x0, 0x0, 0x9f, 0xff, 0xf5,

    /* U+0139 "Ĺ" */
    0x0, 0x2d, 0xdd, 0x90, 0x0, 0x0, 0x0, 0x0,
    0x9, 0xff, 0xf2, 0x0, 0x0, 0x0, 0x0, 0x1,
    0xff, 0xf6, 0x0, 0x0, 0x0, 0x0, 0x0, 0x7f,
    0xfc, 0x0, 0x0, 0x0, 0x0, 0x0, 0xe, 0xff,
    0x20, 0x0, 0x0, 0x0, 0x0, 0x0, 0x0, 0x0,
    0x0, 0x0, 0x0, 0x0, 0x0, 0x0, 0x0, 0x0,
    0x0, 0x0, 0x0, 0x0, 0xa, 0xff, 0xf8, 0x0,
    0x0, 0x0, 0x0, 0x0, 0xaf, 0xff, 0x80, 0x0,
    0x0, 0x0, 0x0, 0xa, 0xff, 0xf8, 0x0, 0x0,
    0x0, 0x0, 0x0, 0xaf, 0xff, 0x80, 0x0, 0x0,
    0x0, 0x0, 0xa, 0xff, 0xf8, 0x0, 0x0, 0x0,
    0x0, 0x0, 0xaf, 0xff, 0x80, 0x0, 0x0, 0x0,
    0x0, 0xa, 0xff, 0xf8, 0x0, 0x0, 0x0, 0x0,
    0x0, 0xaf, 0xff, 0x80, 0x0, 0x0, 0x0, 0x0,
    0xa, 0xff, 0xf8, 0x0, 0x0, 0x0, 0x0, 0x0,
    0xaf, 0xff, 0x80, 0x0, 0x0, 0x0, 0x0, 0xa,
    0xff, 0xf8, 0x0, 0x0, 0x0, 0x0, 0x0, 0xaf,
    0xff, 0x80, 0x0, 0x0, 0x0, 0x0, 0xa, 0xff,
    0xf8, 0x0, 0x0, 0x0, 0x0, 0x0, 0xaf, 0xff,
    0x80, 0x0, 0x0, 0x0, 0x0, 0xa, 0xff, 0xf8,
    0x0, 0x0, 0x0, 0x0, 0x0, 0xaf, 0xff, 0x80,
    0x0, 0x0, 0x0, 0x0, 0xa, 0xff, 0xf8, 0x0,
    0x0, 0x0, 0x0, 0x0, 0xaf, 0xff, 0x80, 0x0,
    0x0, 0x0, 0x0, 0xa, 0xff, 0xf8, 0x0, 0x0,
    0x0, 0x0, 0x0, 0xaf, 0xff, 0x80, 0x0, 0x0,
    0x0, 0x0, 0xa, 0xff, 0xfc, 0x99, 0x99, 0x99,
    0x99, 0x97, 0xaf, 0xff, 0xff, 0xff, 0xff, 0xff,
    0xff, 0xca, 0xff, 0xff, 0xff, 0xff, 0xff, 0xff,
    0xfc, 0xaf, 0xff, 0xff, 0xff, 0xff, 0xff, 0xff,
    0xc0,

    /* U+013A "ĺ" */
    0x0, 0x5d, 0xdd, 0x60, 0xc, 0xff, 0xd0, 0x3,
    0xff, 0xf3, 0x0, 0xbf, 0xf9, 0x0, 0x2f, 0xfd,
    0x0, 0x0, 0x0, 0x0, 0x0, 0x0, 0x0, 0x0,
    0xd, 0xff, 0xf3, 0x0, 0xdf, 0xff, 0x30, 0xd,
    0xff, 0xf3, 0x0, 0xdf, 0xff, 0x30, 0xd, 0xff,
    0xf3, 0x0, 0xdf, 0xff, 0x30, 0xd, 0xff, 0xf3,
    0x0, 0xdf, 0xff, 0x30, 0xd, 0xff, 0xf3, 0x0,
    0xdf, 0xff, 0x30, 0xd, 0xff, 0xf3, 0x0, 0xdf,
    0xff, 0x30, 0xd, 0xff, 0xf3, 0x0, 0xdf, 0xff,
    0x30, 0xd, 0xff, 0xf3, 0x0, 0xdf, 0xff, 0x30,
    0xd, 0xff, 0xf3, 0x0, 0xdf, 0xff, 0x30, 0xd,
    0xff, 0xf3, 0x0, 0xdf, 0xff, 0x30, 0xd, 0xff,
    0xf3, 0x0, 0xdf, 0xff, 0x30, 0xd, 0xff, 0xf3,
    0x0, 0xdf, 0xff, 0x30, 0x0,

    /* U+013B "Ļ" */
    0xaf, 0xff, 0x80, 0x0, 0x0, 0x0, 0x0, 0xa,
    0xff, 0xf8, 0x0, 0x0, 0x0, 0x0, 0x0, 0xaf,
    0xff, 0x80, 0x0, 0x0, 0x0, 0x0, 0xa, 0xff,
    0xf8, 0x0, 0x0, 0x0, 0x0, 0x0, 0xaf, 0xff,
    0x80, 0x0, 0x0, 0x0, 0x0, 0xa, 0xff, 0xf8,
    0x0, 0x0, 0x0, 0x0, 0x0, 0xaf, 0xff, 0x80,
    0x0, 0x0, 0x0, 0x0, 0xa, 0xff, 0xf8, 0x0,
    0x0, 0x0, 0x0, 0x0, 0xaf, 0xff, 0x80, 0x0,
    0x0, 0x0, 0x0, 0xa, 0xff, 0xf8, 0x0, 0x0,
    0x0, 0x0, 0x0, 0xaf, 0xff, 0x80, 0x0, 0x0,
    0x0, 0x0, 0xa, 0xff, 0xf8, 0x0, 0x0, 0x0,
    0x0, 0x0, 0xaf, 0xff, 0x80, 0x0, 0x0, 0x0,
    0x0, 0xa, 0xff, 0xf8, 0x0, 0x0, 0x0, 0x0,
    0x0, 0xaf, 0xff, 0x80, 0x0, 0x0, 0x0, 0x0,
    0xa, 0xff, 0xf8, 0x0, 0x0, 0x0, 0x0, 0x0,
    0xaf, 0xff, 0x80, 0x0, 0x0, 0x0, 0x0, 0xa,
    0xff, 0xf8, 0x0, 0x0, 0x0, 0x0, 0x0, 0xaf,
    0xff, 0x80, 0x0, 0x0, 0x0, 0x0, 0xa, 0xff,
    0xf8, 0x0, 0x0, 0x0, 0x0, 0x0, 0xaf, 0xff,
    0xc9, 0x99, 0x99, 0x99, 0x99, 0x7a, 0xff, 0xff,
    0xff, 0xff, 0xff, 0xff, 0xfc, 0xaf, 0xff, 0xff,
    0xff, 0xff, 0xff, 0xff, 0xca, 0xff, 0xff, 0xff,
    0xff, 0xff, 0xff, 0xfc, 0x0, 0x0, 0x0, 0x0,
    0x0, 0x0, 0x0, 0x0, 0x0, 0x0, 0x0, 0x0,
    0x0, 0x0, 0x0, 0x0, 0x0, 0x7, 0xff, 0xf4,
    0x0, 0x0, 0x0, 0x0, 0x0, 0xbf, 0xfe, 0x0,
    0x0, 0x0, 0x0, 0x0, 0xe, 0xff, 0x80, 0x0,
    0x0, 0x0, 0x0, 0x2, 0xff, 0xf1, 0x0, 0x0,
    0x0, 0x0, 0x0, 0x6f, 0xfb, 0x0, 0x0, 0x0,
    0x0, 0x0, 0x8, 0xdd, 0x40, 0x0, 0x0, 0x0,

    /* U+013C "ļ" */
    0x0, 0xdf, 0xff, 0x30, 0xd, 0xff, 0xf3, 0x0,
    0xdf, 0xff, 0x30, 0xd, 0xff, 0xf3, 0x0, 0xdf,
    0xff, 0x30, 0xd, 0xff, 0xf3, 0x0, 0xdf, 0xff,
    0x30, 0xd, 0xff, 0xf3, 0x0, 0xdf, 0xff, 0x30,
    0xd, 0xff, 0xf3, 0x0, 0xdf, 0xff, 0x30, 0xd,
    0xff, 0xf3, 0x0, 0xdf, 0xff, 0x30, 0xd, 0xff,
    0xf3, 0x0, 0xdf, 0xff, 0x30, 0xd, 0xff, 0xf3,
    0x0, 0xdf, 0xff, 0x30, 0xd, 0xff, 0xf3, 0x0,
    0xdf, 0xff, 0x30, 0xd, 0xff, 0xf3, 0x0, 0xdf,
    0xff, 0x30, 0xd, 0xff, 0xf3, 0x0, 0xdf, 0xff,
    0x30, 0xd, 0xff, 0xf3, 0x0, 0x0, 0x0, 0x0,
    0x0, 0x0, 0x0, 0x0, 0xdf, 0xfe, 0x0, 0x1f,
    0xff, 0x80, 0x5, 0xff, 0xf2, 0x0, 0x9f, 0xfb,
    0x0, 0xc, 0xff, 0x50, 0x0, 0xcd, 0xc0, 0x0,

    /* U+013D "Ľ" */
    0x0, 0x0, 0x0, 0x0, 0xdf, 0xf6, 0x0, 0xa,
    0xff, 0xf8, 0x0, 0xd, 0xff, 0x40, 0x0, 0xaf,
    0xff, 0x80, 0x0, 0xdf, 0xf2, 0x0, 0xa, 0xff,
    0xf8, 0x0, 0xd, 0xff, 0x0, 0x0, 0xaf, 0xff,
    0x80, 0x0, 0xdf, 0xe0, 0x0, 0xa, 0xff, 0xf8,
    0x0, 0xd, 0xfb, 0x0, 0x0, 0xaf, 0xff, 0x80,
    0x0, 0x11, 0x0, 0x0, 0xa, 0xff, 0xf8, 0x0,
    0x0, 0x0, 0x0, 0x0, 0xaf, 0xff, 0x80, 0x0,
    0x0, 0x0, 0x0, 0xa, 0xff, 0xf8, 0x0, 0x0,
    0x0, 0x0, 0x0, 0xaf, 0xff, 0x80, 0x0, 0x0,
    0x0, 0x0, 0xa, 0xff, 0xf8, 0x0, 0x0, 0x0,
    0x0, 0x0, 0xaf, 0xff, 0x80, 0x0, 0x0, 0x0,
    0x0, 0xa, 0xff, 0xf8, 0x0, 0x0, 0x0, 0x0,
    0x0, 0xaf, 0xff, 0x80, 0x0, 0x0, 0x0, 0x0,
    0xa, 0xff, 0xf8, 0x0, 0x0, 0x0, 0x0, 0x0,
    0xaf, 0xff, 0x80, 0x0, 0x0, 0x0, 0x0, 0xa,
    0xff, 0xf8, 0x0, 0x0, 0x0, 0x0, 0x0, 0xaf,
    0xff, 0x80, 0x0, 0x0, 0x0, 0x0, 0xa, 0xff,
    0xf8, 0x0, 0x0, 0x0, 0x0, 0x0, 0xaf, 0xff,
    0x80, 0x0, 0x0, 0x0, 0x0, 0xa, 0xff, 0xfc,
    0x99, 0x99, 0x99, 0x99, 0x97, 0xaf, 0xff, 0xff,
    0xff, 0xff, 0xff, 0xff, 0xca, 0xff, 0xff, 0xff,
    0xff, 0xff, 0xff, 0xfc, 0xaf, 0xff, 0xff, 0xff,
    0xff, 0xff, 0xff, 0xc0,

    /* U+013E "ľ" */
    0x0, 0x0, 0x0, 0xbf, 0xf8, 0xdf, 0xff, 0x30,
    0xbf, 0xf6, 0xdf, 0xff, 0x30, 0xbf, 0xf4, 0xdf,
    0xff, 0x30, 0xbf, 0xf2, 0xdf, 0xff, 0x30, 0xbf,
    0xf0, 0xdf, 0xff, 0x30, 0xbf, 0xd0, 0xdf, 0xff,
    0x30, 0x1, 0x10, 0xdf, 0xff, 0x30, 0x0, 0x0,
    0xdf, 0xff, 0x30, 0x0, 0x0, 0xdf, 0xff, 0x30,
    0x0, 0x0, 0xdf, 0xff, 0x30, 0x0, 0x0, 0xdf,
    0xff, 0x30, 0x0, 0x0, 0xdf, 0xff, 0x30, 0x0,
    0x0, 0xdf, 0xff, 0x30, 0x0, 0x0, 0xdf, 0xff,
    0x30, 0x0, 0x0, 0xdf, 0xff, 0x30, 0x0, 0x0,
    0xdf, 0xff, 0x30, 0x0, 0x0, 0xdf, 0xff, 0x30,
    0x0, 0x0, 0xdf, 0xff, 0x30, 0x0, 0x0, 0xdf,
    0xff, 0x30, 0x0, 0x0, 0xdf, 0xff, 0x30, 0x0,
    0x0, 0xdf, 0xff, 0x30, 0x0, 0x0, 0xdf, 0xff,
    0x30, 0x0, 0x0, 0xdf, 0xff, 0x30, 0x0, 0x0,
    0xdf, 0xff, 0x30, 0x0, 0x0,

    /* U+013F "Ŀ" */
    0x9f, 0xff, 0x90, 0x0, 0x0, 0x0, 0x0, 0x9,
    0xff, 0xf9, 0x0, 0x0, 0x0, 0x0, 0x0, 0x9f,
    0xff, 0x90, 0x0, 0x0, 0x0, 0x0, 0x9, 0xff,
    0xf9, 0x0, 0x0, 0x0, 0x0, 0x0, 0x9f, 0xff,
    0x90, 0x0, 0x0, 0x0, 0x0, 0x9, 0xff, 0xf9,
    0x0, 0x0, 0x0, 0x0, 0x0, 0x9f, 0xff, 0x90,
    0x0, 0x0, 0x0, 0x0, 0x9, 0xff, 0xf9, 0x0,
    0x4, 0x74, 0x0, 0x0, 0x9f, 0xff, 0x90, 0x6,
    0xff, 0xf6, 0x0, 0x9, 0xff, 0xf9, 0x0, 0xcf,
    0xff, 0xd0, 0x0, 0x9f, 0xff, 0x90, 0xa, 0xff,
    0xfa, 0x0, 0x9, 0xff, 0xf9, 0x0, 0x1b, 0xfb,
    0x10, 0x0, 0x9f, 0xff, 0x90, 0x0, 0x0, 0x0,
    0x0, 0x9, 0xff, 0xf9, 0x0, 0x0, 0x0, 0x0,
    0x0, 0x9f, 0xff, 0x90, 0x0, 0x0, 0x0, 0x0,
    0x9, 0xff, 0xf9, 0x0, 0x0, 0x0, 0x0, 0x0,
    0x9f, 0xff, 0x90, 0x0, 0x0, 0x0, 0x0, 0x9,
    0xff, 0xf9, 0x0, 0x0, 0x0, 0x0, 0x0, 0x9f,
    0xff, 0x90, 0x0, 0x0, 0x0, 0x0, 0x9, 0xff,
    0xf9, 0x0, 0x0, 0x0, 0x0, 0x0, 0x9f, 0xff,
    0xd9, 0x99, 0x99, 0x99, 0x99, 0x79, 0xff, 0xff,
    0xff, 0xff, 0xff, 0xff, 0xfd, 0x9f, 0xff, 0xff,
    0xff, 0xff, 0xff, 0xff, 0xd9, 0xff, 0xff, 0xff,
    0xff, 0xff, 0xff, 0xfd,

    /* U+0140 "ŀ" */
    0xdf, 0xff, 0x30, 0x0, 0x0, 0x0, 0xdf, 0xff,
    0x30, 0x0, 0x0, 0x0, 0xdf, 0xff, 0x30, 0x0,
    0x0, 0x0, 0xdf, 0xff, 0x30, 0x0, 0x0, 0x0,
    0xdf, 0xff, 0x30, 0x0, 0x0, 0x0, 0xdf, 0xff,
    0x30, 0x0, 0x0, 0x0, 0xdf, 0xff, 0x30, 0x0,
    0x0, 0x0, 0xdf, 0xff, 0x30, 0x0, 0x0, 0x0,
    0xdf, 0xff, 0x30, 0x0, 0x0, 0x0, 0xdf, 0xff,
    0x30, 0x0, 0x0, 0x0, 0xdf, 0xff, 0x30, 0xb,
    0xfe, 0x40, 0xdf, 0xff, 0x30, 0x8f, 0xff, 0xf0,
    0xdf, 0xff, 0x30, 0xbf, 0xff, 0xf2, 0xdf, 0xff,
    0x30, 0x8f, 0xff, 0xe0, 0xdf, 0xff, 0x30, 0xa,
    0xfd, 0x30, 0xdf, 0xff, 0x30, 0x0, 0x0, 0x0,
    0xdf, 0xff, 0x30, 0x0, 0x0, 0x0, 0xdf, 0xff,
    0x30, 0x0, 0x0, 0x0, 0xdf, 0xff, 0x30, 0x0,
    0x0, 0x0, 0xdf, 0xff, 0x30, 0x0, 0x0, 0x0,
    0xdf, 0xff, 0x30, 0x0, 0x0, 0x0, 0xdf, 0xff,
    0x30, 0x0, 0x0, 0x0, 0xdf, 0xff, 0x30, 0x0,
    0x0, 0x0, 0xdf, 0xff, 0x30, 0x0, 0x0, 0x0,

    /* U+0141 "Ł" */
    0x0, 0x8, 0xff, 0xfa, 0x0, 0x0, 0x0, 0x0,
    0x0, 0x0, 0x8, 0xff, 0xfa, 0x0, 0x0, 0x0,
    0x0, 0x0, 0x0, 0x8, 0xff, 0xfa, 0x0, 0x0,
    0x0, 0x0, 0x0, 0x0, 0x8, 0xff, 0xfa, 0x0,
    0x0, 0x0, 0x0, 0x0, 0x0, 0x8, 0xff, 0xfa,
    0x0, 0x0, 0x0, 0x0, 0x0, 0x0, 0x8, 0xff,
    0xfa, 0x0, 0x0, 0x31, 0x0, 0x0, 0x0, 0x8,
    0xff, 0xfa, 0x0, 0x19, 0xf3, 0x0, 0x0, 0x0,
    0x8, 0xff, 0xfa, 0x6, 0xef, 0xf3, 0x0, 0x0,
    0x0, 0x8, 0xff, 0xfe, 0xcf, 0xff, 0xf3, 0x0,
    0x0, 0x0, 0x8, 0xff, 0xff, 0xff, 0xff, 0xa1,
    0x0, 0x0, 0x0, 0x8, 0xff, 0xff, 0xff, 0xd4,
    0x0, 0x0, 0x0, 0x0, 0x3f, 0xff, 0xff, 0xf7,
    0x0, 0x0, 0x0, 0x0, 0x1a, 0xff, 0xff, 0xff,
    0x10, 0x0, 0x0, 0x0, 0x0, 0x8f, 0xff, 0xff,
    0xfa, 0x0, 0x0, 0x0, 0x0, 0x0, 0x8f, 0xff,
    0xff, 0xfa, 0x0, 0x0, 0x0, 0x0, 0x0, 0x8f,
    0xa9, 0xff, 0xfa, 0x0, 0x0, 0x0, 0x0, 0x0,
    0x53, 0x8, 0xff, 0xfa, 0x0, 0x0, 0x0, 0x0,
    0x0, 0x0, 0x8, 0xff, 0xfa, 0x0, 0x0, 0x0,
    0x0, 0x0, 0x0, 0x8, 0xff, 0xfa, 0x0, 0x0,
    0x0, 0x0, 0x0, 0x0, 0x8, 0xff, 0xfa, 0x0,
    0x0, 0x0, 0x0, 0x0, 0x0, 0x8, 0xff, 0xfd,
    0x99, 0x99, 0x99, 0x99, 0x98, 0x0, 0x8, 0xff,
    0xff, 0xff, 0xff, 0xff, 0xff, 0xff, 0x0, 0x8,
    0xff, 0xff, 0xff, 0xff, 0xff, 0xff, 0xff, 0x0,
    0x8, 0xff, 0xff, 0xff, 0xff, 0xff, 0xff, 0xff,

    /* U+0142 "ł" */
    0x0, 0xd, 0xff, 0xf3, 0x0, 0x0, 0xd, 0xff,
    0xf3, 0x0, 0x0, 0xd, 0xff, 0xf3, 0x0, 0x0,
    0xd, 0xff, 0xf3, 0x0, 0x0, 0xd, 0xff, 0xf3,
    0x0, 0x0, 0xd, 0xff, 0xf3, 0x0, 0x0, 0xd,
    0xff, 0xf4, 0x88, 0x0, 0xd, 0xff, 0xff, 0xf9,
    0x0, 0xd, 0xff, 0xff, 0xf9, 0x0, 0xf, 0xff,
    0xff, 0xc3, 0x5, 0xef, 0xff, 0xfa, 0x0, 0x3f,
    0xff, 0xff, 0xf3, 0x0, 0x4f, 0xff, 0xff, 0xf3,
    0x0, 0x4e, 0x6d, 0xff, 0xf3, 0x0, 0x11, 0xd,
    0xff, 0xf3, 0x0, 0x0, 0xd, 0xff, 0xf3, 0x0,
    0x0, 0xd, 0xff, 0xf3, 0x0, 0x0, 0xd, 0xff,
    0xf3, 0x0, 0x0, 0xd, 0xff, 0xf3, 0x0, 0x0,
    0xd, 0xff, 0xf3, 0x0, 0x0, 0xd, 0xff, 0xf3,
    0x0, 0x0, 0xd, 0xff, 0xf3, 0x0, 0x0, 0xd,
    0xff, 0xf3, 0x0, 0x0, 0xd, 0xff, 0xf3, 0x0,

    /* U+0143 "Ń" */
    0x0, 0x0, 0x0, 0x0, 0x0, 0x5d, 0xdd, 0x60,
    0x0, 0x0, 0x0, 0x0, 0x0, 0x0, 0x0, 0xdf,
    0xfd, 0x0, 0x0, 0x0, 0x0, 0x0, 0x0, 0x0,
    0x4, 0xff, 0xf3, 0x0, 0x0, 0x0, 0x0, 0x0,
    0x0, 0x0, 0xb, 0xff, 0x80, 0x0, 0x0, 0x0,
    0x0, 0x0, 0x0, 0x0, 0x2f, 0xfd, 0x0, 0x0,
    0x0, 0x0, 0x0, 0x0, 0x0, 0x0, 0x0, 0x0,
    0x0, 0x0, 0x0, 0x0, 0x0, 0x0, 0x0, 0x0,
    0x0, 0x0, 0x0, 0x0, 0x0, 0x0, 0xaf, 0xff,
    0xf5, 0x0, 0x0, 0x0, 0x0, 0x4, 0xff, 0xff,
    0xaf, 0xff, 0xfe, 0x10, 0x0, 0x0, 0x0, 0x4,
    0xff, 0xff, 0xaf, 0xff, 0xff, 0x90, 0x0, 0x0,
    0x0, 0x4, 0xff, 0xff, 0xaf, 0xff, 0xff, 0xf3,
    0x0, 0x0, 0x0, 0x4, 0xff, 0xff, 0xaf, 0xff,
    0xff, 0xfc, 0x0, 0x0, 0x0, 0x4, 0xff, 0xff,
    0xaf, 0xff, 0xdf, 0xff, 0x60, 0x0, 0x0, 0x4,
    0xff, 0xff, 0xaf, 0xff, 0x7f, 0xff, 0xe1, 0x0,
    0x0, 0x4, 0xff, 0xff, 0xaf, 0xff, 0x69, 0xff,
    0xfa, 0x0, 0x0, 0x4, 0xff, 0xff, 0xaf, 0xff,
    0x71, 0xff, 0xff, 0x30, 0x0, 0x4, 0xff, 0xff,
    0xaf, 0xff, 0x80, 0x8f, 0xff, 0xd0, 0x0, 0x4,
    0xff, 0xff, 0xaf, 0xff, 0x80, 0x1e, 0xff, 0xf7,
    0x0, 0x4, 0xff, 0xff, 0xaf, 0xff, 0x90, 0x6,
    0xff, 0xff, 0x10, 0x4, 0xff, 0xff, 0xaf, 0xff,
    0x90, 0x0, 0xcf, 0xff, 0xa0, 0x4, 0xff, 0xff,
    0xaf, 0xff, 0x90, 0x0, 0x3f, 0xff, 0xf4, 0x4,
    0xff, 0xff, 0xaf, 0xff, 0x90, 0x0, 0x9, 0xff,
    0xfd, 0x3, 0xff, 0xff, 0xaf, 0xff, 0x90, 0x0,
    0x0, 0xef, 0xff, 0x63, 0xff, 0xff, 0xaf, 0xff,
    0x90, 0x0, 0x0, 0x5f, 0xff, 0xe2, 0xff, 0xff,
    0xaf, 0xff, 0x90, 0x0, 0x0, 0xb, 0xff, 0xf7,
    0xff, 0xff, 0xaf, 0xff, 0x90, 0x0, 0x0, 0x2,
    0xff, 0xfd, 0xff, 0xff, 0xaf, 0xff, 0x90, 0x0,
    0x0, 0x0, 0x8f, 0xff, 0xff, 0xff, 0xaf, 0xff,
    0x90, 0x0, 0x0, 0x0, 0xe, 0xff, 0xff, 0xff,
    0xaf, 0xff, 0x90, 0x0, 0x0, 0x0, 0x4, 0xff,
    0xff, 0xff, 0xaf, 0xff, 0x90, 0x0, 0x0, 0x0,
    0x0, 0xbf, 0xff, 0xff, 0xaf, 0xff, 0x90, 0x0,
    0x0, 0x0, 0x0, 0x2f, 0xff, 0xff,

    /* U+0144 "ń" */
    0x0, 0x0, 0x0, 0x0, 0xae, 0xed, 0x10, 0x0,
    0x0, 0x0, 0x0, 0x3, 0xff, 0xf7, 0x0, 0x0,
    0x0, 0x0, 0x0, 0xa, 0xff, 0xc0, 0x0, 0x0,
    0x0, 0x0, 0x0, 0x1f, 0xff, 0x30, 0x0, 0x0,
    0x0, 0x0, 0x0, 0x8f, 0xf8, 0x0, 0x0, 0x0,
    0x0, 0x0, 0x0, 0x0, 0x0, 0x0, 0x0, 0x0,
    0x0, 0x0, 0x0, 0x0, 0x0, 0x0, 0x0, 0x0,
    0xdf, 0xff, 0x0, 0x3a, 0xef, 0xea, 0x30, 0x0,
    0xdf, 0xff, 0x7, 0xff, 0xff, 0xff, 0xf7, 0x0,
    0xdf, 0xff, 0x5f, 0xff, 0xff, 0xff, 0xff, 0x50,
    0xdf, 0xff, 0xef, 0x95, 0x5a, 0xff, 0xff, 0xd0,
    0xdf, 0xff, 0xf3, 0x0, 0x0, 0x7f, 0xff, 0xf2,
    0xdf, 0xff, 0x90, 0x0, 0x0, 0xe, 0xff, 0xf5,
    0xdf, 0xff, 0x40, 0x0, 0x0, 0xb, 0xff, 0xf6,
    0xdf, 0xff, 0x30, 0x0, 0x0, 0xa, 0xff, 0xf6,
    0xdf, 0xff, 0x30, 0x0, 0x0, 0xa, 0xff, 0xf6,
    0xdf, 0xff, 0x30, 0x0, 0x0, 0xa, 0xff, 0xf6,
    0xdf, 0xff, 0x30, 0x0, 0x0, 0xa, 0xff, 0xf6,
    0xdf, 0xff, 0x30, 0x0, 0x0, 0xa, 0xff, 0xf6,
    0xdf, 0xff, 0x30, 0x0, 0x0, 0xa, 0xff, 0xf6,
    0xdf, 0xff, 0x30, 0x0, 0x0, 0xa, 0xff, 0xf6,
    0xdf, 0xff, 0x30, 0x0, 0x0, 0xa, 0xff, 0xf6,
    0xdf, 0xff, 0x30, 0x0, 0x0, 0xa, 0xff, 0xf6,
    0xdf, 0xff, 0x30, 0x0, 0x0, 0xa, 0xff, 0xf6,
    0xdf, 0xff, 0x30, 0x0, 0x0, 0xa, 0xff, 0xf6,

    /* U+0145 "Ņ" */
    0xaf, 0xff, 0xf5, 0x0, 0x0, 0x0, 0x0, 0x4,
    0xff, 0xff, 0xaf, 0xff, 0xfe, 0x10, 0x0, 0x0,
    0x0, 0x4, 0xff, 0xff, 0xaf, 0xff, 0xff, 0x90,
    0x0, 0x0, 0x0, 0x4, 0xff, 0xff, 0xaf, 0xff,
    0xff, 0xf3, 0x0, 0x0, 0x0, 0x4, 0xff, 0xff,
    0xaf, 0xff, 0xff, 0xfc, 0x0, 0x0, 0x0, 0x4,
    0xff, 0xff, 0xaf, 0xff, 0xdf, 0xff, 0x60, 0x0,
    0x0, 0x4, 0xff, 0xff, 0xaf, 0xff, 0x7f, 0xff,
    0xe1, 0x0, 0x0, 0x4, 0xff, 0xff, 0xaf, 0xff,
    0x69, 0xff, 0xfa, 0x0, 0x0, 0x4, 0xff, 0xff,
    0xaf, 0xff, 0x71, 0xff, 0xff, 0x30, 0x0, 0x4,
    0xff, 0xff, 0xaf, 0xff, 0x80, 0x8f, 0xff, 0xd0,
    0x0, 0x4, 0xff, 0xff, 0xaf, 0xff, 0x80, 0x1e,
    0xff, 0xf7, 0x0, 0x4, 0xff, 0xff, 0xaf, 0xff,
    0x90, 0x6, 0xff, 0xff, 0x10, 0x4, 0xff, 0xff,
    0xaf, 0xff, 0x90, 0x0, 0xcf, 0xff, 0xa0, 0x4,
    0xff, 0xff, 0xaf, 0xff, 0x90, 0x0, 0x3f, 0xff,
    0xf4, 0x4, 0xff, 0xff, 0xaf, 0xff, 0x90, 0x0,
    0x9, 0xff, 0xfd, 0x3, 0xff, 0xff, 0xaf, 0xff,
    0x90, 0x0, 0x0, 0xef, 0xff, 0x63, 0xff, 0xff,
    0xaf, 0xff, 0x90, 0x0, 0x0, 0x5f, 0xff, 0xe2,
    0xff, 0xff, 0xaf, 0xff, 0x90, 0x0, 0x0, 0xb,
    0xff, 0xf7, 0xff, 0xff, 0xaf, 0xff, 0x90, 0x0,
    0x0, 0x2, 0xff, 0xfd, 0xff, 0xff, 0xaf, 0xff,
    0x90, 0x0, 0x0, 0x0, 0x8f, 0xff, 0xff, 0xff,
    0xaf, 0xff, 0x90, 0x0, 0x0, 0x0, 0xe, 0xff,
    0xff, 0xff, 0xaf, 0xff, 0x90, 0x0, 0x0, 0x0,
    0x4, 0xff, 0xff, 0xff, 0xaf, 0xff, 0x90, 0x0,
    0x0, 0x0, 0x0, 0xbf, 0xff, 0xff, 0xaf, 0xff,
    0x90, 0x0, 0x0, 0x0, 0x0, 0x2f, 0xff, 0xff,
    0x0, 0x0, 0x0, 0x0, 0x0, 0x0, 0x0, 0x0,
    0x0, 0x0, 0x0, 0x0, 0x0, 0x0, 0x0, 0x0,
    0x0, 0x0, 0x0, 0x0, 0x0, 0x0, 0x0, 0x0,
    0xef, 0xfe, 0x0, 0x0, 0x0, 0x0, 0x0, 0x0,
    0x0, 0x1, 0xff, 0xf7, 0x0, 0x0, 0x0, 0x0,
    0x0, 0x0, 0x0, 0x5, 0xff, 0xf1, 0x0, 0x0,
    0x0, 0x0, 0x0, 0x0, 0x0, 0x9, 0xff, 0xb0,
    0x0, 0x0, 0x0, 0x0, 0x0, 0x0, 0x0, 0xd,
    0xff, 0x50, 0x0, 0x0, 0x0, 0x0, 0x0, 0x0,
    0x0, 0xc, 0xdc, 0x0, 0x0, 0x0, 0x0, 0x0,

    /* U+0146 "ņ" */
    0xdf, 0xff, 0x0, 0x3a, 0xef, 0xea, 0x30, 0x0,
    0xdf, 0xff, 0x7, 0xff, 0xff, 0xff, 0xf7, 0x0,
    0xdf, 0xff, 0x5f, 0xff, 0xff, 0xff, 0xff, 0x50,
    0xdf, 0xff, 0xef, 0x95, 0x5a, 0xff, 0xff, 0xd0,
    0xdf, 0xff, 0xf3, 0x0, 0x0, 0x7f, 0xff, 0xf2,
    0xdf, 0xff, 0x90, 0x0, 0x0, 0xe, 0xff, 0xf5,
    0xdf, 0xff, 0x40, 0x0, 0x0, 0xb, 0xff, 0xf6,
    0xdf, 0xff, 0x30, 0x0, 0x0, 0xa, 0xff, 0xf6,
    0xdf, 0xff, 0x30, 0x0, 0x0, 0xa, 0xff, 0xf6,
    0xdf, 0xff, 0x30, 0x0, 0x0, 0xa, 0xff, 0xf6,
    0xdf, 0xff, 0x30, 0x0, 0x0, 0xa, 0xff, 0xf6,
    0xdf, 0xff, 0x30, 0x0, 0x0, 0xa, 0xff, 0xf6,
    0xdf, 0xff, 0x30, 0x0, 0x0, 0xa, 0xff, 0xf6,
    0xdf, 0xff, 0x30, 0x0, 0x0, 0xa, 0xff, 0xf6,
    0xdf, 0xff, 0x30, 0x0, 0x0, 0xa, 0xff, 0xf6,
    0xdf, 0xff, 0x30, 0x0, 0x0, 0xa, 0xff, 0xf6,
    0xdf, 0xff, 0x30, 0x0, 0x0, 0xa, 0xff, 0xf6,
    0xdf, 0xff, 0x30, 0x0, 0x0, 0xa, 0xff, 0xf6,
    0x0, 0x0, 0x0, 0x0, 0x0, 0x0, 0x0, 0x0,
    0x0, 0x0, 0x0, 0x0, 0x0, 0x0, 0x0, 0x0,
    0x0, 0x0, 0x4, 0xff, 0xf8, 0x0, 0x0, 0x0,
    0x0, 0x0, 0x7, 0xff, 0xf2, 0x0, 0x0, 0x0,
    0x0, 0x0, 0xb, 0xff, 0xb0, 0x0, 0x0, 0x0,
    0x0, 0x0, 0xf, 0xff, 0x50, 0x0, 0x0, 0x0,
    0x0, 0x0, 0x3f, 0xfe, 0x0, 0x0, 0x0, 0x0,
    0x0, 0x0, 0x5d, 0xd7, 0x0, 0x0, 0x0, 0x0,

    /* U+0147 "Ň" */
    0x0, 0x0, 0x4f, 0xff, 0x40, 0x1, 0xef, 0xfb,
    0x0, 0x0, 0x0, 0x0, 0x7, 0xff, 0xe2, 0xc,
    0xff, 0xc0, 0x0, 0x0, 0x0, 0x0, 0x0, 0x9f,
    0xfc, 0x8f, 0xfe, 0x10, 0x0, 0x0, 0x0, 0x0,
    0x0, 0xb, 0xff, 0xff, 0xe2, 0x0, 0x0, 0x0,
    0x0, 0x0, 0x0, 0x1, 0xdf, 0xff, 0x40, 0x0,
    0x0, 0x0, 0x0, 0x0, 0x0, 0x0, 0x0, 0x0,
    0x0, 0x0, 0x0, 0x0, 0x0, 0x0, 0x0, 0x0,
    0x0, 0x0, 0x0, 0x0, 0x0, 0x0, 0xaf, 0xff,
    0xf5, 0x0, 0x0, 0x0, 0x0, 0x4, 0xff, 0xff,
    0xaf, 0xff, 0xfe, 0x10, 0x0, 0x0, 0x0, 0x4,
    0xff, 0xff, 0xaf, 0xff, 0xff, 0x90, 0x0, 0x0,
    0x0, 0x4, 0xff, 0xff, 0xaf, 0xff, 0xff, 0xf3,
    0x0, 0x0, 0x0, 0x4, 0xff, 0xff, 0xaf, 0xff,
    0xff, 0xfc, 0x0, 0x0, 0x0, 0x4, 0xff, 0xff,
    0xaf, 0xff, 0xdf, 0xff, 0x60, 0x0, 0x0, 0x4,
    0xff, 0xff, 0xaf, 0xff, 0x7f, 0xff, 0xe1, 0x0,
    0x0, 0x4, 0xff, 0xff, 0xaf, 0xff, 0x69, 0xff,
    0xfa, 0x0, 0x0, 0x4, 0xff, 0xff, 0xaf, 0xff,
    0x71, 0xff, 0xff, 0x30, 0x0, 0x4, 0xff, 0xff,
    0xaf, 0xff, 0x80, 0x8f, 0xff, 0xd0, 0x0, 0x4,
    0xff, 0xff, 0xaf, 0xff, 0x80, 0x1e, 0xff, 0xf7,
    0x0, 0x4, 0xff, 0xff, 0xaf, 0xff, 0x90, 0x6,
    0xff, 0xff, 0x10, 0x4, 0xff, 0xff, 0xaf, 0xff,
    0x90, 0x0, 0xcf, 0xff, 0xa0, 0x4, 0xff, 0xff,
    0xaf, 0xff, 0x90, 0x0, 0x3f, 0xff, 0xf4, 0x4,
    0xff, 0xff, 0xaf, 0xff, 0x90, 0x0, 0x9, 0xff,
    0xfd, 0x3, 0xff, 0xff, 0xaf, 0xff, 0x90, 0x0,
    0x0, 0xef, 0xff, 0x63, 0xff, 0xff, 0xaf, 0xff,
    0x90, 0x0, 0x0, 0x5f, 0xff, 0xe2, 0xff, 0xff,
    0xaf, 0xff, 0x90, 0x0, 0x0, 0xb, 0xff, 0xf7,
    0xff, 0xff, 0xaf, 0xff, 0x90, 0x0, 0x0, 0x2,
    0xff, 0xfd, 0xff, 0xff, 0xaf, 0xff, 0x90, 0x0,
    0x0, 0x0, 0x8f, 0xff, 0xff, 0xff, 0xaf, 0xff,
    0x90, 0x0, 0x0, 0x0, 0xe, 0xff, 0xff, 0xff,
    0xaf, 0xff, 0x90, 0x0, 0x0, 0x0, 0x4, 0xff,
    0xff, 0xff, 0xaf, 0xff, 0x90, 0x0, 0x0, 0x0,
    0x0, 0xbf, 0xff, 0xff, 0xaf, 0xff, 0x90, 0x0,
    0x0, 0x0, 0x0, 0x2f, 0xff, 0xff,

    /* U+0148 "ň" */
    0x0, 0xaf, 0xfd, 0x10, 0x6, 0xff, 0xf5, 0x0,
    0x0, 0xc, 0xff, 0xb0, 0x2f, 0xff, 0x70, 0x0,
    0x0, 0x1, 0xef, 0xf8, 0xdf, 0xf9, 0x0, 0x0,
    0x0, 0x0, 0x2f, 0xff, 0xff, 0xb0, 0x0, 0x0,
    0x0, 0x0, 0x4, 0xff, 0xfc, 0x0, 0x0, 0x0,
    0x0, 0x0, 0x0, 0x0, 0x0, 0x0, 0x0, 0x0,
    0x0, 0x0, 0x0, 0x0, 0x0, 0x0, 0x0, 0x0,
    0xdf, 0xff, 0x0, 0x3a, 0xef, 0xea, 0x30, 0x0,
    0xdf, 0xff, 0x7, 0xff, 0xff, 0xff, 0xf7, 0x0,
    0xdf, 0xff, 0x5f, 0xff, 0xff, 0xff, 0xff, 0x50,
    0xdf, 0xff, 0xef, 0x95, 0x5a, 0xff, 0xff, 0xd0,
    0xdf, 0xff, 0xf3, 0x0, 0x0, 0x7f, 0xff, 0xf2,
    0xdf, 0xff, 0x90, 0x0, 0x0, 0xe, 0xff, 0xf5,
    0xdf, 0xff, 0x40, 0x0, 0x0, 0xb, 0xff, 0xf6,
    0xdf, 0xff, 0x30, 0x0, 0x0, 0xa, 0xff, 0xf6,
    0xdf, 0xff, 0x30, 0x0, 0x0, 0xa, 0xff, 0xf6,
    0xdf, 0xff, 0x30, 0x0, 0x0, 0xa, 0xff, 0xf6,
    0xdf, 0xff, 0x30, 0x0, 0x0, 0xa, 0xff, 0xf6,
    0xdf, 0xff, 0x30, 0x0, 0x0, 0xa, 0xff, 0xf6,
    0xdf, 0xff, 0x30, 0x0, 0x0, 0xa, 0xff, 0xf6,
    0xdf, 0xff, 0x30, 0x0, 0x0, 0xa, 0xff, 0xf6,
    0xdf, 0xff, 0x30, 0x0, 0x0, 0xa, 0xff, 0xf6,
    0xdf, 0xff, 0x30, 0x0, 0x0, 0xa, 0xff, 0xf6,
    0xdf, 0xff, 0x30, 0x0, 0x0, 0xa, 0xff, 0xf6,
    0xdf, 0xff, 0x30, 0x0, 0x0, 0xa, 0xff, 0xf6,

    /* U+014A "Ŋ" */
    0xaf, 0xff, 0xf5, 0x0, 0x0, 0x0, 0x0, 0x4,
    0xff, 0xff, 0xa, 0xff, 0xff, 0xe1, 0x0, 0x0,
    0x0, 0x0, 0x4f, 0xff, 0xf0, 0xaf, 0xff, 0xff,
    0x90, 0x0, 0x0, 0x0, 0x4, 0xff, 0xff, 0xa,
    0xff, 0xff, 0xff, 0x30, 0x0, 0x0, 0x0, 0x4f,
    0xff, 0xf0, 0xaf, 0xff, 0xff, 0xfc, 0x0, 0x0,
    0x0, 0x4, 0xff, 0xff, 0xa, 0xff, 0xfd, 0xff,
    0xf6, 0x0, 0x0, 0x0, 0x4f, 0xff, 0xf0, 0xaf,
    0xff, 0x7f, 0xff, 0xe1, 0x0, 0x0, 0x4, 0xff,
    0xff, 0xa, 0xff, 0xf6, 0x9f, 0xff, 0xa0, 0x0,
    0x0, 0x4f, 0xff, 0xf0, 0xaf, 0xff, 0x71, 0xff,
    0xff, 0x30, 0x0, 0x4, 0xff, 0xff, 0xa, 0xff,
    0xf8, 0x8, 0xff, 0xfd, 0x0, 0x0, 0x4f, 0xff,
    0xf0, 0xaf, 0xff, 0x80, 0x1e, 0xff, 0xf7, 0x0,
    0x4, 0xff, 0xff, 0xa, 0xff, 0xf9, 0x0, 0x6f,
    0xff, 0xf1, 0x0, 0x4f, 0xff, 0xf0, 0xaf, 0xff,
    0x90, 0x0, 0xcf, 0xff, 0xa0, 0x4, 0xff, 0xff,
    0xa, 0xff, 0xf9, 0x0, 0x3, 0xff, 0xff, 0x40,
    0x4f, 0xff, 0xf0, 0xaf, 0xff, 0x90, 0x0, 0x9,
    0xff, 0xfd, 0x3, 0xff, 0xff, 0xa, 0xff, 0xf9,
    0x0, 0x0, 0xe, 0xff, 0xf6, 0x3f, 0xff, 0xf0,
    0xaf, 0xff, 0x90, 0x0, 0x0, 0x5f, 0xff, 0xe2,
    0xff, 0xff, 0xa, 0xff, 0xf9, 0x0, 0x0, 0x0,
    0xbf, 0xff, 0x7f, 0xff, 0xf0, 0xaf, 0xff, 0x90,
    0x0, 0x0, 0x2, 0xff, 0xfd, 0xff, 0xff, 0xa,
    0xff, 0xf9, 0x0, 0x0, 0x0, 0x8, 0xff, 0xff,
    0xff, 0xf0, 0xaf, 0xff, 0x90, 0x0, 0x0, 0x0,
    0xe, 0xff, 0xff, 0xff, 0xa, 0xff, 0xf9, 0x0,
    0x0, 0x0, 0x0, 0x4f, 0xff, 0xff, 0xf0, 0xaf,
    0xff, 0x90, 0x0, 0x0, 0x0, 0x0, 0xbf, 0xff,
    0xff, 0x1a, 0xff, 0xf9, 0x0, 0x0, 0x0, 0x0,
    0x2, 0xff, 0xff, 0xf1, 0x0, 0x0, 0x0, 0x0,
    0x0, 0x0, 0x0, 0x1, 0xff, 0xff, 0x10, 0x0,
    0x0, 0x0, 0x0, 0x0, 0x0, 0x0, 0x1f, 0xff,
    0xf1, 0x0, 0x0, 0x0, 0x0, 0x0, 0x0, 0x0,
    0x3, 0xff, 0xff, 0x0, 0x0, 0x0, 0x0, 0x0,
    0x0, 0x3, 0x78, 0xdf, 0xff, 0xe0, 0x0, 0x0,
    0x0, 0x0, 0x0, 0x0, 0x6f, 0xff, 0xff, 0xf9,
    0x0, 0x0, 0x0, 0x0, 0x0, 0x0, 0x6, 0xff,
    0xff, 0xfe, 0x10, 0x0, 0x0, 0x0, 0x0, 0x0,
    0x0, 0x5e, 0xff, 0xd8, 0x10, 0x0,

    /* U+014B "ŋ" */
    0xdf, 0xff, 0x0, 0x3a, 0xef, 0xea, 0x30, 0x0,
    0xdf, 0xff, 0x7, 0xff, 0xff, 0xff, 0xf7, 0x0,
    0xdf, 0xff, 0x5f, 0xff, 0xff, 0xff, 0xff, 0x50,
    0xdf, 0xff, 0xef, 0x95, 0x5a, 0xff, 0xff, 0xd0,
    0xdf, 0xff, 0xf3, 0x0, 0x0, 0x7f, 0xff, 0xf2,
    0xdf, 0xff, 0x90, 0x0, 0x0, 0xe, 0xff, 0xf5,
    0xdf, 0xff, 0x40, 0x0, 0x0, 0xb, 0xff, 0xf6,
    0xdf, 0xff, 0x30, 0x0, 0x0, 0xa, 0xff, 0xf6,
    0xdf, 0xff, 0x30, 0x0, 0x0, 0xa, 0xff, 0xf6,
    0xdf, 0xff, 0x30, 0x0, 0x0, 0xa, 0xff, 0xf6,
    0xdf, 0xff, 0x30, 0x0, 0x0, 0xa, 0xff, 0xf6,
    0xdf, 0xff, 0x30, 0x0, 0x0, 0xa, 0xff, 0xf6,
    0xdf, 0xff, 0x30, 0x0, 0x0, 0xa, 0xff, 0xf6,
    0xdf, 0xff, 0x30, 0x0, 0x0, 0xa, 0xff, 0xf6,
    0xdf, 0xff, 0x30, 0x0, 0x0, 0xa, 0xff, 0xf6,
    0xdf, 0xff, 0x30, 0x0, 0x0, 0xa, 0xff, 0xf6,
    0xdf, 0xff, 0x30, 0x0, 0x0, 0xa, 0xff, 0xf6,
    0xdf, 0xff, 0x30, 0x0, 0x0, 0xa, 0xff, 0xf6,
    0x0, 0x0, 0x0, 0x0, 0x0, 0xa, 0xff, 0xf6,
    0x0, 0x0, 0x0, 0x0, 0x0, 0xa, 0xff, 0xf7,
    0x0, 0x0, 0x0, 0x0, 0x0, 0xb, 0xff, 0xf6,
    0x0, 0x0, 0x0, 0x0, 0x77, 0xaf, 0xff, 0xf4,
    0x0, 0x0, 0x0, 0x0, 0xff, 0xff, 0xff, 0xf0,
    0x0, 0x0, 0x0, 0x0, 0xff, 0xff, 0xff, 0x60,
    0x0, 0x0, 0x0, 0x0, 0xdf, 0xfe, 0xa3, 0x0,

    /* U+014C "Ō" */
    0x0, 0x0, 0x0, 0x2f, 0xff, 0xff, 0xff, 0xfc,
    0x0, 0x0, 0x0, 0x0, 0x0, 0x0, 0x2f, 0xff,
    0xff, 0xff, 0xfc, 0x0, 0x0, 0x0, 0x0, 0x0,
    0x0, 0x1c, 0xcc, 0xcc, 0xcc, 0xc9, 0x0, 0x0,
    0x0, 0x0, 0x0, 0x0, 0x0, 0x0, 0x0, 0x0,
    0x0, 0x0, 0x0, 0x0, 0x0, 0x0, 0x0, 0x0,
    0x0, 0x0, 0x0, 0x0, 0x0, 0x0, 0x0, 0x0,
    0x0, 0x0, 0x0, 0x0, 0x0, 0x0, 0x0, 0x0,
    0x0, 0x0, 0x0, 0x0, 0x0, 0x5, 0xad, 0xff,
    0xec, 0x82, 0x0, 0x0, 0x0, 0x0, 0x0, 0x5,
    0xef, 0xff, 0xff, 0xff, 0xff, 0xb1, 0x0, 0x0,
    0x0, 0x0, 0x9f, 0xff, 0xff, 0xff, 0xff, 0xff,
    0xfe, 0x40, 0x0, 0x0, 0x9, 0xff, 0xff, 0xff,
    0xed, 0xff, 0xff, 0xff, 0xf3, 0x0, 0x0, 0x5f,
    0xff, 0xff, 0x71, 0x0, 0x3, 0xbf, 0xff, 0xfe,
    0x0, 0x0, 0xef, 0xff, 0xe2, 0x0, 0x0, 0x0,
    0x7, 0xff, 0xff, 0x80, 0x6, 0xff, 0xff, 0x30,
    0x0, 0x0, 0x0, 0x0, 0xaf, 0xff, 0xe0, 0xc,
    0xff, 0xfa, 0x0, 0x0, 0x0, 0x0, 0x0, 0x1f,
    0xff, 0xf5, 0xf, 0xff, 0xf4, 0x0, 0x0, 0x0,
    0x0, 0x0, 0xb, 0xff, 0xf9, 0x3f, 0xff, 0xf0,
    0x0, 0x0, 0x0, 0x0, 0x0, 0x7, 0xff, 0xfc,
    0x5f, 0xff, 0xe0, 0x0, 0x0, 0x0, 0x0, 0x0,
    0x4, 0xff, 0xfe, 0x5f, 0xff, 0xd0, 0x0, 0x0,
    0x0, 0x0, 0x0, 0x4, 0xff, 0xff, 0x5f, 0xff,
    0xd0, 0x0, 0x0, 0x0, 0x0, 0x0, 0x3, 0xff,
    0xff, 0x5f, 0xff, 0xe0, 0x0, 0x0, 0x0, 0x0,
    0x0, 0x4, 0xff, 0xfe, 0x3f, 0xff, 0xf0, 0x0,
    0x0, 0x0, 0x0, 0x0, 0x7, 0xff, 0xfc, 0xf,
    0xff, 0xf4, 0x0, 0x0, 0x0, 0x0, 0x0, 0xb,
    0xff, 0xf9, 0xc, 0xff, 0xfa, 0x0, 0x0, 0x0,
    0x0, 0x0, 0x1f, 0xff, 0xf5, 0x6, 0xff, 0xff,
    0x30, 0x0, 0x0, 0x0, 0x0, 0xaf, 0xff, 0xf0,
    0x0, 0xef, 0xff, 0xe2, 0x0, 0x0, 0x0, 0x7,
    0xff, 0xff, 0x80, 0x0, 0x5f, 0xff, 0xff, 0x71,
    0x0, 0x3, 0xaf, 0xff, 0xfe, 0x0, 0x0, 0x9,
    0xff, 0xff, 0xff, 0xdd, 0xef, 0xff, 0xff, 0xf3,
    0x0, 0x0, 0x0, 0x9f, 0xff, 0xff, 0xff, 0xff,
    0xff, 0xff, 0x40, 0x0, 0x0, 0x0, 0x5, 0xef,
    0xff, 0xff, 0xff, 0xff, 0xb1, 0x0, 0x0, 0x0,
    0x0, 0x0, 0x5, 0xad, 0xff, 0xec, 0x83, 0x0,
    0x0, 0x0,

    /* U+014D "ō" */
    0x0, 0x0, 0xbf, 0xff, 0xff, 0xff, 0xf3, 0x0,
    0x0, 0x0, 0x0, 0xbf, 0xff, 0xff, 0xff, 0xf3,
    0x0, 0x0, 0x0, 0x0, 0x9c, 0xcc, 0xcc, 0xcc,
    0xc2, 0x0, 0x0, 0x0, 0x0, 0x0, 0x0, 0x0,
    0x0, 0x0, 0x0, 0x0, 0x0, 0x0, 0x0, 0x0,
    0x0, 0x0, 0x0, 0x0, 0x0, 0x0, 0x0, 0x0,
    0x0, 0x0, 0x0, 0x0, 0x0, 0x0, 0x0, 0x0,
    0x6, 0xbe, 0xff, 0xd9, 0x30, 0x0, 0x0, 0x0,
    0x3, 0xef, 0xff, 0xff, 0xff, 0xf9, 0x0, 0x0,
    0x0, 0x5f, 0xff, 0xff, 0xff, 0xff, 0xff, 0xc0,
    0x0, 0x1, 0xff, 0xff, 0xf9, 0x67, 0xcf, 0xff,
    0xf8, 0x0, 0xa, 0xff, 0xfe, 0x20, 0x0, 0x8,
    0xff, 0xff, 0x20, 0x1f, 0xff, 0xf4, 0x0, 0x0,
    0x0, 0xdf, 0xff, 0x80, 0x5f, 0xff, 0xe0, 0x0,
    0x0, 0x0, 0x6f, 0xff, 0xd0, 0x8f, 0xff, 0xa0,
    0x0, 0x0, 0x0, 0x2f, 0xff, 0xf0, 0x9f, 0xff,
    0x90, 0x0, 0x0, 0x0, 0x1f, 0xff, 0xf1, 0x9f,
    0xff, 0x90, 0x0, 0x0, 0x0, 0x1f, 0xff, 0xf1,
    0x8f, 0xff, 0xa0, 0x0, 0x0, 0x0, 0x2f, 0xff,
    0xf0, 0x5f, 0xff, 0xe0, 0x0, 0x0, 0x0, 0x6f,
    0xff, 0xd0, 0x1f, 0xff, 0xf4, 0x0, 0x0, 0x0,
    0xdf, 0xff, 0x80, 0xa, 0xff, 0xfe, 0x20, 0x0,
    0x8, 0xff, 0xff, 0x20, 0x1, 0xff, 0xff, 0xf8,
    0x67, 0xcf, 0xff, 0xf8, 0x0, 0x0, 0x5f, 0xff,
    0xff, 0xff, 0xff, 0xff, 0xc0, 0x0, 0x0, 0x3,
    0xef, 0xff, 0xff, 0xff, 0xf9, 0x0, 0x0, 0x0,
    0x0, 0x6, 0xbe, 0xff, 0xd9, 0x30, 0x0, 0x0,

    /* U+014E "Ŏ" */
    0x0, 0x0, 0x0, 0xbf, 0xd0, 0x0, 0x3, 0xff,
    0x50, 0x0, 0x0, 0x0, 0x0, 0x0, 0x7f, 0xf9,
    0x10, 0x3d, 0xff, 0x10, 0x0, 0x0, 0x0, 0x0,
    0x0, 0xd, 0xff, 0xff, 0xff, 0xf8, 0x0, 0x0,
    0x0, 0x0, 0x0, 0x0, 0x1, 0xaf, 0xff, 0xff,
    0x70, 0x0, 0x0, 0x0, 0x0, 0x0, 0x0, 0x0,
    0x2, 0x56, 0x40, 0x0, 0x0, 0x0, 0x0, 0x0,
    0x0, 0x0, 0x0, 0x0, 0x0, 0x0, 0x0, 0x0,
    0x0, 0x0, 0x0, 0x0, 0x0, 0x0, 0x0, 0x0,
    0x0, 0x0, 0x0, 0x0, 0x0, 0x0, 0x0, 0x0,
    0x5, 0xad, 0xff, 0xec, 0x82, 0x0, 0x0, 0x0,
    0x0, 0x0, 0x5, 0xef, 0xff, 0xff, 0xff, 0xff,
    0xb1, 0x0, 0x0, 0x0, 0x0, 0x9f, 0xff, 0xff,
    0xff, 0xff, 0xff, 0xfe, 0x40, 0x0, 0x0, 0x9,
    0xff, 0xff, 0xff, 0xed, 0xff, 0xff, 0xff, 0xf3,
    0x0, 0x0, 0x5f, 0xff, 0xff, 0x71, 0x0, 0x3,
    0xbf, 0xff, 0xfe, 0x0, 0x0, 0xef, 0xff, 0xe2,
    0x0, 0x0, 0x0, 0x7, 0xff, 0xff, 0x80, 0x6,
    0xff, 0xff, 0x30, 0x0, 0x0, 0x0, 0x0, 0xaf,
    0xff, 0xe0, 0xc, 0xff, 0xfa, 0x0, 0x0, 0x0,
    0x0, 0x0, 0x1f, 0xff, 0xf5, 0xf, 0xff, 0xf4,
    0x0, 0x0, 0x0, 0x0, 0x0, 0xb, 0xff, 0xf9,
    0x3f, 0xff, 0xf0, 0x0, 0x0, 0x0, 0x0, 0x0,
    0x7, 0xff, 0xfc, 0x5f, 0xff, 0xe0, 0x0, 0x0,
    0x0, 0x0, 0x0, 0x4, 0xff, 0xfe, 0x5f, 0xff,
    0xd0, 0x0, 0x0, 0x0, 0x0, 0x0, 0x4, 0xff,
    0xff, 0x5f, 0xff, 0xd0, 0x0, 0x0, 0x0, 0x0,
    0x0, 0x3, 0xff, 0xff, 0x5f, 0xff, 0xe0, 0x0,
    0x0, 0x0, 0x0, 0x0, 0x4, 0xff, 0xfe, 0x3f,
    0xff, 0xf0, 0x0, 0x0, 0x0, 0x0, 0x0, 0x7,
    0xff, 0xfc, 0xf, 0xff, 0xf4, 0x0, 0x0, 0x0,
    0x0, 0x0, 0xb, 0xff, 0xf9, 0xc, 0xff, 0xfa,
    0x0, 0x0, 0x0, 0x0, 0x0, 0x1f, 0xff, 0xf5,
    0x6, 0xff, 0xff, 0x30, 0x0, 0x0, 0x0, 0x0,
    0xaf, 0xff, 0xf0, 0x0, 0xef, 0xff, 0xe2, 0x0,
    0x0, 0x0, 0x7, 0xff, 0xff, 0x80, 0x0, 0x5f,
    0xff, 0xff, 0x71, 0x0, 0x3, 0xaf, 0xff, 0xfe,
    0x0, 0x0, 0x9, 0xff, 0xff, 0xff, 0xdd, 0xef,
    0xff, 0xff, 0xf3, 0x0, 0x0, 0x0, 0x9f, 0xff,
    0xff, 0xff, 0xff, 0xff, 0xff, 0x40, 0x0, 0x0,
    0x0, 0x5, 0xef, 0xff, 0xff, 0xff, 0xff, 0xb1,
    0x0, 0x0, 0x0, 0x0, 0x0, 0x5, 0xad, 0xff,
    0xec, 0x83, 0x0, 0x0, 0x0,

    /* U+014F "ŏ" */
    0x0, 0x4, 0xff, 0x40, 0x0, 0xd, 0xfc, 0x0,
    0x0, 0x0, 0x1, 0xff, 0xd4, 0x1, 0x9f, 0xf7,
    0x0, 0x0, 0x0, 0x0, 0x7f, 0xff, 0xff, 0xff,
    0xd1, 0x0, 0x0, 0x0, 0x0, 0x6, 0xff, 0xff,
    0xfb, 0x10, 0x0, 0x0, 0x0, 0x0, 0x0, 0x4,
    0x65, 0x20, 0x0, 0x0, 0x0, 0x0, 0x0, 0x0,
    0x0, 0x0, 0x0, 0x0, 0x0, 0x0, 0x0, 0x0,
    0x0, 0x0, 0x0, 0x0, 0x0, 0x0, 0x0, 0x0,
    0x0, 0x6, 0xbe, 0xff, 0xd9, 0x30, 0x0, 0x0,
    0x0, 0x3, 0xef, 0xff, 0xff, 0xff, 0xf9, 0x0,
    0x0, 0x0, 0x5f, 0xff, 0xff, 0xff, 0xff, 0xff,
    0xc0, 0x0, 0x1, 0xff, 0xff, 0xf9, 0x67, 0xcf,
    0xff, 0xf8, 0x0, 0xa, 0xff, 0xfe, 0x20, 0x0,
    0x8, 0xff, 0xff, 0x20, 0x1f, 0xff, 0xf4, 0x0,
    0x0, 0x0, 0xdf, 0xff, 0x80, 0x5f, 0xff, 0xe0,
    0x0, 0x0, 0x0, 0x6f, 0xff, 0xd0, 0x8f, 0xff,
    0xa0, 0x0, 0x0, 0x0, 0x2f, 0xff, 0xf0, 0x9f,
    0xff, 0x90, 0x0, 0x0, 0x0, 0x1f, 0xff, 0xf1,
    0x9f, 0xff, 0x90, 0x0, 0x0, 0x0, 0x1f, 0xff,
    0xf1, 0x8f, 0xff, 0xa0, 0x0, 0x0, 0x0, 0x2f,
    0xff, 0xf0, 0x5f, 0xff, 0xe0, 0x0, 0x0, 0x0,
    0x6f, 0xff, 0xd0, 0x1f, 0xff, 0xf4, 0x0, 0x0,
    0x0, 0xdf, 0xff, 0x80, 0xa, 0xff, 0xfe, 0x20,
    0x0, 0x8, 0xff, 0xff, 0x20, 0x1, 0xff, 0xff,
    0xf8, 0x67, 0xcf, 0xff, 0xf8, 0x0, 0x0, 0x5f,
    0xff, 0xff, 0xff, 0xff, 0xff, 0xc0, 0x0, 0x0,
    0x3, 0xef, 0xff, 0xff, 0xff, 0xf9, 0x0, 0x0,
    0x0, 0x0, 0x6, 0xbe, 0xff, 0xd9, 0x30, 0x0,
    0x0,

    /* U+0150 "Ő" */
    0x0, 0x0, 0x0, 0x8, 0xff, 0xf3, 0x6, 0xff,
    0xf8, 0x0, 0x0, 0x0, 0x0, 0x0, 0xd, 0xff,
    0xb0, 0xe, 0xff, 0xc0, 0x0, 0x0, 0x0, 0x0,
    0x0, 0x3f, 0xff, 0x20, 0x7f, 0xfe, 0x10, 0x0,
    0x0, 0x0, 0x0, 0x0, 0x9f, 0xf9, 0x1, 0xff,
    0xf4, 0x0, 0x0, 0x0, 0x0, 0x0, 0x0, 0xcd,
    0xd1, 0x7, 0xdd, 0x70, 0x0, 0x0, 0x0, 0x0,
    0x0, 0x0, 0x0, 0x0, 0x0, 0x0, 0x0, 0x0,
    0x0, 0x0, 0x0, 0x0, 0x0, 0x0, 0x0, 0x0,
    0x0, 0x0, 0x0, 0x0, 0x0, 0x0, 0x0, 0x0,
    0x5, 0xad, 0xff, 0xec, 0x82, 0x0, 0x0, 0x0,
    0x0, 0x0, 0x5, 0xef, 0xff, 0xff, 0xff, 0xff,
    0xb1, 0x0, 0x0, 0x0, 0x0, 0x9f, 0xff, 0xff,
    0xff, 0xff, 0xff, 0xfe, 0x40, 0x0, 0x0, 0x9,
    0xff, 0xff, 0xff, 0xed, 0xff, 0xff, 0xff, 0xf3,
    0x0, 0x0, 0x5f, 0xff, 0xff, 0x71, 0x0, 0x3,
    0xbf, 0xff, 0xfe, 0x0, 0x0, 0xef, 0xff, 0xe2,
    0x0, 0x0, 0x0, 0x7, 0xff, 0xff, 0x80, 0x6,
    0xff, 0xff, 0x30, 0x0, 0x0, 0x0, 0x0, 0xaf,
    0xff, 0xe0, 0xc, 0xff, 0xfa, 0x0, 0x0, 0x0,
    0x0, 0x0, 0x1f, 0xff, 0xf5, 0xf, 0xff, 0xf4,
    0x0, 0x0, 0x0, 0x0, 0x0, 0xb, 0xff, 0xf9,
    0x3f, 0xff, 0xf0, 0x0, 0x0, 0x0, 0x0, 0x0,
    0x7, 0xff, 0xfc, 0x5f, 0xff, 0xe0, 0x0, 0x0,
    0x0, 0x0, 0x0, 0x4, 0xff, 0xfe, 0x5f, 0xff,
    0xd0, 0x0, 0x0, 0x0, 0x0, 0x0, 0x4, 0xff,
    0xff, 0x5f, 0xff, 0xd0, 0x0, 0x0, 0x0, 0x0,
    0x0, 0x3, 0xff, 0xff, 0x5f, 0xff, 0xe0, 0x0,
    0x0, 0x0, 0x0, 0x0, 0x4, 0xff, 0xfe, 0x3f,
    0xff, 0xf0, 0x0, 0x0, 0x0, 0x0, 0x0, 0x7,
    0xff, 0xfc, 0xf, 0xff, 0xf4, 0x0, 0x0, 0x0,
    0x0, 0x0, 0xb, 0xff, 0xf9, 0xc, 0xff, 0xfa,
    0x0, 0x0, 0x0, 0x0, 0x0, 0x1f, 0xff, 0xf5,
    0x6, 0xff, 0xff, 0x30, 0x0, 0x0, 0x0, 0x0,
    0xaf, 0xff, 0xf0, 0x0, 0xef, 0xff, 0xe2, 0x0,
    0x0, 0x0, 0x7, 0xff, 0xff, 0x80, 0x0, 0x5f,
    0xff, 0xff, 0x71, 0x0, 0x3, 0xaf, 0xff, 0xfe,
    0x0, 0x0, 0x9, 0xff, 0xff, 0xff, 0xdd, 0xef,
    0xff, 0xff, 0xf3, 0x0, 0x0, 0x0, 0x9f, 0xff,
    0xff, 0xff, 0xff, 0xff, 0xff, 0x40, 0x0, 0x0,
    0x0, 0x5, 0xef, 0xff, 0xff, 0xff, 0xff, 0xb1,
    0x0, 0x0, 0x0, 0x0, 0x0, 0x5, 0xad, 0xff,
    0xec, 0x83, 0x0, 0x0, 0x0,

    /* U+0151 "ő" */
    0x0, 0x0, 0x1f, 0xff, 0xa0, 0xe, 0xff, 0xe1,
    0x0, 0x0, 0x0, 0x7f, 0xff, 0x20, 0x8f, 0xff,
    0x30, 0x0, 0x0, 0x0, 0xcf, 0xf9, 0x1, 0xff,
    0xf7, 0x0, 0x0, 0x0, 0x2, 0xff, 0xf1, 0x9,
    0xff, 0xb0, 0x0, 0x0, 0x0, 0x6, 0xee, 0x70,
    0x1d, 0xec, 0x10, 0x0, 0x0, 0x0, 0x0, 0x0,
    0x0, 0x0, 0x0, 0x0, 0x0, 0x0, 0x0, 0x0,
    0x0, 0x0, 0x0, 0x0, 0x0, 0x0, 0x0, 0x0,
    0x0, 0x6, 0xbe, 0xff, 0xd9, 0x30, 0x0, 0x0,
    0x0, 0x3, 0xef, 0xff, 0xff, 0xff, 0xf9, 0x0,
    0x0, 0x0, 0x5f, 0xff, 0xff, 0xff, 0xff, 0xff,
    0xc0, 0x0, 0x1, 0xff, 0xff, 0xf9, 0x67, 0xcf,
    0xff, 0xf8, 0x0, 0xa, 0xff, 0xfe, 0x20, 0x0,
    0x8, 0xff, 0xff, 0x20, 0x1f, 0xff, 0xf4, 0x0,
    0x0, 0x0, 0xdf, 0xff, 0x80, 0x5f, 0xff, 0xe0,
    0x0, 0x0, 0x0, 0x6f, 0xff, 0xd0, 0x8f, 0xff,
    0xa0, 0x0, 0x0, 0x0, 0x2f, 0xff, 0xf0, 0x9f,
    0xff, 0x90, 0x0, 0x0, 0x0, 0x1f, 0xff, 0xf1,
    0x9f, 0xff, 0x90, 0x0, 0x0, 0x0, 0x1f, 0xff,
    0xf1, 0x8f, 0xff, 0xa0, 0x0, 0x0, 0x0, 0x2f,
    0xff, 0xf0, 0x5f, 0xff, 0xe0, 0x0, 0x0, 0x0,
    0x6f, 0xff, 0xd0, 0x1f, 0xff, 0xf4, 0x0, 0x0,
    0x0, 0xdf, 0xff, 0x80, 0xa, 0xff, 0xfe, 0x20,
    0x0, 0x8, 0xff, 0xff, 0x20, 0x1, 0xff, 0xff,
    0xf8, 0x67, 0xcf, 0xff, 0xf8, 0x0, 0x0, 0x5f,
    0xff, 0xff, 0xff, 0xff, 0xff, 0xc0, 0x0, 0x0,
    0x3, 0xef, 0xff, 0xff, 0xff, 0xf9, 0x0, 0x0,
    0x0, 0x0, 0x6, 0xbe, 0xff, 0xd9, 0x30, 0x0,
    0x0,

    /* U+0152 "Œ" */
    0x0, 0x0, 0x0, 0x5, 0xad, 0xff, 0xff, 0xff,
    0xff, 0xff, 0xff, 0xff, 0xff, 0xff, 0xf8, 0x0,
    0x0, 0x5, 0xdf, 0xff, 0xff, 0xff, 0xff, 0xff,
    0xff, 0xff, 0xff, 0xff, 0xff, 0xf8, 0x0, 0x0,
    0x9f, 0xff, 0xff, 0xff, 0xff, 0xff, 0xff, 0xff,
    0xff, 0xff, 0xff, 0xff, 0xf8, 0x0, 0x9, 0xff,
    0xff, 0xfe, 0xa9, 0x99, 0xdf, 0xff, 0xd9, 0x99,
    0x99, 0x99, 0x99, 0x94, 0x0, 0x5f, 0xff, 0xfd,
    0x40, 0x0, 0x0, 0x9f, 0xff, 0x90, 0x0, 0x0,
    0x0, 0x0, 0x0, 0x0, 0xef, 0xff, 0xc1, 0x0,
    0x0, 0x0, 0x9f, 0xff, 0x90, 0x0, 0x0, 0x0,
    0x0, 0x0, 0x6, 0xff, 0xff, 0x20, 0x0, 0x0,
    0x0, 0x9f, 0xff, 0x90, 0x0, 0x0, 0x0, 0x0,
    0x0, 0xc, 0xff, 0xf8, 0x0, 0x0, 0x0, 0x0,
    0x9f, 0xff, 0x90, 0x0, 0x0, 0x0, 0x0, 0x0,
    0xf, 0xff, 0xf3, 0x0, 0x0, 0x0, 0x0, 0x9f,
    0xff, 0x90, 0x0, 0x0, 0x0, 0x0, 0x0, 0x3f,
    0xff, 0xf0, 0x0, 0x0, 0x0, 0x0, 0x9f, 0xff,
    0x90, 0x0, 0x0, 0x0, 0x0, 0x0, 0x5f, 0xff,
    0xd0, 0x0, 0x0, 0x0, 0x0, 0x9f, 0xff, 0xc8,
    0x88, 0x88, 0x88, 0x88, 0x60, 0x5f, 0xff, 0xc0,
    0x0, 0x0, 0x0, 0x0, 0x9f, 0xff, 0xff, 0xff,
    0xff, 0xff, 0xff, 0xb0, 0x5f, 0xff, 0xc0, 0x0,
    0x0, 0x0, 0x0, 0x9f, 0xff, 0xff, 0xff, 0xff,
    0xff, 0xff, 0xb0, 0x5f, 0xff, 0xd0, 0x0, 0x0,
    0x0, 0x0, 0x9f, 0xff, 0xff, 0xff, 0xff, 0xff,
    0xff, 0xb0, 0x3f, 0xff, 0xf0, 0x0, 0x0, 0x0,
    0x0, 0x9f, 0xff, 0x90, 0x0, 0x0, 0x0, 0x0,
    0x0, 0xf, 0xff, 0xf3, 0x0, 0x0, 0x0, 0x0,
    0x9f, 0xff, 0x90, 0x0, 0x0, 0x0, 0x0, 0x0,
    0xc, 0xff, 0xf8, 0x0, 0x0, 0x0, 0x0, 0x9f,
    0xff, 0x90, 0x0, 0x0, 0x0, 0x0, 0x0, 0x6,
    0xff, 0xff, 0x10, 0x0, 0x0, 0x0, 0x9f, 0xff,
    0x90, 0x0, 0x0, 0x0, 0x0, 0x0, 0x0, 0xef,
    0xff, 0xc0, 0x0, 0x0, 0x0, 0x9f, 0xff, 0x90,
    0x0, 0x0, 0x0, 0x0, 0x0, 0x0, 0x5f, 0xff,
    0xfd, 0x40, 0x0, 0x0, 0x9f, 0xff, 0x90, 0x0,
    0x0, 0x0, 0x0, 0x0, 0x0, 0x9, 0xff, 0xff,
    0xfe, 0xa9, 0x99, 0xdf, 0xff, 0xd9, 0x99, 0x99,
    0x99, 0x99, 0x95, 0x0, 0x0, 0x9f, 0xff, 0xff,
    0xff, 0xff, 0xff, 0xff, 0xff, 0xff, 0xff, 0xff,
    0xff, 0xf9, 0x0, 0x0, 0x5, 0xdf, 0xff, 0xff,
    0xff, 0xff, 0xff, 0xff, 0xff, 0xff, 0xff, 0xff,
    0xf9, 0x0, 0x0, 0x0, 0x5, 0xad, 0xff, 0xff,
    0xff, 0xff, 0xff, 0xff, 0xff, 0xff, 0xff, 0xf9,

    /* U+0153 "œ" */
    0x0, 0x0, 0x6, 0xbe, 0xff, 0xd9, 0x30, 0x0,
    0x1, 0x8c, 0xff, 0xeb, 0x61, 0x0, 0x0, 0x0,
    0x3, 0xef, 0xff, 0xff, 0xff, 0xf9, 0x0, 0x6f,
    0xff, 0xff, 0xff, 0xfe, 0x40, 0x0, 0x0, 0x5f,
    0xff, 0xff, 0xff, 0xff, 0xff, 0xc8, 0xff, 0xff,
    0xff, 0xff, 0xff, 0xf5, 0x0, 0x1, 0xff, 0xff,
    0xf9, 0x67, 0xcf, 0xff, 0xff, 0xff, 0xfc, 0x76,
    0x8d, 0xff, 0xff, 0x20, 0xa, 0xff, 0xfe, 0x20,
    0x0, 0x8, 0xff, 0xff, 0xff, 0x70, 0x0, 0x0,
    0xaf, 0xff, 0xa0, 0x1f, 0xff, 0xf4, 0x0, 0x0,
    0x0, 0xdf, 0xff, 0xfb, 0x0, 0x0, 0x0, 0x1f,
    0xff, 0xf0, 0x5f, 0xff, 0xe0, 0x0, 0x0, 0x0,
    0x6f, 0xff, 0xf6, 0x0, 0x0, 0x0, 0xa, 0xff,
    0xf3, 0x8f, 0xff, 0xa0, 0x0, 0x0, 0x0, 0x2f,
    0xff, 0xff, 0xff, 0xff, 0xff, 0xff, 0xff, 0xf5,
    0x9f, 0xff, 0x90, 0x0, 0x0, 0x0, 0x1f, 0xff,
    0xff, 0xff, 0xff, 0xff, 0xff, 0xff, 0xf6, 0x9f,
    0xff, 0x90, 0x0, 0x0, 0x0, 0x1f, 0xff, 0xfe,
    0xdd, 0xdd, 0xdd, 0xdd, 0xdd, 0xd5, 0x8f, 0xff,
    0xa0, 0x0, 0x0, 0x0, 0x2f, 0xff, 0xf5, 0x0,
    0x0, 0x0, 0x0, 0x0, 0x0, 0x5f, 0xff, 0xe0,
    0x0, 0x0, 0x0, 0x6f, 0xff, 0xf8, 0x0, 0x0,
    0x0, 0x0, 0x0, 0x0, 0x1f, 0xff, 0xf4, 0x0,
    0x0, 0x0, 0xdf, 0xff, 0xfe, 0x0, 0x0, 0x0,
    0x6, 0x52, 0x0, 0xa, 0xff, 0xfe, 0x20, 0x0,
    0x8, 0xff, 0xff, 0xff, 0xa0, 0x0, 0x0, 0x5f,
    0xff, 0xe0, 0x1, 0xff, 0xff, 0xf8, 0x67, 0xcf,
    0xff, 0xff, 0xff, 0xfd, 0x85, 0x6b, 0xff, 0xff,
    0x90, 0x0, 0x5f, 0xff, 0xff, 0xff, 0xff, 0xff,
    0xc8, 0xff, 0xff, 0xff, 0xff, 0xff, 0xfd, 0x0,
    0x0, 0x3, 0xef, 0xff, 0xff, 0xff, 0xf9, 0x0,
    0x6f, 0xff, 0xff, 0xff, 0xff, 0xb1, 0x0, 0x0,
    0x0, 0x6, 0xbe, 0xff, 0xd9, 0x30, 0x0, 0x1,
    0x7c, 0xef, 0xfd, 0x93, 0x0, 0x0,

    /* U+0154 "Ŕ" */
    0x0, 0x0, 0x0, 0x0, 0x3d, 0xdd, 0x80, 0x0,
    0x0, 0x0, 0x0, 0x0, 0x0, 0xa, 0xff, 0xe1,
    0x0, 0x0, 0x0, 0x0, 0x0, 0x0, 0x2, 0xff,
    0xf5, 0x0, 0x0, 0x0, 0x0, 0x0, 0x0, 0x0,
    0x9f, 0xfb, 0x0, 0x0, 0x0, 0x0, 0x0, 0x0,
    0x0, 0xf, 0xff, 0x10, 0x0, 0x0, 0x0, 0x0,
    0x0, 0x0, 0x0, 0x0, 0x0, 0x0, 0x0, 0x0,
    0x0, 0x0, 0x0, 0x0, 0x0, 0x0, 0x0, 0x0,
    0x0, 0x0, 0xa, 0xff, 0xff, 0xff, 0xff, 0xfe,
    0xb7, 0x10, 0x0, 0x0, 0xaf, 0xff, 0xff, 0xff,
    0xff, 0xff, 0xff, 0x50, 0x0, 0xa, 0xff, 0xff,
    0xff, 0xff, 0xff, 0xff, 0xff, 0x60, 0x0, 0xaf,
    0xff, 0xc9, 0x99, 0x9a, 0xdf, 0xff, 0xff, 0x20,
    0xa, 0xff, 0xf8, 0x0, 0x0, 0x0, 0x6f, 0xff,
    0xfa, 0x0, 0xaf, 0xff, 0x80, 0x0, 0x0, 0x0,
    0x8f, 0xff, 0xe0, 0xa, 0xff, 0xf8, 0x0, 0x0,
    0x0, 0x2, 0xff, 0xff, 0x20, 0xaf, 0xff, 0x80,
    0x0, 0x0, 0x0, 0xf, 0xff, 0xf3, 0xa, 0xff,
    0xf8, 0x0, 0x0, 0x0, 0x1, 0xff, 0xff, 0x30,
    0xaf, 0xff, 0x80, 0x0, 0x0, 0x0, 0x4f, 0xff,
    0xf1, 0xa, 0xff, 0xf8, 0x0, 0x0, 0x0, 0xc,
    0xff, 0xfd, 0x0, 0xaf, 0xff, 0x80, 0x0, 0x1,
    0x4c, 0xff, 0xff, 0x70, 0xa, 0xff, 0xff, 0xff,
    0xff, 0xff, 0xff, 0xff, 0xd0, 0x0, 0xaf, 0xff,
    0xff, 0xff, 0xff, 0xff, 0xff, 0xe2, 0x0, 0xa,
    0xff, 0xff, 0xff, 0xff, 0xff, 0xff, 0x80, 0x0,
    0x0, 0xaf, 0xff, 0xc8, 0x88, 0x8f, 0xff, 0xf7,
    0x0, 0x0, 0xa, 0xff, 0xf8, 0x0, 0x0, 0x9f,
    0xff, 0xe1, 0x0, 0x0, 0xaf, 0xff, 0x80, 0x0,
    0x1, 0xff, 0xff, 0x80, 0x0, 0xa, 0xff, 0xf8,
    0x0, 0x0, 0x8, 0xff, 0xff, 0x10, 0x0, 0xaf,
    0xff, 0x80, 0x0, 0x0, 0x1e, 0xff, 0xfa, 0x0,
    0xa, 0xff, 0xf8, 0x0, 0x0, 0x0, 0x7f, 0xff,
    0xf3, 0x0, 0xaf, 0xff, 0x80, 0x0, 0x0, 0x0,
    0xef, 0xff, 0xb0, 0xa, 0xff, 0xf8, 0x0, 0x0,
    0x0, 0x6, 0xff, 0xff, 0x40, 0xaf, 0xff, 0x80,
    0x0, 0x0, 0x0, 0xd, 0xff, 0xfd, 0x0,

    /* U+0155 "ŕ" */
    0x0, 0x0, 0x8, 0xee, 0xd3, 0x0, 0x0, 0x0,
    0xff, 0xfa, 0x0, 0x0, 0x0, 0x7f, 0xfe, 0x10,
    0x0, 0x0, 0xe, 0xff, 0x50, 0x0, 0x0, 0x5,
    0xff, 0xb0, 0x0, 0x0, 0x0, 0x0, 0x0, 0x0,
    0x0, 0x0, 0x0, 0x0, 0x0, 0x1, 0xd, 0xff,
    0xf1, 0x7, 0xdf, 0xf1, 0xdf, 0xff, 0x2c, 0xff,
    0xff, 0x1d, 0xff, 0xf9, 0xff, 0xff, 0xf1, 0xdf,
    0xff, 0xff, 0xc8, 0x79, 0xd, 0xff, 0xff, 0x70,
    0x0, 0x0, 0xdf, 0xff, 0xa0, 0x0, 0x0, 0xd,
    0xff, 0xf5, 0x0, 0x0, 0x0, 0xdf, 0xff, 0x30,
    0x0, 0x0, 0xd, 0xff, 0xf3, 0x0, 0x0, 0x0,
    0xdf, 0xff, 0x30, 0x0, 0x0, 0xd, 0xff, 0xf3,
    0x0, 0x0, 0x0, 0xdf, 0xff, 0x30, 0x0, 0x0,
    0xd, 0xff, 0xf3, 0x0, 0x0, 0x0, 0xdf, 0xff,
    0x30, 0x0, 0x0, 0xd, 0xff, 0xf3, 0x0, 0x0,
    0x0, 0xdf, 0xff, 0x30, 0x0, 0x0, 0xd, 0xff,
    0xf3, 0x0, 0x0, 0x0, 0xdf, 0xff, 0x30, 0x0,
    0x0, 0x0,

    /* U+0156 "Ŗ" */
    0xaf, 0xff, 0xff, 0xff, 0xff, 0xeb, 0x71, 0x0,
    0x0, 0xa, 0xff, 0xff, 0xff, 0xff, 0xff, 0xff,
    0xf5, 0x0, 0x0, 0xaf, 0xff, 0xff, 0xff, 0xff,
    0xff, 0xff, 0xf6, 0x0, 0xa, 0xff, 0xfc, 0x99,
    0x99, 0xad, 0xff, 0xff, 0xf2, 0x0, 0xaf, 0xff,
    0x80, 0x0, 0x0, 0x6, 0xff, 0xff, 0xa0, 0xa,
    0xff, 0xf8, 0x0, 0x0, 0x0, 0x8, 0xff, 0xfe,
    0x0, 0xaf, 0xff, 0x80, 0x0, 0x0, 0x0, 0x2f,
    0xff, 0xf2, 0xa, 0xff, 0xf8, 0x0, 0x0, 0x0,
    0x0, 0xff, 0xff, 0x30, 0xaf, 0xff, 0x80, 0x0,
    0x0, 0x0, 0x1f, 0xff, 0xf3, 0xa, 0xff, 0xf8,
    0x0, 0x0, 0x0, 0x4, 0xff, 0xff, 0x10, 0xaf,
    0xff, 0x80, 0x0, 0x0, 0x0, 0xcf, 0xff, 0xd0,
    0xa, 0xff, 0xf8, 0x0, 0x0, 0x14, 0xcf, 0xff,
    0xf7, 0x0, 0xaf, 0xff, 0xff, 0xff, 0xff, 0xff,
    0xff, 0xfd, 0x0, 0xa, 0xff, 0xff, 0xff, 0xff,
    0xff, 0xff, 0xfe, 0x20, 0x0, 0xaf, 0xff, 0xff,
    0xff, 0xff, 0xff, 0xf8, 0x0, 0x0, 0xa, 0xff,
    0xfc, 0x88, 0x88, 0xff, 0xff, 0x70, 0x0, 0x0,
    0xaf, 0xff, 0x80, 0x0, 0x9, 0xff, 0xfe, 0x10,
    0x0, 0xa, 0xff, 0xf8, 0x0, 0x0, 0x1f, 0xff,
    0xf8, 0x0, 0x0, 0xaf, 0xff, 0x80, 0x0, 0x0,
    0x8f, 0xff, 0xf1, 0x0, 0xa, 0xff, 0xf8, 0x0,
    0x0, 0x1, 0xef, 0xff, 0xa0, 0x0, 0xaf, 0xff,
    0x80, 0x0, 0x0, 0x7, 0xff, 0xff, 0x30, 0xa,
    0xff, 0xf8, 0x0, 0x0, 0x0, 0xe, 0xff, 0xfb,
    0x0, 0xaf, 0xff, 0x80, 0x0, 0x0, 0x0, 0x6f,
    0xff, 0xf4, 0xa, 0xff, 0xf8, 0x0, 0x0, 0x0,
    0x0, 0xdf, 0xff, 0xd0, 0x0, 0x0, 0x0, 0x0,
    0x0, 0x0, 0x0, 0x0, 0x0, 0x0, 0x0, 0x0,
    0x0, 0x0, 0x0, 0x0, 0x0, 0x0, 0x0, 0x0,
    0x0, 0x0, 0x5f, 0xff, 0x60, 0x0, 0x0, 0x0,
    0x0, 0x0, 0x0, 0x9, 0xff, 0xf1, 0x0, 0x0,
    0x0, 0x0, 0x0, 0x0, 0x0, 0xdf, 0xfa, 0x0,
    0x0, 0x0, 0x0, 0x0, 0x0, 0x0, 0xf, 0xff,
    0x30, 0x0, 0x0, 0x0, 0x0, 0x0, 0x0, 0x4,
    0xff, 0xd0, 0x0, 0x0, 0x0, 0x0, 0x0, 0x0,
    0x0, 0x6d, 0xd6, 0x0, 0x0, 0x0, 0x0, 0x0,

    /* U+0157 "ŗ" */
    0x0, 0x0, 0x0, 0x0, 0x0, 0x1, 0x0, 0xd,
    0xff, 0xf1, 0x7, 0xdf, 0xf1, 0x0, 0xdf, 0xff,
    0x2c, 0xff, 0xff, 0x10, 0xd, 0xff, 0xf9, 0xff,
    0xff, 0xf1, 0x0, 0xdf, 0xff, 0xff, 0xc8, 0x79,
    0x0, 0xd, 0xff, 0xff, 0x70, 0x0, 0x0, 0x0,
    0xdf, 0xff, 0xa0, 0x0, 0x0, 0x0, 0xd, 0xff,
    0xf5, 0x0, 0x0, 0x0, 0x0, 0xdf, 0xff, 0x30,
    0x0, 0x0, 0x0, 0xd, 0xff, 0xf3, 0x0, 0x0,
    0x0, 0x0, 0xdf, 0xff, 0x30, 0x0, 0x0, 0x0,
    0xd, 0xff, 0xf3, 0x0, 0x0, 0x0, 0x0, 0xdf,
    0xff, 0x30, 0x0, 0x0, 0x0, 0xd, 0xff, 0xf3,
    0x0, 0x0, 0x0, 0x0, 0xdf, 0xff, 0x30, 0x0,
    0x0, 0x0, 0xd, 0xff, 0xf3, 0x0, 0x0, 0x0,
    0x0, 0xdf, 0xff, 0x30, 0x0, 0x0, 0x0, 0xd,
    0xff, 0xf3, 0x0, 0x0, 0x0, 0x0, 0xdf, 0xff,
    0x30, 0x0, 0x0, 0x0, 0x0, 0x0, 0x0, 0x0,
    0x0, 0x0, 0x0, 0x0, 0x0, 0x0, 0x0, 0x0,
    0x0, 0xd, 0xff, 0xe0, 0x0, 0x0, 0x0, 0x1,
    0xff, 0xf8, 0x0, 0x0, 0x0, 0x0, 0x5f, 0xff,
    0x20, 0x0, 0x0, 0x0, 0x8, 0xff, 0xb0, 0x0,
    0x0, 0x0, 0x0, 0xcf, 0xf5, 0x0, 0x0, 0x0,
    0x0, 0xc, 0xdc, 0x0, 0x0, 0x0, 0x0, 0x0,

    /* U+0158 "Ř" */
    0x0, 0x3f, 0xff, 0x70, 0x0, 0xdf, 0xfc, 0x0,
    0x0, 0x0, 0x0, 0x5f, 0xff, 0x30, 0x9f, 0xfe,
    0x10, 0x0, 0x0, 0x0, 0x0, 0x7f, 0xfe, 0x7f,
    0xff, 0x20, 0x0, 0x0, 0x0, 0x0, 0x0, 0x9f,
    0xff, 0xff, 0x40, 0x0, 0x0, 0x0, 0x0, 0x0,
    0x0, 0xbf, 0xff, 0x60, 0x0, 0x0, 0x0, 0x0,
    0x0, 0x0, 0x0, 0x0, 0x0, 0x0, 0x0, 0x0,
    0x0, 0x0, 0x0, 0x0, 0x0, 0x0, 0x0, 0x0,
    0x0, 0x0, 0xa, 0xff, 0xff, 0xff, 0xff, 0xfe,
    0xb7, 0x10, 0x0, 0x0, 0xaf, 0xff, 0xff, 0xff,
    0xff, 0xff, 0xff, 0x50, 0x0, 0xa, 0xff, 0xff,
    0xff, 0xff, 0xff, 0xff, 0xff, 0x60, 0x0, 0xaf,
    0xff, 0xc9, 0x99, 0x9a, 0xdf, 0xff, 0xff, 0x20,
    0xa, 0xff, 0xf8, 0x0, 0x0, 0x0, 0x6f, 0xff,
    0xfa, 0x0, 0xaf, 0xff, 0x80, 0x0, 0x0, 0x0,
    0x8f, 0xff, 0xe0, 0xa, 0xff, 0xf8, 0x0, 0x0,
    0x0, 0x2, 0xff, 0xff, 0x20, 0xaf, 0xff, 0x80,
    0x0, 0x0, 0x0, 0xf, 0xff, 0xf3, 0xa, 0xff,
    0xf8, 0x0, 0x0, 0x0, 0x1, 0xff, 0xff, 0x30,
    0xaf, 0xff, 0x80, 0x0, 0x0, 0x0, 0x4f, 0xff,
    0xf1, 0xa, 0xff, 0xf8, 0x0, 0x0, 0x0, 0xc,
    0xff, 0xfd, 0x0, 0xaf, 0xff, 0x80, 0x0, 0x1,
    0x4c, 0xff, 0xff, 0x70, 0xa, 0xff, 0xff, 0xff,
    0xff, 0xff, 0xff, 0xff, 0xd0, 0x0, 0xaf, 0xff,
    0xff, 0xff, 0xff, 0xff, 0xff, 0xe2, 0x0, 0xa,
    0xff, 0xff, 0xff, 0xff, 0xff, 0xff, 0x80, 0x0,
    0x0, 0xaf, 0xff, 0xc8, 0x88, 0x8f, 0xff, 0xf7,
    0x0, 0x0, 0xa, 0xff, 0xf8, 0x0, 0x0, 0x9f,
    0xff, 0xe1, 0x0, 0x0, 0xaf, 0xff, 0x80, 0x0,
    0x1, 0xff, 0xff, 0x80, 0x0, 0xa, 0xff, 0xf8,
    0x0, 0x0, 0x8, 0xff, 0xff, 0x10, 0x0, 0xaf,
    0xff, 0x80, 0x0, 0x0, 0x1e, 0xff, 0xfa, 0x0,
    0xa, 0xff, 0xf8, 0x0, 0x0, 0x0, 0x7f, 0xff,
    0xf3, 0x0, 0xaf, 0xff, 0x80, 0x0, 0x0, 0x0,
    0xef, 0xff, 0xb0, 0xa, 0xff, 0xf8, 0x0, 0x0,
    0x0, 0x6, 0xff, 0xff, 0x40, 0xaf, 0xff, 0x80,
    0x0, 0x0, 0x0, 0xd, 0xff, 0xfd, 0x0,

    /* U+0159 "ř" */
    0x7f, 0xff, 0x20, 0x3, 0xff, 0xf8, 0x9, 0xff,
    0xd0, 0x1d, 0xff, 0xa0, 0x0, 0xcf, 0xfa, 0xbf,
    0xfc, 0x0, 0x0, 0x1d, 0xff, 0xff, 0xd1, 0x0,
    0x0, 0x2, 0xef, 0xfe, 0x20, 0x0, 0x0, 0x0,
    0x0, 0x0, 0x0, 0x0, 0x0, 0x0, 0x0, 0x0,
    0x0, 0x10, 0xd, 0xff, 0xf1, 0x7, 0xdf, 0xf1,
    0xd, 0xff, 0xf2, 0xcf, 0xff, 0xf1, 0xd, 0xff,
    0xf9, 0xff, 0xff, 0xf1, 0xd, 0xff, 0xff, 0xfc,
    0x87, 0x90, 0xd, 0xff, 0xff, 0x70, 0x0, 0x0,
    0xd, 0xff, 0xfa, 0x0, 0x0, 0x0, 0xd, 0xff,
    0xf5, 0x0, 0x0, 0x0, 0xd, 0xff, 0xf3, 0x0,
    0x0, 0x0, 0xd, 0xff, 0xf3, 0x0, 0x0, 0x0,
    0xd, 0xff, 0xf3, 0x0, 0x0, 0x0, 0xd, 0xff,
    0xf3, 0x0, 0x0, 0x0, 0xd, 0xff, 0xf3, 0x0,
    0x0, 0x0, 0xd, 0xff, 0xf3, 0x0, 0x0, 0x0,
    0xd, 0xff, 0xf3, 0x0, 0x0, 0x0, 0xd, 0xff,
    0xf3, 0x0, 0x0, 0x0, 0xd, 0xff, 0xf3, 0x0,
    0x0, 0x0, 0xd, 0xff, 0xf3, 0x0, 0x0, 0x0,
    0xd, 0xff, 0xf3, 0x0, 0x0, 0x0,

    /* U+015A "Ś" */
    0x0, 0x0, 0x0, 0x0, 0x2, 0xff, 0xfa, 0x0,
    0x0, 0x0, 0x0, 0x0, 0x0, 0x0, 0xaf, 0xfe,
    0x10, 0x0, 0x0, 0x0, 0x0, 0x0, 0x0, 0x1f,
    0xff, 0x50, 0x0, 0x0, 0x0, 0x0, 0x0, 0x0,
    0x8, 0xff, 0xb0, 0x0, 0x0, 0x0, 0x0, 0x0,
    0x0, 0x0, 0xcd, 0xd1, 0x0, 0x0, 0x0, 0x0,
    0x0, 0x0, 0x0, 0x0, 0x0, 0x0, 0x0, 0x0,
    0x0, 0x0, 0x0, 0x0, 0x0, 0x0, 0x0, 0x0,
    0x0, 0x0, 0x0, 0x0, 0x0, 0x38, 0xce, 0xfe,
    0xd9, 0x40, 0x0, 0x0, 0x0, 0x1, 0xaf, 0xff,
    0xff, 0xff, 0xff, 0xc3, 0x0, 0x0, 0x2, 0xef,
    0xff, 0xff, 0xff, 0xff, 0xff, 0xf3, 0x0, 0x0,
    0xdf, 0xff, 0xfe, 0xba, 0xbe, 0xff, 0xff, 0xe1,
    0x0, 0x6f, 0xff, 0xf8, 0x0, 0x0, 0x6, 0xff,
    0xff, 0x80, 0xb, 0xff, 0xfa, 0x0, 0x0, 0x0,
    0x7, 0xff, 0xfd, 0x0, 0xdf, 0xff, 0x60, 0x0,
    0x0, 0x0, 0x1b, 0xbb, 0xb0, 0xd, 0xff, 0xf8,
    0x0, 0x0, 0x0, 0x0, 0x0, 0x0, 0x0, 0xaf,
    0xff, 0xf4, 0x0, 0x0, 0x0, 0x0, 0x0, 0x0,
    0x3, 0xff, 0xff, 0xfb, 0x61, 0x0, 0x0, 0x0,
    0x0, 0x0, 0x8, 0xff, 0xff, 0xff, 0xfd, 0x83,
    0x0, 0x0, 0x0, 0x0, 0x6, 0xff, 0xff, 0xff,
    0xff, 0xfe, 0x70, 0x0, 0x0, 0x0, 0x1, 0x7d,
    0xff, 0xff, 0xff, 0xff, 0xd2, 0x0, 0x0, 0x0,
    0x0, 0x2, 0x6a, 0xff, 0xff, 0xff, 0xe2, 0x0,
    0x0, 0x0, 0x0, 0x0, 0x0, 0x4b, 0xff, 0xff,
    0xb0, 0x0, 0x0, 0x0, 0x0, 0x0, 0x0, 0x6,
    0xff, 0xff, 0x12, 0x44, 0x42, 0x0, 0x0, 0x0,
    0x0, 0xe, 0xff, 0xf3, 0x6f, 0xff, 0xb0, 0x0,
    0x0, 0x0, 0x0, 0xef, 0xff, 0x44, 0xff, 0xff,
    0x30, 0x0, 0x0, 0x0, 0x4f, 0xff, 0xf2, 0xe,
    0xff, 0xfe, 0x50, 0x0, 0x0, 0x6f, 0xff, 0xfe,
    0x0, 0x6f, 0xff, 0xff, 0xeb, 0xab, 0xef, 0xff,
    0xff, 0x60, 0x0, 0x9f, 0xff, 0xff, 0xff, 0xff,
    0xff, 0xff, 0x80, 0x0, 0x0, 0x6f, 0xff, 0xff,
    0xff, 0xff, 0xfe, 0x60, 0x0, 0x0, 0x0, 0x6,
    0xad, 0xff, 0xed, 0xa5, 0x10, 0x0, 0x0,

    /* U+015B "ś" */
    0x0, 0x0, 0x0, 0x0, 0xbf, 0xff, 0x20, 0x0,
    0x0, 0x0, 0x0, 0x2, 0xff, 0xf7, 0x0, 0x0,
    0x0, 0x0, 0x0, 0x9, 0xff, 0xd0, 0x0, 0x0,
    0x0, 0x0, 0x0, 0x1f, 0xff, 0x30, 0x0, 0x0,
    0x0, 0x0, 0x0, 0x6e, 0xe8, 0x0, 0x0, 0x0,
    0x0, 0x0, 0x0, 0x0, 0x0, 0x0, 0x0, 0x0,
    0x0, 0x0, 0x0, 0x0, 0x0, 0x0, 0x0, 0x0,
    0x0, 0x0, 0x6b, 0xef, 0xfe, 0xa5, 0x0, 0x0,
    0x0, 0x4e, 0xff, 0xff, 0xff, 0xff, 0xc1, 0x0,
    0x3, 0xff, 0xff, 0xff, 0xff, 0xff, 0xfd, 0x0,
    0xc, 0xff, 0xfd, 0x52, 0x26, 0xef, 0xff, 0x70,
    0xf, 0xff, 0xf1, 0x0, 0x0, 0x3f, 0xfc, 0x70,
    0x1f, 0xff, 0xf0, 0x0, 0x0, 0x2, 0x0, 0x0,
    0xf, 0xff, 0xfb, 0x20, 0x0, 0x0, 0x0, 0x0,
    0x9, 0xff, 0xff, 0xfd, 0xa6, 0x30, 0x0, 0x0,
    0x0, 0xbf, 0xff, 0xff, 0xff, 0xfe, 0x81, 0x0,
    0x0, 0x5, 0xcf, 0xff, 0xff, 0xff, 0xfe, 0x20,
    0x0, 0x0, 0x1, 0x48, 0xbf, 0xff, 0xff, 0xc0,
    0x0, 0x0, 0x0, 0x0, 0x0, 0x9f, 0xff, 0xf2,
    0x3, 0x68, 0x30, 0x0, 0x0, 0xf, 0xff, 0xf3,
    0x7f, 0xff, 0xc0, 0x0, 0x0, 0x2f, 0xff, 0xf1,
    0x2f, 0xff, 0xfc, 0x53, 0x37, 0xef, 0xff, 0xc0,
    0x7, 0xff, 0xff, 0xff, 0xff, 0xff, 0xfe, 0x20,
    0x0, 0x7f, 0xff, 0xff, 0xff, 0xff, 0xd3, 0x0,
    0x0, 0x1, 0x8c, 0xef, 0xfd, 0xa5, 0x0, 0x0,

    /* U+015C "Ŝ" */
    0x0, 0x0, 0x0, 0xb, 0xff, 0xf8, 0x0, 0x0,
    0x0, 0x0, 0x0, 0x0, 0xa, 0xff, 0xff, 0xf7,
    0x0, 0x0, 0x0, 0x0, 0x0, 0xa, 0xff, 0xd3,
    0xef, 0xf6, 0x0, 0x0, 0x0, 0x0, 0x9, 0xff,
    0xe1, 0x3, 0xff, 0xf5, 0x0, 0x0, 0x0, 0x2,
    0x88, 0x83, 0x0, 0x4, 0x88, 0x70, 0x0, 0x0,
    0x0, 0x0, 0x0, 0x0, 0x0, 0x0, 0x0, 0x0,
    0x0, 0x0, 0x0, 0x0, 0x0, 0x0, 0x0, 0x0,
    0x0, 0x0, 0x0, 0x0, 0x0, 0x38, 0xce, 0xfe,
    0xd9, 0x40, 0x0, 0x0, 0x0, 0x1, 0xaf, 0xff,
    0xff, 0xff, 0xff, 0xc3, 0x0, 0x0, 0x2, 0xef,
    0xff, 0xff, 0xff, 0xff, 0xff, 0xf3, 0x0, 0x0,
    0xdf, 0xff, 0xfe, 0xba, 0xbe, 0xff, 0xff, 0xe1,
    0x0, 0x6f, 0xff, 0xf8, 0x0, 0x0, 0x6, 0xff,
    0xff, 0x80, 0xb, 0xff, 0xfa, 0x0, 0x0, 0x0,
    0x7, 0xff, 0xfd, 0x0, 0xdf, 0xff, 0x60, 0x0,
    0x0, 0x0, 0x1b, 0xbb, 0xb0, 0xd, 0xff, 0xf8,
    0x0, 0x0, 0x0, 0x0, 0x0, 0x0, 0x0, 0xaf,
    0xff, 0xf4, 0x0, 0x0, 0x0, 0x0, 0x0, 0x0,
    0x3, 0xff, 0xff, 0xfb, 0x61, 0x0, 0x0, 0x0,
    0x0, 0x0, 0x8, 0xff, 0xff, 0xff, 0xfd, 0x83,
    0x0, 0x0, 0x0, 0x0, 0x6, 0xff, 0xff, 0xff,
    0xff, 0xfe, 0x70, 0x0, 0x0, 0x0, 0x1, 0x7d,
    0xff, 0xff, 0xff, 0xff, 0xd2, 0x0, 0x0, 0x0,
    0x0, 0x2, 0x6a, 0xff, 0xff, 0xff, 0xe2, 0x0,
    0x0, 0x0, 0x0, 0x0, 0x0, 0x4b, 0xff, 0xff,
    0xb0, 0x0, 0x0, 0x0, 0x0, 0x0, 0x0, 0x6,
    0xff, 0xff, 0x12, 0x44, 0x42, 0x0, 0x0, 0x0,
    0x0, 0xe, 0xff, 0xf3, 0x6f, 0xff, 0xb0, 0x0,
    0x0, 0x0, 0x0, 0xef, 0xff, 0x44, 0xff, 0xff,
    0x30, 0x0, 0x0, 0x0, 0x4f, 0xff, 0xf2, 0xe,
    0xff, 0xfe, 0x50, 0x0, 0x0, 0x6f, 0xff, 0xfe,
    0x0, 0x6f, 0xff, 0xff, 0xeb, 0xab, 0xef, 0xff,
    0xff, 0x60, 0x0, 0x9f, 0xff, 0xff, 0xff, 0xff,
    0xff, 0xff, 0x80, 0x0, 0x0, 0x6f, 0xff, 0xff,
    0xff, 0xff, 0xfe, 0x60, 0x0, 0x0, 0x0, 0x6,
    0xad, 0xff, 0xed, 0xa5, 0x10, 0x0, 0x0,

    /* U+015D "ŝ" */
    0x0, 0x0, 0x0, 0x78, 0x85, 0x0, 0x0, 0x0,
    0x0, 0x0, 0x9, 0xff, 0xff, 0x60, 0x0, 0x0,
    0x0, 0x0, 0x8f, 0xfe, 0xff, 0xf3, 0x0, 0x0,
    0x0, 0x6, 0xff, 0xf3, 0x6f, 0xfe, 0x20, 0x0,
    0x0, 0x4f, 0xff, 0x60, 0xa, 0xff, 0xd1, 0x0,
    0x0, 0x78, 0x86, 0x0, 0x0, 0x78, 0x84, 0x0,
    0x0, 0x0, 0x0, 0x0, 0x0, 0x0, 0x0, 0x0,
    0x0, 0x0, 0x0, 0x0, 0x0, 0x0, 0x0, 0x0,
    0x0, 0x0, 0x6b, 0xef, 0xfe, 0xa5, 0x0, 0x0,
    0x0, 0x4e, 0xff, 0xff, 0xff, 0xff, 0xc1, 0x0,
    0x3, 0xff, 0xff, 0xff, 0xff, 0xff, 0xfd, 0x0,
    0xc, 0xff, 0xfd, 0x52, 0x26, 0xef, 0xff, 0x70,
    0xf, 0xff, 0xf1, 0x0, 0x0, 0x3f, 0xfc, 0x70,
    0x1f, 0xff, 0xf0, 0x0, 0x0, 0x2, 0x0, 0x0,
    0xf, 0xff, 0xfb, 0x20, 0x0, 0x0, 0x0, 0x0,
    0x9, 0xff, 0xff, 0xfd, 0xa6, 0x30, 0x0, 0x0,
    0x0, 0xbf, 0xff, 0xff, 0xff, 0xfe, 0x81, 0x0,
    0x0, 0x5, 0xcf, 0xff, 0xff, 0xff, 0xfe, 0x20,
    0x0, 0x0, 0x1, 0x48, 0xbf, 0xff, 0xff, 0xc0,
    0x0, 0x0, 0x0, 0x0, 0x0, 0x9f, 0xff, 0xf2,
    0x3, 0x68, 0x30, 0x0, 0x0, 0xf, 0xff, 0xf3,
    0x7f, 0xff, 0xc0, 0x0, 0x0, 0x2f, 0xff, 0xf1,
    0x2f, 0xff, 0xfc, 0x53, 0x37, 0xef, 0xff, 0xc0,
    0x7, 0xff, 0xff, 0xff, 0xff, 0xff, 0xfe, 0x20,
    0x0, 0x7f, 0xff, 0xff, 0xff, 0xff, 0xd3, 0x0,
    0x0, 0x1, 0x8c, 0xef, 0xfd, 0xa5, 0x0, 0x0,

    /* U+015E "Ş" */
    0x0, 0x0, 0x3, 0x8c, 0xef, 0xed, 0x94, 0x0,
    0x0, 0x0, 0x0, 0x1a, 0xff, 0xff, 0xff, 0xff,
    0xfc, 0x30, 0x0, 0x0, 0x2e, 0xff, 0xff, 0xff,
    0xff, 0xff, 0xff, 0x30, 0x0, 0xd, 0xff, 0xff,
    0xeb, 0xab, 0xef, 0xff, 0xfe, 0x10, 0x6, 0xff,
    0xff, 0x80, 0x0, 0x0, 0x6f, 0xff, 0xf8, 0x0,
    0xbf, 0xff, 0xa0, 0x0, 0x0, 0x0, 0x7f, 0xff,
    0xd0, 0xd, 0xff, 0xf6, 0x0, 0x0, 0x0, 0x1,
    0xbb, 0xbb, 0x0, 0xdf, 0xff, 0x80, 0x0, 0x0,
    0x0, 0x0, 0x0, 0x0, 0xa, 0xff, 0xff, 0x40,
    0x0, 0x0, 0x0, 0x0, 0x0, 0x0, 0x3f, 0xff,
    0xff, 0xb6, 0x10, 0x0, 0x0, 0x0, 0x0, 0x0,
    0x8f, 0xff, 0xff, 0xff, 0xd8, 0x30, 0x0, 0x0,
    0x0, 0x0, 0x6f, 0xff, 0xff, 0xff, 0xff, 0xe7,
    0x0, 0x0, 0x0, 0x0, 0x17, 0xdf, 0xff, 0xff,
    0xff, 0xfd, 0x20, 0x0, 0x0, 0x0, 0x0, 0x26,
    0xaf, 0xff, 0xff, 0xfe, 0x20, 0x0, 0x0, 0x0,
    0x0, 0x0, 0x4, 0xbf, 0xff, 0xfb, 0x0, 0x0,
    0x0, 0x0, 0x0, 0x0, 0x0, 0x6f, 0xff, 0xf1,
    0x24, 0x44, 0x20, 0x0, 0x0, 0x0, 0x0, 0xef,
    0xff, 0x36, 0xff, 0xfb, 0x0, 0x0, 0x0, 0x0,
    0xe, 0xff, 0xf4, 0x4f, 0xff, 0xf3, 0x0, 0x0,
    0x0, 0x4, 0xff, 0xff, 0x20, 0xef, 0xff, 0xe5,
    0x0, 0x0, 0x6, 0xff, 0xff, 0xe0, 0x6, 0xff,
    0xff, 0xfe, 0xba, 0xbe, 0xff, 0xff, 0xf6, 0x0,
    0x9, 0xff, 0xff, 0xff, 0xff, 0xff, 0xff, 0xf8,
    0x0, 0x0, 0x6, 0xff, 0xff, 0xff, 0xff, 0xff,
    0xe6, 0x0, 0x0, 0x0, 0x0, 0x6a, 0xdf, 0xff,
    0xda, 0x51, 0x0, 0x0, 0x0, 0x0, 0x0, 0x0,
    0x9f, 0x40, 0x0, 0x0, 0x0, 0x0, 0x0, 0x0,
    0x0, 0xb, 0xfd, 0x92, 0x0, 0x0, 0x0, 0x0,
    0x0, 0x0, 0x0, 0xbd, 0xff, 0xe0, 0x0, 0x0,
    0x0, 0x0, 0x0, 0x0, 0x0, 0x3, 0xff, 0x30,
    0x0, 0x0, 0x0, 0x0, 0x0, 0x0, 0x0, 0x3f,
    0xf3, 0x0, 0x0, 0x0, 0x0, 0x0, 0x0, 0x6d,
    0xdf, 0xfe, 0x0, 0x0, 0x0, 0x0, 0x0, 0x0,
    0x7, 0xff, 0xfb, 0x30, 0x0, 0x0, 0x0,

    /* U+015F "ş" */
    0x0, 0x0, 0x6b, 0xef, 0xfe, 0xa5, 0x0, 0x0,
    0x0, 0x4e, 0xff, 0xff, 0xff, 0xff, 0xc1, 0x0,
    0x3, 0xff, 0xff, 0xff, 0xff, 0xff, 0xfd, 0x0,
    0xc, 0xff, 0xfd, 0x52, 0x26, 0xef, 0xff, 0x70,
    0xf, 0xff, 0xf1, 0x0, 0x0, 0x3f, 0xfc, 0x70,
    0x1f, 0xff, 0xf0, 0x0, 0x0, 0x2, 0x0, 0x0,
    0xf, 0xff, 0xfb, 0x20, 0x0, 0x0, 0x0, 0x0,
    0x9, 0xff, 0xff, 0xfd, 0xa6, 0x30, 0x0, 0x0,
    0x0, 0xbf, 0xff, 0xff, 0xff, 0xfe, 0x81, 0x0,
    0x0, 0x5, 0xcf, 0xff, 0xff, 0xff, 0xfe, 0x20,
    0x0, 0x0, 0x1, 0x48, 0xbf, 0xff, 0xff, 0xc0,
    0x0, 0x0, 0x0, 0x0, 0x0, 0x9f, 0xff, 0xf2,
    0x3, 0x68, 0x30, 0x0, 0x0, 0xf, 0xff, 0xf3,
    0x7f, 0xff, 0xc0, 0x0, 0x0, 0x2f, 0xff, 0xf1,
    0x2f, 0xff, 0xfc, 0x53, 0x37, 0xef, 0xff, 0xc0,
    0x7, 0xff, 0xff, 0xff, 0xff, 0xff, 0xfe, 0x20,
    0x0, 0x7f, 0xff, 0xff, 0xff, 0xff, 0xd3, 0x0,
    0x0, 0x1, 0x8c, 0xef, 0xfd, 0xa5, 0x0, 0x0,
    0x0, 0x0, 0x0, 0x1f, 0xc0, 0x0, 0x0, 0x0,
    0x0, 0x0, 0x0, 0x4f, 0xfb, 0x60, 0x0, 0x0,
    0x0, 0x0, 0x0, 0x5d, 0xef, 0xf6, 0x0, 0x0,
    0x0, 0x0, 0x0, 0x0, 0xc, 0xfb, 0x0, 0x0,
    0x0, 0x0, 0x0, 0x0, 0xb, 0xfa, 0x0, 0x0,
    0x0, 0x0, 0x0, 0xdd, 0xef, 0xf6, 0x0, 0x0,
    0x0, 0x0, 0x0, 0xff, 0xfd, 0x80, 0x0, 0x0,

    /* U+0160 "Š" */
    0x0, 0x2, 0xef, 0xf9, 0x0, 0xc, 0xff, 0xd1,
    0x0, 0x0, 0x0, 0x3, 0xff, 0xf5, 0x8, 0xff,
    0xe2, 0x0, 0x0, 0x0, 0x0, 0x4, 0xff, 0xf8,
    0xff, 0xf2, 0x0, 0x0, 0x0, 0x0, 0x0, 0x6,
    0xff, 0xff, 0xf4, 0x0, 0x0, 0x0, 0x0, 0x0,
    0x0, 0x7, 0xcc, 0xc5, 0x0, 0x0, 0x0, 0x0,
    0x0, 0x0, 0x0, 0x0, 0x0, 0x0, 0x0, 0x0,
    0x0, 0x0, 0x0, 0x0, 0x0, 0x0, 0x0, 0x0,
    0x0, 0x0, 0x0, 0x0, 0x0, 0x38, 0xce, 0xfe,
    0xd9, 0x40, 0x0, 0x0, 0x0, 0x1, 0xaf, 0xff,
    0xff, 0xff, 0xff, 0xc3, 0x0, 0x0, 0x2, 0xef,
    0xff, 0xff, 0xff, 0xff, 0xff, 0xf4, 0x0, 0x0,
    0xdf, 0xff, 0xfe, 0xba, 0xbe, 0xff, 0xff, 0xf1,
    0x0, 0x6f, 0xff, 0xf8, 0x0, 0x0, 0x6, 0xff,
    0xff, 0x90, 0xb, 0xff, 0xfa, 0x0, 0x0, 0x0,
    0x6, 0xff, 0xfd, 0x0, 0xdf, 0xff, 0x60, 0x0,
    0x0, 0x0, 0xa, 0xaa, 0x90, 0xd, 0xff, 0xf8,
    0x0, 0x0, 0x0, 0x0, 0x0, 0x0, 0x0, 0xaf,
    0xff, 0xf4, 0x0, 0x0, 0x0, 0x0, 0x0, 0x0,
    0x3, 0xff, 0xff, 0xfb, 0x61, 0x0, 0x0, 0x0,
    0x0, 0x0, 0x8, 0xff, 0xff, 0xff, 0xfd, 0x83,
    0x0, 0x0, 0x0, 0x0, 0x6, 0xff, 0xff, 0xff,
    0xff, 0xfe, 0x70, 0x0, 0x0, 0x0, 0x1, 0x7d,
    0xff, 0xff, 0xff, 0xff, 0xd2, 0x0, 0x0, 0x0,
    0x0, 0x2, 0x6a, 0xff, 0xff, 0xff, 0xe2, 0x0,
    0x0, 0x0, 0x0, 0x0, 0x0, 0x4b, 0xff, 0xff,
    0xb0, 0x0, 0x0, 0x0, 0x0, 0x0, 0x0, 0x6,
    0xff, 0xff, 0x12, 0x44, 0x42, 0x0, 0x0, 0x0,
    0x0, 0xe, 0xff, 0xf3, 0x6f, 0xff, 0xb0, 0x0,
    0x0, 0x0, 0x0, 0xef, 0xff, 0x43, 0xff, 0xff,
    0x30, 0x0, 0x0, 0x0, 0x4f, 0xff, 0xf2, 0xe,
    0xff, 0xfe, 0x50, 0x0, 0x0, 0x6f, 0xff, 0xfe,
    0x0, 0x6f, 0xff, 0xff, 0xeb, 0xab, 0xef, 0xff,
    0xff, 0x60, 0x0, 0x9f, 0xff, 0xff, 0xff, 0xff,
    0xff, 0xff, 0x80, 0x0, 0x0, 0x6e, 0xff, 0xff,
    0xff, 0xff, 0xfe, 0x60, 0x0, 0x0, 0x0, 0x6,
    0xad, 0xff, 0xed, 0xa5, 0x10, 0x0, 0x0,

    /* U+0161 "š" */
    0x0, 0x68, 0x86, 0x0, 0x0, 0x78, 0x85, 0x0,
    0x0, 0x2f, 0xff, 0x60, 0xa, 0xff, 0xe1, 0x0,
    0x0, 0x4, 0xff, 0xf3, 0x6f, 0xff, 0x30, 0x0,
    0x0, 0x0, 0x7f, 0xfe, 0xff, 0xf4, 0x0, 0x0,
    0x0, 0x0, 0x9, 0xff, 0xff, 0x60, 0x0, 0x0,
    0x0, 0x0, 0x0, 0x78, 0x85, 0x0, 0x0, 0x0,
    0x0, 0x0, 0x0, 0x0, 0x0, 0x0, 0x0, 0x0,
    0x0, 0x0, 0x0, 0x0, 0x0, 0x0, 0x0, 0x0,
    0x0, 0x0, 0x6b, 0xef, 0xfe, 0xa5, 0x0, 0x0,
    0x0, 0x4e, 0xff, 0xff, 0xff, 0xff, 0xc1, 0x0,
    0x3, 0xff, 0xff, 0xff, 0xff, 0xff, 0xfd, 0x0,
    0xc, 0xff, 0xfd, 0x52, 0x26, 0xef, 0xff, 0x70,
    0xf, 0xff, 0xf1, 0x0, 0x0, 0x3f, 0xfc, 0x70,
    0x1f, 0xff, 0xf0, 0x0, 0x0, 0x2, 0x0, 0x0,
    0xf, 0xff, 0xfb, 0x20, 0x0, 0x0, 0x0, 0x0,
    0x9, 0xff, 0xff, 0xfd, 0xa6, 0x30, 0x0, 0x0,
    0x0, 0xbf, 0xff, 0xff, 0xff, 0xfe, 0x81, 0x0,
    0x0, 0x5, 0xcf, 0xff, 0xff, 0xff, 0xfe, 0x20,
    0x0, 0x0, 0x1, 0x48, 0xbf, 0xff, 0xff, 0xc0,
    0x0, 0x0, 0x0, 0x0, 0x0, 0x9f, 0xff, 0xf2,
    0x3, 0x68, 0x30, 0x0, 0x0, 0xf, 0xff, 0xf3,
    0x7f, 0xff, 0xc0, 0x0, 0x0, 0x2f, 0xff, 0xf1,
    0x2f, 0xff, 0xfc, 0x53, 0x37, 0xef, 0xff, 0xc0,
    0x7, 0xff, 0xff, 0xff, 0xff, 0xff, 0xfe, 0x20,
    0x0, 0x7f, 0xff, 0xff, 0xff, 0xff, 0xd3, 0x0,
    0x0, 0x1, 0x8c, 0xef, 0xfd, 0xa5, 0x0, 0x0,

    /* U+0162 "Ţ" */
    0xbf, 0xff, 0xff, 0xff, 0xff, 0xff, 0xff, 0xff,
    0xff, 0xdb, 0xff, 0xff, 0xff, 0xff, 0xff, 0xff,
    0xff, 0xff, 0xfd, 0xbf, 0xff, 0xff, 0xff, 0xff,
    0xff, 0xff, 0xff, 0xff, 0xd6, 0x99, 0x99, 0x99,
    0xcf, 0xff, 0xd9, 0x99, 0x99, 0x97, 0x0, 0x0,
    0x0, 0x8, 0xff, 0xfa, 0x0, 0x0, 0x0, 0x0,
    0x0, 0x0, 0x0, 0x8f, 0xff, 0xa0, 0x0, 0x0,
    0x0, 0x0, 0x0, 0x0, 0x8, 0xff, 0xfa, 0x0,
    0x0, 0x0, 0x0, 0x0, 0x0, 0x0, 0x8f, 0xff,
    0xa0, 0x0, 0x0, 0x0, 0x0, 0x0, 0x0, 0x8,
    0xff, 0xfa, 0x0, 0x0, 0x0, 0x0, 0x0, 0x0,
    0x0, 0x8f, 0xff, 0xa0, 0x0, 0x0, 0x0, 0x0,
    0x0, 0x0, 0x8, 0xff, 0xfa, 0x0, 0x0, 0x0,
    0x0, 0x0, 0x0, 0x0, 0x8f, 0xff, 0xa0, 0x0,
    0x0, 0x0, 0x0, 0x0, 0x0, 0x8, 0xff, 0xfa,
    0x0, 0x0, 0x0, 0x0, 0x0, 0x0, 0x0, 0x8f,
    0xff, 0xa0, 0x0, 0x0, 0x0, 0x0, 0x0, 0x0,
    0x8, 0xff, 0xfa, 0x0, 0x0, 0x0, 0x0, 0x0,
    0x0, 0x0, 0x8f, 0xff, 0xa0, 0x0, 0x0, 0x0,
    0x0, 0x0, 0x0, 0x8, 0xff, 0xfa, 0x0, 0x0,
    0x0, 0x0, 0x0, 0x0, 0x0, 0x8f, 0xff, 0xa0,
    0x0, 0x0, 0x0, 0x0, 0x0, 0x0, 0x8, 0xff,
    0xfa, 0x0, 0x0, 0x0, 0x0, 0x0, 0x0, 0x0,
    0x8f, 0xff, 0xa0, 0x0, 0x0, 0x0, 0x0, 0x0,
    0x0, 0x8, 0xff, 0xfa, 0x0, 0x0, 0x0, 0x0,
    0x0, 0x0, 0x0, 0x8f, 0xff, 0xa0, 0x0, 0x0,
    0x0, 0x0, 0x0, 0x0, 0x8, 0xff, 0xfa, 0x0,
    0x0, 0x0, 0x0, 0x0, 0x0, 0x0, 0x8f, 0xff,
    0xa0, 0x0, 0x0, 0x0, 0x0, 0x0, 0x0, 0x0,
    0x6f, 0x70, 0x0, 0x0, 0x0, 0x0, 0x0, 0x0,
    0x0, 0x8, 0xfb, 0x60, 0x0, 0x0, 0x0, 0x0,
    0x0, 0x0, 0x0, 0xbf, 0xff, 0xd0, 0x0, 0x0,
    0x0, 0x0, 0x0, 0x0, 0x0, 0x3, 0xff, 0x50,
    0x0, 0x0, 0x0, 0x0, 0x0, 0x0, 0x0, 0x1f,
    0xf5, 0x0, 0x0, 0x0, 0x0, 0x0, 0x0, 0x4d,
    0xdf, 0xff, 0x20, 0x0, 0x0, 0x0, 0x0, 0x0,
    0x5, 0xff, 0xfc, 0x50, 0x0, 0x0, 0x0,

    /* U+0163 "ţ" */
    0x0, 0x18, 0x88, 0x60, 0x0, 0x0, 0x3, 0xff,
    0xfd, 0x0, 0x0, 0x0, 0x3f, 0xff, 0xd0, 0x0,
    0x0, 0x3, 0xff, 0xfd, 0x0, 0x0, 0xbf, 0xff,
    0xff, 0xff, 0xff, 0x3b, 0xff, 0xff, 0xff, 0xff,
    0xf3, 0xbf, 0xff, 0xff, 0xff, 0xff, 0x32, 0x46,
    0xff, 0xfe, 0x44, 0x40, 0x0, 0x3f, 0xff, 0xd0,
    0x0, 0x0, 0x3, 0xff, 0xfd, 0x0, 0x0, 0x0,
    0x3f, 0xff, 0xd0, 0x0, 0x0, 0x3, 0xff, 0xfd,
    0x0, 0x0, 0x0, 0x3f, 0xff, 0xd0, 0x0, 0x0,
    0x3, 0xff, 0xfd, 0x0, 0x0, 0x0, 0x3f, 0xff,
    0xd0, 0x0, 0x0, 0x3, 0xff, 0xfd, 0x0, 0x0,
    0x0, 0x3f, 0xff, 0xd0, 0x0, 0x0, 0x2, 0xff,
    0xff, 0x0, 0x0, 0x0, 0xf, 0xff, 0xfa, 0x67,
    0x10, 0x0, 0xbf, 0xff, 0xff, 0xf4, 0x0, 0x2,
    0xef, 0xff, 0xff, 0x70, 0x0, 0x1, 0x8f, 0xff,
    0xe7, 0x0, 0x0, 0x0, 0xef, 0x0, 0x0, 0x0,
    0x0, 0xf, 0xfa, 0x60, 0x0, 0x0, 0x2, 0xef,
    0xff, 0x80, 0x0, 0x0, 0x0, 0x9, 0xfd, 0x0,
    0x0, 0x0, 0x0, 0x8f, 0xe0, 0x0, 0x0, 0xad,
    0xdf, 0xf9, 0x0, 0x0, 0xd, 0xff, 0xe9, 0x0,

    /* U+0164 "Ť" */
    0x0, 0x0, 0xdf, 0xfb, 0x0, 0x9, 0xff, 0xf2,
    0x0, 0x0, 0x0, 0x1, 0xef, 0xf7, 0x5, 0xff,
    0xf4, 0x0, 0x0, 0x0, 0x0, 0x3, 0xff, 0xf6,
    0xff, 0xf6, 0x0, 0x0, 0x0, 0x0, 0x0, 0x5,
    0xff, 0xff, 0xf8, 0x0, 0x0, 0x0, 0x0, 0x0,
    0x0, 0x7, 0xff, 0xfa, 0x0, 0x0, 0x0, 0x0,
    0x0, 0x0, 0x0, 0x0, 0x0, 0x0, 0x0, 0x0,
    0x0, 0x0, 0x0, 0x0, 0x0, 0x0, 0x0, 0x0,
    0x0, 0x0, 0xb, 0xff, 0xff, 0xff, 0xff, 0xff,
    0xff, 0xff, 0xff, 0xfd, 0xbf, 0xff, 0xff, 0xff,
    0xff, 0xff, 0xff, 0xff, 0xff, 0xdb, 0xff, 0xff,
    0xff, 0xff, 0xff, 0xff, 0xff, 0xff, 0xfd, 0x69,
    0x99, 0x99, 0x9c, 0xff, 0xfd, 0x99, 0x99, 0x99,
    0x70, 0x0, 0x0, 0x0, 0x8f, 0xff, 0xa0, 0x0,
    0x0, 0x0, 0x0, 0x0, 0x0, 0x8, 0xff, 0xfa,
    0x0, 0x0, 0x0, 0x0, 0x0, 0x0, 0x0, 0x8f,
    0xff, 0xa0, 0x0, 0x0, 0x0, 0x0, 0x0, 0x0,
    0x8, 0xff, 0xfa, 0x0, 0x0, 0x0, 0x0, 0x0,
    0x0, 0x0, 0x8f, 0xff, 0xa0, 0x0, 0x0, 0x0,
    0x0, 0x0, 0x0, 0x8, 0xff, 0xfa, 0x0, 0x0,
    0x0, 0x0, 0x0, 0x0, 0x0, 0x8f, 0xff, 0xa0,
    0x0, 0x0, 0x0, 0x0, 0x0, 0x0, 0x8, 0xff,
    0xfa, 0x0, 0x0, 0x0, 0x0, 0x0, 0x0, 0x0,
    0x8f, 0xff, 0xa0, 0x0, 0x0, 0x0, 0x0, 0x0,
    0x0, 0x8, 0xff, 0xfa, 0x0, 0x0, 0x0, 0x0,
    0x0, 0x0, 0x0, 0x8f, 0xff, 0xa0, 0x0, 0x0,
    0x0, 0x0, 0x0, 0x0, 0x8, 0xff, 0xfa, 0x0,
    0x0, 0x0, 0x0, 0x0, 0x0, 0x0, 0x8f, 0xff,
    0xa0, 0x0, 0x0, 0x0, 0x0, 0x0, 0x0, 0x8,
    0xff, 0xfa, 0x0, 0x0, 0x0, 0x0, 0x0, 0x0,
    0x0, 0x8f, 0xff, 0xa0, 0x0, 0x0, 0x0, 0x0,
    0x0, 0x0, 0x8, 0xff, 0xfa, 0x0, 0x0, 0x0,
    0x0, 0x0, 0x0, 0x0, 0x8f, 0xff, 0xa0, 0x0,
    0x0, 0x0, 0x0, 0x0, 0x0, 0x8, 0xff, 0xfa,
    0x0, 0x0, 0x0, 0x0, 0x0, 0x0, 0x0, 0x8f,
    0xff, 0xa0, 0x0, 0x0, 0x0, 0x0, 0x0, 0x0,
    0x8, 0xff, 0xfa, 0x0, 0x0, 0x0, 0x0,

    /* U+0165 "ť" */
    0x0, 0x0, 0x0, 0x0, 0x1, 0x11, 0x0, 0x0,
    0x0, 0x0, 0x4, 0xff, 0xf0, 0x0, 0x0, 0x0,
    0x0, 0x4f, 0xfd, 0x0, 0x0, 0x0, 0x0, 0x4,
    0xff, 0xb0, 0x0, 0x1, 0x11, 0x0, 0x4f, 0xf9,
    0x0, 0x3, 0xff, 0xfd, 0x4, 0xff, 0x70, 0x0,
    0x3f, 0xff, 0xd0, 0x4f, 0xf5, 0x0, 0x3, 0xff,
    0xfd, 0x0, 0x0, 0x0, 0x0, 0x3f, 0xff, 0xd0,
    0x0, 0x0, 0xb, 0xff, 0xff, 0xff, 0xff, 0xf3,
    0x0, 0xbf, 0xff, 0xff, 0xff, 0xff, 0x30, 0xb,
    0xff, 0xff, 0xff, 0xff, 0xf3, 0x0, 0x24, 0x6f,
    0xff, 0xe4, 0x44, 0x0, 0x0, 0x3, 0xff, 0xfd,
    0x0, 0x0, 0x0, 0x0, 0x3f, 0xff, 0xd0, 0x0,
    0x0, 0x0, 0x3, 0xff, 0xfd, 0x0, 0x0, 0x0,
    0x0, 0x3f, 0xff, 0xd0, 0x0, 0x0, 0x0, 0x3,
    0xff, 0xfd, 0x0, 0x0, 0x0, 0x0, 0x3f, 0xff,
    0xd0, 0x0, 0x0, 0x0, 0x3, 0xff, 0xfd, 0x0,
    0x0, 0x0, 0x0, 0x3f, 0xff, 0xd0, 0x0, 0x0,
    0x0, 0x3, 0xff, 0xfd, 0x0, 0x0, 0x0, 0x0,
    0x2f, 0xff, 0xf0, 0x0, 0x0, 0x0, 0x0, 0xff,
    0xff, 0xa6, 0x71, 0x0, 0x0, 0xb, 0xff, 0xff,
    0xff, 0x40, 0x0, 0x0, 0x2e, 0xff, 0xff, 0xf7,
    0x0, 0x0, 0x0, 0x18, 0xdf, 0xfe, 0x70, 0x0,

    /* U+0166 "Ŧ" */
    0xbf, 0xff, 0xff, 0xff, 0xff, 0xff, 0xff, 0xff,
    0xff, 0xdb, 0xff, 0xff, 0xff, 0xff, 0xff, 0xff,
    0xff, 0xff, 0xfd, 0xbf, 0xff, 0xff, 0xff, 0xff,
    0xff, 0xff, 0xff, 0xff, 0xd6, 0x99, 0x99, 0x99,
    0xcf, 0xff, 0xd9, 0x99, 0x99, 0x97, 0x0, 0x0,
    0x0, 0x8, 0xff, 0xfa, 0x0, 0x0, 0x0, 0x0,
    0x0, 0x0, 0x0, 0x8f, 0xff, 0xa0, 0x0, 0x0,
    0x0, 0x0, 0x0, 0x0, 0x8, 0xff, 0xfa, 0x0,
    0x0, 0x0, 0x0, 0x0, 0x0, 0x0, 0x8f, 0xff,
    0xa0, 0x0, 0x0, 0x0, 0x0, 0x0, 0x0, 0x8,
    0xff, 0xfa, 0x0, 0x0, 0x0, 0x0, 0x0, 0x0,
    0x0, 0x8f, 0xff, 0xa0, 0x0, 0x0, 0x0, 0x0,
    0x0, 0x0, 0x8, 0xff, 0xfa, 0x0, 0x0, 0x0,
    0x0, 0x1, 0xff, 0xff, 0xff, 0xff, 0xff, 0xff,
    0xf3, 0x0, 0x0, 0x1f, 0xff, 0xff, 0xff, 0xff,
    0xff, 0xff, 0x30, 0x0, 0x1, 0xff, 0xff, 0xff,
    0xff, 0xff, 0xff, 0xf3, 0x0, 0x0, 0x0, 0x0,
    0x8, 0xff, 0xfa, 0x0, 0x0, 0x0, 0x0, 0x0,
    0x0, 0x0, 0x8f, 0xff, 0xa0, 0x0, 0x0, 0x0,
    0x0, 0x0, 0x0, 0x8, 0xff, 0xfa, 0x0, 0x0,
    0x0, 0x0, 0x0, 0x0, 0x0, 0x8f, 0xff, 0xa0,
    0x0, 0x0, 0x0, 0x0, 0x0, 0x0, 0x8, 0xff,
    0xfa, 0x0, 0x0, 0x0, 0x0, 0x0, 0x0, 0x0,
    0x8f, 0xff, 0xa0, 0x0, 0x0, 0x0, 0x0, 0x0,
    0x0, 0x8, 0xff, 0xfa, 0x0, 0x0, 0x0, 0x0,
    0x0, 0x0, 0x0, 0x8f, 0xff, 0xa0, 0x0, 0x0,
    0x0, 0x0, 0x0, 0x0, 0x8, 0xff, 0xfa, 0x0,
    0x0, 0x0, 0x0, 0x0, 0x0, 0x0, 0x8f, 0xff,
    0xa0, 0x0, 0x0, 0x0,

    /* U+0167 "ŧ" */
    0x0, 0x3f, 0xff, 0xd0, 0x0, 0x0, 0x3, 0xff,
    0xfd, 0x0, 0x0, 0x0, 0x3f, 0xff, 0xd0, 0x0,
    0x0, 0x3, 0xff, 0xfd, 0x0, 0x0, 0xbf, 0xff,
    0xff, 0xff, 0xff, 0x3b, 0xff, 0xff, 0xff, 0xff,
    0xf3, 0xbf, 0xff, 0xff, 0xff, 0xff, 0x32, 0x46,
    0xff, 0xfe, 0x44, 0x40, 0x0, 0x3f, 0xff, 0xd0,
    0x0, 0x0, 0x3, 0xff, 0xfd, 0x0, 0x0, 0xbf,
    0xff, 0xff, 0xff, 0xff, 0x3b, 0xff, 0xff, 0xff,
    0xff, 0xf3, 0x9d, 0xdf, 0xff, 0xfd, 0xdd, 0x30,
    0x3, 0xff, 0xfd, 0x0, 0x0, 0x0, 0x3f, 0xff,
    0xd0, 0x0, 0x0, 0x3, 0xff, 0xfd, 0x0, 0x0,
    0x0, 0x3f, 0xff, 0xd0, 0x0, 0x0, 0x2, 0xff,
    0xff, 0x0, 0x0, 0x0, 0xf, 0xff, 0xfa, 0x67,
    0x10, 0x0, 0xbf, 0xff, 0xff, 0xf4, 0x0, 0x2,
    0xef, 0xff, 0xff, 0x70, 0x0, 0x1, 0x8d, 0xff,
    0xe7,

    /* U+0168 "Ũ" */
    0x0, 0x0, 0x1, 0xbf, 0xe7, 0x0, 0x8f, 0xd0,
    0x0, 0x0, 0x0, 0x0, 0xb, 0xff, 0xff, 0xd8,
    0xef, 0xa0, 0x0, 0x0, 0x0, 0x0, 0x2f, 0xfb,
    0x9f, 0xff, 0xff, 0x40, 0x0, 0x0, 0x0, 0x0,
    0x4f, 0xf2, 0x2, 0xaf, 0xe7, 0x0, 0x0, 0x0,
    0x0, 0x0, 0x0, 0x0, 0x0, 0x0, 0x0, 0x0,
    0x0, 0x0, 0x0, 0x0, 0x0, 0x0, 0x0, 0x0,
    0x0, 0x0, 0x0, 0x0, 0x0, 0x0, 0x0, 0x0,
    0x0, 0x0, 0x0, 0x0, 0x0, 0x0, 0xaf, 0xff,
    0x80, 0x0, 0x0, 0x0, 0x0, 0xf, 0xff, 0xf3,
    0xaf, 0xff, 0x80, 0x0, 0x0, 0x0, 0x0, 0xf,
    0xff, 0xf3, 0xaf, 0xff, 0x80, 0x0, 0x0, 0x0,
    0x0, 0xf, 0xff, 0xf3, 0xaf, 0xff, 0x80, 0x0,
    0x0, 0x0, 0x0, 0xf, 0xff, 0xf3, 0xaf, 0xff,
    0x80, 0x0, 0x0, 0x0, 0x0, 0xf, 0xff, 0xf3,
    0xaf, 0xff, 0x80, 0x0, 0x0, 0x0, 0x0, 0xf,
    0xff, 0xf3, 0xaf, 0xff, 0x80, 0x0, 0x0, 0x0,
    0x0, 0xf, 0xff, 0xf3, 0xaf, 0xff, 0x80, 0x0,
    0x0, 0x0, 0x0, 0xf, 0xff, 0xf3, 0xaf, 0xff,
    0x80, 0x0, 0x0, 0x0, 0x0, 0xf, 0xff, 0xf3,
    0xaf, 0xff, 0x80, 0x0, 0x0, 0x0, 0x0, 0xf,
    0xff, 0xf3, 0xaf, 0xff, 0x80, 0x0, 0x0, 0x0,
    0x0, 0xf, 0xff, 0xf3, 0xaf, 0xff, 0x80, 0x0,
    0x0, 0x0, 0x0, 0xf, 0xff, 0xf3, 0xaf, 0xff,
    0x80, 0x0, 0x0, 0x0, 0x0, 0xf, 0xff, 0xf3,
    0xaf, 0xff, 0x80, 0x0, 0x0, 0x0, 0x0, 0xf,
    0xff, 0xf3, 0xaf, 0xff, 0x80, 0x0, 0x0, 0x0,
    0x0, 0xf, 0xff, 0xf3, 0xaf, 0xff, 0x80, 0x0,
    0x0, 0x0, 0x0, 0xf, 0xff, 0xf3, 0x9f, 0xff,
    0xb0, 0x0, 0x0, 0x0, 0x0, 0x2f, 0xff, 0xf2,
    0x6f, 0xff, 0xf1, 0x0, 0x0, 0x0, 0x0, 0x8f,
    0xff, 0xf0, 0x2f, 0xff, 0xfb, 0x0, 0x0, 0x0,
    0x3, 0xff, 0xff, 0xb0, 0xb, 0xff, 0xff, 0xc3,
    0x0, 0x0, 0x7f, 0xff, 0xff, 0x30, 0x1, 0xef,
    0xff, 0xff, 0xed, 0xdf, 0xff, 0xff, 0xf8, 0x0,
    0x0, 0x3e, 0xff, 0xff, 0xff, 0xff, 0xff, 0xff,
    0xa0, 0x0, 0x0, 0x1, 0xbf, 0xff, 0xff, 0xff,
    0xff, 0xf6, 0x0, 0x0, 0x0, 0x0, 0x3, 0x8c,
    0xef, 0xfe, 0xb6, 0x10, 0x0, 0x0,

    /* U+0169 "ũ" */
    0x0, 0x1, 0xaf, 0xd4, 0x0, 0x7f, 0xd0, 0x0,
    0x0, 0x9, 0xff, 0xff, 0x81, 0xcf, 0xb0, 0x0,
    0x0, 0x1f, 0xfb, 0xaf, 0xff, 0xff, 0x60, 0x0,
    0x0, 0x3f, 0xf2, 0x5, 0xff, 0xfd, 0x0, 0x0,
    0x0, 0x27, 0x70, 0x0, 0x16, 0x60, 0x0, 0x0,
    0x0, 0x0, 0x0, 0x0, 0x0, 0x0, 0x0, 0x0,
    0x0, 0x0, 0x0, 0x0, 0x0, 0x0, 0x0, 0x0,
    0xdf, 0xff, 0x30, 0x0, 0x0, 0xa, 0xff, 0xf7,
    0xdf, 0xff, 0x30, 0x0, 0x0, 0xa, 0xff, 0xf7,
    0xdf, 0xff, 0x30, 0x0, 0x0, 0xa, 0xff, 0xf7,
    0xdf, 0xff, 0x30, 0x0, 0x0, 0xa, 0xff, 0xf7,
    0xdf, 0xff, 0x30, 0x0, 0x0, 0xa, 0xff, 0xf7,
    0xdf, 0xff, 0x30, 0x0, 0x0, 0xa, 0xff, 0xf7,
    0xdf, 0xff, 0x30, 0x0, 0x0, 0xa, 0xff, 0xf7,
    0xdf, 0xff, 0x30, 0x0, 0x0, 0xa, 0xff, 0xf7,
    0xdf, 0xff, 0x30, 0x0, 0x0, 0xa, 0xff, 0xf7,
    0xdf, 0xff, 0x30, 0x0, 0x0, 0xa, 0xff, 0xf7,
    0xdf, 0xff, 0x30, 0x0, 0x0, 0xa, 0xff, 0xf7,
    0xdf, 0xff, 0x50, 0x0, 0x0, 0xc, 0xff, 0xf7,
    0xcf, 0xff, 0x90, 0x0, 0x0, 0x1f, 0xff, 0xf7,
    0x9f, 0xff, 0xf3, 0x0, 0x1, 0xcf, 0xff, 0xf7,
    0x4f, 0xff, 0xff, 0xb8, 0x9e, 0xfd, 0xff, 0xf7,
    0xb, 0xff, 0xff, 0xff, 0xff, 0xd7, 0xff, 0xf7,
    0x1, 0xcf, 0xff, 0xff, 0xfd, 0x17, 0xff, 0xf7,
    0x0, 0x7, 0xcf, 0xfd, 0x71, 0x6, 0xff, 0xf7,

    /* U+016A "Ū" */
    0x0, 0x0, 0xb, 0xff, 0xff, 0xff, 0xff, 0x30,
    0x0, 0x0, 0x0, 0x0, 0xb, 0xff, 0xff, 0xff,
    0xff, 0x30, 0x0, 0x0, 0x0, 0x0, 0x8, 0xcc,
    0xcc, 0xcc, 0xcc, 0x20, 0x0, 0x0, 0x0, 0x0,
    0x0, 0x0, 0x0, 0x0, 0x0, 0x0, 0x0, 0x0,
    0x0, 0x0, 0x0, 0x0, 0x0, 0x0, 0x0, 0x0,
    0x0, 0x0, 0x0, 0x0, 0x0, 0x0, 0x0, 0x0,
    0x0, 0x0, 0x0, 0x0, 0xaf, 0xff, 0x80, 0x0,
    0x0, 0x0, 0x0, 0xf, 0xff, 0xf3, 0xaf, 0xff,
    0x80, 0x0, 0x0, 0x0, 0x0, 0xf, 0xff, 0xf3,
    0xaf, 0xff, 0x80, 0x0, 0x0, 0x0, 0x0, 0xf,
    0xff, 0xf3, 0xaf, 0xff, 0x80, 0x0, 0x0, 0x0,
    0x0, 0xf, 0xff, 0xf3, 0xaf, 0xff, 0x80, 0x0,
    0x0, 0x0, 0x0, 0xf, 0xff, 0xf3, 0xaf, 0xff,
    0x80, 0x0, 0x0, 0x0, 0x0, 0xf, 0xff, 0xf3,
    0xaf, 0xff, 0x80, 0x0, 0x0, 0x0, 0x0, 0xf,
    0xff, 0xf3, 0xaf, 0xff, 0x80, 0x0, 0x0, 0x0,
    0x0, 0xf, 0xff, 0xf3, 0xaf, 0xff, 0x80, 0x0,
    0x0, 0x0, 0x0, 0xf, 0xff, 0xf3, 0xaf, 0xff,
    0x80, 0x0, 0x0, 0x0, 0x0, 0xf, 0xff, 0xf3,
    0xaf, 0xff, 0x80, 0x0, 0x0, 0x0, 0x0, 0xf,
    0xff, 0xf3, 0xaf, 0xff, 0x80, 0x0, 0x0, 0x0,
    0x0, 0xf, 0xff, 0xf3, 0xaf, 0xff, 0x80, 0x0,
    0x0, 0x0, 0x0, 0xf, 0xff, 0xf3, 0xaf, 0xff,
    0x80, 0x0, 0x0, 0x0, 0x0, 0xf, 0xff, 0xf3,
    0xaf, 0xff, 0x80, 0x0, 0x0, 0x0, 0x0, 0xf,
    0xff, 0xf3, 0xaf, 0xff, 0x80, 0x0, 0x0, 0x0,
    0x0, 0xf, 0xff, 0xf3, 0x9f, 0xff, 0xb0, 0x0,
    0x0, 0x0, 0x0, 0x2f, 0xff, 0xf2, 0x6f, 0xff,
    0xf1, 0x0, 0x0, 0x0, 0x0, 0x8f, 0xff, 0xf0,
    0x2f, 0xff, 0xfb, 0x0, 0x0, 0x0, 0x3, 0xff,
    0xff, 0xb0, 0xb, 0xff, 0xff, 0xc3, 0x0, 0x0,
    0x7f, 0xff, 0xff, 0x30, 0x1, 0xef, 0xff, 0xff,
    0xed, 0xdf, 0xff, 0xff, 0xf8, 0x0, 0x0, 0x3e,
    0xff, 0xff, 0xff, 0xff, 0xff, 0xff, 0xa0, 0x0,
    0x0, 0x1, 0xbf, 0xff, 0xff, 0xff, 0xff, 0xf6,
    0x0, 0x0, 0x0, 0x0, 0x3, 0x8c, 0xef, 0xfe,
    0xb6, 0x10, 0x0, 0x0,

    /* U+016B "ū" */
    0x0, 0xa, 0xff, 0xff, 0xff, 0xff, 0x40, 0x0,
    0x0, 0xa, 0xff, 0xff, 0xff, 0xff, 0x40, 0x0,
    0x0, 0x8, 0xcc, 0xcc, 0xcc, 0xcc, 0x30, 0x0,
    0x0, 0x0, 0x0, 0x0, 0x0, 0x0, 0x0, 0x0,
    0x0, 0x0, 0x0, 0x0, 0x0, 0x0, 0x0, 0x0,
    0x0, 0x0, 0x0, 0x0, 0x0, 0x0, 0x0, 0x0,
    0xdf, 0xff, 0x30, 0x0, 0x0, 0xa, 0xff, 0xf7,
    0xdf, 0xff, 0x30, 0x0, 0x0, 0xa, 0xff, 0xf7,
    0xdf, 0xff, 0x30, 0x0, 0x0, 0xa, 0xff, 0xf7,
    0xdf, 0xff, 0x30, 0x0, 0x0, 0xa, 0xff, 0xf7,
    0xdf, 0xff, 0x30, 0x0, 0x0, 0xa, 0xff, 0xf7,
    0xdf, 0xff, 0x30, 0x0, 0x0, 0xa, 0xff, 0xf7,
    0xdf, 0xff, 0x30, 0x0, 0x0, 0xa, 0xff, 0xf7,
    0xdf, 0xff, 0x30, 0x0, 0x0, 0xa, 0xff, 0xf7,
    0xdf, 0xff, 0x30, 0x0, 0x0, 0xa, 0xff, 0xf7,
    0xdf, 0xff, 0x30, 0x0, 0x0, 0xa, 0xff, 0xf7,
    0xdf, 0xff, 0x30, 0x0, 0x0, 0xa, 0xff, 0xf7,
    0xdf, 0xff, 0x50, 0x0, 0x0, 0xc, 0xff, 0xf7,
    0xcf, 0xff, 0x90, 0x0, 0x0, 0x1f, 0xff, 0xf7,
    0x9f, 0xff, 0xf3, 0x0, 0x1, 0xcf, 0xff, 0xf7,
    0x4f, 0xff, 0xff, 0xb8, 0x9e, 0xfd, 0xff, 0xf7,
    0xb, 0xff, 0xff, 0xff, 0xff, 0xd7, 0xff, 0xf7,
    0x1, 0xcf, 0xff, 0xff, 0xfd, 0x17, 0xff, 0xf7,
    0x0, 0x7, 0xcf, 0xfd, 0x71, 0x6, 0xff, 0xf7,

    /* U+016C "Ŭ" */
    0x0, 0x0, 0x4f, 0xf5, 0x0, 0x0, 0xcf, 0xc0,
    0x0, 0x0, 0x0, 0x0, 0xf, 0xfe, 0x40, 0x18,
    0xff, 0x80, 0x0, 0x0, 0x0, 0x0, 0x6, 0xff,
    0xff, 0xff, 0xfe, 0x10, 0x0, 0x0, 0x0, 0x0,
    0x0, 0x6e, 0xff, 0xff, 0xb2, 0x0, 0x0, 0x0,
    0x0, 0x0, 0x0, 0x0, 0x46, 0x52, 0x0, 0x0,
    0x0, 0x0, 0x0, 0x0, 0x0, 0x0, 0x0, 0x0,
    0x0, 0x0, 0x0, 0x0, 0x0, 0x0, 0x0, 0x0,
    0x0, 0x0, 0x0, 0x0, 0x0, 0x0, 0xaf, 0xff,
    0x80, 0x0, 0x0, 0x0, 0x0, 0xf, 0xff, 0xf3,
    0xaf, 0xff, 0x80, 0x0, 0x0, 0x0, 0x0, 0xf,
    0xff, 0xf3, 0xaf, 0xff, 0x80, 0x0, 0x0, 0x0,
    0x0, 0xf, 0xff, 0xf3, 0xaf, 0xff, 0x80, 0x0,
    0x0, 0x0, 0x0, 0xf, 0xff, 0xf3, 0xaf, 0xff,
    0x80, 0x0, 0x0, 0x0, 0x0, 0xf, 0xff, 0xf3,
    0xaf, 0xff, 0x80, 0x0, 0x0, 0x0, 0x0, 0xf,
    0xff, 0xf3, 0xaf, 0xff, 0x80, 0x0, 0x0, 0x0,
    0x0, 0xf, 0xff, 0xf3, 0xaf, 0xff, 0x80, 0x0,
    0x0, 0x0, 0x0, 0xf, 0xff, 0xf3, 0xaf, 0xff,
    0x80, 0x0, 0x0, 0x0, 0x0, 0xf, 0xff, 0xf3,
    0xaf, 0xff, 0x80, 0x0, 0x0, 0x0, 0x0, 0xf,
    0xff, 0xf3, 0xaf, 0xff, 0x80, 0x0, 0x0, 0x0,
    0x0, 0xf, 0xff, 0xf3, 0xaf, 0xff, 0x80, 0x0,
    0x0, 0x0, 0x0, 0xf, 0xff, 0xf3, 0xaf, 0xff,
    0x80, 0x0, 0x0, 0x0, 0x0, 0xf, 0xff, 0xf3,
    0xaf, 0xff, 0x80, 0x0, 0x0, 0x0, 0x0, 0xf,
    0xff, 0xf3, 0xaf, 0xff, 0x80, 0x0, 0x0, 0x0,
    0x0, 0xf, 0xff, 0xf3, 0xaf, 0xff, 0x80, 0x0,
    0x0, 0x0, 0x0, 0xf, 0xff, 0xf3, 0x9f, 0xff,
    0xb0, 0x0, 0x0, 0x0, 0x0, 0x2f, 0xff, 0xf2,
    0x6f, 0xff, 0xf1, 0x0, 0x0, 0x0, 0x0, 0x8f,
    0xff, 0xf0, 0x2f, 0xff, 0xfb, 0x0, 0x0, 0x0,
    0x3, 0xff, 0xff, 0xb0, 0xb, 0xff, 0xff, 0xc3,
    0x0, 0x0, 0x7f, 0xff, 0xff, 0x30, 0x1, 0xef,
    0xff, 0xff, 0xed, 0xdf, 0xff, 0xff, 0xf8, 0x0,
    0x0, 0x3e, 0xff, 0xff, 0xff, 0xff, 0xff, 0xff,
    0xa0, 0x0, 0x0, 0x1, 0xbf, 0xff, 0xff, 0xff,
    0xff, 0xf6, 0x0, 0x0, 0x0, 0x0, 0x3, 0x8c,
    0xef, 0xfe, 0xb6, 0x10, 0x0, 0x0,

    /* U+016D "ŭ" */
    0x0, 0x3f, 0xf5, 0x0, 0x0, 0xcf, 0xd0, 0x0,
    0x0, 0xf, 0xfe, 0x40, 0x18, 0xff, 0x80, 0x0,
    0x0, 0x6, 0xff, 0xff, 0xff, 0xfe, 0x10, 0x0,
    0x0, 0x0, 0x5e, 0xff, 0xff, 0xb2, 0x0, 0x0,
    0x0, 0x0, 0x0, 0x46, 0x52, 0x0, 0x0, 0x0,
    0x0, 0x0, 0x0, 0x0, 0x0, 0x0, 0x0, 0x0,
    0x0, 0x0, 0x0, 0x0, 0x0, 0x0, 0x0, 0x0,
    0xdf, 0xff, 0x30, 0x0, 0x0, 0xa, 0xff, 0xf7,
    0xdf, 0xff, 0x30, 0x0, 0x0, 0xa, 0xff, 0xf7,
    0xdf, 0xff, 0x30, 0x0, 0x0, 0xa, 0xff, 0xf7,
    0xdf, 0xff, 0x30, 0x0, 0x0, 0xa, 0xff, 0xf7,
    0xdf, 0xff, 0x30, 0x0, 0x0, 0xa, 0xff, 0xf7,
    0xdf, 0xff, 0x30, 0x0, 0x0, 0xa, 0xff, 0xf7,
    0xdf, 0xff, 0x30, 0x0, 0x0, 0xa, 0xff, 0xf7,
    0xdf, 0xff, 0x30, 0x0, 0x0, 0xa, 0xff, 0xf7,
    0xdf, 0xff, 0x30, 0x0, 0x0, 0xa, 0xff, 0xf7,
    0xdf, 0xff, 0x30, 0x0, 0x0, 0xa, 0xff, 0xf7,
    0xdf, 0xff, 0x30, 0x0, 0x0, 0xa, 0xff, 0xf7,
    0xdf, 0xff, 0x50, 0x0, 0x0, 0xc, 0xff, 0xf7,
    0xcf, 0xff, 0x90, 0x0, 0x0, 0x1f, 0xff, 0xf7,
    0x9f, 0xff, 0xf3, 0x0, 0x1, 0xcf, 0xff, 0xf7,
    0x4f, 0xff, 0xff, 0xb8, 0x9e, 0xfd, 0xff, 0xf7,
    0xb, 0xff, 0xff, 0xff, 0xff, 0xd7, 0xff, 0xf7,
    0x1, 0xcf, 0xff, 0xff, 0xfd, 0x17, 0xff, 0xf7,
    0x0, 0x7, 0xcf, 0xfd, 0x71, 0x6, 0xff, 0xf7,

    /* U+016E "Ů" */
    0x0, 0x0, 0x0, 0x6, 0xdf, 0xea, 0x20, 0x0,
    0x0, 0x0, 0x0, 0x0, 0x0, 0x8f, 0xff, 0xff,
    0xe2, 0x0, 0x0, 0x0, 0x0, 0x0, 0x2, 0xff,
    0x91, 0x3e, 0xfb, 0x0, 0x0, 0x0, 0x0, 0x0,
    0x6, 0xff, 0x0, 0x7, 0xff, 0x0, 0x0, 0x0,
    0x0, 0x0, 0x6, 0xff, 0x0, 0x7, 0xff, 0x0,
    0x0, 0x0, 0x0, 0x0, 0x2, 0xff, 0x90, 0x3e,
    0xfb, 0x0, 0x0, 0x0, 0x0, 0x0, 0x0, 0x9f,
    0xff, 0xff, 0xf2, 0x0, 0x0, 0x0, 0x0, 0x0,
    0x0, 0x7, 0xef, 0xfb, 0x20, 0x0, 0x0, 0x0,
    0x0, 0x0, 0x0, 0x0, 0x0, 0x0, 0x0, 0x0,
    0x0, 0x0, 0xaf, 0xff, 0x80, 0x0, 0x0, 0x0,
    0x0, 0xf, 0xff, 0xf3, 0xaf, 0xff, 0x80, 0x0,
    0x0, 0x0, 0x0, 0xf, 0xff, 0xf3, 0xaf, 0xff,
    0x80, 0x0, 0x0, 0x0, 0x0, 0xf, 0xff, 0xf3,
    0xaf, 0xff, 0x80, 0x0, 0x0, 0x0, 0x0, 0xf,
    0xff, 0xf3, 0xaf, 0xff, 0x80, 0x0, 0x0, 0x0,
    0x0, 0xf, 0xff, 0xf3, 0xaf, 0xff, 0x80, 0x0,
    0x0, 0x0, 0x0, 0xf, 0xff, 0xf3, 0xaf, 0xff,
    0x80, 0x0, 0x0, 0x0, 0x0, 0xf, 0xff, 0xf3,
    0xaf, 0xff, 0x80, 0x0, 0x0, 0x0, 0x0, 0xf,
    0xff, 0xf3, 0xaf, 0xff, 0x80, 0x0, 0x0, 0x0,
    0x0, 0xf, 0xff, 0xf3, 0xaf, 0xff, 0x80, 0x0,
    0x0, 0x0, 0x0, 0xf, 0xff, 0xf3, 0xaf, 0xff,
    0x80, 0x0, 0x0, 0x0, 0x0, 0xf, 0xff, 0xf3,
    0xaf, 0xff, 0x80, 0x0, 0x0, 0x0, 0x0, 0xf,
    0xff, 0xf3, 0xaf, 0xff, 0x80, 0x0, 0x0, 0x0,
    0x0, 0xf, 0xff, 0xf3, 0xaf, 0xff, 0x80, 0x0,
    0x0, 0x0, 0x0, 0xf, 0xff, 0xf3, 0xaf, 0xff,
    0x80, 0x0, 0x0, 0x0, 0x0, 0xf, 0xff, 0xf3,
    0xaf, 0xff, 0x80, 0x0, 0x0, 0x0, 0x0, 0xf,
    0xff, 0xf3, 0x9f, 0xff, 0xb0, 0x0, 0x0, 0x0,
    0x0, 0x2f, 0xff, 0xf2, 0x6f, 0xff, 0xf1, 0x0,
    0x0, 0x0, 0x0, 0x8f, 0xff, 0xf0, 0x2f, 0xff,
    0xfb, 0x0, 0x0, 0x0, 0x3, 0xff, 0xff, 0xb0,
    0xb, 0xff, 0xff, 0xc3, 0x0, 0x0, 0x7f, 0xff,
    0xff, 0x30, 0x1, 0xef, 0xff, 0xff, 0xed, 0xdf,
    0xff, 0xff, 0xf8, 0x0, 0x0, 0x3e, 0xff, 0xff,
    0xff, 0xff, 0xff, 0xff, 0xa0, 0x0, 0x0, 0x1,
    0xbf, 0xff, 0xff, 0xff, 0xff, 0xf6, 0x0, 0x0,
    0x0, 0x0, 0x3, 0x8c, 0xef, 0xfe, 0xb6, 0x10,
    0x0, 0x0,

    /* U+016F "ů" */
    0x0, 0x0, 0x0, 0x1, 0x0, 0x0, 0x0, 0x0,
    0x0, 0x0, 0x6, 0xef, 0xfb, 0x20, 0x0, 0x0,
    0x0, 0x0, 0x8f, 0xff, 0xff, 0xf2, 0x0, 0x0,
    0x0, 0x2, 0xff, 0x91, 0x3d, 0xfb, 0x0, 0x0,
    0x0, 0x6, 0xff, 0x0, 0x6, 0xff, 0x0, 0x0,
    0x0, 0x5, 0xff, 0x0, 0x6, 0xff, 0x0, 0x0,
    0x0, 0x1, 0xff, 0xa2, 0x4e, 0xfa, 0x0, 0x0,
    0x0, 0x0, 0x7f, 0xff, 0xff, 0xe2, 0x0, 0x0,
    0x0, 0x0, 0x5, 0xcf, 0xea, 0x10, 0x0, 0x0,
    0x0, 0x0, 0x0, 0x0, 0x0, 0x0, 0x0, 0x0,
    0xdf, 0xff, 0x30, 0x0, 0x0, 0xa, 0xff, 0xf7,
    0xdf, 0xff, 0x30, 0x0, 0x0, 0xa, 0xff, 0xf7,
    0xdf, 0xff, 0x30, 0x0, 0x0, 0xa, 0xff, 0xf7,
    0xdf, 0xff, 0x30, 0x0, 0x0, 0xa, 0xff, 0xf7,
    0xdf, 0xff, 0x30, 0x0, 0x0, 0xa, 0xff, 0xf7,
    0xdf, 0xff, 0x30, 0x0, 0x0, 0xa, 0xff, 0xf7,
    0xdf, 0xff, 0x30, 0x0, 0x0, 0xa, 0xff, 0xf7,
    0xdf, 0xff, 0x30, 0x0, 0x0, 0xa, 0xff, 0xf7,
    0xdf, 0xff, 0x30, 0x0, 0x0, 0xa, 0xff, 0xf7,
    0xdf, 0xff, 0x30, 0x0, 0x0, 0xa, 0xff, 0xf7,
    0xdf, 0xff, 0x30, 0x0, 0x0, 0xa, 0xff, 0xf7,
    0xdf, 0xff, 0x50, 0x0, 0x0, 0xc, 0xff, 0xf7,
    0xcf, 0xff, 0x90, 0x0, 0x0, 0x1f, 0xff, 0xf7,
    0x9f, 0xff, 0xf3, 0x0, 0x1, 0xcf, 0xff, 0xf7,
    0x4f, 0xff, 0xff, 0xb8, 0x9e, 0xfd, 0xff, 0xf7,
    0xb, 0xff, 0xff, 0xff, 0xff, 0xd7, 0xff, 0xf7,
    0x1, 0xcf, 0xff, 0xff, 0xfd, 0x17, 0xff, 0xf7,
    0x0, 0x7, 0xcf, 0xfd, 0x71, 0x6, 0xff, 0xf7,

    /* U+0170 "Ű" */
    0x0, 0x0, 0x1, 0xff, 0xfb, 0x0, 0xef, 0xfe,
    0x10, 0x0, 0x0, 0x0, 0x6, 0xff, 0xf2, 0x7,
    0xff, 0xf4, 0x0, 0x0, 0x0, 0x0, 0xc, 0xff,
    0xa0, 0x1e, 0xff, 0x80, 0x0, 0x0, 0x0, 0x0,
    0x1f, 0xff, 0x10, 0x8f, 0xfb, 0x0, 0x0, 0x0,
    0x0, 0x0, 0x6d, 0xd8, 0x1, 0xdd, 0xc1, 0x0,
    0x0, 0x0, 0x0, 0x0, 0x0, 0x0, 0x0, 0x0,
    0x0, 0x0, 0x0, 0x0, 0x0, 0x0, 0x0, 0x0,
    0x0, 0x0, 0x0, 0x0, 0x0, 0x0, 0xaf, 0xff,
    0x80, 0x0, 0x0, 0x0, 0x0, 0xf, 0xff, 0xf3,
    0xaf, 0xff, 0x80, 0x0, 0x0, 0x0, 0x0, 0xf,
    0xff, 0xf3, 0xaf, 0xff, 0x80, 0x0, 0x0, 0x0,
    0x0, 0xf, 0xff, 0xf3, 0xaf, 0xff, 0x80, 0x0,
    0x0, 0x0, 0x0, 0xf, 0xff, 0xf3, 0xaf, 0xff,
    0x80, 0x0, 0x0, 0x0, 0x0, 0xf, 0xff, 0xf3,
    0xaf, 0xff, 0x80, 0x0, 0x0, 0x0, 0x0, 0xf,
    0xff, 0xf3, 0xaf, 0xff, 0x80, 0x0, 0x0, 0x0,
    0x0, 0xf, 0xff, 0xf3, 0xaf, 0xff, 0x80, 0x0,
    0x0, 0x0, 0x0, 0xf, 0xff, 0xf3, 0xaf, 0xff,
    0x80, 0x0, 0x0, 0x0, 0x0, 0xf, 0xff, 0xf3,
    0xaf, 0xff, 0x80, 0x0, 0x0, 0x0, 0x0, 0xf,
    0xff, 0xf3, 0xaf, 0xff, 0x80, 0x0, 0x0, 0x0,
    0x0, 0xf, 0xff, 0xf3, 0xaf, 0xff, 0x80, 0x0,
    0x0, 0x0, 0x0, 0xf, 0xff, 0xf3, 0xaf, 0xff,
    0x80, 0x0, 0x0, 0x0, 0x0, 0xf, 0xff, 0xf3,
    0xaf, 0xff, 0x80, 0x0, 0x0, 0x0, 0x0, 0xf,
    0xff, 0xf3, 0xaf, 0xff, 0x80, 0x0, 0x0, 0x0,
    0x0, 0xf, 0xff, 0xf3, 0xaf, 0xff, 0x80, 0x0,
    0x0, 0x0, 0x0, 0xf, 0xff, 0xf3, 0x9f, 0xff,
    0xb0, 0x0, 0x0, 0x0, 0x0, 0x2f, 0xff, 0xf2,
    0x6f, 0xff, 0xf1, 0x0, 0x0, 0x0, 0x0, 0x8f,
    0xff, 0xf0, 0x2f, 0xff, 0xfb, 0x0, 0x0, 0x0,
    0x3, 0xff, 0xff, 0xb0, 0xb, 0xff, 0xff, 0xc3,
    0x0, 0x0, 0x7f, 0xff, 0xff, 0x30, 0x1, 0xef,
    0xff, 0xff, 0xed, 0xdf, 0xff, 0xff, 0xf8, 0x0,
    0x0, 0x3e, 0xff, 0xff, 0xff, 0xff, 0xff, 0xff,
    0xa0, 0x0, 0x0, 0x1, 0xbf, 0xff, 0xff, 0xff,
    0xff, 0xf6, 0x0, 0x0, 0x0, 0x0, 0x3, 0x8c,
    0xef, 0xfe, 0xb6, 0x10, 0x0, 0x0,

    /* U+0171 "ű" */
    0x0, 0x1, 0xff, 0xfb, 0x0, 0xef, 0xfe, 0x10,
    0x0, 0x6, 0xff, 0xf2, 0x7, 0xff, 0xf4, 0x0,
    0x0, 0xb, 0xff, 0xa0, 0xe, 0xff, 0x80, 0x0,
    0x0, 0x1f, 0xff, 0x20, 0x8f, 0xfc, 0x0, 0x0,
    0x0, 0x5e, 0xe8, 0x1, 0xde, 0xd1, 0x0, 0x0,
    0x0, 0x0, 0x0, 0x0, 0x0, 0x0, 0x0, 0x0,
    0x0, 0x0, 0x0, 0x0, 0x0, 0x0, 0x0, 0x0,
    0xdf, 0xff, 0x30, 0x0, 0x0, 0xa, 0xff, 0xf7,
    0xdf, 0xff, 0x30, 0x0, 0x0, 0xa, 0xff, 0xf7,
    0xdf, 0xff, 0x30, 0x0, 0x0, 0xa, 0xff, 0xf7,
    0xdf, 0xff, 0x30, 0x0, 0x0, 0xa, 0xff, 0xf7,
    0xdf, 0xff, 0x30, 0x0, 0x0, 0xa, 0xff, 0xf7,
    0xdf, 0xff, 0x30, 0x0, 0x0, 0xa, 0xff, 0xf7,
    0xdf, 0xff, 0x30, 0x0, 0x0, 0xa, 0xff, 0xf7,
    0xdf, 0xff, 0x30, 0x0, 0x0, 0xa, 0xff, 0xf7,
    0xdf, 0xff, 0x30, 0x0, 0x0, 0xa, 0xff, 0xf7,
    0xdf, 0xff, 0x30, 0x0, 0x0, 0xa, 0xff, 0xf7,
    0xdf, 0xff, 0x30, 0x0, 0x0, 0xa, 0xff, 0xf7,
    0xdf, 0xff, 0x50, 0x0, 0x0, 0xc, 0xff, 0xf7,
    0xcf, 0xff, 0x90, 0x0, 0x0, 0x1f, 0xff, 0xf7,
    0x9f, 0xff, 0xf3, 0x0, 0x1, 0xcf, 0xff, 0xf7,
    0x4f, 0xff, 0xff, 0xb8, 0x9e, 0xfd, 0xff, 0xf7,
    0xb, 0xff, 0xff, 0xff, 0xff, 0xd7, 0xff, 0xf7,
    0x1, 0xcf, 0xff, 0xff, 0xfd, 0x17, 0xff, 0xf7,
    0x0, 0x7, 0xcf, 0xfd, 0x71, 0x6, 0xff, 0xf7,

    /* U+0172 "Ų" */
    0xaf, 0xff, 0x80, 0x0, 0x0, 0x0, 0x0, 0xf,
    0xff, 0xf3, 0xaf, 0xff, 0x80, 0x0, 0x0, 0x0,
    0x0, 0xf, 0xff, 0xf3, 0xaf, 0xff, 0x80, 0x0,
    0x0, 0x0, 0x0, 0xf, 0xff, 0xf3, 0xaf, 0xff,
    0x80, 0x0, 0x0, 0x0, 0x0, 0xf, 0xff, 0xf3,
    0xaf, 0xff, 0x80, 0x0, 0x0, 0x0, 0x0, 0xf,
    0xff, 0xf3, 0xaf, 0xff, 0x80, 0x0, 0x0, 0x0,
    0x0, 0xf, 0xff, 0xf3, 0xaf, 0xff, 0x80, 0x0,
    0x0, 0x0, 0x0, 0xf, 0xff, 0xf3, 0xaf, 0xff,
    0x80, 0x0, 0x0, 0x0, 0x0, 0xf, 0xff, 0xf3,
    0xaf, 0xff, 0x80, 0x0, 0x0, 0x0, 0x0, 0xf,
    0xff, 0xf3, 0xaf, 0xff, 0x80, 0x0, 0x0, 0x0,
    0x0, 0xf, 0xff, 0xf3, 0xaf, 0xff, 0x80, 0x0,
    0x0, 0x0, 0x0, 0xf, 0xff, 0xf3, 0xaf, 0xff,
    0x80, 0x0, 0x0, 0x0, 0x0, 0xf, 0xff, 0xf3,
    0xaf, 0xff, 0x80, 0x0, 0x0, 0x0, 0x0, 0xf,
    0xff, 0xf3, 0xaf, 0xff, 0x80, 0x0, 0x0, 0x0,
    0x0, 0xf, 0xff, 0xf3, 0xaf, 0xff, 0x80, 0x0,
    0x0, 0x0, 0x0, 0xf, 0xff, 0xf3, 0xaf, 0xff,
    0x80, 0x0, 0x0, 0x0, 0x0, 0xf, 0xff, 0xf5,
    0x9f, 0xff, 0xb0, 0x0, 0x0, 0x0, 0x0, 0x2f,
    0xff, 0xf4, 0x6f, 0xff, 0xf1, 0x0, 0x0, 0x0,
    0x0, 0x8f, 0xff, 0xf0, 0x2f, 0xff, 0xfb, 0x0,
    0x0, 0x0, 0x3, 0xff, 0xff, 0xf0, 0xb, 0xff,
    0xff, 0xc3, 0x0, 0x0, 0x7f, 0xff, 0xff, 0x90,
    0x1, 0xef, 0xff, 0xff, 0xed, 0xdf, 0xff, 0xff,
    0xff, 0x0, 0x0, 0x3e, 0xff, 0xff, 0xff, 0xff,
    0xff, 0xff, 0xf1, 0x0, 0x0, 0x1, 0xbf, 0xff,
    0xff, 0xff, 0xff, 0xff, 0x10, 0x0, 0x0, 0x0,
    0x3, 0x8c, 0xef, 0xff, 0xff, 0x70, 0x0, 0x0,
    0x0, 0x0, 0x0, 0x0, 0x5e, 0xff, 0x91, 0x0,
    0x0, 0x0, 0x0, 0x0, 0x0, 0x5, 0xff, 0xf5,
    0x0, 0x0, 0x0, 0x0, 0x0, 0x0, 0x0, 0xe,
    0xff, 0xa0, 0x0, 0x0, 0x0, 0x0, 0x0, 0x0,
    0x0, 0x1f, 0xff, 0xa0, 0x0, 0x0, 0x0, 0x0,
    0x0, 0x0, 0x0, 0xf, 0xff, 0xfc, 0xe4, 0x0,
    0x0, 0x0, 0x0, 0x0, 0x0, 0x9, 0xff, 0xff,
    0xfa, 0x0, 0x0, 0x0, 0x0, 0x0, 0x0, 0x0,
    0x6c, 0xfe, 0xc6, 0x0, 0x0, 0x0,

    /* U+0173 "ų" */
    0xdf, 0xff, 0x30, 0x0, 0x0, 0xa, 0xff, 0xf7,
    0xd, 0xff, 0xf3, 0x0, 0x0, 0x0, 0xaf, 0xff,
    0x70, 0xdf, 0xff, 0x30, 0x0, 0x0, 0xa, 0xff,
    0xf7, 0xd, 0xff, 0xf3, 0x0, 0x0, 0x0, 0xaf,
    0xff, 0x70, 0xdf, 0xff, 0x30, 0x0, 0x0, 0xa,
    0xff, 0xf7, 0xd, 0xff, 0xf3, 0x0, 0x0, 0x0,
    0xaf, 0xff, 0x70, 0xdf, 0xff, 0x30, 0x0, 0x0,
    0xa, 0xff, 0xf7, 0xd, 0xff, 0xf3, 0x0, 0x0,
    0x0, 0xaf, 0xff, 0x70, 0xdf, 0xff, 0x30, 0x0,
    0x0, 0xa, 0xff, 0xf7, 0xd, 0xff, 0xf3, 0x0,
    0x0, 0x0, 0xaf, 0xff, 0x70, 0xdf, 0xff, 0x30,
    0x0, 0x0, 0xa, 0xff, 0xf7, 0xd, 0xff, 0xf5,
    0x0, 0x0, 0x0, 0xcf, 0xff, 0x70, 0xcf, 0xff,
    0x90, 0x0, 0x0, 0x1f, 0xff, 0xf7, 0x9, 0xff,
    0xff, 0x30, 0x0, 0x1c, 0xff, 0xff, 0x70, 0x4f,
    0xff, 0xff, 0xb8, 0x9e, 0xfd, 0xff, 0xf7, 0x0,
    0xbf, 0xff, 0xff, 0xff, 0xfd, 0x7f, 0xff, 0x70,
    0x1, 0xcf, 0xff, 0xff, 0xfd, 0x17, 0xff, 0xf7,
    0x0, 0x0, 0x7c, 0xff, 0xd7, 0x10, 0xdf, 0xff,
    0x80, 0x0, 0x0, 0x0, 0x0, 0x0, 0x8f, 0xff,
    0x60, 0x0, 0x0, 0x0, 0x0, 0x0, 0x3f, 0xff,
    0x60, 0x0, 0x0, 0x0, 0x0, 0x0, 0xa, 0xff,
    0xf0, 0x0, 0x0, 0x0, 0x0, 0x0, 0x0, 0xcf,
    0xff, 0x0, 0x0, 0x0, 0x0, 0x0, 0x0, 0xa,
    0xff, 0xfe, 0xd9, 0x0, 0x0, 0x0, 0x0, 0x0,
    0x3f, 0xff, 0xff, 0xf1, 0x0, 0x0, 0x0, 0x0,
    0x0, 0x3b, 0xef, 0xd9, 0x10,

    /* U+0174 "Ŵ" */
    0x0, 0x0, 0x0, 0x0, 0x0, 0x0, 0x0, 0xbf,
    0xff, 0x60, 0x0, 0x0, 0x0, 0x0, 0x0, 0x0,
    0x0, 0x0, 0x0, 0x0, 0x0, 0x0, 0x9, 0xff,
    0xff, 0xf4, 0x0, 0x0, 0x0, 0x0, 0x0, 0x0,
    0x0, 0x0, 0x0, 0x0, 0x0, 0x0, 0x7f, 0xfe,
    0x7f, 0xfe, 0x20, 0x0, 0x0, 0x0, 0x0, 0x0,
    0x0, 0x0, 0x0, 0x0, 0x0, 0x5, 0xff, 0xf4,
    0x9, 0xff, 0xd1, 0x0, 0x0, 0x0, 0x0, 0x0,
    0x0, 0x0, 0x0, 0x0, 0x0, 0x3f, 0xff, 0x70,
    0x0, 0xcf, 0xfc, 0x0, 0x0, 0x0, 0x0, 0x0,
    0x0, 0x0, 0x0, 0x0, 0x0, 0x0, 0x0, 0x0,
    0x0, 0x0, 0x0, 0x0, 0x0, 0x0, 0x0, 0x0,
    0x0, 0x0, 0x0, 0x0, 0x0, 0x0, 0x0, 0x0,
    0x0, 0x0, 0x0, 0x0, 0x0, 0x0, 0x0, 0x0,
    0x1f, 0xff, 0xf6, 0x0, 0x0, 0x0, 0x0, 0xff,
    0xff, 0xa0, 0x0, 0x0, 0x0, 0xc, 0xff, 0xfb,
    0xd, 0xff, 0xf9, 0x0, 0x0, 0x0, 0x4, 0xff,
    0xff, 0xe0, 0x0, 0x0, 0x0, 0xf, 0xff, 0xf7,
    0x9, 0xff, 0xfd, 0x0, 0x0, 0x0, 0x8, 0xff,
    0xff, 0xf2, 0x0, 0x0, 0x0, 0x3f, 0xff, 0xf3,
    0x4, 0xff, 0xff, 0x10, 0x0, 0x0, 0xc, 0xff,
    0xff, 0xf6, 0x0, 0x0, 0x0, 0x7f, 0xff, 0xe0,
    0x0, 0xff, 0xff, 0x50, 0x0, 0x0, 0xf, 0xff,
    0xff, 0xfa, 0x0, 0x0, 0x0, 0xbf, 0xff, 0xa0,
    0x0, 0xcf, 0xff, 0x90, 0x0, 0x0, 0x4f, 0xff,
    0xdf, 0xfe, 0x0, 0x0, 0x0, 0xef, 0xff, 0x60,
    0x0, 0x8f, 0xff, 0xc0, 0x0, 0x0, 0x7f, 0xff,
    0x8f, 0xff, 0x20, 0x0, 0x2, 0xff, 0xff, 0x20,
    0x0, 0x4f, 0xff, 0xf0, 0x0, 0x0, 0xbf, 0xfe,
    0x4f, 0xff, 0x50, 0x0, 0x6, 0xff, 0xfe, 0x0,
    0x0, 0xf, 0xff, 0xf4, 0x0, 0x0, 0xff, 0xfb,
    0x1f, 0xff, 0x90, 0x0, 0xa, 0xff, 0xfa, 0x0,
    0x0, 0xb, 0xff, 0xf8, 0x0, 0x3, 0xff, 0xf7,
    0xe, 0xff, 0xd0, 0x0, 0xe, 0xff, 0xf5, 0x0,
    0x0, 0x7, 0xff, 0xfc, 0x0, 0x7, 0xff, 0xf4,
    0xa, 0xff, 0xf1, 0x0, 0x1f, 0xff, 0xf1, 0x0,
    0x0, 0x3, 0xff, 0xff, 0x0, 0xb, 0xff, 0xf0,
    0x6, 0xff, 0xf5, 0x0, 0x5f, 0xff, 0xd0, 0x0,
    0x0, 0x0, 0xef, 0xff, 0x30, 0xf, 0xff, 0xc0,
    0x2, 0xff, 0xf9, 0x0, 0x9f, 0xff, 0x90, 0x0,
    0x0, 0x0, 0xbf, 0xff, 0x60, 0x3f, 0xff, 0x80,
    0x0, 0xef, 0xfd, 0x0, 0xcf, 0xff, 0x50, 0x0,
    0x0, 0x0, 0x6f, 0xff, 0xa0, 0x6f, 0xff, 0x40,
    0x0, 0xaf, 0xff, 0x0, 0xff, 0xff, 0x10, 0x0,
    0x0, 0x0, 0x2f, 0xff, 0xd0, 0xaf, 0xff, 0x0,
    0x0, 0x6f, 0xff, 0x33, 0xff, 0xfc, 0x0, 0x0,
    0x0, 0x0, 0xe, 0xff, 0xf0, 0xdf, 0xfc, 0x0,
    0x0, 0x2f, 0xff, 0x76, 0xff, 0xf8, 0x0, 0x0,
    0x0, 0x0, 0xa, 0xff, 0xf3, 0xff, 0xf8, 0x0,
    0x0, 0xe, 0xff, 0xa9, 0xff, 0xf4, 0x0, 0x0,
    0x0, 0x0, 0x6, 0xff, 0xf8, 0xff, 0xf3, 0x0,
    0x0, 0xa, 0xff, 0xdb, 0xff, 0xf0, 0x0, 0x0,
    0x0, 0x0, 0x1, 0xff, 0xfe, 0xff, 0xf0, 0x0,
    0x0, 0x5, 0xff, 0xfe, 0xff, 0xb0, 0x0, 0x0,
    0x0, 0x0, 0x0, 0xdf, 0xff, 0xff, 0xb0, 0x0,
    0x0, 0x1, 0xff, 0xff, 0xff, 0x70, 0x0, 0x0,
    0x0, 0x0, 0x0, 0x9f, 0xff, 0xff, 0x70, 0x0,
    0x0, 0x0, 0xdf, 0xff, 0xff, 0x30, 0x0, 0x0,
    0x0, 0x0, 0x0, 0x5f, 0xff, 0xff, 0x30, 0x0,
    0x0, 0x0, 0x9f, 0xff, 0xff, 0x0, 0x0, 0x0,
    0x0, 0x0, 0x0, 0x1f, 0xff, 0xff, 0x0, 0x0,
    0x0, 0x0, 0x5f, 0xff, 0xfb, 0x0, 0x0, 0x0,

    /* U+0175 "ŵ" */
    0x0, 0x0, 0x0, 0x0, 0x0, 0xa, 0xff, 0xf7,
    0x0, 0x0, 0x0, 0x0, 0x0, 0x0, 0x0, 0x0,
    0x0, 0x0, 0x8, 0xff, 0xff, 0xf5, 0x0, 0x0,
    0x0, 0x0, 0x0, 0x0, 0x0, 0x0, 0x0, 0x6,
    0xff, 0xf6, 0xff, 0xf3, 0x0, 0x0, 0x0, 0x0,
    0x0, 0x0, 0x0, 0x0, 0x4, 0xff, 0xf5, 0x8,
    0xff, 0xe1, 0x0, 0x0, 0x0, 0x0, 0x0, 0x0,
    0x0, 0x3, 0xff, 0xf9, 0x0, 0xb, 0xff, 0xd0,
    0x0, 0x0, 0x0, 0x0, 0x0, 0x0, 0x0, 0x0,
    0x0, 0x0, 0x0, 0x0, 0x0, 0x0, 0x0, 0x0,
    0x0, 0x0, 0x0, 0x0, 0x0, 0x0, 0x0, 0x0,
    0x0, 0x0, 0x0, 0x0, 0x0, 0x0, 0x2, 0xff,
    0xff, 0x10, 0x0, 0x0, 0x9f, 0xff, 0x80, 0x0,
    0x0, 0x4f, 0xff, 0xf0, 0xe, 0xff, 0xf5, 0x0,
    0x0, 0xd, 0xff, 0xfc, 0x0, 0x0, 0x8, 0xff,
    0xfb, 0x0, 0x9f, 0xff, 0x90, 0x0, 0x1, 0xff,
    0xff, 0xf0, 0x0, 0x0, 0xcf, 0xff, 0x70, 0x4,
    0xff, 0xfd, 0x0, 0x0, 0x5f, 0xff, 0xff, 0x30,
    0x0, 0xf, 0xff, 0xf2, 0x0, 0xf, 0xff, 0xf1,
    0x0, 0x9, 0xff, 0xff, 0xf7, 0x0, 0x3, 0xff,
    0xfd, 0x0, 0x0, 0xbf, 0xff, 0x40, 0x0, 0xdf,
    0xfb, 0xff, 0xb0, 0x0, 0x7f, 0xff, 0x90, 0x0,
    0x7, 0xff, 0xf8, 0x0, 0x1f, 0xff, 0x4f, 0xff,
    0x0, 0xb, 0xff, 0xf4, 0x0, 0x0, 0x2f, 0xff,
    0xc0, 0x5, 0xff, 0xd0, 0xff, 0xf3, 0x0, 0xff,
    0xff, 0x0, 0x0, 0x0, 0xdf, 0xff, 0x0, 0x9f,
    0xf9, 0xb, 0xff, 0x70, 0x3f, 0xff, 0xb0, 0x0,
    0x0, 0x9, 0xff, 0xf3, 0xd, 0xff, 0x50, 0x7f,
    0xfa, 0x6, 0xff, 0xf6, 0x0, 0x0, 0x0, 0x4f,
    0xff, 0x71, 0xff, 0xf1, 0x3, 0xff, 0xe0, 0xaf,
    0xff, 0x20, 0x0, 0x0, 0x0, 0xff, 0xfa, 0x4f,
    0xfc, 0x0, 0xf, 0xff, 0x2d, 0xff, 0xd0, 0x0,
    0x0, 0x0, 0xb, 0xff, 0xe8, 0xff, 0x80, 0x0,
    0xbf, 0xf6, 0xff, 0xf8, 0x0, 0x0, 0x0, 0x0,
    0x6f, 0xff, 0xcf, 0xf4, 0x0, 0x6, 0xff, 0xcf,
    0xff, 0x40, 0x0, 0x0, 0x0, 0x1, 0xff, 0xff,
    0xff, 0x0, 0x0, 0x2f, 0xff, 0xff, 0xf0, 0x0,
    0x0, 0x0, 0x0, 0xd, 0xff, 0xff, 0xb0, 0x0,
    0x0, 0xdf, 0xff, 0xfa, 0x0, 0x0, 0x0, 0x0,
    0x0, 0x8f, 0xff, 0xf6, 0x0, 0x0, 0x9, 0xff,
    0xff, 0x60, 0x0, 0x0, 0x0, 0x0, 0x4, 0xff,
    0xff, 0x20, 0x0, 0x0, 0x4f, 0xff, 0xf1, 0x0,
    0x0, 0x0,

    /* U+0176 "Ŷ" */
    0x0, 0x0, 0x0, 0x0, 0x8, 0xdd, 0xd6, 0x0,
    0x0, 0x0, 0x0, 0x0, 0x0, 0x0, 0x0, 0x8,
    0xff, 0xff, 0xf5, 0x0, 0x0, 0x0, 0x0, 0x0,
    0x0, 0x0, 0x7, 0xff, 0xe5, 0xff, 0xf4, 0x0,
    0x0, 0x0, 0x0, 0x0, 0x0, 0x7, 0xff, 0xf3,
    0x5, 0xff, 0xf3, 0x0, 0x0, 0x0, 0x0, 0x0,
    0x2, 0xaa, 0xa4, 0x0, 0x6, 0xaa, 0x90, 0x0,
    0x0, 0x0, 0x0, 0x0, 0x0, 0x0, 0x0, 0x0,
    0x0, 0x0, 0x0, 0x0, 0x0, 0x0, 0x0, 0x0,
    0x0, 0x0, 0x0, 0x0, 0x0, 0x0, 0x0, 0x0,
    0x0, 0xef, 0xff, 0xe0, 0x0, 0x0, 0x0, 0x0,
    0x1, 0xff, 0xff, 0xc0, 0x5, 0xff, 0xff, 0x70,
    0x0, 0x0, 0x0, 0x0, 0x9f, 0xff, 0xf3, 0x0,
    0xc, 0xff, 0xff, 0x10, 0x0, 0x0, 0x0, 0x2f,
    0xff, 0xf9, 0x0, 0x0, 0x2f, 0xff, 0xf9, 0x0,
    0x0, 0x0, 0xb, 0xff, 0xff, 0x10, 0x0, 0x0,
    0x9f, 0xff, 0xf2, 0x0, 0x0, 0x3, 0xff, 0xff,
    0x70, 0x0, 0x0, 0x1, 0xef, 0xff, 0xa0, 0x0,
    0x0, 0xcf, 0xff, 0xd0, 0x0, 0x0, 0x0, 0x6,
    0xff, 0xff, 0x30, 0x0, 0x4f, 0xff, 0xf4, 0x0,
    0x0, 0x0, 0x0, 0xd, 0xff, 0xfc, 0x0, 0xd,
    0xff, 0xfb, 0x0, 0x0, 0x0, 0x0, 0x0, 0x4f,
    0xff, 0xf4, 0x5, 0xff, 0xff, 0x20, 0x0, 0x0,
    0x0, 0x0, 0x0, 0xaf, 0xff, 0xc0, 0xdf, 0xff,
    0x80, 0x0, 0x0, 0x0, 0x0, 0x0, 0x1, 0xff,
    0xff, 0x7f, 0xff, 0xe0, 0x0, 0x0, 0x0, 0x0,
    0x0, 0x0, 0x8, 0xff, 0xff, 0xff, 0xf6, 0x0,
    0x0, 0x0, 0x0, 0x0, 0x0, 0x0, 0xe, 0xff,
    0xff, 0xfc, 0x0, 0x0, 0x0, 0x0, 0x0, 0x0,
    0x0, 0x0, 0x5f, 0xff, 0xff, 0x30, 0x0, 0x0,
    0x0, 0x0, 0x0, 0x0, 0x0, 0x0, 0xcf, 0xff,
    0xb0, 0x0, 0x0, 0x0, 0x0, 0x0, 0x0, 0x0,
    0x0, 0xa, 0xff, 0xf8, 0x0, 0x0, 0x0, 0x0,
    0x0, 0x0, 0x0, 0x0, 0x0, 0xaf, 0xff, 0x80,
    0x0, 0x0, 0x0, 0x0, 0x0, 0x0, 0x0, 0x0,
    0xa, 0xff, 0xf8, 0x0, 0x0, 0x0, 0x0, 0x0,
    0x0, 0x0, 0x0, 0x0, 0xaf, 0xff, 0x80, 0x0,
    0x0, 0x0, 0x0, 0x0, 0x0, 0x0, 0x0, 0xa,
    0xff, 0xf8, 0x0, 0x0, 0x0, 0x0, 0x0, 0x0,
    0x0, 0x0, 0x0, 0xaf, 0xff, 0x80, 0x0, 0x0,
    0x0, 0x0, 0x0, 0x0, 0x0, 0x0, 0xa, 0xff,
    0xf8, 0x0, 0x0, 0x0, 0x0, 0x0, 0x0, 0x0,
    0x0, 0x0, 0xaf, 0xff, 0x80, 0x0, 0x0, 0x0,
    0x0, 0x0, 0x0, 0x0, 0x0, 0xa, 0xff, 0xf8,
    0x0, 0x0, 0x0, 0x0, 0x0,

    /* U+0177 "ŷ" */
    0x0, 0x0, 0x0, 0x3, 0x88, 0x82, 0x0, 0x0,
    0x0, 0x0, 0x0, 0x0, 0x3, 0xff, 0xff, 0xe2,
    0x0, 0x0, 0x0, 0x0, 0x0, 0x3, 0xff, 0xfa,
    0xff, 0xd1, 0x0, 0x0, 0x0, 0x0, 0x2, 0xef,
    0xf7, 0x9, 0xff, 0xd1, 0x0, 0x0, 0x0, 0x2,
    0xef, 0xfa, 0x0, 0xb, 0xff, 0xc0, 0x0, 0x0,
    0x0, 0x0, 0x0, 0x0, 0x0, 0x0, 0x0, 0x0,
    0x0, 0x0, 0x0, 0x0, 0x0, 0x0, 0x0, 0x0,
    0x0, 0x0, 0x3, 0xff, 0xff, 0x10, 0x0, 0x0,
    0x0, 0x3f, 0xff, 0xf1, 0xd, 0xff, 0xf6, 0x0,
    0x0, 0x0, 0x9, 0xff, 0xfa, 0x0, 0x7f, 0xff,
    0xc0, 0x0, 0x0, 0x0, 0xef, 0xff, 0x40, 0x2,
    0xff, 0xff, 0x10, 0x0, 0x0, 0x4f, 0xff, 0xe0,
    0x0, 0xc, 0xff, 0xf6, 0x0, 0x0, 0x9, 0xff,
    0xf9, 0x0, 0x0, 0x6f, 0xff, 0xb0, 0x0, 0x0,
    0xef, 0xff, 0x30, 0x0, 0x1, 0xff, 0xff, 0x10,
    0x0, 0x4f, 0xff, 0xd0, 0x0, 0x0, 0xa, 0xff,
    0xf6, 0x0, 0x9, 0xff, 0xf7, 0x0, 0x0, 0x0,
    0x4f, 0xff, 0xb0, 0x0, 0xef, 0xff, 0x10, 0x0,
    0x0, 0x0, 0xef, 0xff, 0x0, 0x4f, 0xff, 0xb0,
    0x0, 0x0, 0x0, 0x9, 0xff, 0xf5, 0x9, 0xff,
    0xf5, 0x0, 0x0, 0x0, 0x0, 0x3f, 0xff, 0x90,
    0xdf, 0xff, 0x0, 0x0, 0x0, 0x0, 0x0, 0xdf,
    0xfd, 0x2f, 0xff, 0xa0, 0x0, 0x0, 0x0, 0x0,
    0x7, 0xff, 0xf7, 0xff, 0xf4, 0x0, 0x0, 0x0,
    0x0, 0x0, 0x2f, 0xff, 0xef, 0xfe, 0x0, 0x0,
    0x0, 0x0, 0x0, 0x0, 0xcf, 0xff, 0xff, 0x80,
    0x0, 0x0, 0x0, 0x0, 0x0, 0x6, 0xff, 0xff,
    0xf2, 0x0, 0x0, 0x0, 0x0, 0x0, 0x0, 0x1f,
    0xff, 0xfc, 0x0, 0x0, 0x0, 0x0, 0x0, 0x0,
    0x0, 0xef, 0xff, 0x60, 0x0, 0x0, 0x0, 0x0,
    0x0, 0x0, 0x1f, 0xff, 0xf1, 0x0, 0x0, 0x0,
    0x0, 0x0, 0x0, 0x7, 0xff, 0xfa, 0x0, 0x0,
    0x0, 0x0, 0x0, 0x19, 0x79, 0xff, 0xff, 0x30,
    0x0, 0x0, 0x0, 0x0, 0x6, 0xff, 0xff, 0xff,
    0x90, 0x0, 0x0, 0x0, 0x0, 0x0, 0xbf, 0xff,
    0xff, 0xb0, 0x0, 0x0, 0x0, 0x0, 0x0, 0xa,
    0xef, 0xfc, 0x60, 0x0, 0x0, 0x0, 0x0, 0x0,

    /* U+0178 "Ÿ" */
    0x0, 0x0, 0x0, 0x3, 0x30, 0x0, 0x0, 0x42,
    0x0, 0x0, 0x0, 0x0, 0x0, 0x0, 0xa, 0xff,
    0xa0, 0x0, 0xcf, 0xf7, 0x0, 0x0, 0x0, 0x0,
    0x0, 0x1, 0xff, 0xff, 0x10, 0x4f, 0xff, 0xe0,
    0x0, 0x0, 0x0, 0x0, 0x0, 0xf, 0xff, 0xf0,
    0x3, 0xff, 0xfd, 0x0, 0x0, 0x0, 0x0, 0x0,
    0x0, 0x5e, 0xe5, 0x0, 0x7, 0xed, 0x30, 0x0,
    0x0, 0x0, 0x0, 0x0, 0x0, 0x0, 0x0, 0x0,
    0x0, 0x0, 0x0, 0x0, 0x0, 0x0, 0x0, 0x0,
    0x0, 0x0, 0x0, 0x0, 0x0, 0x0, 0x0, 0x0,
    0x0, 0xef, 0xff, 0xe0, 0x0, 0x0, 0x0, 0x0,
    0x1, 0xff, 0xff, 0xc0, 0x5, 0xff, 0xff, 0x70,
    0x0, 0x0, 0x0, 0x0, 0x9f, 0xff, 0xf3, 0x0,
    0xc, 0xff, 0xff, 0x10, 0x0, 0x0, 0x0, 0x2f,
    0xff, 0xf9, 0x0, 0x0, 0x2f, 0xff, 0xf9, 0x0,
    0x0, 0x0, 0xb, 0xff, 0xff, 0x10, 0x0, 0x0,
    0x9f, 0xff, 0xf2, 0x0, 0x0, 0x3, 0xff, 0xff,
    0x70, 0x0, 0x0, 0x1, 0xef, 0xff, 0xa0, 0x0,
    0x0, 0xcf, 0xff, 0xd0, 0x0, 0x0, 0x0, 0x6,
    0xff, 0xff, 0x30, 0x0, 0x4f, 0xff, 0xf4, 0x0,
    0x0, 0x0, 0x0, 0xd, 0xff, 0xfc, 0x0, 0xd,
    0xff, 0xfb, 0x0, 0x0, 0x0, 0x0, 0x0, 0x4f,
    0xff, 0xf4, 0x5, 0xff, 0xff, 0x20, 0x0, 0x0,
    0x0, 0x0, 0x0, 0xaf, 0xff, 0xc0, 0xdf, 0xff,
    0x80, 0x0, 0x0, 0x0, 0x0, 0x0, 0x1, 0xff,
    0xff, 0x7f, 0xff, 0xe0, 0x0, 0x0, 0x0, 0x0,
    0x0, 0x0, 0x8, 0xff, 0xff, 0xff, 0xf6, 0x0,
    0x0, 0x0, 0x0, 0x0, 0x0, 0x0, 0xe, 0xff,
    0xff, 0xfc, 0x0, 0x0, 0x0, 0x0, 0x0, 0x0,
    0x0, 0x0, 0x5f, 0xff, 0xff, 0x30, 0x0, 0x0,
    0x0, 0x0, 0x0, 0x0, 0x0, 0x0, 0xcf, 0xff,
    0xb0, 0x0, 0x0, 0x0, 0x0, 0x0, 0x0, 0x0,
    0x0, 0xa, 0xff, 0xf8, 0x0, 0x0, 0x0, 0x0,
    0x0, 0x0, 0x0, 0x0, 0x0, 0xaf, 0xff, 0x80,
    0x0, 0x0, 0x0, 0x0, 0x0, 0x0, 0x0, 0x0,
    0xa, 0xff, 0xf8, 0x0, 0x0, 0x0, 0x0, 0x0,
    0x0, 0x0, 0x0, 0x0, 0xaf, 0xff, 0x80, 0x0,
    0x0, 0x0, 0x0, 0x0, 0x0, 0x0, 0x0, 0xa,
    0xff, 0xf8, 0x0, 0x0, 0x0, 0x0, 0x0, 0x0,
    0x0, 0x0, 0x0, 0xaf, 0xff, 0x80, 0x0, 0x0,
    0x0, 0x0, 0x0, 0x0, 0x0, 0x0, 0xa, 0xff,
    0xf8, 0x0, 0x0, 0x0, 0x0, 0x0, 0x0, 0x0,
    0x0, 0x0, 0xaf, 0xff, 0x80, 0x0, 0x0, 0x0,
    0x0, 0x0, 0x0, 0x0, 0x0, 0xa, 0xff, 0xf8,
    0x0, 0x0, 0x0, 0x0, 0x0,

    /* U+0179 "Ź" */
    0x0, 0x0, 0x0, 0x0, 0x1, 0xdd, 0xda, 0x0,
    0x0, 0x0, 0x0, 0x0, 0x0, 0x0, 0x8f, 0xff,
    0x20, 0x0, 0x0, 0x0, 0x0, 0x0, 0x0, 0xe,
    0xff, 0x70, 0x0, 0x0, 0x0, 0x0, 0x0, 0x0,
    0x6, 0xff, 0xd0, 0x0, 0x0, 0x0, 0x0, 0x0,
    0x0, 0x0, 0xdf, 0xf3, 0x0, 0x0, 0x0, 0x0,
    0x0, 0x0, 0x0, 0x0, 0x0, 0x0, 0x0, 0x0,
    0x0, 0x0, 0x0, 0x0, 0x0, 0x0, 0x0, 0x0,
    0x0, 0x0, 0x3, 0xff, 0xff, 0xff, 0xff, 0xff,
    0xff, 0xff, 0xff, 0xf0, 0x3f, 0xff, 0xff, 0xff,
    0xff, 0xff, 0xff, 0xff, 0xff, 0x3, 0xff, 0xff,
    0xff, 0xff, 0xff, 0xff, 0xff, 0xff, 0xf0, 0x18,
    0x88, 0x88, 0x88, 0x88, 0x88, 0x9f, 0xff, 0xf7,
    0x0, 0x0, 0x0, 0x0, 0x0, 0x0, 0xa, 0xff,
    0xfc, 0x0, 0x0, 0x0, 0x0, 0x0, 0x0, 0x6,
    0xff, 0xff, 0x20, 0x0, 0x0, 0x0, 0x0, 0x0,
    0x2, 0xff, 0xff, 0x60, 0x0, 0x0, 0x0, 0x0,
    0x0, 0x0, 0xcf, 0xff, 0xb0, 0x0, 0x0, 0x0,
    0x0, 0x0, 0x0, 0x7f, 0xff, 0xf2, 0x0, 0x0,
    0x0, 0x0, 0x0, 0x0, 0x2f, 0xff, 0xf6, 0x0,
    0x0, 0x0, 0x0, 0x0, 0x0, 0xc, 0xff, 0xfb,
    0x0, 0x0, 0x0, 0x0, 0x0, 0x0, 0x8, 0xff,
    0xff, 0x10, 0x0, 0x0, 0x0, 0x0, 0x0, 0x3,
    0xff, 0xff, 0x60, 0x0, 0x0, 0x0, 0x0, 0x0,
    0x0, 0xdf, 0xff, 0xb0, 0x0, 0x0, 0x0, 0x0,
    0x0, 0x0, 0x8f, 0xff, 0xe1, 0x0, 0x0, 0x0,
    0x0, 0x0, 0x0, 0x3f, 0xff, 0xf5, 0x0, 0x0,
    0x0, 0x0, 0x0, 0x0, 0xd, 0xff, 0xfb, 0x0,
    0x0, 0x0, 0x0, 0x0, 0x0, 0x8, 0xff, 0xfe,
    0x10, 0x0, 0x0, 0x0, 0x0, 0x0, 0x3, 0xff,
    0xff, 0x40, 0x0, 0x0, 0x0, 0x0, 0x0, 0x0,
    0xdf, 0xff, 0x80, 0x0, 0x0, 0x0, 0x0, 0x0,
    0x0, 0x8f, 0xff, 0xf8, 0x88, 0x88, 0x88, 0x88,
    0x88, 0x80, 0x1f, 0xff, 0xff, 0xff, 0xff, 0xff,
    0xff, 0xff, 0xff, 0x12, 0xff, 0xff, 0xff, 0xff,
    0xff, 0xff, 0xff, 0xff, 0xf1, 0x2f, 0xff, 0xff,
    0xff, 0xff, 0xff, 0xff, 0xff, 0xff, 0x10,

    /* U+017A "ź" */
    0x0, 0x0, 0x0, 0x0, 0x8e, 0xed, 0x30, 0x0,
    0x0, 0x0, 0x0, 0x1, 0xff, 0xfa, 0x0, 0x0,
    0x0, 0x0, 0x0, 0x7, 0xff, 0xe1, 0x0, 0x0,
    0x0, 0x0, 0x0, 0xe, 0xff, 0x50, 0x0, 0x0,
    0x0, 0x0, 0x0, 0x5f, 0xfb, 0x0, 0x0, 0x0,
    0x0, 0x0, 0x0, 0x0, 0x0, 0x0, 0x0, 0x0,
    0x0, 0x0, 0x0, 0x0, 0x0, 0x0, 0x0, 0x0,
    0xd, 0xff, 0xff, 0xff, 0xff, 0xff, 0xff, 0xe0,
    0xd, 0xff, 0xff, 0xff, 0xff, 0xff, 0xff, 0xe0,
    0xd, 0xff, 0xff, 0xff, 0xff, 0xff, 0xff, 0xe0,
    0x6, 0x88, 0x88, 0x88, 0x8a, 0xff, 0xff, 0x60,
    0x0, 0x0, 0x0, 0x0, 0xc, 0xff, 0xfb, 0x0,
    0x0, 0x0, 0x0, 0x0, 0x9f, 0xff, 0xe1, 0x0,
    0x0, 0x0, 0x0, 0x5, 0xff, 0xff, 0x30, 0x0,
    0x0, 0x0, 0x0, 0x2f, 0xff, 0xf7, 0x0, 0x0,
    0x0, 0x0, 0x0, 0xdf, 0xff, 0xb0, 0x0, 0x0,
    0x0, 0x0, 0xa, 0xff, 0xfe, 0x10, 0x0, 0x0,
    0x0, 0x0, 0x6f, 0xff, 0xf4, 0x0, 0x0, 0x0,
    0x0, 0x2, 0xff, 0xff, 0x80, 0x0, 0x0, 0x0,
    0x0, 0xd, 0xff, 0xfc, 0x0, 0x0, 0x0, 0x0,
    0x0, 0xaf, 0xff, 0xe1, 0x0, 0x0, 0x0, 0x0,
    0x7, 0xff, 0xff, 0xc8, 0x88, 0x88, 0x88, 0x81,
    0x1f, 0xff, 0xff, 0xff, 0xff, 0xff, 0xff, 0xf3,
    0x1f, 0xff, 0xff, 0xff, 0xff, 0xff, 0xff, 0xf3,
    0x1f, 0xff, 0xff, 0xff, 0xff, 0xff, 0xff, 0xf3,

    /* U+017B "Ż" */
    0x0, 0x0, 0x0, 0x0, 0x47, 0x40, 0x0, 0x0,
    0x0, 0x0, 0x0, 0x0, 0x0, 0x7f, 0xff, 0x60,
    0x0, 0x0, 0x0, 0x0, 0x0, 0x0, 0xd, 0xff,
    0xfc, 0x0, 0x0, 0x0, 0x0, 0x0, 0x0, 0x0,
    0xbf, 0xff, 0xa0, 0x0, 0x0, 0x0, 0x0, 0x0,
    0x0, 0x1, 0xcf, 0xb1, 0x0, 0x0, 0x0, 0x0,
    0x0, 0x0, 0x0, 0x0, 0x0, 0x0, 0x0, 0x0,
    0x0, 0x0, 0x0, 0x0, 0x0, 0x0, 0x0, 0x0,
    0x0, 0x0, 0x3, 0xff, 0xff, 0xff, 0xff, 0xff,
    0xff, 0xff, 0xff, 0xf0, 0x3f, 0xff, 0xff, 0xff,
    0xff, 0xff, 0xff, 0xff, 0xff, 0x3, 0xff, 0xff,
    0xff, 0xff, 0xff, 0xff, 0xff, 0xff, 0xf0, 0x18,
    0x88, 0x88, 0x88, 0x88, 0x88, 0x9f, 0xff, 0xf7,
    0x0, 0x0, 0x0, 0x0, 0x0, 0x0, 0xa, 0xff,
    0xfc, 0x0, 0x0, 0x0, 0x0, 0x0, 0x0, 0x6,
    0xff, 0xff, 0x20, 0x0, 0x0, 0x0, 0x0, 0x0,
    0x2, 0xff, 0xff, 0x60, 0x0, 0x0, 0x0, 0x0,
    0x0, 0x0, 0xcf, 0xff, 0xb0, 0x0, 0x0, 0x0,
    0x0, 0x0, 0x0, 0x7f, 0xff, 0xf2, 0x0, 0x0,
    0x0, 0x0, 0x0, 0x0, 0x2f, 0xff, 0xf6, 0x0,
    0x0, 0x0, 0x0, 0x0, 0x0, 0xc, 0xff, 0xfb,
    0x0, 0x0, 0x0, 0x0, 0x0, 0x0, 0x8, 0xff,
    0xff, 0x10, 0x0, 0x0, 0x0, 0x0, 0x0, 0x3,
    0xff, 0xff, 0x60, 0x0, 0x0, 0x0, 0x0, 0x0,
    0x0, 0xdf, 0xff, 0xb0, 0x0, 0x0, 0x0, 0x0,
    0x0, 0x0, 0x8f, 0xff, 0xe1, 0x0, 0x0, 0x0,
    0x0, 0x0, 0x0, 0x3f, 0xff, 0xf5, 0x0, 0x0,
    0x0, 0x0, 0x0, 0x0, 0xd, 0xff, 0xfb, 0x0,
    0x0, 0x0, 0x0, 0x0, 0x0, 0x8, 0xff, 0xfe,
    0x10, 0x0, 0x0, 0x0, 0x0, 0x0, 0x3, 0xff,
    0xff, 0x40, 0x0, 0x0, 0x0, 0x0, 0x0, 0x0,
    0xdf, 0xff, 0x80, 0x0, 0x0, 0x0, 0x0, 0x0,
    0x0, 0x8f, 0xff, 0xf8, 0x88, 0x88, 0x88, 0x88,
    0x88, 0x80, 0x1f, 0xff, 0xff, 0xff, 0xff, 0xff,
    0xff, 0xff, 0xff, 0x12, 0xff, 0xff, 0xff, 0xff,
    0xff, 0xff, 0xff, 0xff, 0xf1, 0x2f, 0xff, 0xff,
    0xff, 0xff, 0xff, 0xff, 0xff, 0xff, 0x10,

    /* U+017C "ż" */
    0x0, 0x0, 0x0, 0x7e, 0xe5, 0x0, 0x0, 0x0,
    0x0, 0x0, 0x3, 0xff, 0xff, 0x20, 0x0, 0x0,
    0x0, 0x0, 0x5, 0xff, 0xff, 0x40, 0x0, 0x0,
    0x0, 0x0, 0x1, 0xef, 0xfd, 0x0, 0x0, 0x0,
    0x0, 0x0, 0x0, 0x17, 0x60, 0x0, 0x0, 0x0,
    0x0, 0x0, 0x0, 0x0, 0x0, 0x0, 0x0, 0x0,
    0x0, 0x0, 0x0, 0x0, 0x0, 0x0, 0x0, 0x0,
    0xd, 0xff, 0xff, 0xff, 0xff, 0xff, 0xff, 0xe0,
    0xd, 0xff, 0xff, 0xff, 0xff, 0xff, 0xff, 0xe0,
    0xd, 0xff, 0xff, 0xff, 0xff, 0xff, 0xff, 0xe0,
    0x6, 0x88, 0x88, 0x88, 0x8a, 0xff, 0xff, 0x60,
    0x0, 0x0, 0x0, 0x0, 0xc, 0xff, 0xfb, 0x0,
    0x0, 0x0, 0x0, 0x0, 0x9f, 0xff, 0xe1, 0x0,
    0x0, 0x0, 0x0, 0x5, 0xff, 0xff, 0x30, 0x0,
    0x0, 0x0, 0x0, 0x2f, 0xff, 0xf7, 0x0, 0x0,
    0x0, 0x0, 0x0, 0xdf, 0xff, 0xb0, 0x0, 0x0,
    0x0, 0x0, 0xa, 0xff, 0xfe, 0x10, 0x0, 0x0,
    0x0, 0x0, 0x6f, 0xff, 0xf4, 0x0, 0x0, 0x0,
    0x0, 0x2, 0xff, 0xff, 0x80, 0x0, 0x0, 0x0,
    0x0, 0xd, 0xff, 0xfc, 0x0, 0x0, 0x0, 0x0,
    0x0, 0xaf, 0xff, 0xe1, 0x0, 0x0, 0x0, 0x0,
    0x7, 0xff, 0xff, 0xc8, 0x88, 0x88, 0x88, 0x81,
    0x1f, 0xff, 0xff, 0xff, 0xff, 0xff, 0xff, 0xf3,
    0x1f, 0xff, 0xff, 0xff, 0xff, 0xff, 0xff, 0xf3,
    0x1f, 0xff, 0xff, 0xff, 0xff, 0xff, 0xff, 0xf3,

    /* U+017D "Ž" */
    0x0, 0x1, 0xef, 0xf9, 0x0, 0xb, 0xff, 0xe1,
    0x0, 0x0, 0x0, 0x2, 0xff, 0xf6, 0x7, 0xff,
    0xf3, 0x0, 0x0, 0x0, 0x0, 0x4, 0xff, 0xf6,
    0xff, 0xf4, 0x0, 0x0, 0x0, 0x0, 0x0, 0x7,
    0xff, 0xff, 0xf6, 0x0, 0x0, 0x0, 0x0, 0x0,
    0x0, 0x9, 0xff, 0xf8, 0x0, 0x0, 0x0, 0x0,
    0x0, 0x0, 0x0, 0x0, 0x0, 0x0, 0x0, 0x0,
    0x0, 0x0, 0x0, 0x0, 0x0, 0x0, 0x0, 0x0,
    0x0, 0x0, 0x3, 0xff, 0xff, 0xff, 0xff, 0xff,
    0xff, 0xff, 0xff, 0xf0, 0x3f, 0xff, 0xff, 0xff,
    0xff, 0xff, 0xff, 0xff, 0xff, 0x3, 0xff, 0xff,
    0xff, 0xff, 0xff, 0xff, 0xff, 0xff, 0xf0, 0x18,
    0x88, 0x88, 0x88, 0x88, 0x88, 0x9f, 0xff, 0xf7,
    0x0, 0x0, 0x0, 0x0, 0x0, 0x0, 0xa, 0xff,
    0xfc, 0x0, 0x0, 0x0, 0x0, 0x0, 0x0, 0x6,
    0xff, 0xff, 0x20, 0x0, 0x0, 0x0, 0x0, 0x0,
    0x2, 0xff, 0xff, 0x60, 0x0, 0x0, 0x0, 0x0,
    0x0, 0x0, 0xcf, 0xff, 0xb0, 0x0, 0x0, 0x0,
    0x0, 0x0, 0x0, 0x7f, 0xff, 0xf2, 0x0, 0x0,
    0x0, 0x0, 0x0, 0x0, 0x2f, 0xff, 0xf6, 0x0,
    0x0, 0x0, 0x0, 0x0, 0x0, 0xc, 0xff, 0xfb,
    0x0, 0x0, 0x0, 0x0, 0x0, 0x0, 0x8, 0xff,
    0xff, 0x10, 0x0, 0x0, 0x0, 0x0, 0x0, 0x3,
    0xff, 0xff, 0x60, 0x0, 0x0, 0x0, 0x0, 0x0,
    0x0, 0xdf, 0xff, 0xb0, 0x0, 0x0, 0x0, 0x0,
    0x0, 0x0, 0x8f, 0xff, 0xe1, 0x0, 0x0, 0x0,
    0x0, 0x0, 0x0, 0x3f, 0xff, 0xf5, 0x0, 0x0,
    0x0, 0x0, 0x0, 0x0, 0xd, 0xff, 0xfb, 0x0,
    0x0, 0x0, 0x0, 0x0, 0x0, 0x8, 0xff, 0xfe,
    0x10, 0x0, 0x0, 0x0, 0x0, 0x0, 0x3, 0xff,
    0xff, 0x40, 0x0, 0x0, 0x0, 0x0, 0x0, 0x0,
    0xdf, 0xff, 0x80, 0x0, 0x0, 0x0, 0x0, 0x0,
    0x0, 0x8f, 0xff, 0xf8, 0x88, 0x88, 0x88, 0x88,
    0x88, 0x80, 0x1f, 0xff, 0xff, 0xff, 0xff, 0xff,
    0xff, 0xff, 0xff, 0x12, 0xff, 0xff, 0xff, 0xff,
    0xff, 0xff, 0xff, 0xff, 0xf1, 0x2f, 0xff, 0xff,
    0xff, 0xff, 0xff, 0xff, 0xff, 0xff, 0x10,

    /* U+017E "ž" */
    0x0, 0x8f, 0xff, 0x20, 0x3, 0xff, 0xf8, 0x0,
    0x0, 0xa, 0xff, 0xd0, 0x1e, 0xff, 0xa0, 0x0,
    0x0, 0x0, 0xcf, 0xfa, 0xbf, 0xfb, 0x0, 0x0,
    0x0, 0x0, 0x1d, 0xff, 0xff, 0xd1, 0x0, 0x0,
    0x0, 0x0, 0x2, 0xff, 0xfe, 0x10, 0x0, 0x0,
    0x0, 0x0, 0x0, 0x0, 0x0, 0x0, 0x0, 0x0,
    0x0, 0x0, 0x0, 0x0, 0x0, 0x0, 0x0, 0x0,
    0xd, 0xff, 0xff, 0xff, 0xff, 0xff, 0xff, 0xe0,
    0xd, 0xff, 0xff, 0xff, 0xff, 0xff, 0xff, 0xe0,
    0xd, 0xff, 0xff, 0xff, 0xff, 0xff, 0xff, 0xe0,
    0x6, 0x88, 0x88, 0x88, 0x8a, 0xff, 0xff, 0x60,
    0x0, 0x0, 0x0, 0x0, 0xc, 0xff, 0xfb, 0x0,
    0x0, 0x0, 0x0, 0x0, 0x9f, 0xff, 0xe1, 0x0,
    0x0, 0x0, 0x0, 0x5, 0xff, 0xff, 0x30, 0x0,
    0x0, 0x0, 0x0, 0x2f, 0xff, 0xf7, 0x0, 0x0,
    0x0, 0x0, 0x0, 0xdf, 0xff, 0xb0, 0x0, 0x0,
    0x0, 0x0, 0xa, 0xff, 0xfe, 0x10, 0x0, 0x0,
    0x0, 0x0, 0x6f, 0xff, 0xf4, 0x0, 0x0, 0x0,
    0x0, 0x2, 0xff, 0xff, 0x80, 0x0, 0x0, 0x0,
    0x0, 0xd, 0xff, 0xfc, 0x0, 0x0, 0x0, 0x0,
    0x0, 0xaf, 0xff, 0xe1, 0x0, 0x0, 0x0, 0x0,
    0x7, 0xff, 0xff, 0xc8, 0x88, 0x88, 0x88, 0x81,
    0x1f, 0xff, 0xff, 0xff, 0xff, 0xff, 0xff, 0xf3,
    0x1f, 0xff, 0xff, 0xff, 0xff, 0xff, 0xff, 0xf3,
    0x1f, 0xff, 0xff, 0xff, 0xff, 0xff, 0xff, 0xf3,

    /* U+017F "ſ" */
    0x0, 0x29, 0xef, 0xec, 0x60, 0x5f, 0xff, 0xff,
    0xf7, 0x2f, 0xff, 0xff, 0xff, 0x28, 0xff, 0xff,
    0x97, 0x90, 0xcf, 0xff, 0x70, 0x0, 0xd, 0xff,
    0xf3, 0x0, 0x0, 0xdf, 0xff, 0x30, 0x0, 0xd,
    0xff, 0xf3, 0x0, 0x0, 0xdf, 0xff, 0x30, 0x0,
    0xd, 0xff, 0xf3, 0x0, 0x0, 0xdf, 0xff, 0x30,
    0x0, 0xd, 0xff, 0xf3, 0x0, 0x0, 0xdf, 0xff,
    0x30, 0x0, 0xd, 0xff, 0xf3, 0x0, 0x0, 0xdf,
    0xff, 0x30, 0x0, 0xd, 0xff, 0xf3, 0x0, 0x0,
    0xdf, 0xff, 0x30, 0x0, 0xd, 0xff, 0xf3, 0x0,
    0x0, 0xdf, 0xff, 0x30, 0x0, 0xd, 0xff, 0xf3,
    0x0, 0x0, 0xdf, 0xff, 0x30, 0x0, 0xd, 0xff,
    0xf3, 0x0, 0x0, 0xdf, 0xff, 0x30, 0x0, 0xd,
    0xff, 0xf3, 0x0, 0x0, 0xdf, 0xff, 0x30, 0x0,
    0x0,

    /* U+0384 "΄" */
    0x6e, 0xee, 0x39, 0xff, 0xe0, 0xaf, 0xf8, 0xc,
    0xff, 0x20, 0xef, 0xc0, 0x0,

    /* U+0385 "΅" */
    0x0, 0x0, 0x0, 0x9f, 0xff, 0x10, 0x0, 0x0,
    0x0, 0x0, 0xb, 0xff, 0xb0, 0x0, 0x0, 0x0,
    0x0, 0x0, 0xdf, 0xf5, 0x0, 0x0, 0x0, 0x13,
    0x0, 0xe, 0xfe, 0x0, 0x23, 0x0, 0x4f, 0xfd,
    0x10, 0xdd, 0x80, 0x6f, 0xfc, 0xb, 0xff, 0xf7,
    0x0, 0x0, 0xd, 0xff, 0xf4, 0xaf, 0xff, 0x50,
    0x0, 0x0, 0xcf, 0xff, 0x31, 0xcf, 0x90, 0x0,
    0x0, 0x3, 0xde, 0x70,

    /* U+0386 "Ά" */
    0x7, 0xff, 0xf3, 0x0, 0x4f, 0xff, 0xff, 0x50,
    0x0, 0x0, 0x0, 0x0, 0x8f, 0xfd, 0x0, 0x9,
    0xff, 0xff, 0xfb, 0x0, 0x0, 0x0, 0x0, 0xa,
    0xff, 0x70, 0x0, 0xef, 0xff, 0xff, 0xf1, 0x0,
    0x0, 0x0, 0x0, 0xcf, 0xf1, 0x0, 0x4f, 0xff,
    0xdf, 0xff, 0x60, 0x0, 0x0, 0x0, 0xb, 0xda,
    0x0, 0x9, 0xff, 0xf6, 0xff, 0xfc, 0x0, 0x0,
    0x0, 0x0, 0x0, 0x0, 0x0, 0xef, 0xff, 0xe,
    0xff, 0xf1, 0x0, 0x0, 0x0, 0x0, 0x0, 0x0,
    0x4f, 0xff, 0xb0, 0xaf, 0xff, 0x70, 0x0, 0x0,
    0x0, 0x0, 0x0, 0xa, 0xff, 0xf7, 0x5, 0xff,
    0xfc, 0x0, 0x0, 0x0, 0x0, 0x0, 0x0, 0xff,
    0xff, 0x30, 0x1f, 0xff, 0xf2, 0x0, 0x0, 0x0,
    0x0, 0x0, 0x5f, 0xff, 0xe0, 0x0, 0xcf, 0xff,
    0x70, 0x0, 0x0, 0x0, 0x0, 0xa, 0xff, 0xfa,
    0x0, 0x8, 0xff, 0xfd, 0x0, 0x0, 0x0, 0x0,
    0x0, 0xff, 0xff, 0x50, 0x0, 0x3f, 0xff, 0xf2,
    0x0, 0x0, 0x0, 0x0, 0x5f, 0xff, 0xf0, 0x0,
    0x0, 0xef, 0xff, 0x80, 0x0, 0x0, 0x0, 0xa,
    0xff, 0xfb, 0x0, 0x0, 0x8, 0xff, 0xfd, 0x0,
    0x0, 0x0, 0x0, 0xff, 0xff, 0xa6, 0x66, 0x66,
    0x9f, 0xff, 0xf3, 0x0, 0x0, 0x0, 0x5f, 0xff,
    0xff, 0xff, 0xff, 0xff, 0xff, 0xff, 0x90, 0x0,
    0x0, 0xa, 0xff, 0xff, 0xff, 0xff, 0xff, 0xff,
    0xff, 0xfe, 0x0, 0x0, 0x0, 0xff, 0xff, 0xff,
    0xff, 0xff, 0xff, 0xff, 0xff, 0xf4, 0x0, 0x0,
    0x5f, 0xff, 0xf1, 0x0, 0x0, 0x0, 0x0, 0xef,
    0xff, 0x90, 0x0, 0xb, 0xff, 0xfc, 0x0, 0x0,
    0x0, 0x0, 0x8, 0xff, 0xfe, 0x0, 0x0, 0xff,
    0xff, 0x70, 0x0, 0x0, 0x0, 0x0, 0x3f, 0xff,
    0xf4, 0x0, 0x6f, 0xff, 0xf2, 0x0, 0x0, 0x0,
    0x0, 0x0, 0xef, 0xff, 0xa0, 0xb, 0xff, 0xfd,
    0x0, 0x0, 0x0, 0x0, 0x0, 0x8, 0xff, 0xff,
    0x1, 0xff, 0xff, 0x80, 0x0, 0x0, 0x0, 0x0,
    0x0, 0x3f, 0xff, 0xf5,

    /* U+0387 "·" */
    0x5, 0xee, 0x80, 0x2f, 0xff, 0xf5, 0x5f, 0xff,
    0xf8, 0x2f, 0xff, 0xf5, 0x6, 0xff, 0x90, 0x0,
    0x0, 0x0,

    /* U+0388 "Έ" */
    0x3f, 0xff, 0x70, 0x3f, 0xff, 0xff, 0xff, 0xff,
    0xff, 0xff, 0xff, 0x5f, 0xff, 0x10, 0x3f, 0xff,
    0xff, 0xff, 0xff, 0xff, 0xff, 0xff, 0x7f, 0xfb,
    0x0, 0x3f, 0xff, 0xff, 0xff, 0xff, 0xff, 0xff,
    0xff, 0x8f, 0xf4, 0x0, 0x3f, 0xff, 0xf9, 0x99,
    0x99, 0x99, 0x99, 0x98, 0x9d, 0xc0, 0x0, 0x3f,
    0xff, 0xf0, 0x0, 0x0, 0x0, 0x0, 0x0, 0x0,
    0x0, 0x0, 0x3f, 0xff, 0xf0, 0x0, 0x0, 0x0,
    0x0, 0x0, 0x0, 0x0, 0x0, 0x3f, 0xff, 0xf0,
    0x0, 0x0, 0x0, 0x0, 0x0, 0x0, 0x0, 0x0,
    0x3f, 0xff, 0xf0, 0x0, 0x0, 0x0, 0x0, 0x0,
    0x0, 0x0, 0x0, 0x3f, 0xff, 0xf0, 0x0, 0x0,
    0x0, 0x0, 0x0, 0x0, 0x0, 0x0, 0x3f, 0xff,
    0xf0, 0x0, 0x0, 0x0, 0x0, 0x0, 0x0, 0x0,
    0x0, 0x3f, 0xff, 0xf8, 0x88, 0x88, 0x88, 0x88,
    0x81, 0x0, 0x0, 0x0, 0x3f, 0xff, 0xff, 0xff,
    0xff, 0xff, 0xff, 0xf2, 0x0, 0x0, 0x0, 0x3f,
    0xff, 0xff, 0xff, 0xff, 0xff, 0xff, 0xf2, 0x0,
    0x0, 0x0, 0x3f, 0xff, 0xff, 0xff, 0xff, 0xff,
    0xff, 0xf2, 0x0, 0x0, 0x0, 0x3f, 0xff, 0xf0,
    0x0, 0x0, 0x0, 0x0, 0x0, 0x0, 0x0, 0x0,
    0x3f, 0xff, 0xf0, 0x0, 0x0, 0x0, 0x0, 0x0,
    0x0, 0x0, 0x0, 0x3f, 0xff, 0xf0, 0x0, 0x0,
    0x0, 0x0, 0x0, 0x0, 0x0, 0x0, 0x3f, 0xff,
    0xf0, 0x0, 0x0, 0x0, 0x0, 0x0, 0x0, 0x0,
    0x0, 0x3f, 0xff, 0xf0, 0x0, 0x0, 0x0, 0x0,
    0x0, 0x0, 0x0, 0x0, 0x3f, 0xff, 0xf0, 0x0,
    0x0, 0x0, 0x0, 0x0, 0x0, 0x0, 0x0, 0x3f,
    0xff, 0xf9, 0x99, 0x99, 0x99, 0x99, 0x99, 0x0,
    0x0, 0x0, 0x3f, 0xff, 0xff, 0xff, 0xff, 0xff,
    0xff, 0xff, 0x0, 0x0, 0x0, 0x3f, 0xff, 0xff,
    0xff, 0xff, 0xff, 0xff, 0xff, 0x0, 0x0, 0x0,
    0x3f, 0xff, 0xff, 0xff, 0xff, 0xff, 0xff, 0xff,

    /* U+0389 "Ή" */
    0x3f, 0xff, 0x70, 0x3f, 0xff, 0xf0, 0x0, 0x0,
    0x0, 0x0, 0x3, 0xff, 0xff, 0x5f, 0xff, 0x10,
    0x3f, 0xff, 0xf0, 0x0, 0x0, 0x0, 0x0, 0x3,
    0xff, 0xff, 0x7f, 0xfb, 0x0, 0x3f, 0xff, 0xf0,
    0x0, 0x0, 0x0, 0x0, 0x3, 0xff, 0xff, 0x8f,
    0xf4, 0x0, 0x3f, 0xff, 0xf0, 0x0, 0x0, 0x0,
    0x0, 0x3, 0xff, 0xff, 0x9d, 0xc0, 0x0, 0x3f,
    0xff, 0xf0, 0x0, 0x0, 0x0, 0x0, 0x3, 0xff,
    0xff, 0x0, 0x0, 0x0, 0x3f, 0xff, 0xf0, 0x0,
    0x0, 0x0, 0x0, 0x3, 0xff, 0xff, 0x0, 0x0,
    0x0, 0x3f, 0xff, 0xf0, 0x0, 0x0, 0x0, 0x0,
    0x3, 0xff, 0xff, 0x0, 0x0, 0x0, 0x3f, 0xff,
    0xf0, 0x0, 0x0, 0x0, 0x0, 0x3, 0xff, 0xff,
    0x0, 0x0, 0x0, 0x3f, 0xff, 0xf0, 0x0, 0x0,
    0x0, 0x0, 0x3, 0xff, 0xff, 0x0, 0x0, 0x0,
    0x3f, 0xff, 0xf0, 0x0, 0x0, 0x0, 0x0, 0x3,
    0xff, 0xff, 0x0, 0x0, 0x0, 0x3f, 0xff, 0xff,
    0xff, 0xff, 0xff, 0xff, 0xff, 0xff, 0xff, 0x0,
    0x0, 0x0, 0x3f, 0xff, 0xff, 0xff, 0xff, 0xff,
    0xff, 0xff, 0xff, 0xff, 0x0, 0x0, 0x0, 0x3f,
    0xff, 0xff, 0xff, 0xff, 0xff, 0xff, 0xff, 0xff,
    0xff, 0x0, 0x0, 0x0, 0x3f, 0xff, 0xf9, 0x99,
    0x99, 0x99, 0x99, 0x9a, 0xff, 0xff, 0x0, 0x0,
    0x0, 0x3f, 0xff, 0xf0, 0x0, 0x0, 0x0, 0x0,
    0x3, 0xff, 0xff, 0x0, 0x0, 0x0, 0x3f, 0xff,
    0xf0, 0x0, 0x0, 0x0, 0x0, 0x3, 0xff, 0xff,
    0x0, 0x0, 0x0, 0x3f, 0xff, 0xf0, 0x0, 0x0,
    0x0, 0x0, 0x3, 0xff, 0xff, 0x0, 0x0, 0x0,
    0x3f, 0xff, 0xf0, 0x0, 0x0, 0x0, 0x0, 0x3,
    0xff, 0xff, 0x0, 0x0, 0x0, 0x3f, 0xff, 0xf0,
    0x0, 0x0, 0x0, 0x0, 0x3, 0xff, 0xff, 0x0,
    0x0, 0x0, 0x3f, 0xff, 0xf0, 0x0, 0x0, 0x0,
    0x0, 0x3, 0xff, 0xff, 0x0, 0x0, 0x0, 0x3f,
    0xff, 0xf0, 0x0, 0x0, 0x0, 0x0, 0x3, 0xff,
    0xff, 0x0, 0x0, 0x0, 0x3f, 0xff, 0xf0, 0x0,
    0x0, 0x0, 0x0, 0x3, 0xff, 0xff, 0x0, 0x0,
    0x0, 0x3f, 0xff, 0xf0, 0x0, 0x0, 0x0, 0x0,
    0x3, 0xff, 0xff, 0x0, 0x0, 0x0, 0x3f, 0xff,
    0xf0, 0x0, 0x0, 0x0, 0x0, 0x3, 0xff, 0xff,

    /* U+038A "Ί" */
    0x3f, 0xff, 0x70, 0x3f, 0xff, 0xf5, 0xff, 0xf1,
    0x3, 0xff, 0xff, 0x7f, 0xfb, 0x0, 0x3f, 0xff,
    0xf8, 0xff, 0x40, 0x3, 0xff, 0xff, 0x9d, 0xc0,
    0x0, 0x3f, 0xff, 0xf0, 0x0, 0x0, 0x3, 0xff,
    0xff, 0x0, 0x0, 0x0, 0x3f, 0xff, 0xf0, 0x0,
    0x0, 0x3, 0xff, 0xff, 0x0, 0x0, 0x0, 0x3f,
    0xff, 0xf0, 0x0, 0x0, 0x3, 0xff, 0xff, 0x0,
    0x0, 0x0, 0x3f, 0xff, 0xf0, 0x0, 0x0, 0x3,
    0xff, 0xff, 0x0, 0x0, 0x0, 0x3f, 0xff, 0xf0,
    0x0, 0x0, 0x3, 0xff, 0xff, 0x0, 0x0, 0x0,
    0x3f, 0xff, 0xf0, 0x0, 0x0, 0x3, 0xff, 0xff,
    0x0, 0x0, 0x0, 0x3f, 0xff, 0xf0, 0x0, 0x0,
    0x3, 0xff, 0xff, 0x0, 0x0, 0x0, 0x3f, 0xff,
    0xf0, 0x0, 0x0, 0x3, 0xff, 0xff, 0x0, 0x0,
    0x0, 0x3f, 0xff, 0xf0, 0x0, 0x0, 0x3, 0xff,
    0xff, 0x0, 0x0, 0x0, 0x3f, 0xff, 0xf0, 0x0,
    0x0, 0x3, 0xff, 0xff,

    /* U+038C "Ό" */
    0x3f, 0xff, 0x70, 0x0, 0x0, 0x5, 0xad, 0xff,
    0xec, 0x82, 0x0, 0x0, 0x0, 0x5f, 0xff, 0x10,
    0x0, 0x5, 0xdf, 0xff, 0xff, 0xff, 0xff, 0xb1,
    0x0, 0x0, 0x7f, 0xfb, 0x0, 0x0, 0x9f, 0xff,
    0xff, 0xff, 0xff, 0xff, 0xff, 0x40, 0x0, 0x8f,
    0xf4, 0x0, 0x9, 0xff, 0xff, 0xff, 0xed, 0xef,
    0xff, 0xff, 0xf3, 0x0, 0x9d, 0xc0, 0x0, 0x5f,
    0xff, 0xff, 0x71, 0x0, 0x3, 0xbf, 0xff, 0xfe,
    0x0, 0x0, 0x0, 0x0, 0xef, 0xff, 0xe2, 0x0,
    0x0, 0x0, 0x7, 0xff, 0xff, 0x80, 0x0, 0x0,
    0x6, 0xff, 0xff, 0x40, 0x0, 0x0, 0x0, 0x0,
    0xaf, 0xff, 0xf0, 0x0, 0x0, 0xb, 0xff, 0xfa,
    0x0, 0x0, 0x0, 0x0, 0x0, 0x1f, 0xff, 0xf5,
    0x0, 0x0, 0xf, 0xff, 0xf4, 0x0, 0x0, 0x0,
    0x0, 0x0, 0xa, 0xff, 0xfa, 0x0, 0x0, 0x2f,
    0xff, 0xf1, 0x0, 0x0, 0x0, 0x0, 0x0, 0x7,
    0xff, 0xfc, 0x0, 0x0, 0x4f, 0xff, 0xe0, 0x0,
    0x0, 0x0, 0x0, 0x0, 0x4, 0xff, 0xfe, 0x0,
    0x0, 0x5f, 0xff, 0xd0, 0x0, 0x0, 0x0, 0x0,
    0x0, 0x3, 0xff, 0xff, 0x0, 0x0, 0x5f, 0xff,
    0xd0, 0x0, 0x0, 0x0, 0x0, 0x0, 0x3, 0xff,
    0xff, 0x0, 0x0, 0x4f, 0xff, 0xe0, 0x0, 0x0,
    0x0, 0x0, 0x0, 0x4, 0xff, 0xfe, 0x0, 0x0,
    0x2f, 0xff, 0xf0, 0x0, 0x0, 0x0, 0x0, 0x0,
    0x7, 0xff, 0xfc, 0x0, 0x0, 0xf, 0xff, 0xf4,
    0x0, 0x0, 0x0, 0x0, 0x0, 0xa, 0xff, 0xfa,
    0x0, 0x0, 0xb, 0xff, 0xfa, 0x0, 0x0, 0x0,
    0x0, 0x0, 0x1f, 0xff, 0xf5, 0x0, 0x0, 0x6,
    0xff, 0xff, 0x30, 0x0, 0x0, 0x0, 0x0, 0x9f,
    0xff, 0xf1, 0x0, 0x0, 0x0, 0xef, 0xff, 0xe2,
    0x0, 0x0, 0x0, 0x7, 0xff, 0xff, 0x80, 0x0,
    0x0, 0x0, 0x5f, 0xff, 0xff, 0x71, 0x0, 0x3,
    0xaf, 0xff, 0xfe, 0x0, 0x0, 0x0, 0x0, 0x9,
    0xff, 0xff, 0xff, 0xdd, 0xef, 0xff, 0xff, 0xf3,
    0x0, 0x0, 0x0, 0x0, 0x0, 0x9f, 0xff, 0xff,
    0xff, 0xff, 0xff, 0xff, 0x40, 0x0, 0x0, 0x0,
    0x0, 0x0, 0x5, 0xef, 0xff, 0xff, 0xff, 0xff,
    0xb2, 0x0, 0x0, 0x0, 0x0, 0x0, 0x0, 0x0,
    0x5, 0xad, 0xff, 0xec, 0x83, 0x0, 0x0, 0x0,

    /* U+038E "Ύ" */
    0x3f, 0xff, 0x70, 0xd, 0xff, 0xfe, 0x0, 0x0,
    0x0, 0x0, 0x0, 0x1f, 0xff, 0xfc, 0x5, 0xff,
    0xf1, 0x0, 0x5f, 0xff, 0xf8, 0x0, 0x0, 0x0,
    0x0, 0x9, 0xff, 0xff, 0x30, 0x7f, 0xfb, 0x0,
    0x0, 0xbf, 0xff, 0xf1, 0x0, 0x0, 0x0, 0x2,
    0xff, 0xff, 0xa0, 0x8, 0xff, 0x40, 0x0, 0x2,
    0xff, 0xff, 0x90, 0x0, 0x0, 0x0, 0xaf, 0xff,
    0xf1, 0x0, 0x9d, 0xc0, 0x0, 0x0, 0x8, 0xff,
    0xff, 0x20, 0x0, 0x0, 0x3f, 0xff, 0xf7, 0x0,
    0x0, 0x0, 0x0, 0x0, 0x0, 0xe, 0xff, 0xfb,
    0x0, 0x0, 0xb, 0xff, 0xfd, 0x0, 0x0, 0x0,
    0x0, 0x0, 0x0, 0x0, 0x6f, 0xff, 0xf4, 0x0,
    0x4, 0xff, 0xff, 0x40, 0x0, 0x0, 0x0, 0x0,
    0x0, 0x0, 0x0, 0xcf, 0xff, 0xd0, 0x0, 0xdf,
    0xff, 0xb0, 0x0, 0x0, 0x0, 0x0, 0x0, 0x0,
    0x0, 0x3, 0xff, 0xff, 0x50, 0x5f, 0xff, 0xf2,
    0x0, 0x0, 0x0, 0x0, 0x0, 0x0, 0x0, 0x0,
    0xa, 0xff, 0xfd, 0xd, 0xff, 0xf9, 0x0, 0x0,
    0x0, 0x0, 0x0, 0x0, 0x0, 0x0, 0x0, 0x1f,
    0xff, 0xf8, 0xff, 0xfe, 0x10, 0x0, 0x0, 0x0,
    0x0, 0x0, 0x0, 0x0, 0x0, 0x0, 0x7f, 0xff,
    0xff, 0xff, 0x60, 0x0, 0x0, 0x0, 0x0, 0x0,
    0x0, 0x0, 0x0, 0x0, 0x0, 0xdf, 0xff, 0xff,
    0xd0, 0x0, 0x0, 0x0, 0x0, 0x0, 0x0, 0x0,
    0x0, 0x0, 0x0, 0x4, 0xff, 0xff, 0xf4, 0x0,
    0x0, 0x0, 0x0, 0x0, 0x0, 0x0, 0x0, 0x0,
    0x0, 0x0, 0xb, 0xff, 0xfb, 0x0, 0x0, 0x0,
    0x0, 0x0, 0x0, 0x0, 0x0, 0x0, 0x0, 0x0,
    0x0, 0x9f, 0xff, 0x90, 0x0, 0x0, 0x0, 0x0,
    0x0, 0x0, 0x0, 0x0, 0x0, 0x0, 0x0, 0x9,
    0xff, 0xf9, 0x0, 0x0, 0x0, 0x0, 0x0, 0x0,
    0x0, 0x0, 0x0, 0x0, 0x0, 0x0, 0x9f, 0xff,
    0x90, 0x0, 0x0, 0x0, 0x0, 0x0, 0x0, 0x0,
    0x0, 0x0, 0x0, 0x0, 0x9, 0xff, 0xf9, 0x0,
    0x0, 0x0, 0x0, 0x0, 0x0, 0x0, 0x0, 0x0,
    0x0, 0x0, 0x0, 0x9f, 0xff, 0x90, 0x0, 0x0,
    0x0, 0x0, 0x0, 0x0, 0x0, 0x0, 0x0, 0x0,
    0x0, 0x9, 0xff, 0xf9, 0x0, 0x0, 0x0, 0x0,
    0x0, 0x0, 0x0, 0x0, 0x0, 0x0, 0x0, 0x0,
    0x9f, 0xff, 0x90, 0x0, 0x0, 0x0, 0x0, 0x0,
    0x0, 0x0, 0x0, 0x0, 0x0, 0x0, 0x9, 0xff,
    0xf9, 0x0, 0x0, 0x0, 0x0, 0x0, 0x0, 0x0,
    0x0, 0x0, 0x0, 0x0, 0x0, 0x9f, 0xff, 0x90,
    0x0, 0x0, 0x0, 0x0,

    /* U+038F "Ώ" */
    0x3f, 0xff, 0x70, 0x0, 0x0, 0x5, 0xad, 0xff,
    0xec, 0x94, 0x0, 0x0, 0x0, 0x5, 0xff, 0xf1,
    0x0, 0x0, 0x7e, 0xff, 0xff, 0xff, 0xff, 0xfc,
    0x30, 0x0, 0x0, 0x7f, 0xfb, 0x0, 0x1, 0xbf,
    0xff, 0xff, 0xff, 0xff, 0xff, 0xff, 0x70, 0x0,
    0x8, 0xff, 0x40, 0x0, 0xcf, 0xff, 0xff, 0xff,
    0xef, 0xff, 0xff, 0xff, 0x70, 0x0, 0x9d, 0xc0,
    0x0, 0x9f, 0xff, 0xfe, 0x71, 0x0, 0x3, 0x9f,
    0xff, 0xff, 0x40, 0x0, 0x0, 0x0, 0x3f, 0xff,
    0xfc, 0x10, 0x0, 0x0, 0x0, 0x4f, 0xff, 0xfd,
    0x0, 0x0, 0x0, 0xa, 0xff, 0xfe, 0x10, 0x0,
    0x0, 0x0, 0x0, 0x5f, 0xff, 0xf5, 0x0, 0x0,
    0x0, 0xff, 0xff, 0x70, 0x0, 0x0, 0x0, 0x0,
    0x0, 0xdf, 0xff, 0xb0, 0x0, 0x0, 0x4f, 0xff,
    0xf1, 0x0, 0x0, 0x0, 0x0, 0x0, 0x7, 0xff,
    0xfe, 0x0, 0x0, 0x6, 0xff, 0xfe, 0x0, 0x0,
    0x0, 0x0, 0x0, 0x0, 0x3f, 0xff, 0xf1, 0x0,
    0x0, 0x7f, 0xff, 0xc0, 0x0, 0x0, 0x0, 0x0,
    0x0, 0x2, 0xff, 0xff, 0x20, 0x0, 0x7, 0xff,
    0xfc, 0x0, 0x0, 0x0, 0x0, 0x0, 0x0, 0x1f,
    0xff, 0xf2, 0x0, 0x0, 0x6f, 0xff, 0xd0, 0x0,
    0x0, 0x0, 0x0, 0x0, 0x3, 0xff, 0xff, 0x0,
    0x0, 0x3, 0xff, 0xff, 0x0, 0x0, 0x0, 0x0,
    0x0, 0x0, 0x5f, 0xff, 0xe0, 0x0, 0x0, 0xe,
    0xff, 0xf5, 0x0, 0x0, 0x0, 0x0, 0x0, 0xa,
    0xff, 0xf9, 0x0, 0x0, 0x0, 0x8f, 0xff, 0xd0,
    0x0, 0x0, 0x0, 0x0, 0x2, 0xff, 0xff, 0x30,
    0x0, 0x0, 0x1, 0xef, 0xff, 0x90, 0x0, 0x0,
    0x0, 0x1, 0xdf, 0xff, 0x90, 0x0, 0x0, 0x0,
    0x3, 0xef, 0xff, 0xb2, 0x0, 0x0, 0x5, 0xef,
    0xff, 0xc0, 0x0, 0x0, 0x0, 0x0, 0x2, 0xbf,
    0xff, 0xf6, 0x0, 0xc, 0xff, 0xff, 0x80, 0x0,
    0x0, 0x0, 0x0, 0x0, 0x0, 0x2b, 0xff, 0x70,
    0x0, 0xdf, 0xf7, 0x10, 0x0, 0x0, 0x0, 0x0,
    0x38, 0x88, 0x88, 0xcf, 0xf7, 0x0, 0xd, 0xff,
    0x98, 0x88, 0x88, 0x0, 0x0, 0x6, 0xff, 0xff,
    0xff, 0xff, 0x70, 0x0, 0xdf, 0xff, 0xff, 0xff,
    0xf1, 0x0, 0x0, 0x6f, 0xff, 0xff, 0xff, 0xf7,
    0x0, 0xd, 0xff, 0xff, 0xff, 0xff, 0x10, 0x0,
    0x6, 0xff, 0xff, 0xff, 0xff, 0x70, 0x0, 0xdf,
    0xff, 0xff, 0xff, 0xf1,

    /* U+0390 "ΐ" */
    0x0, 0x0, 0x9, 0xff, 0xb0, 0x0, 0x0, 0x0,
    0xb, 0xff, 0x50, 0x0, 0x0, 0x0, 0xc, 0xff,
    0x0, 0x0, 0x0, 0x0, 0xe, 0xf9, 0x0, 0x0,
    0x0, 0x0, 0x7, 0x72, 0x0, 0x0, 0x0, 0x0,
    0x0, 0x0, 0x0, 0x0, 0x4, 0xee, 0x60, 0x2,
    0xcf, 0x90, 0xe, 0xff, 0xf1, 0xb, 0xff, 0xf4,
    0xf, 0xff, 0xf2, 0xc, 0xff, 0xf5, 0x8, 0xff,
    0xa0, 0x5, 0xff, 0xd0, 0x0, 0x23, 0x0, 0x0,
    0x13, 0x0, 0x0, 0x0, 0x0, 0x0, 0x0, 0x0,
    0x0, 0x0, 0xdf, 0xff, 0x30, 0x0, 0x0, 0x0,
    0xdf, 0xff, 0x30, 0x0, 0x0, 0x0, 0xdf, 0xff,
    0x30, 0x0, 0x0, 0x0, 0xdf, 0xff, 0x30, 0x0,
    0x0, 0x0, 0xdf, 0xff, 0x30, 0x0, 0x0, 0x0,
    0xdf, 0xff, 0x30, 0x0, 0x0, 0x0, 0xdf, 0xff,
    0x30, 0x0, 0x0, 0x0, 0xdf, 0xff, 0x30, 0x0,
    0x0, 0x0, 0xdf, 0xff, 0x30, 0x0, 0x0, 0x0,
    0xdf, 0xff, 0x30, 0x0, 0x0, 0x0, 0xdf, 0xff,
    0x30, 0x0, 0x0, 0x0, 0xdf, 0xff, 0x30, 0x0,
    0x0, 0x0, 0xdf, 0xff, 0x30, 0x0, 0x0, 0x0,
    0xdf, 0xff, 0x40, 0x0, 0x0, 0x0, 0xcf, 0xff,
    0xc6, 0x40, 0x0, 0x0, 0x8f, 0xff, 0xff, 0xc0,
    0x0, 0x0, 0x1e, 0xff, 0xff, 0xf0, 0x0, 0x0,
    0x1, 0x9d, 0xff, 0xd2,

    /* U+0391 "Α" */
    0x0, 0x0, 0x0, 0x0, 0x4f, 0xff, 0xff, 0x50,
    0x0, 0x0, 0x0, 0x0, 0x0, 0x0, 0x0, 0x9,
    0xff, 0xff, 0xfb, 0x0, 0x0, 0x0, 0x0, 0x0,
    0x0, 0x0, 0x0, 0xef, 0xff, 0xff, 0xf1, 0x0,
    0x0, 0x0, 0x0, 0x0, 0x0, 0x0, 0x4f, 0xff,
    0xef, 0xff, 0x60, 0x0, 0x0, 0x0, 0x0, 0x0,
    0x0, 0x9, 0xff, 0xf6, 0xff, 0xfc, 0x0, 0x0,
    0x0, 0x0, 0x0, 0x0, 0x0, 0xef, 0xff, 0xe,
    0xff, 0xf1, 0x0, 0x0, 0x0, 0x0, 0x0, 0x0,
    0x4f, 0xff, 0xb0, 0xaf, 0xff, 0x70, 0x0, 0x0,
    0x0, 0x0, 0x0, 0xa, 0xff, 0xf7, 0x6, 0xff,
    0xfc, 0x0, 0x0, 0x0, 0x0, 0x0, 0x0, 0xff,
    0xff, 0x30, 0x1f, 0xff, 0xf2, 0x0, 0x0, 0x0,
    0x0, 0x0, 0x5f, 0xff, 0xe0, 0x0, 0xdf, 0xff,
    0x70, 0x0, 0x0, 0x0, 0x0, 0xa, 0xff, 0xfa,
    0x0, 0x8, 0xff, 0xfd, 0x0, 0x0, 0x0, 0x0,
    0x0, 0xff, 0xff, 0x50, 0x0, 0x3f, 0xff, 0xf2,
    0x0, 0x0, 0x0, 0x0, 0x5f, 0xff, 0xf0, 0x0,
    0x0, 0xef, 0xff, 0x80, 0x0, 0x0, 0x0, 0xa,
    0xff, 0xfb, 0x0, 0x0, 0x8, 0xff, 0xfd, 0x0,
    0x0, 0x0, 0x0, 0xff, 0xff, 0xa6, 0x66, 0x66,
    0x9f, 0xff, 0xf3, 0x0, 0x0, 0x0, 0x5f, 0xff,
    0xff, 0xff, 0xff, 0xff, 0xff, 0xff, 0x90, 0x0,
    0x0, 0xa, 0xff, 0xff, 0xff, 0xff, 0xff, 0xff,
    0xff, 0xfe, 0x0, 0x0, 0x0, 0xff, 0xff, 0xff,
    0xff, 0xff, 0xff, 0xff, 0xff, 0xf4, 0x0, 0x0,
    0x5f, 0xff, 0xf1, 0x0, 0x0, 0x0, 0x0, 0xef,
    0xff, 0x90, 0x0, 0xb, 0xff, 0xfc, 0x0, 0x0,
    0x0, 0x0, 0x8, 0xff, 0xfe, 0x0, 0x0, 0xff,
    0xff, 0x70, 0x0, 0x0, 0x0, 0x0, 0x3f, 0xff,
    0xf4, 0x0, 0x6f, 0xff, 0xf2, 0x0, 0x0, 0x0,
    0x0, 0x0, 0xef, 0xff, 0xa0, 0xb, 0xff, 0xfd,
    0x0, 0x0, 0x0, 0x0, 0x0, 0x8, 0xff, 0xff,
    0x1, 0xff, 0xff, 0x80, 0x0, 0x0, 0x0, 0x0,
    0x0, 0x3f, 0xff, 0xf5,

    /* U+0392 "Β" */
    0xaf, 0xff, 0xff, 0xff, 0xff, 0xec, 0x72, 0x0,
    0x0, 0xaf, 0xff, 0xff, 0xff, 0xff, 0xff, 0xff,
    0x80, 0x0, 0xaf, 0xff, 0xff, 0xff, 0xff, 0xff,
    0xff, 0xf8, 0x0, 0xaf, 0xff, 0xc8, 0x88, 0x8a,
    0xdf, 0xff, 0xff, 0x20, 0xaf, 0xff, 0x80, 0x0,
    0x0, 0x6, 0xff, 0xff, 0x80, 0xaf, 0xff, 0x80,
    0x0, 0x0, 0x0, 0xaf, 0xff, 0xa0, 0xaf, 0xff,
    0x80, 0x0, 0x0, 0x0, 0x7f, 0xff, 0xb0, 0xaf,
    0xff, 0x80, 0x0, 0x0, 0x0, 0x8f, 0xff, 0x90,
    0xaf, 0xff, 0x80, 0x0, 0x0, 0x1, 0xef, 0xff,
    0x30, 0xaf, 0xff, 0x80, 0x0, 0x1, 0x5e, 0xff,
    0xf7, 0x0, 0xaf, 0xff, 0xff, 0xff, 0xff, 0xff,
    0xfc, 0x40, 0x0, 0xaf, 0xff, 0xff, 0xff, 0xff,
    0xff, 0xe8, 0x20, 0x0, 0xaf, 0xff, 0xff, 0xff,
    0xff, 0xff, 0xff, 0xf8, 0x0, 0xaf, 0xff, 0x81,
    0x11, 0x11, 0x3a, 0xff, 0xff, 0x70, 0xaf, 0xff,
    0x80, 0x0, 0x0, 0x0, 0x7f, 0xff, 0xf1, 0xaf,
    0xff, 0x80, 0x0, 0x0, 0x0, 0xd, 0xff, 0xf6,
    0xaf, 0xff, 0x80, 0x0, 0x0, 0x0, 0x9, 0xff,
    0xf9, 0xaf, 0xff, 0x80, 0x0, 0x0, 0x0, 0x9,
    0xff, 0xfa, 0xaf, 0xff, 0x80, 0x0, 0x0, 0x0,
    0xe, 0xff, 0xf8, 0xaf, 0xff, 0x80, 0x0, 0x0,
    0x0, 0xaf, 0xff, 0xf4, 0xaf, 0xff, 0xc8, 0x88,
    0x89, 0xae, 0xff, 0xff, 0xd0, 0xaf, 0xff, 0xff,
    0xff, 0xff, 0xff, 0xff, 0xff, 0x30, 0xaf, 0xff,
    0xff, 0xff, 0xff, 0xff, 0xff, 0xd3, 0x0, 0xaf,
    0xff, 0xff, 0xff, 0xff, 0xed, 0xa5, 0x0, 0x0,

    /* U+0393 "Γ" */
    0xaf, 0xff, 0xff, 0xff, 0xff, 0xff, 0xff, 0xf5,
    0xaf, 0xff, 0xff, 0xff, 0xff, 0xff, 0xff, 0xf5,
    0xaf, 0xff, 0xff, 0xff, 0xff, 0xff, 0xff, 0xf5,
    0xaf, 0xff, 0xc9, 0x99, 0x99, 0x99, 0x99, 0x92,
    0xaf, 0xff, 0x80, 0x0, 0x0, 0x0, 0x0, 0x0,
    0xaf, 0xff, 0x80, 0x0, 0x0, 0x0, 0x0, 0x0,
    0xaf, 0xff, 0x80, 0x0, 0x0, 0x0, 0x0, 0x0,
    0xaf, 0xff, 0x80, 0x0, 0x0, 0x0, 0x0, 0x0,
    0xaf, 0xff, 0x80, 0x0, 0x0, 0x0, 0x0, 0x0,
    0xaf, 0xff, 0x80, 0x0, 0x0, 0x0, 0x0, 0x0,
    0xaf, 0xff, 0x80, 0x0, 0x0, 0x0, 0x0, 0x0,
    0xaf, 0xff, 0x80, 0x0, 0x0, 0x0, 0x0, 0x0,
    0xaf, 0xff, 0x80, 0x0, 0x0, 0x0, 0x0, 0x0,
    0xaf, 0xff, 0x80, 0x0, 0x0, 0x0, 0x0, 0x0,
    0xaf, 0xff, 0x80, 0x0, 0x0, 0x0, 0x0, 0x0,
    0xaf, 0xff, 0x80, 0x0, 0x0, 0x0, 0x0, 0x0,
    0xaf, 0xff, 0x80, 0x0, 0x0, 0x0, 0x0, 0x0,
    0xaf, 0xff, 0x80, 0x0, 0x0, 0x0, 0x0, 0x0,
    0xaf, 0xff, 0x80, 0x0, 0x0, 0x0, 0x0, 0x0,
    0xaf, 0xff, 0x80, 0x0, 0x0, 0x0, 0x0, 0x0,
    0xaf, 0xff, 0x80, 0x0, 0x0, 0x0, 0x0, 0x0,
    0xaf, 0xff, 0x80, 0x0, 0x0, 0x0, 0x0, 0x0,
    0xaf, 0xff, 0x80, 0x0, 0x0, 0x0, 0x0, 0x0,
    0xaf, 0xff, 0x80, 0x0, 0x0, 0x0, 0x0, 0x0,

    /* U+0394 "Δ" */
    0x0, 0x0, 0x0, 0x0, 0x2f, 0xff, 0xff, 0x40,
    0x0, 0x0, 0x0, 0x0, 0x0, 0x0, 0x0, 0x8,
    0xff, 0xff, 0xfa, 0x0, 0x0, 0x0, 0x0, 0x0,
    0x0, 0x0, 0x0, 0xdf, 0xff, 0xff, 0xf0, 0x0,
    0x0, 0x0, 0x0, 0x0, 0x0, 0x0, 0x3f, 0xff,
    0xff, 0xff, 0x50, 0x0, 0x0, 0x0, 0x0, 0x0,
    0x0, 0x8, 0xff, 0xff, 0xff, 0xfa, 0x0, 0x0,
    0x0, 0x0, 0x0, 0x0, 0x0, 0xef, 0xff, 0x6f,
    0xff, 0xf0, 0x0, 0x0, 0x0, 0x0, 0x0, 0x0,
    0x3f, 0xff, 0xe0, 0xdf, 0xff, 0x50, 0x0, 0x0,
    0x0, 0x0, 0x0, 0x9, 0xff, 0xf9, 0x7, 0xff,
    0xfa, 0x0, 0x0, 0x0, 0x0, 0x0, 0x0, 0xef,
    0xff, 0x40, 0x2f, 0xff, 0xf0, 0x0, 0x0, 0x0,
    0x0, 0x0, 0x4f, 0xff, 0xf0, 0x0, 0xdf, 0xff,
    0x50, 0x0, 0x0, 0x0, 0x0, 0x9, 0xff, 0xfa,
    0x0, 0x8, 0xff, 0xfb, 0x0, 0x0, 0x0, 0x0,
    0x0, 0xef, 0xff, 0x50, 0x0, 0x2f, 0xff, 0xf1,
    0x0, 0x0, 0x0, 0x0, 0x4f, 0xff, 0xf0, 0x0,
    0x0, 0xdf, 0xff, 0x60, 0x0, 0x0, 0x0, 0xa,
    0xff, 0xfa, 0x0, 0x0, 0x8, 0xff, 0xfb, 0x0,
    0x0, 0x0, 0x0, 0xff, 0xff, 0x50, 0x0, 0x0,
    0x3f, 0xff, 0xf1, 0x0, 0x0, 0x0, 0x4f, 0xff,
    0xf0, 0x0, 0x0, 0x0, 0xdf, 0xff, 0x60, 0x0,
    0x0, 0xa, 0xff, 0xfb, 0x0, 0x0, 0x0, 0x8,
    0xff, 0xfc, 0x0, 0x0, 0x0, 0xff, 0xff, 0x50,
    0x0, 0x0, 0x0, 0x3f, 0xff, 0xf1, 0x0, 0x0,
    0x5f, 0xff, 0xf0, 0x0, 0x0, 0x0, 0x0, 0xef,
    0xff, 0x70, 0x0, 0xa, 0xff, 0xfb, 0x0, 0x0,
    0x0, 0x0, 0x8, 0xff, 0xfc, 0x0, 0x0, 0xff,
    0xff, 0xc9, 0x99, 0x99, 0x99, 0x99, 0xbf, 0xff,
    0xf2, 0x0, 0x5f, 0xff, 0xff, 0xff, 0xff, 0xff,
    0xff, 0xff, 0xff, 0xff, 0x70, 0xb, 0xff, 0xff,
    0xff, 0xff, 0xff, 0xff, 0xff, 0xff, 0xff, 0xfd,
    0x1, 0xff, 0xff, 0xff, 0xff, 0xff, 0xff, 0xff,
    0xff, 0xff, 0xff, 0xf2,

    /* U+0395 "Ε" */
    0xaf, 0xff, 0xff, 0xff, 0xff, 0xff, 0xff, 0xf7,
    0xaf, 0xff, 0xff, 0xff, 0xff, 0xff, 0xff, 0xf7,
    0xaf, 0xff, 0xff, 0xff, 0xff, 0xff, 0xff, 0xf7,
    0xaf, 0xff, 0xc9, 0x99, 0x99, 0x99, 0x99, 0x94,
    0xaf, 0xff, 0x80, 0x0, 0x0, 0x0, 0x0, 0x0,
    0xaf, 0xff, 0x80, 0x0, 0x0, 0x0, 0x0, 0x0,
    0xaf, 0xff, 0x80, 0x0, 0x0, 0x0, 0x0, 0x0,
    0xaf, 0xff, 0x80, 0x0, 0x0, 0x0, 0x0, 0x0,
    0xaf, 0xff, 0x80, 0x0, 0x0, 0x0, 0x0, 0x0,
    0xaf, 0xff, 0x80, 0x0, 0x0, 0x0, 0x0, 0x0,
    0xaf, 0xff, 0xc8, 0x88, 0x88, 0x88, 0x88, 0x50,
    0xaf, 0xff, 0xff, 0xff, 0xff, 0xff, 0xff, 0xa0,
    0xaf, 0xff, 0xff, 0xff, 0xff, 0xff, 0xff, 0xa0,
    0xaf, 0xff, 0xff, 0xff, 0xff, 0xff, 0xff, 0xa0,
    0xaf, 0xff, 0x80, 0x0, 0x0, 0x0, 0x0, 0x0,
    0xaf, 0xff, 0x80, 0x0, 0x0, 0x0, 0x0, 0x0,
    0xaf, 0xff, 0x80, 0x0, 0x0, 0x0, 0x0, 0x0,
    0xaf, 0xff, 0x80, 0x0, 0x0, 0x0, 0x0, 0x0,
    0xaf, 0xff, 0x80, 0x0, 0x0, 0x0, 0x0, 0x0,
    0xaf, 0xff, 0x80, 0x0, 0x0, 0x0, 0x0, 0x0,
    0xaf, 0xff, 0xc9, 0x99, 0x99, 0x99, 0x99, 0x94,
    0xaf, 0xff, 0xff, 0xff, 0xff, 0xff, 0xff, 0xf8,
    0xaf, 0xff, 0xff, 0xff, 0xff, 0xff, 0xff, 0xf8,
    0xaf, 0xff, 0xff, 0xff, 0xff, 0xff, 0xff, 0xf8,

    /* U+0396 "Ζ" */
    0x3f, 0xff, 0xff, 0xff, 0xff, 0xff, 0xff, 0xff,
    0xff, 0x3, 0xff, 0xff, 0xff, 0xff, 0xff, 0xff,
    0xff, 0xff, 0xf0, 0x3f, 0xff, 0xff, 0xff, 0xff,
    0xff, 0xff, 0xff, 0xff, 0x1, 0x88, 0x88, 0x88,
    0x88, 0x88, 0x89, 0xff, 0xff, 0x70, 0x0, 0x0,
    0x0, 0x0, 0x0, 0x0, 0xaf, 0xff, 0xc0, 0x0,
    0x0, 0x0, 0x0, 0x0, 0x0, 0x6f, 0xff, 0xf2,
    0x0, 0x0, 0x0, 0x0, 0x0, 0x0, 0x2f, 0xff,
    0xf6, 0x0, 0x0, 0x0, 0x0, 0x0, 0x0, 0xc,
    0xff, 0xfb, 0x0, 0x0, 0x0, 0x0, 0x0, 0x0,
    0x7, 0xff, 0xff, 0x20, 0x0, 0x0, 0x0, 0x0,
    0x0, 0x2, 0xff, 0xff, 0x60, 0x0, 0x0, 0x0,
    0x0, 0x0, 0x0, 0xcf, 0xff, 0xb0, 0x0, 0x0,
    0x0, 0x0, 0x0, 0x0, 0x8f, 0xff, 0xf1, 0x0,
    0x0, 0x0, 0x0, 0x0, 0x0, 0x3f, 0xff, 0xf6,
    0x0, 0x0, 0x0, 0x0, 0x0, 0x0, 0xd, 0xff,
    0xfb, 0x0, 0x0, 0x0, 0x0, 0x0, 0x0, 0x8,
    0xff, 0xfe, 0x10, 0x0, 0x0, 0x0, 0x0, 0x0,
    0x3, 0xff, 0xff, 0x50, 0x0, 0x0, 0x0, 0x0,
    0x0, 0x0, 0xdf, 0xff, 0xb0, 0x0, 0x0, 0x0,
    0x0, 0x0, 0x0, 0x8f, 0xff, 0xe1, 0x0, 0x0,
    0x0, 0x0, 0x0, 0x0, 0x3f, 0xff, 0xf4, 0x0,
    0x0, 0x0, 0x0, 0x0, 0x0, 0xd, 0xff, 0xf8,
    0x0, 0x0, 0x0, 0x0, 0x0, 0x0, 0x8, 0xff,
    0xff, 0x88, 0x88, 0x88, 0x88, 0x88, 0x88, 0x1,
    0xff, 0xff, 0xff, 0xff, 0xff, 0xff, 0xff, 0xff,
    0xf1, 0x2f, 0xff, 0xff, 0xff, 0xff, 0xff, 0xff,
    0xff, 0xff, 0x12, 0xff, 0xff, 0xff, 0xff, 0xff,
    0xff, 0xff, 0xff, 0xf1,

    /* U+0397 "Η" */
    0xaf, 0xff, 0x80, 0x0, 0x0, 0x0, 0x0, 0xa,
    0xff, 0xf8, 0xaf, 0xff, 0x80, 0x0, 0x0, 0x0,
    0x0, 0xa, 0xff, 0xf8, 0xaf, 0xff, 0x80, 0x0,
    0x0, 0x0, 0x0, 0xa, 0xff, 0xf8, 0xaf, 0xff,
    0x80, 0x0, 0x0, 0x0, 0x0, 0xa, 0xff, 0xf8,
    0xaf, 0xff, 0x80, 0x0, 0x0, 0x0, 0x0, 0xa,
    0xff, 0xf8, 0xaf, 0xff, 0x80, 0x0, 0x0, 0x0,
    0x0, 0xa, 0xff, 0xf8, 0xaf, 0xff, 0x80, 0x0,
    0x0, 0x0, 0x0, 0xa, 0xff, 0xf8, 0xaf, 0xff,
    0x80, 0x0, 0x0, 0x0, 0x0, 0xa, 0xff, 0xf8,
    0xaf, 0xff, 0x80, 0x0, 0x0, 0x0, 0x0, 0xa,
    0xff, 0xf8, 0xaf, 0xff, 0x80, 0x0, 0x0, 0x0,
    0x0, 0xa, 0xff, 0xf8, 0xaf, 0xff, 0xff, 0xff,
    0xff, 0xff, 0xff, 0xff, 0xff, 0xf8, 0xaf, 0xff,
    0xff, 0xff, 0xff, 0xff, 0xff, 0xff, 0xff, 0xf8,
    0xaf, 0xff, 0xff, 0xff, 0xff, 0xff, 0xff, 0xff,
    0xff, 0xf8, 0xaf, 0xff, 0xc9, 0x99, 0x99, 0x99,
    0x99, 0x9d, 0xff, 0xf8, 0xaf, 0xff, 0x80, 0x0,
    0x0, 0x0, 0x0, 0xa, 0xff, 0xf8, 0xaf, 0xff,
    0x80, 0x0, 0x0, 0x0, 0x0, 0xa, 0xff, 0xf8,
    0xaf, 0xff, 0x80, 0x0, 0x0, 0x0, 0x0, 0xa,
    0xff, 0xf8, 0xaf, 0xff, 0x80, 0x0, 0x0, 0x0,
    0x0, 0xa, 0xff, 0xf8, 0xaf, 0xff, 0x80, 0x0,
    0x0, 0x0, 0x0, 0xa, 0xff, 0xf8, 0xaf, 0xff,
    0x80, 0x0, 0x0, 0x0, 0x0, 0xa, 0xff, 0xf8,
    0xaf, 0xff, 0x80, 0x0, 0x0, 0x0, 0x0, 0xa,
    0xff, 0xf8, 0xaf, 0xff, 0x80, 0x0, 0x0, 0x0,
    0x0, 0xa, 0xff, 0xf8, 0xaf, 0xff, 0x80, 0x0,
    0x0, 0x0, 0x0, 0xa, 0xff, 0xf8, 0xaf, 0xff,
    0x80, 0x0, 0x0, 0x0, 0x0, 0xa, 0xff, 0xf8,

    /* U+0398 "Θ" */
    0x0, 0x0, 0x0, 0x5, 0xad, 0xff, 0xec, 0x82,
    0x0, 0x0, 0x0, 0x0, 0x0, 0x5, 0xef, 0xff,
    0xff, 0xff, 0xff, 0xb1, 0x0, 0x0, 0x0, 0x0,
    0x9f, 0xff, 0xff, 0xff, 0xff, 0xff, 0xfe, 0x40,
    0x0, 0x0, 0x9, 0xff, 0xff, 0xff, 0xed, 0xff,
    0xff, 0xff, 0xf3, 0x0, 0x0, 0x5f, 0xff, 0xff,
    0x71, 0x0, 0x3, 0xbf, 0xff, 0xfe, 0x0, 0x0,
    0xef, 0xff, 0xe2, 0x0, 0x0, 0x0, 0x7, 0xff,
    0xff, 0x80, 0x6, 0xff, 0xff, 0x30, 0x0, 0x0,
    0x0, 0x0, 0xaf, 0xff, 0xe0, 0xc, 0xff, 0xfa,
    0x0, 0x0, 0x0, 0x0, 0x0, 0x1f, 0xff, 0xf5,
    0xf, 0xff, 0xf4, 0x0, 0x0, 0x0, 0x0, 0x0,
    0xb, 0xff, 0xf9, 0x3f, 0xff, 0xf0, 0x0, 0x0,
    0x0, 0x0, 0x0, 0x7, 0xff, 0xfc, 0x5f, 0xff,
    0xe0, 0xf, 0xff, 0xff, 0xff, 0xfa, 0x4, 0xff,
    0xfe, 0x5f, 0xff, 0xd0, 0x1f, 0xff, 0xff, 0xff,
    0xfa, 0x4, 0xff, 0xff, 0x5f, 0xff, 0xd0, 0x1f,
    0xff, 0xff, 0xff, 0xfa, 0x3, 0xff, 0xff, 0x5f,
    0xff, 0xe0, 0x0, 0x0, 0x0, 0x0, 0x0, 0x4,
    0xff, 0xfe, 0x3f, 0xff, 0xf0, 0x0, 0x0, 0x0,
    0x0, 0x0, 0x7, 0xff, 0xfc, 0xf, 0xff, 0xf4,
    0x0, 0x0, 0x0, 0x0, 0x0, 0xb, 0xff, 0xf9,
    0xc, 0xff, 0xfa, 0x0, 0x0, 0x0, 0x0, 0x0,
    0x1f, 0xff, 0xf5, 0x6, 0xff, 0xff, 0x30, 0x0,
    0x0, 0x0, 0x0, 0xaf, 0xff, 0xf0, 0x0, 0xef,
    0xff, 0xe2, 0x0, 0x0, 0x0, 0x7, 0xff, 0xff,
    0x80, 0x0, 0x5f, 0xff, 0xff, 0x71, 0x0, 0x3,
    0xaf, 0xff, 0xfe, 0x0, 0x0, 0x9, 0xff, 0xff,
    0xff, 0xdd, 0xef, 0xff, 0xff, 0xf3, 0x0, 0x0,
    0x0, 0x9f, 0xff, 0xff, 0xff, 0xff, 0xff, 0xff,
    0x40, 0x0, 0x0, 0x0, 0x5, 0xef, 0xff, 0xff,
    0xff, 0xff, 0xb1, 0x0, 0x0, 0x0, 0x0, 0x0,
    0x5, 0xad, 0xff, 0xec, 0x83, 0x0, 0x0, 0x0,

    /* U+0399 "Ι" */
    0xaf, 0xff, 0x8a, 0xff, 0xf8, 0xaf, 0xff, 0x8a,
    0xff, 0xf8, 0xaf, 0xff, 0x8a, 0xff, 0xf8, 0xaf,
    0xff, 0x8a, 0xff, 0xf8, 0xaf, 0xff, 0x8a, 0xff,
    0xf8, 0xaf, 0xff, 0x8a, 0xff, 0xf8, 0xaf, 0xff,
    0x8a, 0xff, 0xf8, 0xaf, 0xff, 0x8a, 0xff, 0xf8,
    0xaf, 0xff, 0x8a, 0xff, 0xf8, 0xaf, 0xff, 0x8a,
    0xff, 0xf8, 0xaf, 0xff, 0x8a, 0xff, 0xf8, 0xaf,
    0xff, 0x8a, 0xff, 0xf8,

    /* U+039A "Κ" */
    0xaf, 0xff, 0x80, 0x0, 0x0, 0x0, 0x2, 0xef,
    0xff, 0xe2, 0xaf, 0xff, 0x80, 0x0, 0x0, 0x0,
    0x1d, 0xff, 0xff, 0x30, 0xaf, 0xff, 0x80, 0x0,
    0x0, 0x0, 0xcf, 0xff, 0xf5, 0x0, 0xaf, 0xff,
    0x80, 0x0, 0x0, 0xa, 0xff, 0xff, 0x80, 0x0,
    0xaf, 0xff, 0x80, 0x0, 0x0, 0x8f, 0xff, 0xfa,
    0x0, 0x0, 0xaf, 0xff, 0x80, 0x0, 0x5, 0xff,
    0xff, 0xc0, 0x0, 0x0, 0xaf, 0xff, 0x80, 0x0,
    0x3f, 0xff, 0xfd, 0x10, 0x0, 0x0, 0xaf, 0xff,
    0x80, 0x1, 0xef, 0xff, 0xe2, 0x0, 0x0, 0x0,
    0xaf, 0xff, 0x70, 0xc, 0xff, 0xff, 0x30, 0x0,
    0x0, 0x0, 0xaf, 0xff, 0x70, 0x9f, 0xff, 0xf5,
    0x0, 0x0, 0x0, 0x0, 0xaf, 0xff, 0x75, 0xff,
    0xff, 0xc0, 0x0, 0x0, 0x0, 0x0, 0xaf, 0xff,
    0x8e, 0xff, 0xff, 0xf5, 0x0, 0x0, 0x0, 0x0,
    0xaf, 0xff, 0xff, 0xff, 0xff, 0xfe, 0x10, 0x0,
    0x0, 0x0, 0xaf, 0xff, 0xff, 0xf9, 0xff, 0xff,
    0xa0, 0x0, 0x0, 0x0, 0xaf, 0xff, 0xff, 0x80,
    0x7f, 0xff, 0xf5, 0x0, 0x0, 0x0, 0xaf, 0xff,
    0xfa, 0x0, 0xc, 0xff, 0xfe, 0x10, 0x0, 0x0,
    0xaf, 0xff, 0xc0, 0x0, 0x3, 0xff, 0xff, 0xa0,
    0x0, 0x0, 0xaf, 0xff, 0x80, 0x0, 0x0, 0x8f,
    0xff, 0xf5, 0x0, 0x0, 0xaf, 0xff, 0x80, 0x0,
    0x0, 0xd, 0xff, 0xfe, 0x10, 0x0, 0xaf, 0xff,
    0x80, 0x0, 0x0, 0x3, 0xff, 0xff, 0xa0, 0x0,
    0xaf, 0xff, 0x80, 0x0, 0x0, 0x0, 0x8f, 0xff,
    0xf5, 0x0, 0xaf, 0xff, 0x80, 0x0, 0x0, 0x0,
    0xd, 0xff, 0xfe, 0x10, 0xaf, 0xff, 0x80, 0x0,
    0x0, 0x0, 0x3, 0xff, 0xff, 0xa0, 0xaf, 0xff,
    0x80, 0x0, 0x0, 0x0, 0x0, 0x9f, 0xff, 0xf5,

    /* U+039B "Λ" */
    0x0, 0x0, 0x0, 0x0, 0x4f, 0xff, 0xff, 0x50,
    0x0, 0x0, 0x0, 0x0, 0x0, 0x0, 0x0, 0x9,
    0xff, 0xff, 0xfb, 0x0, 0x0, 0x0, 0x0, 0x0,
    0x0, 0x0, 0x0, 0xef, 0xff, 0xff, 0xf1, 0x0,
    0x0, 0x0, 0x0, 0x0, 0x0, 0x0, 0x4f, 0xff,
    0xef, 0xff, 0x60, 0x0, 0x0, 0x0, 0x0, 0x0,
    0x0, 0x9, 0xff, 0xf6, 0xff, 0xfc, 0x0, 0x0,
    0x0, 0x0, 0x0, 0x0, 0x0, 0xef, 0xff, 0xe,
    0xff, 0xf1, 0x0, 0x0, 0x0, 0x0, 0x0, 0x0,
    0x4f, 0xff, 0xb0, 0xaf, 0xff, 0x70, 0x0, 0x0,
    0x0, 0x0, 0x0, 0xa, 0xff, 0xf7, 0x6, 0xff,
    0xfc, 0x0, 0x0, 0x0, 0x0, 0x0, 0x0, 0xff,
    0xff, 0x30, 0x1f, 0xff, 0xf2, 0x0, 0x0, 0x0,
    0x0, 0x0, 0x5f, 0xff, 0xe0, 0x0, 0xdf, 0xff,
    0x70, 0x0, 0x0, 0x0, 0x0, 0xa, 0xff, 0xfa,
    0x0, 0x8, 0xff, 0xfd, 0x0, 0x0, 0x0, 0x0,
    0x0, 0xff, 0xff, 0x50, 0x0, 0x3f, 0xff, 0xf2,
    0x0, 0x0, 0x0, 0x0, 0x5f, 0xff, 0xf0, 0x0,
    0x0, 0xef, 0xff, 0x80, 0x0, 0x0, 0x0, 0xa,
    0xff, 0xfb, 0x0, 0x0, 0x8, 0xff, 0xfd, 0x0,
    0x0, 0x0, 0x0, 0xff, 0xff, 0x60, 0x0, 0x0,
    0x3f, 0xff, 0xf3, 0x0, 0x0, 0x0, 0x5f, 0xff,
    0xf1, 0x0, 0x0, 0x0, 0xef, 0xff, 0x90, 0x0,
    0x0, 0xa, 0xff, 0xfb, 0x0, 0x0, 0x0, 0x8,
    0xff, 0xfe, 0x0, 0x0, 0x0, 0xff, 0xff, 0x60,
    0x0, 0x0, 0x0, 0x3f, 0xff, 0xf4, 0x0, 0x0,
    0x5f, 0xff, 0xf1, 0x0, 0x0, 0x0, 0x0, 0xef,
    0xff, 0x90, 0x0, 0xb, 0xff, 0xfc, 0x0, 0x0,
    0x0, 0x0, 0x8, 0xff, 0xfe, 0x0, 0x0, 0xff,
    0xff, 0x70, 0x0, 0x0, 0x0, 0x0, 0x3f, 0xff,
    0xf4, 0x0, 0x6f, 0xff, 0xf2, 0x0, 0x0, 0x0,
    0x0, 0x0, 0xef, 0xff, 0xa0, 0xb, 0xff, 0xfd,
    0x0, 0x0, 0x0, 0x0, 0x0, 0x9, 0xff, 0xff,
    0x1, 0xff, 0xff, 0x80, 0x0, 0x0, 0x0, 0x0,
    0x0, 0x3f, 0xff, 0xf5,

    /* U+039C "Μ" */
    0xaf, 0xff, 0xff, 0xc0, 0x0, 0x0, 0x0, 0x0,
    0x0, 0x4f, 0xff, 0xff, 0xf2, 0xaf, 0xff, 0xff,
    0xf2, 0x0, 0x0, 0x0, 0x0, 0x0, 0xaf, 0xff,
    0xff, 0xf2, 0xaf, 0xff, 0xff, 0xf8, 0x0, 0x0,
    0x0, 0x0, 0x0, 0xff, 0xff, 0xff, 0xf2, 0xaf,
    0xff, 0xff, 0xfd, 0x0, 0x0, 0x0, 0x0, 0x5,
    0xff, 0xff, 0xff, 0xf2, 0xaf, 0xff, 0xef, 0xff,
    0x30, 0x0, 0x0, 0x0, 0xb, 0xff, 0xfe, 0xff,
    0xf2, 0xaf, 0xff, 0x9f, 0xff, 0x90, 0x0, 0x0,
    0x0, 0x1f, 0xff, 0xbe, 0xff, 0xf2, 0xaf, 0xff,
    0x6f, 0xff, 0xe0, 0x0, 0x0, 0x0, 0x6f, 0xff,
    0x7e, 0xff, 0xf2, 0xaf, 0xff, 0x5b, 0xff, 0xf4,
    0x0, 0x0, 0x0, 0xcf, 0xff, 0x2e, 0xff, 0xf2,
    0xaf, 0xff, 0x67, 0xff, 0xfa, 0x0, 0x0, 0x2,
    0xff, 0xfe, 0xf, 0xff, 0xf2, 0xaf, 0xff, 0x62,
    0xff, 0xff, 0x0, 0x0, 0x7, 0xff, 0xf9, 0xf,
    0xff, 0xf2, 0xaf, 0xff, 0x60, 0xdf, 0xff, 0x60,
    0x0, 0xd, 0xff, 0xf4, 0xf, 0xff, 0xf2, 0xaf,
    0xff, 0x60, 0x8f, 0xff, 0xb0, 0x0, 0x3f, 0xff,
    0xe0, 0xf, 0xff, 0xf2, 0xaf, 0xff, 0x70, 0x2f,
    0xff, 0xf1, 0x0, 0x8f, 0xff, 0x90, 0xf, 0xff,
    0xf2, 0xaf, 0xff, 0x70, 0xc, 0xff, 0xf6, 0x0,
    0xdf, 0xff, 0x40, 0xf, 0xff, 0xf2, 0xaf, 0xff,
    0x70, 0x7, 0xff, 0xfa, 0x1, 0xff, 0xfe, 0x0,
    0xf, 0xff, 0xf2, 0xaf, 0xff, 0x70, 0x1, 0xff,
    0xfe, 0x5, 0xff, 0xf8, 0x0, 0xf, 0xff, 0xf2,
    0xaf, 0xff, 0x70, 0x0, 0xbf, 0xff, 0x29, 0xff,
    0xf3, 0x0, 0xf, 0xff, 0xf2, 0xaf, 0xff, 0x70,
    0x0, 0x5f, 0xff, 0x6d, 0xff, 0xd0, 0x0, 0xf,
    0xff, 0xf2, 0xaf, 0xff, 0x70, 0x0, 0xf, 0xff,
    0xbf, 0xff, 0x70, 0x0, 0xf, 0xff, 0xf2, 0xaf,
    0xff, 0x70, 0x0, 0xa, 0xff, 0xff, 0xff, 0x20,
    0x0, 0xf, 0xff, 0xf2, 0xaf, 0xff, 0x70, 0x0,
    0x4, 0xff, 0xff, 0xfc, 0x0, 0x0, 0xf, 0xff,
    0xf2, 0xaf, 0xff, 0x70, 0x0, 0x0, 0xef, 0xff,
    0xf6, 0x0, 0x0, 0xf, 0xff, 0xf2, 0xaf, 0xff,
    0x70, 0x0, 0x0, 0x8f, 0xff, 0xf1, 0x0, 0x0,
    0xf, 0xff, 0xf2, 0xaf, 0xff, 0x70, 0x0, 0x0,
    0x3f, 0xff, 0xb0, 0x0, 0x0, 0xf, 0xff, 0xf2,

    /* U+039D "Ν" */
    0xaf, 0xff, 0xf5, 0x0, 0x0, 0x0, 0x0, 0x4,
    0xff, 0xff, 0xaf, 0xff, 0xfe, 0x10, 0x0, 0x0,
    0x0, 0x4, 0xff, 0xff, 0xaf, 0xff, 0xff, 0x90,
    0x0, 0x0, 0x0, 0x4, 0xff, 0xff, 0xaf, 0xff,
    0xff, 0xf3, 0x0, 0x0, 0x0, 0x4, 0xff, 0xff,
    0xaf, 0xff, 0xff, 0xfc, 0x0, 0x0, 0x0, 0x4,
    0xff, 0xff, 0xaf, 0xff, 0xdf, 0xff, 0x60, 0x0,
    0x0, 0x4, 0xff, 0xff, 0xaf, 0xff, 0x7f, 0xff,
    0xe1, 0x0, 0x0, 0x4, 0xff, 0xff, 0xaf, 0xff,
    0x69, 0xff, 0xfa, 0x0, 0x0, 0x4, 0xff, 0xff,
    0xaf, 0xff, 0x71, 0xff, 0xff, 0x30, 0x0, 0x4,
    0xff, 0xff, 0xaf, 0xff, 0x80, 0x8f, 0xff, 0xd0,
    0x0, 0x4, 0xff, 0xff, 0xaf, 0xff, 0x80, 0x1e,
    0xff, 0xf7, 0x0, 0x4, 0xff, 0xff, 0xaf, 0xff,
    0x90, 0x6, 0xff, 0xff, 0x10, 0x4, 0xff, 0xff,
    0xaf, 0xff, 0x90, 0x0, 0xcf, 0xff, 0xa0, 0x4,
    0xff, 0xff, 0xaf, 0xff, 0x90, 0x0, 0x3f, 0xff,
    0xf4, 0x4, 0xff, 0xff, 0xaf, 0xff, 0x90, 0x0,
    0x9, 0xff, 0xfd, 0x3, 0xff, 0xff, 0xaf, 0xff,
    0x90, 0x0, 0x0, 0xef, 0xff, 0x63, 0xff, 0xff,
    0xaf, 0xff, 0x90, 0x0, 0x0, 0x5f, 0xff, 0xe2,
    0xff, 0xff, 0xaf, 0xff, 0x90, 0x0, 0x0, 0xb,
    0xff, 0xf7, 0xff, 0xff, 0xaf, 0xff, 0x90, 0x0,
    0x0, 0x2, 0xff, 0xfd, 0xff, 0xff, 0xaf, 0xff,
    0x90, 0x0, 0x0, 0x0, 0x8f, 0xff, 0xff, 0xff,
    0xaf, 0xff, 0x90, 0x0, 0x0, 0x0, 0xe, 0xff,
    0xff, 0xff, 0xaf, 0xff, 0x90, 0x0, 0x0, 0x0,
    0x4, 0xff, 0xff, 0xff, 0xaf, 0xff, 0x90, 0x0,
    0x0, 0x0, 0x0, 0xbf, 0xff, 0xff, 0xaf, 0xff,
    0x90, 0x0, 0x0, 0x0, 0x0, 0x2f, 0xff, 0xff,

    /* U+039E "Ξ" */
    0xe, 0xff, 0xff, 0xff, 0xff, 0xff, 0xff, 0xff,
    0xff, 0x90, 0xef, 0xff, 0xff, 0xff, 0xff, 0xff,
    0xff, 0xff, 0xf9, 0xe, 0xff, 0xff, 0xff, 0xff,
    0xff, 0xff, 0xff, 0xff, 0x90, 0x89, 0x99, 0x99,
    0x99, 0x99, 0x99, 0x99, 0x99, 0x95, 0x0, 0x0,
    0x0, 0x0, 0x0, 0x0, 0x0, 0x0, 0x0, 0x0,
    0x0, 0x0, 0x0, 0x0, 0x0, 0x0, 0x0, 0x0,
    0x0, 0x0, 0x0, 0x0, 0x0, 0x0, 0x0, 0x0,
    0x0, 0x0, 0x0, 0x0, 0x0, 0x0, 0x0, 0x0,
    0x0, 0x0, 0x0, 0x0, 0x0, 0x0, 0x0, 0x0,
    0x0, 0x0, 0x0, 0x0, 0x0, 0x0, 0x0, 0x0,
    0x0, 0x0, 0x0, 0x0, 0x0, 0x0, 0x0, 0x0,
    0x68, 0x88, 0x88, 0x88, 0x88, 0x88, 0x88, 0x83,
    0x0, 0xb, 0xff, 0xff, 0xff, 0xff, 0xff, 0xff,
    0xff, 0x60, 0x0, 0xbf, 0xff, 0xff, 0xff, 0xff,
    0xff, 0xff, 0xf6, 0x0, 0xb, 0xff, 0xff, 0xff,
    0xff, 0xff, 0xff, 0xff, 0x60, 0x0, 0x0, 0x0,
    0x0, 0x0, 0x0, 0x0, 0x0, 0x0, 0x0, 0x0,
    0x0, 0x0, 0x0, 0x0, 0x0, 0x0, 0x0, 0x0,
    0x0, 0x0, 0x0, 0x0, 0x0, 0x0, 0x0, 0x0,
    0x0, 0x0, 0x0, 0x0, 0x0, 0x0, 0x0, 0x0,
    0x0, 0x0, 0x0, 0x0, 0x0, 0x0, 0x0, 0x0,
    0x0, 0x0, 0x0, 0x0, 0x0, 0x0, 0x0, 0x0,
    0x0, 0x0, 0x0, 0x0, 0x0, 0x0, 0x9, 0x99,
    0x99, 0x99, 0x99, 0x99, 0x99, 0x99, 0x99, 0x61,
    0xff, 0xff, 0xff, 0xff, 0xff, 0xff, 0xff, 0xff,
    0xfc, 0x1f, 0xff, 0xff, 0xff, 0xff, 0xff, 0xff,
    0xff, 0xff, 0xc1, 0xff, 0xff, 0xff, 0xff, 0xff,
    0xff, 0xff, 0xff, 0xfc,

    /* U+039F "Ο" */
    0x0, 0x0, 0x0, 0x5, 0xad, 0xff, 0xec, 0x82,
    0x0, 0x0, 0x0, 0x0, 0x0, 0x5, 0xef, 0xff,
    0xff, 0xff, 0xff, 0xb1, 0x0, 0x0, 0x0, 0x0,
    0x9f, 0xff, 0xff, 0xff, 0xff, 0xff, 0xfe, 0x40,
    0x0, 0x0, 0x9, 0xff, 0xff, 0xff, 0xed, 0xff,
    0xff, 0xff, 0xf3, 0x0, 0x0, 0x5f, 0xff, 0xff,
    0x71, 0x0, 0x3, 0xbf, 0xff, 0xfe, 0x0, 0x0,
    0xef, 0xff, 0xe2, 0x0, 0x0, 0x0, 0x7, 0xff,
    0xff, 0x80, 0x6, 0xff, 0xff, 0x30, 0x0, 0x0,
    0x0, 0x0, 0xaf, 0xff, 0xe0, 0xc, 0xff, 0xfa,
    0x0, 0x0, 0x0, 0x0, 0x0, 0x1f, 0xff, 0xf5,
    0xf, 0xff, 0xf4, 0x0, 0x0, 0x0, 0x0, 0x0,
    0xb, 0xff, 0xf9, 0x3f, 0xff, 0xf0, 0x0, 0x0,
    0x0, 0x0, 0x0, 0x7, 0xff, 0xfc, 0x5f, 0xff,
    0xe0, 0x0, 0x0, 0x0, 0x0, 0x0, 0x4, 0xff,
    0xfe, 0x5f, 0xff, 0xd0, 0x0, 0x0, 0x0, 0x0,
    0x0, 0x4, 0xff, 0xff, 0x5f, 0xff, 0xd0, 0x0,
    0x0, 0x0, 0x0, 0x0, 0x3, 0xff, 0xff, 0x5f,
    0xff, 0xe0, 0x0, 0x0, 0x0, 0x0, 0x0, 0x4,
    0xff, 0xfe, 0x3f, 0xff, 0xf0, 0x0, 0x0, 0x0,
    0x0, 0x0, 0x7, 0xff, 0xfc, 0xf, 0xff, 0xf4,
    0x0, 0x0, 0x0, 0x0, 0x0, 0xb, 0xff, 0xf9,
    0xc, 0xff, 0xfa, 0x0, 0x0, 0x0, 0x0, 0x0,
    0x1f, 0xff, 0xf5, 0x6, 0xff, 0xff, 0x30, 0x0,
    0x0, 0x0, 0x0, 0xaf, 0xff, 0xf0, 0x0, 0xef,
    0xff, 0xe2, 0x0, 0x0, 0x0, 0x7, 0xff, 0xff,
    0x80, 0x0, 0x5f, 0xff, 0xff, 0x71, 0x0, 0x3,
    0xaf, 0xff, 0xfe, 0x0, 0x0, 0x9, 0xff, 0xff,
    0xff, 0xdd, 0xef, 0xff, 0xff, 0xf3, 0x0, 0x0,
    0x0, 0x9f, 0xff, 0xff, 0xff, 0xff, 0xff, 0xff,
    0x40, 0x0, 0x0, 0x0, 0x5, 0xef, 0xff, 0xff,
    0xff, 0xff, 0xb1, 0x0, 0x0, 0x0, 0x0, 0x0,
    0x5, 0xad, 0xff, 0xec, 0x83, 0x0, 0x0, 0x0,

    /* U+03A0 "Π" */
    0xaf, 0xff, 0xff, 0xff, 0xff, 0xff, 0xff, 0xff,
    0xff, 0xf8, 0xaf, 0xff, 0xff, 0xff, 0xff, 0xff,
    0xff, 0xff, 0xff, 0xf8, 0xaf, 0xff, 0xff, 0xff,
    0xff, 0xff, 0xff, 0xff, 0xff, 0xf8, 0xaf, 0xff,
    0xc9, 0x99, 0x99, 0x99, 0x99, 0x9d, 0xff, 0xf8,
    0xaf, 0xff, 0x80, 0x0, 0x0, 0x0, 0x0, 0xa,
    0xff, 0xf8, 0xaf, 0xff, 0x80, 0x0, 0x0, 0x0,
    0x0, 0xa, 0xff, 0xf8, 0xaf, 0xff, 0x80, 0x0,
    0x0, 0x0, 0x0, 0xa, 0xff, 0xf8, 0xaf, 0xff,
    0x80, 0x0, 0x0, 0x0, 0x0, 0xa, 0xff, 0xf8,
    0xaf, 0xff, 0x80, 0x0, 0x0, 0x0, 0x0, 0xa,
    0xff, 0xf8, 0xaf, 0xff, 0x80, 0x0, 0x0, 0x0,
    0x0, 0xa, 0xff, 0xf8, 0xaf, 0xff, 0x80, 0x0,
    0x0, 0x0, 0x0, 0xa, 0xff, 0xf8, 0xaf, 0xff,
    0x80, 0x0, 0x0, 0x0, 0x0, 0xa, 0xff, 0xf8,
    0xaf, 0xff, 0x80, 0x0, 0x0, 0x0, 0x0, 0xa,
    0xff, 0xf8, 0xaf, 0xff, 0x80, 0x0, 0x0, 0x0,
    0x0, 0xa, 0xff, 0xf8, 0xaf, 0xff, 0x80, 0x0,
    0x0, 0x0, 0x0, 0xa, 0xff, 0xf8, 0xaf, 0xff,
    0x80, 0x0, 0x0, 0x0, 0x0, 0xa, 0xff, 0xf8,
    0xaf, 0xff, 0x80, 0x0, 0x0, 0x0, 0x0, 0xa,
    0xff, 0xf8, 0xaf, 0xff, 0x80, 0x0, 0x0, 0x0,
    0x0, 0xa, 0xff, 0xf8, 0xaf, 0xff, 0x80, 0x0,
    0x0, 0x0, 0x0, 0xa, 0xff, 0xf8, 0xaf, 0xff,
    0x80, 0x0, 0x0, 0x0, 0x0, 0xa, 0xff, 0xf8,
    0xaf, 0xff, 0x80, 0x0, 0x0, 0x0, 0x0, 0xa,
    0xff, 0xf8, 0xaf, 0xff, 0x80, 0x0, 0x0, 0x0,
    0x0, 0xa, 0xff, 0xf8, 0xaf, 0xff, 0x80, 0x0,
    0x0, 0x0, 0x0, 0xa, 0xff, 0xf8, 0xaf, 0xff,
    0x80, 0x0, 0x0, 0x0, 0x0, 0xa, 0xff, 0xf8,

    /* U+03A1 "Ρ" */
    0xaf, 0xff, 0xff, 0xff, 0xff, 0xeb, 0x60, 0x0,
    0x0, 0xaf, 0xff, 0xff, 0xff, 0xff, 0xff, 0xfe,
    0x30, 0x0, 0xaf, 0xff, 0xff, 0xff, 0xff, 0xff,
    0xff, 0xf4, 0x0, 0xaf, 0xff, 0xc9, 0x99, 0x9a,
    0xef, 0xff, 0xfe, 0x10, 0xaf, 0xff, 0x80, 0x0,
    0x0, 0x7, 0xff, 0xff, 0x80, 0xaf, 0xff, 0x80,
    0x0, 0x0, 0x0, 0xaf, 0xff, 0xe0, 0xaf, 0xff,
    0x80, 0x0, 0x0, 0x0, 0x3f, 0xff, 0xf1, 0xaf,
    0xff, 0x80, 0x0, 0x0, 0x0, 0xf, 0xff, 0xf3,
    0xaf, 0xff, 0x80, 0x0, 0x0, 0x0, 0xf, 0xff,
    0xf3, 0xaf, 0xff, 0x80, 0x0, 0x0, 0x0, 0x3f,
    0xff, 0xf1, 0xaf, 0xff, 0x80, 0x0, 0x0, 0x0,
    0xaf, 0xff, 0xe0, 0xaf, 0xff, 0x80, 0x0, 0x0,
    0x6, 0xff, 0xff, 0x80, 0xaf, 0xff, 0xc8, 0x88,
    0x89, 0xdf, 0xff, 0xfe, 0x10, 0xaf, 0xff, 0xff,
    0xff, 0xff, 0xff, 0xff, 0xf4, 0x0, 0xaf, 0xff,
    0xff, 0xff, 0xff, 0xff, 0xfe, 0x30, 0x0, 0xaf,
    0xff, 0xff, 0xff, 0xff, 0xeb, 0x60, 0x0, 0x0,
    0xaf, 0xff, 0x80, 0x0, 0x0, 0x0, 0x0, 0x0,
    0x0, 0xaf, 0xff, 0x80, 0x0, 0x0, 0x0, 0x0,
    0x0, 0x0, 0xaf, 0xff, 0x80, 0x0, 0x0, 0x0,
    0x0, 0x0, 0x0, 0xaf, 0xff, 0x80, 0x0, 0x0,
    0x0, 0x0, 0x0, 0x0, 0xaf, 0xff, 0x80, 0x0,
    0x0, 0x0, 0x0, 0x0, 0x0, 0xaf, 0xff, 0x80,
    0x0, 0x0, 0x0, 0x0, 0x0, 0x0, 0xaf, 0xff,
    0x80, 0x0, 0x0, 0x0, 0x0, 0x0, 0x0, 0xaf,
    0xff, 0x80, 0x0, 0x0, 0x0, 0x0, 0x0, 0x0,

    /* U+03A3 "Σ" */
    0xa, 0xff, 0xff, 0xff, 0xff, 0xff, 0xff, 0xff,
    0xff, 0xf2, 0xa, 0xff, 0xff, 0xff, 0xff, 0xff,
    0xff, 0xff, 0xff, 0xf2, 0xa, 0xff, 0xff, 0xff,
    0xff, 0xff, 0xff, 0xff, 0xff, 0xf2, 0x6, 0xff,
    0xff, 0xc8, 0x88, 0x88, 0x88, 0x88, 0x88, 0x81,
    0x0, 0x7f, 0xff, 0xf7, 0x0, 0x0, 0x0, 0x0,
    0x0, 0x0, 0x0, 0x8, 0xff, 0xff, 0x80, 0x0,
    0x0, 0x0, 0x0, 0x0, 0x0, 0x0, 0x8f, 0xff,
    0xf9, 0x0, 0x0, 0x0, 0x0, 0x0, 0x0, 0x0,
    0x9, 0xff, 0xff, 0x80, 0x0, 0x0, 0x0, 0x0,
    0x0, 0x0, 0x0, 0xaf, 0xff, 0xf7, 0x0, 0x0,
    0x0, 0x0, 0x0, 0x0, 0x0, 0xa, 0xff, 0xff,
    0x60, 0x0, 0x0, 0x0, 0x0, 0x0, 0x0, 0x0,
    0x9f, 0xff, 0xf5, 0x0, 0x0, 0x0, 0x0, 0x0,
    0x0, 0x0, 0x9, 0xff, 0xfc, 0x0, 0x0, 0x0,
    0x0, 0x0, 0x0, 0x0, 0x3e, 0xff, 0xf9, 0x0,
    0x0, 0x0, 0x0, 0x0, 0x0, 0x4, 0xff, 0xff,
    0xb0, 0x0, 0x0, 0x0, 0x0, 0x0, 0x0, 0x4f,
    0xff, 0xfc, 0x0, 0x0, 0x0, 0x0, 0x0, 0x0,
    0x3, 0xff, 0xff, 0xd1, 0x0, 0x0, 0x0, 0x0,
    0x0, 0x0, 0x2e, 0xff, 0xfe, 0x10, 0x0, 0x0,
    0x0, 0x0, 0x0, 0x2, 0xef, 0xff, 0xe2, 0x0,
    0x0, 0x0, 0x0, 0x0, 0x0, 0x1e, 0xff, 0xfe,
    0x20, 0x0, 0x0, 0x0, 0x0, 0x0, 0x1, 0xdf,
    0xff, 0xc1, 0x0, 0x0, 0x0, 0x0, 0x0, 0x0,
    0xd, 0xff, 0xff, 0x98, 0x88, 0x88, 0x88, 0x88,
    0x88, 0x82, 0x3f, 0xff, 0xff, 0xff, 0xff, 0xff,
    0xff, 0xff, 0xff, 0xf5, 0x3f, 0xff, 0xff, 0xff,
    0xff, 0xff, 0xff, 0xff, 0xff, 0xf5, 0x3f, 0xff,
    0xff, 0xff, 0xff, 0xff, 0xff, 0xff, 0xff, 0xf5,

    /* U+03A4 "Τ" */
    0xbf, 0xff, 0xff, 0xff, 0xff, 0xff, 0xff, 0xff,
    0xff, 0xdb, 0xff, 0xff, 0xff, 0xff, 0xff, 0xff,
    0xff, 0xff, 0xfd, 0xbf, 0xff, 0xff, 0xff, 0xff,
    0xff, 0xff, 0xff, 0xff, 0xd6, 0x99, 0x99, 0x99,
    0xcf, 0xff, 0xd9, 0x99, 0x99, 0x97, 0x0, 0x0,
    0x0, 0x8, 0xff, 0xfa, 0x0, 0x0, 0x0, 0x0,
    0x0, 0x0, 0x0, 0x8f, 0xff, 0xa0, 0x0, 0x0,
    0x0, 0x0, 0x0, 0x0, 0x8, 0xff, 0xfa, 0x0,
    0x0, 0x0, 0x0, 0x0, 0x0, 0x0, 0x8f, 0xff,
    0xa0, 0x0, 0x0, 0x0, 0x0, 0x0, 0x0, 0x8,
    0xff, 0xfa, 0x0, 0x0, 0x0, 0x0, 0x0, 0x0,
    0x0, 0x8f, 0xff, 0xa0, 0x0, 0x0, 0x0, 0x0,
    0x0, 0x0, 0x8, 0xff, 0xfa, 0x0, 0x0, 0x0,
    0x0, 0x0, 0x0, 0x0, 0x8f, 0xff, 0xa0, 0x0,
    0x0, 0x0, 0x0, 0x0, 0x0, 0x8, 0xff, 0xfa,
    0x0, 0x0, 0x0, 0x0, 0x0, 0x0, 0x0, 0x8f,
    0xff, 0xa0, 0x0, 0x0, 0x0, 0x0, 0x0, 0x0,
    0x8, 0xff, 0xfa, 0x0, 0x0, 0x0, 0x0, 0x0,
    0x0, 0x0, 0x8f, 0xff, 0xa0, 0x0, 0x0, 0x0,
    0x0, 0x0, 0x0, 0x8, 0xff, 0xfa, 0x0, 0x0,
    0x0, 0x0, 0x0, 0x0, 0x0, 0x8f, 0xff, 0xa0,
    0x0, 0x0, 0x0, 0x0, 0x0, 0x0, 0x8, 0xff,
    0xfa, 0x0, 0x0, 0x0, 0x0, 0x0, 0x0, 0x0,
    0x8f, 0xff, 0xa0, 0x0, 0x0, 0x0, 0x0, 0x0,
    0x0, 0x8, 0xff, 0xfa, 0x0, 0x0, 0x0, 0x0,
    0x0, 0x0, 0x0, 0x8f, 0xff, 0xa0, 0x0, 0x0,
    0x0, 0x0, 0x0, 0x0, 0x8, 0xff, 0xfa, 0x0,
    0x0, 0x0, 0x0, 0x0, 0x0, 0x0, 0x8f, 0xff,
    0xa0, 0x0, 0x0, 0x0,

    /* U+03A5 "Υ" */
    0xe, 0xff, 0xfe, 0x0, 0x0, 0x0, 0x0, 0x0,
    0x1f, 0xff, 0xfc, 0x0, 0x5f, 0xff, 0xf7, 0x0,
    0x0, 0x0, 0x0, 0x9, 0xff, 0xff, 0x30, 0x0,
    0xcf, 0xff, 0xf1, 0x0, 0x0, 0x0, 0x2, 0xff,
    0xff, 0x90, 0x0, 0x2, 0xff, 0xff, 0x90, 0x0,
    0x0, 0x0, 0xbf, 0xff, 0xf1, 0x0, 0x0, 0x9,
    0xff, 0xff, 0x20, 0x0, 0x0, 0x3f, 0xff, 0xf7,
    0x0, 0x0, 0x0, 0x1e, 0xff, 0xfa, 0x0, 0x0,
    0xc, 0xff, 0xfd, 0x0, 0x0, 0x0, 0x0, 0x6f,
    0xff, 0xf3, 0x0, 0x4, 0xff, 0xff, 0x40, 0x0,
    0x0, 0x0, 0x0, 0xdf, 0xff, 0xc0, 0x0, 0xdf,
    0xff, 0xb0, 0x0, 0x0, 0x0, 0x0, 0x4, 0xff,
    0xff, 0x40, 0x5f, 0xff, 0xf2, 0x0, 0x0, 0x0,
    0x0, 0x0, 0xa, 0xff, 0xfc, 0xd, 0xff, 0xf8,
    0x0, 0x0, 0x0, 0x0, 0x0, 0x0, 0x1f, 0xff,
    0xf7, 0xff, 0xfe, 0x0, 0x0, 0x0, 0x0, 0x0,
    0x0, 0x0, 0x8f, 0xff, 0xff, 0xff, 0x60, 0x0,
    0x0, 0x0, 0x0, 0x0, 0x0, 0x0, 0xef, 0xff,
    0xff, 0xc0, 0x0, 0x0, 0x0, 0x0, 0x0, 0x0,
    0x0, 0x5, 0xff, 0xff, 0xf3, 0x0, 0x0, 0x0,
    0x0, 0x0, 0x0, 0x0, 0x0, 0xc, 0xff, 0xfb,
    0x0, 0x0, 0x0, 0x0, 0x0, 0x0, 0x0, 0x0,
    0x0, 0xaf, 0xff, 0x80, 0x0, 0x0, 0x0, 0x0,
    0x0, 0x0, 0x0, 0x0, 0xa, 0xff, 0xf8, 0x0,
    0x0, 0x0, 0x0, 0x0, 0x0, 0x0, 0x0, 0x0,
    0xaf, 0xff, 0x80, 0x0, 0x0, 0x0, 0x0, 0x0,
    0x0, 0x0, 0x0, 0xa, 0xff, 0xf8, 0x0, 0x0,
    0x0, 0x0, 0x0, 0x0, 0x0, 0x0, 0x0, 0xaf,
    0xff, 0x80, 0x0, 0x0, 0x0, 0x0, 0x0, 0x0,
    0x0, 0x0, 0xa, 0xff, 0xf8, 0x0, 0x0, 0x0,
    0x0, 0x0, 0x0, 0x0, 0x0, 0x0, 0xaf, 0xff,
    0x80, 0x0, 0x0, 0x0, 0x0, 0x0, 0x0, 0x0,
    0x0, 0xa, 0xff, 0xf8, 0x0, 0x0, 0x0, 0x0,
    0x0, 0x0, 0x0, 0x0, 0x0, 0xaf, 0xff, 0x80,
    0x0, 0x0, 0x0, 0x0,

    /* U+03A6 "Φ" */
    0x0, 0x0, 0x0, 0x0, 0x0, 0xb, 0xee, 0xe3,
    0x0, 0x0, 0x0, 0x0, 0x0, 0x0, 0x0, 0x0,
    0x0, 0x0, 0xc, 0xff, 0xf3, 0x0, 0x0, 0x0,
    0x0, 0x0, 0x0, 0x0, 0x0, 0x0, 0x36, 0x8e,
    0xff, 0xfa, 0x75, 0x10, 0x0, 0x0, 0x0, 0x0,
    0x0, 0x1, 0x8e, 0xff, 0xff, 0xff, 0xff, 0xff,
    0xfb, 0x40, 0x0, 0x0, 0x0, 0x0, 0x4e, 0xff,
    0xff, 0xff, 0xff, 0xff, 0xff, 0xff, 0xf9, 0x0,
    0x0, 0x0, 0x6, 0xff, 0xff, 0xff, 0xff, 0xff,
    0xff, 0xff, 0xff, 0xff, 0xc0, 0x0, 0x0, 0x4f,
    0xff, 0xff, 0x83, 0x1c, 0xff, 0xf3, 0x26, 0xdf,
    0xff, 0xfa, 0x0, 0x0, 0xef, 0xff, 0xe2, 0x0,
    0xc, 0xff, 0xf3, 0x0, 0x9, 0xff, 0xff, 0x50,
    0x6, 0xff, 0xff, 0x20, 0x0, 0xc, 0xff, 0xf3,
    0x0, 0x0, 0xbf, 0xff, 0xd0, 0xd, 0xff, 0xf9,
    0x0, 0x0, 0xc, 0xff, 0xf3, 0x0, 0x0, 0x2f,
    0xff, 0xf3, 0x1f, 0xff, 0xf3, 0x0, 0x0, 0xc,
    0xff, 0xf3, 0x0, 0x0, 0xb, 0xff, 0xf8, 0x4f,
    0xff, 0xf0, 0x0, 0x0, 0xc, 0xff, 0xf3, 0x0,
    0x0, 0x8, 0xff, 0xfb, 0x5f, 0xff, 0xd0, 0x0,
    0x0, 0xc, 0xff, 0xf3, 0x0, 0x0, 0x6, 0xff,
    0xfc, 0x5f, 0xff, 0xd0, 0x0, 0x0, 0xc, 0xff,
    0xf3, 0x0, 0x0, 0x6, 0xff, 0xfc, 0x5f, 0xff,
    0xe0, 0x0, 0x0, 0xc, 0xff, 0xf3, 0x0, 0x0,
    0x7, 0xff, 0xfb, 0x2f, 0xff, 0xf1, 0x0, 0x0,
    0xc, 0xff, 0xf3, 0x0, 0x0, 0xa, 0xff, 0xf9,
    0xe, 0xff, 0xf6, 0x0, 0x0, 0xc, 0xff, 0xf3,
    0x0, 0x0, 0xe, 0xff, 0xf6, 0x9, 0xff, 0xfd,
    0x0, 0x0, 0xc, 0xff, 0xf3, 0x0, 0x0, 0x6f,
    0xff, 0xf1, 0x2, 0xff, 0xff, 0x90, 0x0, 0xc,
    0xff, 0xf3, 0x0, 0x3, 0xff, 0xff, 0x90, 0x0,
    0x8f, 0xff, 0xfa, 0x10, 0xc, 0xff, 0xf3, 0x0,
    0x6f, 0xff, 0xfe, 0x10, 0x0, 0xc, 0xff, 0xff,
    0xfc, 0x9e, 0xff, 0xfa, 0xae, 0xff, 0xff, 0xf3,
    0x0, 0x0, 0x0, 0xbf, 0xff, 0xff, 0xff, 0xff,
    0xff, 0xff, 0xff, 0xff, 0x40, 0x0, 0x0, 0x0,
    0x6, 0xef, 0xff, 0xff, 0xff, 0xff, 0xff, 0xff,
    0xb1, 0x0, 0x0, 0x0, 0x0, 0x0, 0x6, 0xad,
    0xff, 0xff, 0xff, 0xec, 0x82, 0x0, 0x0, 0x0,
    0x0, 0x0, 0x0, 0x0, 0x0, 0xc, 0xff, 0xf3,
    0x0, 0x0, 0x0, 0x0, 0x0, 0x0, 0x0, 0x0,
    0x0, 0x0, 0xc, 0xff, 0xf3, 0x0, 0x0, 0x0,
    0x0, 0x0,

    /* U+03A7 "Χ" */
    0x3, 0xff, 0xff, 0xa0, 0x0, 0x0, 0x0, 0x0,
    0x7f, 0xff, 0xf4, 0x0, 0x8, 0xff, 0xff, 0x40,
    0x0, 0x0, 0x0, 0x2f, 0xff, 0xf9, 0x0, 0x0,
    0xd, 0xff, 0xfe, 0x0, 0x0, 0x0, 0xc, 0xff,
    0xfe, 0x0, 0x0, 0x0, 0x3f, 0xff, 0xf9, 0x0,
    0x0, 0x6, 0xff, 0xff, 0x40, 0x0, 0x0, 0x0,
    0x8f, 0xff, 0xf3, 0x0, 0x1, 0xff, 0xff, 0x90,
    0x0, 0x0, 0x0, 0x0, 0xdf, 0xff, 0xd0, 0x0,
    0xbf, 0xff, 0xe1, 0x0, 0x0, 0x0, 0x0, 0x3,
    0xff, 0xff, 0x60, 0x4f, 0xff, 0xf4, 0x0, 0x0,
    0x0, 0x0, 0x0, 0x9, 0xff, 0xfe, 0xc, 0xff,
    0xfa, 0x0, 0x0, 0x0, 0x0, 0x0, 0x0, 0xe,
    0xff, 0xfa, 0xff, 0xfe, 0x10, 0x0, 0x0, 0x0,
    0x0, 0x0, 0x0, 0x4f, 0xff, 0xff, 0xff, 0x50,
    0x0, 0x0, 0x0, 0x0, 0x0, 0x0, 0x0, 0x9f,
    0xff, 0xff, 0xa0, 0x0, 0x0, 0x0, 0x0, 0x0,
    0x0, 0x0, 0x0, 0xff, 0xff, 0xf1, 0x0, 0x0,
    0x0, 0x0, 0x0, 0x0, 0x0, 0x0, 0x5f, 0xff,
    0xff, 0x90, 0x0, 0x0, 0x0, 0x0, 0x0, 0x0,
    0x0, 0x1e, 0xff, 0xff, 0xff, 0x30, 0x0, 0x0,
    0x0, 0x0, 0x0, 0x0, 0xb, 0xff, 0xff, 0xff,
    0xfd, 0x0, 0x0, 0x0, 0x0, 0x0, 0x0, 0x6,
    0xff, 0xff, 0x3f, 0xff, 0xf8, 0x0, 0x0, 0x0,
    0x0, 0x0, 0x1, 0xff, 0xff, 0x80, 0x8f, 0xff,
    0xf3, 0x0, 0x0, 0x0, 0x0, 0x0, 0xbf, 0xff,
    0xe0, 0x0, 0xef, 0xff, 0xd0, 0x0, 0x0, 0x0,
    0x0, 0x6f, 0xff, 0xf4, 0x0, 0x4, 0xff, 0xff,
    0x80, 0x0, 0x0, 0x0, 0x2f, 0xff, 0xf9, 0x0,
    0x0, 0xa, 0xff, 0xff, 0x30, 0x0, 0x0, 0xc,
    0xff, 0xfe, 0x10, 0x0, 0x0, 0x1e, 0xff, 0xfd,
    0x0, 0x0, 0x7, 0xff, 0xff, 0x40, 0x0, 0x0,
    0x0, 0x5f, 0xff, 0xf8, 0x0, 0x2, 0xff, 0xff,
    0x90, 0x0, 0x0, 0x0, 0x0, 0xaf, 0xff, 0xf3,
    0x0, 0xcf, 0xff, 0xe1, 0x0, 0x0, 0x0, 0x0,
    0x1, 0xef, 0xff, 0xd0,

    /* U+03A8 "Ψ" */
    0xaf, 0xff, 0x70, 0x0, 0x0, 0xcf, 0xff, 0x30,
    0x0, 0x0, 0xff, 0xff, 0x2a, 0xff, 0xf7, 0x0,
    0x0, 0xc, 0xff, 0xf3, 0x0, 0x0, 0xf, 0xff,
    0xf2, 0xaf, 0xff, 0x70, 0x0, 0x0, 0xcf, 0xff,
    0x30, 0x0, 0x0, 0xff, 0xff, 0x2a, 0xff, 0xf7,
    0x0, 0x0, 0xc, 0xff, 0xf3, 0x0, 0x0, 0xf,
    0xff, 0xf2, 0xaf, 0xff, 0x70, 0x0, 0x0, 0xcf,
    0xff, 0x30, 0x0, 0x0, 0xff, 0xff, 0x2a, 0xff,
    0xf7, 0x0, 0x0, 0xc, 0xff, 0xf3, 0x0, 0x0,
    0xf, 0xff, 0xf2, 0xaf, 0xff, 0x70, 0x0, 0x0,
    0xcf, 0xff, 0x30, 0x0, 0x0, 0xff, 0xff, 0x19,
    0xff, 0xf7, 0x0, 0x0, 0xc, 0xff, 0xf3, 0x0,
    0x0, 0xf, 0xff, 0xf1, 0x8f, 0xff, 0x80, 0x0,
    0x0, 0xcf, 0xff, 0x30, 0x0, 0x1, 0xff, 0xff,
    0x6, 0xff, 0xfa, 0x0, 0x0, 0xc, 0xff, 0xf3,
    0x0, 0x0, 0x3f, 0xff, 0xe0, 0x3f, 0xff, 0xe0,
    0x0, 0x0, 0xcf, 0xff, 0x30, 0x0, 0x6, 0xff,
    0xfa, 0x0, 0xef, 0xff, 0x40, 0x0, 0xc, 0xff,
    0xf3, 0x0, 0x0, 0xdf, 0xff, 0x60, 0x8, 0xff,
    0xfd, 0x10, 0x0, 0xcf, 0xff, 0x30, 0x0, 0x8f,
    0xff, 0xf0, 0x0, 0x1e, 0xff, 0xfe, 0x72, 0x1c,
    0xff, 0xf4, 0x15, 0xbf, 0xff, 0xf7, 0x0, 0x0,
    0x4f, 0xff, 0xff, 0xff, 0xff, 0xff, 0xff, 0xff,
    0xff, 0xfb, 0x0, 0x0, 0x0, 0x4e, 0xff, 0xff,
    0xff, 0xff, 0xff, 0xff, 0xff, 0xf9, 0x0, 0x0,
    0x0, 0x0, 0x18, 0xef, 0xff, 0xff, 0xff, 0xff,
    0xff, 0xb4, 0x0, 0x0, 0x0, 0x0, 0x0, 0x0,
    0x35, 0x7e, 0xff, 0xf9, 0x64, 0x0, 0x0, 0x0,
    0x0, 0x0, 0x0, 0x0, 0x0, 0x0, 0xcf, 0xff,
    0x30, 0x0, 0x0, 0x0, 0x0, 0x0, 0x0, 0x0,
    0x0, 0x0, 0xc, 0xff, 0xf3, 0x0, 0x0, 0x0,
    0x0, 0x0, 0x0, 0x0, 0x0, 0x0, 0x0, 0xcf,
    0xff, 0x30, 0x0, 0x0, 0x0, 0x0, 0x0, 0x0,
    0x0, 0x0, 0x0, 0xc, 0xff, 0xf3, 0x0, 0x0,
    0x0, 0x0, 0x0, 0x0, 0x0, 0x0, 0x0, 0x0,
    0xcf, 0xff, 0x30, 0x0, 0x0, 0x0, 0x0, 0x0,
    0x0, 0x0, 0x0, 0x0, 0xc, 0xff, 0xf3, 0x0,
    0x0, 0x0, 0x0, 0x0,

    /* U+03A9 "Ω" */
    0x0, 0x0, 0x0, 0x5, 0xad, 0xff, 0xed, 0x94,
    0x0, 0x0, 0x0, 0x0, 0x0, 0x0, 0x5e, 0xff,
    0xff, 0xff, 0xff, 0xfd, 0x40, 0x0, 0x0, 0x0,
    0x0, 0xaf, 0xff, 0xff, 0xff, 0xff, 0xff, 0xff,
    0x90, 0x0, 0x0, 0x0, 0xbf, 0xff, 0xff, 0xff,
    0xef, 0xff, 0xff, 0xff, 0x90, 0x0, 0x0, 0x8f,
    0xff, 0xff, 0x82, 0x0, 0x2, 0x8f, 0xff, 0xff,
    0x60, 0x0, 0x2f, 0xff, 0xfe, 0x20, 0x0, 0x0,
    0x0, 0x3e, 0xff, 0xfe, 0x0, 0x9, 0xff, 0xff,
    0x30, 0x0, 0x0, 0x0, 0x0, 0x4f, 0xff, 0xf7,
    0x0, 0xef, 0xff, 0x90, 0x0, 0x0, 0x0, 0x0,
    0x0, 0xbf, 0xff, 0xc0, 0x2f, 0xff, 0xf3, 0x0,
    0x0, 0x0, 0x0, 0x0, 0x5, 0xff, 0xff, 0x4,
    0xff, 0xff, 0x0, 0x0, 0x0, 0x0, 0x0, 0x0,
    0x2f, 0xff, 0xf3, 0x5f, 0xff, 0xe0, 0x0, 0x0,
    0x0, 0x0, 0x0, 0x0, 0xff, 0xff, 0x45, 0xff,
    0xfe, 0x0, 0x0, 0x0, 0x0, 0x0, 0x0, 0xf,
    0xff, 0xf3, 0x4f, 0xff, 0xf0, 0x0, 0x0, 0x0,
    0x0, 0x0, 0x1, 0xff, 0xff, 0x21, 0xff, 0xff,
    0x20, 0x0, 0x0, 0x0, 0x0, 0x0, 0x4f, 0xff,
    0xf0, 0xd, 0xff, 0xf7, 0x0, 0x0, 0x0, 0x0,
    0x0, 0x8, 0xff, 0xfb, 0x0, 0x6f, 0xff, 0xe0,
    0x0, 0x0, 0x0, 0x0, 0x1, 0xff, 0xff, 0x40,
    0x0, 0xdf, 0xff, 0xa0, 0x0, 0x0, 0x0, 0x0,
    0xcf, 0xff, 0xb0, 0x0, 0x2, 0xef, 0xff, 0xb2,
    0x0, 0x0, 0x3, 0xcf, 0xff, 0xd1, 0x0, 0x0,
    0x1, 0xaf, 0xff, 0xf8, 0x0, 0x9, 0xff, 0xff,
    0x90, 0x0, 0x0, 0x0, 0x0, 0x2a, 0xff, 0x90,
    0x0, 0xbf, 0xf9, 0x10, 0x0, 0x0, 0x28, 0x88,
    0x88, 0xbf, 0xf9, 0x0, 0xb, 0xff, 0xa8, 0x88,
    0x88, 0x15, 0xff, 0xff, 0xff, 0xff, 0x90, 0x0,
    0xbf, 0xff, 0xff, 0xff, 0xf3, 0x5f, 0xff, 0xff,
    0xff, 0xf9, 0x0, 0xb, 0xff, 0xff, 0xff, 0xff,
    0x35, 0xff, 0xff, 0xff, 0xff, 0x90, 0x0, 0xbf,
    0xff, 0xff, 0xff, 0xf3,

    /* U+03AA "Ϊ" */
    0x0, 0x33, 0x0, 0x0, 0x4, 0x30, 0x0, 0x9f,
    0xfa, 0x0, 0xc, 0xff, 0x70, 0x1f, 0xff, 0xf2,
    0x4, 0xff, 0xff, 0x0, 0xff, 0xff, 0x10, 0x2f,
    0xff, 0xd0, 0x5, 0xee, 0x50, 0x0, 0x7e, 0xd3,
    0x0, 0x0, 0x0, 0x0, 0x0, 0x0, 0x0, 0x0,
    0x0, 0x0, 0x0, 0x0, 0x0, 0x0, 0x0, 0xa,
    0xff, 0xf8, 0x0, 0x0, 0x0, 0x0, 0xaf, 0xff,
    0x80, 0x0, 0x0, 0x0, 0xa, 0xff, 0xf8, 0x0,
    0x0, 0x0, 0x0, 0xaf, 0xff, 0x80, 0x0, 0x0,
    0x0, 0xa, 0xff, 0xf8, 0x0, 0x0, 0x0, 0x0,
    0xaf, 0xff, 0x80, 0x0, 0x0, 0x0, 0xa, 0xff,
    0xf8, 0x0, 0x0, 0x0, 0x0, 0xaf, 0xff, 0x80,
    0x0, 0x0, 0x0, 0xa, 0xff, 0xf8, 0x0, 0x0,
    0x0, 0x0, 0xaf, 0xff, 0x80, 0x0, 0x0, 0x0,
    0xa, 0xff, 0xf8, 0x0, 0x0, 0x0, 0x0, 0xaf,
    0xff, 0x80, 0x0, 0x0, 0x0, 0xa, 0xff, 0xf8,
    0x0, 0x0, 0x0, 0x0, 0xaf, 0xff, 0x80, 0x0,
    0x0, 0x0, 0xa, 0xff, 0xf8, 0x0, 0x0, 0x0,
    0x0, 0xaf, 0xff, 0x80, 0x0, 0x0, 0x0, 0xa,
    0xff, 0xf8, 0x0, 0x0, 0x0, 0x0, 0xaf, 0xff,
    0x80, 0x0, 0x0, 0x0, 0xa, 0xff, 0xf8, 0x0,
    0x0, 0x0, 0x0, 0xaf, 0xff, 0x80, 0x0, 0x0,
    0x0, 0xa, 0xff, 0xf8, 0x0, 0x0, 0x0, 0x0,
    0xaf, 0xff, 0x80, 0x0, 0x0, 0x0, 0xa, 0xff,
    0xf8, 0x0, 0x0, 0x0, 0x0, 0xaf, 0xff, 0x80,
    0x0, 0x0,

    /* U+03AB "Ϋ" */
    0x0, 0x0, 0x0, 0x3, 0x30, 0x0, 0x0, 0x42,
    0x0, 0x0, 0x0, 0x0, 0x0, 0x0, 0xa, 0xff,
    0xa0, 0x0, 0xcf, 0xf7, 0x0, 0x0, 0x0, 0x0,
    0x0, 0x1, 0xff, 0xff, 0x10, 0x4f, 0xff, 0xe0,
    0x0, 0x0, 0x0, 0x0, 0x0, 0xf, 0xff, 0xf0,
    0x3, 0xff, 0xfd, 0x0, 0x0, 0x0, 0x0, 0x0,
    0x0, 0x5e, 0xe5, 0x0, 0x7, 0xed, 0x30, 0x0,
    0x0, 0x0, 0x0, 0x0, 0x0, 0x0, 0x0, 0x0,
    0x0, 0x0, 0x0, 0x0, 0x0, 0x0, 0x0, 0x0,
    0x0, 0x0, 0x0, 0x0, 0x0, 0x0, 0x0, 0x0,
    0x0, 0xef, 0xff, 0xe0, 0x0, 0x0, 0x0, 0x0,
    0x1, 0xff, 0xff, 0xc0, 0x5, 0xff, 0xff, 0x70,
    0x0, 0x0, 0x0, 0x0, 0x9f, 0xff, 0xf3, 0x0,
    0xc, 0xff, 0xff, 0x10, 0x0, 0x0, 0x0, 0x2f,
    0xff, 0xf9, 0x0, 0x0, 0x2f, 0xff, 0xf9, 0x0,
    0x0, 0x0, 0xb, 0xff, 0xff, 0x10, 0x0, 0x0,
    0x9f, 0xff, 0xf2, 0x0, 0x0, 0x3, 0xff, 0xff,
    0x70, 0x0, 0x0, 0x1, 0xef, 0xff, 0xa0, 0x0,
    0x0, 0xcf, 0xff, 0xd0, 0x0, 0x0, 0x0, 0x6,
    0xff, 0xff, 0x30, 0x0, 0x4f, 0xff, 0xf4, 0x0,
    0x0, 0x0, 0x0, 0xd, 0xff, 0xfc, 0x0, 0xd,
    0xff, 0xfb, 0x0, 0x0, 0x0, 0x0, 0x0, 0x4f,
    0xff, 0xf4, 0x5, 0xff, 0xff, 0x20, 0x0, 0x0,
    0x0, 0x0, 0x0, 0xaf, 0xff, 0xc0, 0xdf, 0xff,
    0x80, 0x0, 0x0, 0x0, 0x0, 0x0, 0x1, 0xff,
    0xff, 0x7f, 0xff, 0xe0, 0x0, 0x0, 0x0, 0x0,
    0x0, 0x0, 0x8, 0xff, 0xff, 0xff, 0xf6, 0x0,
    0x0, 0x0, 0x0, 0x0, 0x0, 0x0, 0xe, 0xff,
    0xff, 0xfc, 0x0, 0x0, 0x0, 0x0, 0x0, 0x0,
    0x0, 0x0, 0x5f, 0xff, 0xff, 0x30, 0x0, 0x0,
    0x0, 0x0, 0x0, 0x0, 0x0, 0x0, 0xcf, 0xff,
    0xb0, 0x0, 0x0, 0x0, 0x0, 0x0, 0x0, 0x0,
    0x0, 0xa, 0xff, 0xf8, 0x0, 0x0, 0x0, 0x0,
    0x0, 0x0, 0x0, 0x0, 0x0, 0xaf, 0xff, 0x80,
    0x0, 0x0, 0x0, 0x0, 0x0, 0x0, 0x0, 0x0,
    0xa, 0xff, 0xf8, 0x0, 0x0, 0x0, 0x0, 0x0,
    0x0, 0x0, 0x0, 0x0, 0xaf, 0xff, 0x80, 0x0,
    0x0, 0x0, 0x0, 0x0, 0x0, 0x0, 0x0, 0xa,
    0xff, 0xf8, 0x0, 0x0, 0x0, 0x0, 0x0, 0x0,
    0x0, 0x0, 0x0, 0xaf, 0xff, 0x80, 0x0, 0x0,
    0x0, 0x0, 0x0, 0x0, 0x0, 0x0, 0xa, 0xff,
    0xf8, 0x0, 0x0, 0x0, 0x0, 0x0, 0x0, 0x0,
    0x0, 0x0, 0xaf, 0xff, 0x80, 0x0, 0x0, 0x0,
    0x0, 0x0, 0x0, 0x0, 0x0, 0xa, 0xff, 0xf8,
    0x0, 0x0, 0x0, 0x0, 0x0,

    /* U+03AC "ά" */
    0x0, 0x0, 0x0, 0x0, 0xff, 0xfb, 0x0, 0x0,
    0x0, 0x0, 0x0, 0x0, 0x0, 0x1, 0xff, 0xf5,
    0x0, 0x0, 0x0, 0x0, 0x0, 0x0, 0x0, 0x3,
    0xff, 0xe0, 0x0, 0x0, 0x0, 0x0, 0x0, 0x0,
    0x0, 0x4, 0xff, 0x90, 0x0, 0x0, 0x0, 0x0,
    0x0, 0x0, 0x0, 0x5, 0xee, 0x20, 0x0, 0x0,
    0x0, 0x0, 0x0, 0x0, 0x0, 0x0, 0x0, 0x0,
    0x0, 0x0, 0x0, 0x0, 0x0, 0x0, 0x0, 0x0,
    0x0, 0x0, 0x0, 0x0, 0x0, 0x0, 0x0, 0x0,
    0x17, 0xce, 0xfe, 0xb5, 0x0, 0x5, 0xff, 0xf6,
    0x0, 0x4, 0xef, 0xff, 0xff, 0xff, 0xb0, 0x8,
    0xff, 0xf2, 0x0, 0x5f, 0xff, 0xff, 0xff, 0xff,
    0xfa, 0xb, 0xff, 0xe0, 0x1, 0xff, 0xff, 0xfa,
    0x77, 0xbf, 0xff, 0x3e, 0xff, 0xa0, 0xa, 0xff,
    0xfe, 0x30, 0x0, 0x4, 0xff, 0xbf, 0xff, 0x60,
    0x1f, 0xff, 0xf5, 0x0, 0x0, 0x0, 0x5f, 0xff,
    0xff, 0x20, 0x5f, 0xff, 0xe0, 0x0, 0x0, 0x0,
    0xc, 0xff, 0xfe, 0x0, 0x8f, 0xff, 0xa0, 0x0,
    0x0, 0x0, 0x6, 0xff, 0xfa, 0x0, 0x9f, 0xff,
    0x80, 0x0, 0x0, 0x0, 0x1, 0xff, 0xf6, 0x0,
    0x8f, 0xff, 0x80, 0x0, 0x0, 0x0, 0x2, 0xff,
    0xf7, 0x0, 0x7f, 0xff, 0xa0, 0x0, 0x0, 0x0,
    0x7, 0xff, 0xfb, 0x0, 0x5f, 0xff, 0xe0, 0x0,
    0x0, 0x0, 0xe, 0xff, 0xff, 0x0, 0xf, 0xff,
    0xf5, 0x0, 0x0, 0x0, 0x7f, 0xff, 0xff, 0x40,
    0xa, 0xff, 0xfe, 0x30, 0x0, 0x6, 0xff, 0x8f,
    0xff, 0x90, 0x2, 0xff, 0xff, 0xfa, 0x78, 0xcf,
    0xff, 0x2b, 0xff, 0xd0, 0x0, 0x5f, 0xff, 0xff,
    0xff, 0xff, 0xf8, 0x8, 0xff, 0xf1, 0x0, 0x4,
    0xff, 0xff, 0xff, 0xff, 0xa0, 0x5, 0xff, 0xf6,
    0x0, 0x0, 0x17, 0xcf, 0xfe, 0xb4, 0x0, 0x1,
    0xff, 0xfa,

    /* U+03AD "έ" */
    0x0, 0x0, 0x0, 0xc, 0xff, 0xe0, 0x0, 0x0,
    0x0, 0x0, 0x0, 0xe, 0xff, 0x80, 0x0, 0x0,
    0x0, 0x0, 0x0, 0xf, 0xff, 0x20, 0x0, 0x0,
    0x0, 0x0, 0x0, 0x1f, 0xfc, 0x0, 0x0, 0x0,
    0x0, 0x0, 0x0, 0x2e, 0xe5, 0x0, 0x0, 0x0,
    0x0, 0x0, 0x0, 0x0, 0x0, 0x0, 0x0, 0x0,
    0x0, 0x0, 0x0, 0x0, 0x0, 0x0, 0x0, 0x0,
    0x0, 0x1, 0x7b, 0xef, 0xfe, 0xb6, 0x0, 0x0,
    0x0, 0x7f, 0xff, 0xff, 0xff, 0xff, 0xe3, 0x0,
    0x7, 0xff, 0xff, 0xff, 0xff, 0xff, 0xff, 0x20,
    0xf, 0xff, 0xfd, 0x63, 0x37, 0xef, 0xff, 0xa0,
    0x3f, 0xff, 0xe0, 0x0, 0x0, 0x1f, 0xfd, 0xa0,
    0x3f, 0xff, 0xb0, 0x0, 0x0, 0x2, 0x10, 0x0,
    0xe, 0xff, 0xf5, 0x0, 0x0, 0x0, 0x0, 0x0,
    0x5, 0xff, 0xff, 0xec, 0xcc, 0x20, 0x0, 0x0,
    0x0, 0x2a, 0xff, 0xff, 0xff, 0x30, 0x0, 0x0,
    0x0, 0x9f, 0xff, 0xff, 0xff, 0x30, 0x0, 0x0,
    0xc, 0xff, 0xfa, 0x30, 0x0, 0x0, 0x0, 0x0,
    0x5f, 0xff, 0xa0, 0x0, 0x0, 0x0, 0x0, 0x0,
    0x8f, 0xff, 0x60, 0x0, 0x0, 0x6, 0xa7, 0x40,
    0x8f, 0xff, 0xb0, 0x0, 0x0, 0xe, 0xff, 0xf2,
    0x4f, 0xff, 0xfc, 0x64, 0x36, 0xdf, 0xff, 0xb0,
    0xa, 0xff, 0xff, 0xff, 0xff, 0xff, 0xff, 0x20,
    0x0, 0x8f, 0xff, 0xff, 0xff, 0xff, 0xe4, 0x0,
    0x0, 0x1, 0x7b, 0xef, 0xfe, 0xb7, 0x10, 0x0,

    /* U+03AE "ή" */
    0x0, 0x0, 0x0, 0xc, 0xee, 0xb0, 0x0, 0x0,
    0x0, 0x0, 0x0, 0xf, 0xff, 0x70, 0x0, 0x0,
    0x0, 0x0, 0x0, 0x1f, 0xff, 0x10, 0x0, 0x0,
    0x0, 0x0, 0x0, 0x2f, 0xfb, 0x0, 0x0, 0x0,
    0x0, 0x0, 0x0, 0x4f, 0xf5, 0x0, 0x0, 0x0,
    0x0, 0x0, 0x0, 0x0, 0x0, 0x0, 0x0, 0x0,
    0x0, 0x0, 0x0, 0x0, 0x0, 0x0, 0x0, 0x0,
    0xdf, 0xff, 0x0, 0x3a, 0xef, 0xea, 0x30, 0x0,
    0xdf, 0xff, 0x7, 0xff, 0xff, 0xff, 0xf7, 0x0,
    0xdf, 0xff, 0x5f, 0xff, 0xff, 0xff, 0xff, 0x50,
    0xdf, 0xff, 0xef, 0x95, 0x5a, 0xff, 0xff, 0xd0,
    0xdf, 0xff, 0xf3, 0x0, 0x0, 0x7f, 0xff, 0xf2,
    0xdf, 0xff, 0x90, 0x0, 0x0, 0xe, 0xff, 0xf5,
    0xdf, 0xff, 0x40, 0x0, 0x0, 0xb, 0xff, 0xf6,
    0xdf, 0xff, 0x30, 0x0, 0x0, 0xa, 0xff, 0xf7,
    0xdf, 0xff, 0x30, 0x0, 0x0, 0xa, 0xff, 0xf7,
    0xdf, 0xff, 0x30, 0x0, 0x0, 0xa, 0xff, 0xf7,
    0xdf, 0xff, 0x30, 0x0, 0x0, 0xa, 0xff, 0xf7,
    0xdf, 0xff, 0x30, 0x0, 0x0, 0xa, 0xff, 0xf7,
    0xdf, 0xff, 0x30, 0x0, 0x0, 0xa, 0xff, 0xf7,
    0xdf, 0xff, 0x30, 0x0, 0x0, 0xa, 0xff, 0xf7,
    0xdf, 0xff, 0x30, 0x0, 0x0, 0xa, 0xff, 0xf7,
    0xdf, 0xff, 0x30, 0x0, 0x0, 0xa, 0xff, 0xf7,
    0xdf, 0xff, 0x30, 0x0, 0x0, 0xa, 0xff, 0xf7,
    0xdf, 0xff, 0x30, 0x0, 0x0, 0xa, 0xff, 0xf7,
    0x0, 0x0, 0x0, 0x0, 0x0, 0xa, 0xff, 0xf7,
    0x0, 0x0, 0x0, 0x0, 0x0, 0xa, 0xff, 0xf7,
    0x0, 0x0, 0x0, 0x0, 0x0, 0xa, 0xff, 0xf7,
    0x0, 0x0, 0x0, 0x0, 0x0, 0xa, 0xff, 0xf7,
    0x0, 0x0, 0x0, 0x0, 0x0, 0xa, 0xff, 0xf7,
    0x0, 0x0, 0x0, 0x0, 0x0, 0xa, 0xff, 0xf7,
    0x0, 0x0, 0x0, 0x0, 0x0, 0xa, 0xff, 0xf7,

    /* U+03AF "ί" */
    0x9, 0xff, 0xf1, 0x0, 0xb, 0xff, 0xb0, 0x0,
    0xd, 0xff, 0x50, 0x0, 0xe, 0xfe, 0x0, 0x0,
    0xd, 0xe8, 0x0, 0x0, 0x0, 0x0, 0x0, 0x0,
    0x0, 0x0, 0x0, 0x0, 0xdf, 0xff, 0x30, 0x0,
    0xdf, 0xff, 0x30, 0x0, 0xdf, 0xff, 0x30, 0x0,
    0xdf, 0xff, 0x30, 0x0, 0xdf, 0xff, 0x30, 0x0,
    0xdf, 0xff, 0x30, 0x0, 0xdf, 0xff, 0x30, 0x0,
    0xdf, 0xff, 0x30, 0x0, 0xdf, 0xff, 0x30, 0x0,
    0xdf, 0xff, 0x30, 0x0, 0xdf, 0xff, 0x30, 0x0,
    0xdf, 0xff, 0x30, 0x0, 0xdf, 0xff, 0x30, 0x0,
    0xdf, 0xff, 0x40, 0x0, 0xcf, 0xff, 0xc6, 0x40,
    0x8f, 0xff, 0xff, 0xc0, 0x1e, 0xff, 0xff, 0xf0,
    0x1, 0x9d, 0xff, 0xd2,

    /* U+03B0 "ΰ" */
    0x0, 0x0, 0x0, 0x1d, 0xdd, 0x80, 0x0, 0x0,
    0x0, 0x0, 0x0, 0x3f, 0xff, 0x40, 0x0, 0x0,
    0x0, 0x0, 0x0, 0x4f, 0xfe, 0x0, 0x0, 0x0,
    0x0, 0x0, 0x0, 0x6f, 0xf8, 0x0, 0x0, 0x0,
    0x6, 0xed, 0x30, 0x8f, 0xf2, 0x8, 0xfc, 0x20,
    0x2f, 0xff, 0xd0, 0x0, 0x0, 0x4f, 0xff, 0xb0,
    0x3f, 0xff, 0xf0, 0x0, 0x0, 0x5f, 0xff, 0xc0,
    0xb, 0xff, 0x70, 0x0, 0x0, 0xd, 0xff, 0x50,
    0x0, 0x32, 0x0, 0x0, 0x0, 0x0, 0x31, 0x0,
    0x0, 0x0, 0x0, 0x0, 0x0, 0x0, 0x0, 0x0,
    0x0, 0x0, 0x0, 0x0, 0x0, 0x0, 0x0, 0x0,
    0xdf, 0xff, 0x30, 0x0, 0x0, 0xa, 0xff, 0xf6,
    0xdf, 0xff, 0x30, 0x0, 0x0, 0xa, 0xff, 0xf6,
    0xdf, 0xff, 0x30, 0x0, 0x0, 0xa, 0xff, 0xf6,
    0xdf, 0xff, 0x30, 0x0, 0x0, 0xa, 0xff, 0xf6,
    0xdf, 0xff, 0x30, 0x0, 0x0, 0xa, 0xff, 0xf6,
    0xdf, 0xff, 0x30, 0x0, 0x0, 0xa, 0xff, 0xf6,
    0xdf, 0xff, 0x30, 0x0, 0x0, 0xa, 0xff, 0xf6,
    0xdf, 0xff, 0x30, 0x0, 0x0, 0xa, 0xff, 0xf6,
    0xdf, 0xff, 0x30, 0x0, 0x0, 0xa, 0xff, 0xf6,
    0xdf, 0xff, 0x30, 0x0, 0x0, 0xa, 0xff, 0xf6,
    0xdf, 0xff, 0x30, 0x0, 0x0, 0xa, 0xff, 0xf6,
    0xcf, 0xff, 0x50, 0x0, 0x0, 0xc, 0xff, 0xf5,
    0xbf, 0xff, 0x90, 0x0, 0x0, 0x1f, 0xff, 0xf4,
    0x6f, 0xff, 0xf4, 0x0, 0x0, 0xaf, 0xff, 0xf0,
    0x1f, 0xff, 0xff, 0xc9, 0xae, 0xff, 0xff, 0x90,
    0x5, 0xff, 0xff, 0xff, 0xff, 0xff, 0xfd, 0x10,
    0x0, 0x5f, 0xff, 0xff, 0xff, 0xff, 0xc1, 0x0,
    0x0, 0x1, 0x7b, 0xef, 0xfd, 0xa4, 0x0, 0x0,

    /* U+03B1 "α" */
    0x0, 0x0, 0x17, 0xce, 0xfe, 0xb5, 0x0, 0x5,
    0xff, 0xf6, 0x0, 0x4, 0xef, 0xff, 0xff, 0xff,
    0xb0, 0x8, 0xff, 0xf2, 0x0, 0x5f, 0xff, 0xff,
    0xff, 0xff, 0xfa, 0xb, 0xff, 0xe0, 0x1, 0xff,
    0xff, 0xfa, 0x77, 0xbf, 0xff, 0x3e, 0xff, 0xa0,
    0xa, 0xff, 0xfe, 0x30, 0x0, 0x4, 0xff, 0xbf,
    0xff, 0x60, 0x1f, 0xff, 0xf5, 0x0, 0x0, 0x0,
    0x5f, 0xff, 0xff, 0x20, 0x5f, 0xff, 0xe0, 0x0,
    0x0, 0x0, 0xc, 0xff, 0xfe, 0x0, 0x8f, 0xff,
    0xa0, 0x0, 0x0, 0x0, 0x6, 0xff, 0xfa, 0x0,
    0x9f, 0xff, 0x80, 0x0, 0x0, 0x0, 0x1, 0xff,
    0xf6, 0x0, 0x8f, 0xff, 0x80, 0x0, 0x0, 0x0,
    0x2, 0xff, 0xf7, 0x0, 0x7f, 0xff, 0xa0, 0x0,
    0x0, 0x0, 0x7, 0xff, 0xfb, 0x0, 0x5f, 0xff,
    0xe0, 0x0, 0x0, 0x0, 0xe, 0xff, 0xff, 0x0,
    0xf, 0xff, 0xf5, 0x0, 0x0, 0x0, 0x7f, 0xff,
    0xff, 0x40, 0xa, 0xff, 0xfe, 0x30, 0x0, 0x6,
    0xff, 0x8f, 0xff, 0x90, 0x2, 0xff, 0xff, 0xfa,
    0x78, 0xcf, 0xff, 0x2b, 0xff, 0xd0, 0x0, 0x5f,
    0xff, 0xff, 0xff, 0xff, 0xf8, 0x8, 0xff, 0xf1,
    0x0, 0x4, 0xff, 0xff, 0xff, 0xff, 0xa0, 0x5,
    0xff, 0xf6, 0x0, 0x0, 0x17, 0xcf, 0xfe, 0xb4,
    0x0, 0x1, 0xff, 0xfa,

    /* U+03B2 "β" */
    0x0, 0x0, 0x6b, 0xef, 0xec, 0x71, 0x0, 0x0,
    0x0, 0x3e, 0xff, 0xff, 0xff, 0xff, 0x60, 0x0,
    0x3, 0xff, 0xff, 0xff, 0xff, 0xff, 0xf6, 0x0,
    0xd, 0xff, 0xff, 0xdb, 0xdf, 0xff, 0xff, 0x20,
    0x5f, 0xff, 0xf4, 0x0, 0x3, 0xef, 0xff, 0x80,
    0x9f, 0xff, 0x70, 0x0, 0x0, 0x5f, 0xff, 0xd0,
    0xcf, 0xff, 0x30, 0x0, 0x0, 0xf, 0xff, 0xf0,
    0xdf, 0xff, 0x10, 0x0, 0x0, 0xf, 0xff, 0xf0,
    0xdf, 0xff, 0x10, 0x0, 0x0, 0x1f, 0xff, 0xd0,
    0xdf, 0xff, 0x10, 0x0, 0x0, 0x9f, 0xff, 0x80,
    0xdf, 0xff, 0x10, 0x0, 0x29, 0xff, 0xfc, 0x0,
    0xdf, 0xff, 0x10, 0x8f, 0xff, 0xff, 0x90, 0x0,
    0xdf, 0xff, 0x10, 0x8f, 0xff, 0xfb, 0x30, 0x0,
    0xdf, 0xff, 0x10, 0x8f, 0xff, 0xff, 0xfb, 0x10,
    0xdf, 0xff, 0x10, 0x0, 0x2, 0x9f, 0xff, 0xd1,
    0xdf, 0xff, 0x10, 0x0, 0x0, 0x8, 0xff, 0xf8,
    0xdf, 0xff, 0x10, 0x0, 0x0, 0x2, 0xff, 0xfd,
    0xdf, 0xff, 0x20, 0x0, 0x0, 0x0, 0xff, 0xfe,
    0xdf, 0xff, 0x80, 0x0, 0x0, 0x4, 0xff, 0xfc,
    0xdf, 0xff, 0xf5, 0x0, 0x0, 0x3e, 0xff, 0xf9,
    0xdf, 0xff, 0xff, 0xc9, 0xac, 0xff, 0xff, 0xf2,
    0xdf, 0xff, 0xbf, 0xff, 0xff, 0xff, 0xff, 0x70,
    0xdf, 0xff, 0x3d, 0xff, 0xff, 0xff, 0xf7, 0x0,
    0xdf, 0xff, 0x11, 0x8d, 0xfe, 0xc8, 0x20, 0x0,
    0xdf, 0xff, 0x10, 0x0, 0x0, 0x0, 0x0, 0x0,
    0xdf, 0xff, 0x10, 0x0, 0x0, 0x0, 0x0, 0x0,
    0xdf, 0xff, 0x10, 0x0, 0x0, 0x0, 0x0, 0x0,
    0xdf, 0xff, 0x10, 0x0, 0x0, 0x0, 0x0, 0x0,
    0xdf, 0xff, 0x10, 0x0, 0x0, 0x0, 0x0, 0x0,
    0xdf, 0xff, 0x10, 0x0, 0x0, 0x0, 0x0, 0x0,
    0xdf, 0xff, 0x10, 0x0, 0x0, 0x0, 0x0, 0x0,

    /* U+03B3 "γ" */
    0x3f, 0xff, 0xf1, 0x0, 0x0, 0x0, 0x4, 0xff,
    0xff, 0x0, 0xdf, 0xff, 0x60, 0x0, 0x0, 0x0,
    0x9f, 0xff, 0xa0, 0x8, 0xff, 0xfc, 0x0, 0x0,
    0x0, 0xe, 0xff, 0xf4, 0x0, 0x2f, 0xff, 0xf1,
    0x0, 0x0, 0x3, 0xff, 0xfe, 0x0, 0x0, 0xcf,
    0xff, 0x60, 0x0, 0x0, 0x9f, 0xff, 0x90, 0x0,
    0x6, 0xff, 0xfb, 0x0, 0x0, 0xe, 0xff, 0xf3,
    0x0, 0x0, 0x1f, 0xff, 0xf1, 0x0, 0x3, 0xff,
    0xfd, 0x0, 0x0, 0x0, 0xbf, 0xff, 0x50, 0x0,
    0x8f, 0xff, 0x70, 0x0, 0x0, 0x5, 0xff, 0xfa,
    0x0, 0xd, 0xff, 0xf2, 0x0, 0x0, 0x0, 0xf,
    0xff, 0xf0, 0x2, 0xff, 0xfc, 0x0, 0x0, 0x0,
    0x0, 0xaf, 0xff, 0x40, 0x7f, 0xff, 0x60, 0x0,
    0x0, 0x0, 0x4, 0xff, 0xf9, 0xc, 0xff, 0xf1,
    0x0, 0x0, 0x0, 0x0, 0xe, 0xff, 0xd0, 0xff,
    0xfb, 0x0, 0x0, 0x0, 0x0, 0x0, 0x9f, 0xff,
    0x6f, 0xff, 0x50, 0x0, 0x0, 0x0, 0x0, 0x3,
    0xff, 0xfd, 0xff, 0xf0, 0x0, 0x0, 0x0, 0x0,
    0x0, 0xd, 0xff, 0xff, 0xfa, 0x0, 0x0, 0x0,
    0x0, 0x0, 0x0, 0x8f, 0xff, 0xff, 0x40, 0x0,
    0x0, 0x0, 0x0, 0x0, 0x2, 0xff, 0xff, 0xe0,
    0x0, 0x0, 0x0, 0x0, 0x0, 0x0, 0xc, 0xff,
    0xf8, 0x0, 0x0, 0x0, 0x0, 0x0, 0x0, 0x0,
    0xaf, 0xff, 0x60, 0x0, 0x0, 0x0, 0x0, 0x0,
    0x0, 0xa, 0xff, 0xf6, 0x0, 0x0, 0x0, 0x0,
    0x0, 0x0, 0x0, 0xaf, 0xff, 0x60, 0x0, 0x0,
    0x0, 0x0, 0x0, 0x0, 0xa, 0xff, 0xf6, 0x0,
    0x0, 0x0, 0x0, 0x0, 0x0, 0x0, 0xaf, 0xff,
    0x60, 0x0, 0x0, 0x0, 0x0, 0x0, 0x0, 0xa,
    0xff, 0xf6, 0x0, 0x0, 0x0, 0x0,

    /* U+03B4 "δ" */
    0x0, 0x0, 0x2, 0x7a, 0xce, 0xff, 0xff, 0x0,
    0x0, 0x0, 0x1a, 0xff, 0xff, 0xff, 0xff, 0xf0,
    0x0, 0x0, 0xd, 0xff, 0xff, 0xff, 0xff, 0xff,
    0x0, 0x0, 0x5, 0xff, 0xff, 0xd8, 0x66, 0x55,
    0x50, 0x0, 0x0, 0x7f, 0xff, 0xb0, 0x0, 0x0,
    0x0, 0x0, 0x0, 0x3, 0xff, 0xfb, 0x0, 0x0,
    0x0, 0x0, 0x0, 0x0, 0x6, 0xef, 0xfa, 0x30,
    0x0, 0x0, 0x0, 0x0, 0x0, 0x0, 0x5a, 0xef,
    0xd9, 0x40, 0x0, 0x0, 0x0, 0x0, 0x5b, 0xef,
    0xff, 0xff, 0xd4, 0x0, 0x0, 0x2, 0xdf, 0xff,
    0xff, 0xff, 0xff, 0xf6, 0x0, 0x2, 0xef, 0xff,
    0xe8, 0x68, 0xdf, 0xff, 0xf3, 0x0, 0xbf, 0xff,
    0xc1, 0x0, 0x0, 0xbf, 0xff, 0xd0, 0x2f, 0xff,
    0xf2, 0x0, 0x0, 0x1, 0xff, 0xff, 0x36, 0xff,
    0xfc, 0x0, 0x0, 0x0, 0xa, 0xff, 0xf8, 0x8f,
    0xff, 0x90, 0x0, 0x0, 0x0, 0x7f, 0xff, 0xa9,
    0xff, 0xf7, 0x0, 0x0, 0x0, 0x6, 0xff, 0xfb,
    0x9f, 0xff, 0x80, 0x0, 0x0, 0x0, 0x6f, 0xff,
    0xb7, 0xff, 0xfb, 0x0, 0x0, 0x0, 0x9, 0xff,
    0xf9, 0x3f, 0xff, 0xf1, 0x0, 0x0, 0x0, 0xef,
    0xff, 0x60, 0xdf, 0xff, 0xb0, 0x0, 0x0, 0x9f,
    0xff, 0xf1, 0x4, 0xff, 0xff, 0xe8, 0x68, 0xdf,
    0xff, 0xf7, 0x0, 0x8, 0xff, 0xff, 0xff, 0xff,
    0xff, 0xfb, 0x0, 0x0, 0x6, 0xff, 0xff, 0xff,
    0xff, 0xf8, 0x0, 0x0, 0x0, 0x1, 0x7c, 0xef,
    0xec, 0x82, 0x0, 0x0,

    /* U+03B5 "ε" */
    0x0, 0x1, 0x7b, 0xef, 0xfe, 0xb6, 0x0, 0x0,
    0x0, 0x7f, 0xff, 0xff, 0xff, 0xff, 0xe3, 0x0,
    0x7, 0xff, 0xff, 0xff, 0xff, 0xff, 0xff, 0x20,
    0xf, 0xff, 0xfd, 0x63, 0x37, 0xef, 0xff, 0xa0,
    0x3f, 0xff, 0xe0, 0x0, 0x0, 0x1f, 0xfd, 0xa0,
    0x3f, 0xff, 0xb0, 0x0, 0x0, 0x2, 0x10, 0x0,
    0xe, 0xff, 0xf5, 0x0, 0x0, 0x0, 0x0, 0x0,
    0x5, 0xff, 0xff, 0xec, 0xcc, 0x20, 0x0, 0x0,
    0x0, 0x2a, 0xff, 0xff, 0xff, 0x30, 0x0, 0x0,
    0x0, 0x9f, 0xff, 0xff, 0xff, 0x30, 0x0, 0x0,
    0xc, 0xff, 0xfa, 0x30, 0x0, 0x0, 0x0, 0x0,
    0x5f, 0xff, 0xa0, 0x0, 0x0, 0x0, 0x0, 0x0,
    0x8f, 0xff, 0x60, 0x0, 0x0, 0x6, 0xa7, 0x40,
    0x8f, 0xff, 0xb0, 0x0, 0x0, 0xe, 0xff, 0xf2,
    0x4f, 0xff, 0xfc, 0x64, 0x36, 0xdf, 0xff, 0xb0,
    0xa, 0xff, 0xff, 0xff, 0xff, 0xff, 0xff, 0x20,
    0x0, 0x8f, 0xff, 0xff, 0xff, 0xff, 0xe4, 0x0,
    0x0, 0x1, 0x7b, 0xef, 0xfe, 0xb7, 0x10, 0x0,

    /* U+03B6 "ζ" */
    0xd, 0xff, 0xff, 0xff, 0xff, 0xff, 0xff, 0x20,
    0xdf, 0xff, 0xff, 0xff, 0xff, 0xff, 0xf2, 0xd,
    0xff, 0xff, 0xff, 0xff, 0xff, 0xff, 0x10, 0x34,
    0x44, 0x44, 0x44, 0x6f, 0xff, 0x90, 0x0, 0x0,
    0x0, 0x0, 0x4f, 0xff, 0xc0, 0x0, 0x0, 0x0,
    0x0, 0x4f, 0xff, 0xe1, 0x0, 0x0, 0x0, 0x0,
    0x2f, 0xff, 0xf3, 0x0, 0x0, 0x0, 0x0, 0x1e,
    0xff, 0xf6, 0x0, 0x0, 0x0, 0x0, 0xc, 0xff,
    0xfa, 0x0, 0x0, 0x0, 0x0, 0x9, 0xff, 0xfd,
    0x0, 0x0, 0x0, 0x0, 0x5, 0xff, 0xff, 0x20,
    0x0, 0x0, 0x0, 0x2, 0xff, 0xff, 0x40, 0x0,
    0x0, 0x0, 0x0, 0xdf, 0xff, 0x80, 0x0, 0x0,
    0x0, 0x0, 0x7f, 0xff, 0xc0, 0x0, 0x0, 0x0,
    0x0, 0xe, 0xff, 0xf2, 0x0, 0x0, 0x0, 0x0,
    0x4, 0xff, 0xfa, 0x0, 0x0, 0x0, 0x0, 0x0,
    0x8f, 0xff, 0x60, 0x0, 0x0, 0x0, 0x0, 0x9,
    0xff, 0xf6, 0x0, 0x0, 0x0, 0x0, 0x0, 0x8f,
    0xff, 0x90, 0x0, 0x0, 0x0, 0x0, 0x5, 0xff,
    0xff, 0x30, 0x0, 0x0, 0x0, 0x0, 0xe, 0xff,
    0xff, 0xb7, 0x55, 0x41, 0x0, 0x0, 0x5f, 0xff,
    0xff, 0xff, 0xff, 0xfb, 0x20, 0x0, 0x6f, 0xff,
    0xff, 0xff, 0xff, 0xfd, 0x0, 0x0, 0x17, 0xce,
    0xff, 0xff, 0xff, 0xf4, 0x0, 0x0, 0x0, 0x0,
    0x0, 0x6f, 0xff, 0x70, 0x0, 0x0, 0x0, 0x0,
    0x0, 0xff, 0xf8, 0x0, 0x0, 0x0, 0x0, 0x0,
    0xf, 0xff, 0x80, 0x0, 0x0, 0x0, 0x0, 0x0,
    0xff, 0xf8, 0x0, 0x0, 0x0, 0x0, 0x0, 0x7,
    0x88, 0x40,

    /* U+03B7 "η" */
    0xdf, 0xff, 0x0, 0x3a, 0xef, 0xea, 0x30, 0x0,
    0xdf, 0xff, 0x7, 0xff, 0xff, 0xff, 0xf7, 0x0,
    0xdf, 0xff, 0x5f, 0xff, 0xff, 0xff, 0xff, 0x50,
    0xdf, 0xff, 0xef, 0x95, 0x5a, 0xff, 0xff, 0xd0,
    0xdf, 0xff, 0xf3, 0x0, 0x0, 0x7f, 0xff, 0xf2,
    0xdf, 0xff, 0x90, 0x0, 0x0, 0xe, 0xff, 0xf5,
    0xdf, 0xff, 0x40, 0x0, 0x0, 0xb, 0xff, 0xf6,
    0xdf, 0xff, 0x30, 0x0, 0x0, 0xa, 0xff, 0xf7,
    0xdf, 0xff, 0x30, 0x0, 0x0, 0xa, 0xff, 0xf7,
    0xdf, 0xff, 0x30, 0x0, 0x0, 0xa, 0xff, 0xf7,
    0xdf, 0xff, 0x30, 0x0, 0x0, 0xa, 0xff, 0xf7,
    0xdf, 0xff, 0x30, 0x0, 0x0, 0xa, 0xff, 0xf7,
    0xdf, 0xff, 0x30, 0x0, 0x0, 0xa, 0xff, 0xf7,
    0xdf, 0xff, 0x30, 0x0, 0x0, 0xa, 0xff, 0xf7,
    0xdf, 0xff, 0x30, 0x0, 0x0, 0xa, 0xff, 0xf7,
    0xdf, 0xff, 0x30, 0x0, 0x0, 0xa, 0xff, 0xf7,
    0xdf, 0xff, 0x30, 0x0, 0x0, 0xa, 0xff, 0xf7,
    0xdf, 0xff, 0x30, 0x0, 0x0, 0xa, 0xff, 0xf7,
    0x0, 0x0, 0x0, 0x0, 0x0, 0xa, 0xff, 0xf7,
    0x0, 0x0, 0x0, 0x0, 0x0, 0xa, 0xff, 0xf7,
    0x0, 0x0, 0x0, 0x0, 0x0, 0xa, 0xff, 0xf7,
    0x0, 0x0, 0x0, 0x0, 0x0, 0xa, 0xff, 0xf7,
    0x0, 0x0, 0x0, 0x0, 0x0, 0xa, 0xff, 0xf7,
    0x0, 0x0, 0x0, 0x0, 0x0, 0xa, 0xff, 0xf7,
    0x0, 0x0, 0x0, 0x0, 0x0, 0xa, 0xff, 0xf7,

    /* U+03B8 "θ" */
    0x0, 0x0, 0x3, 0x9d, 0xff, 0xd9, 0x30, 0x0,
    0x0, 0x0, 0x0, 0x9f, 0xff, 0xff, 0xff, 0xf8,
    0x0, 0x0, 0x0, 0xa, 0xff, 0xff, 0xff, 0xff,
    0xff, 0xa0, 0x0, 0x0, 0x6f, 0xff, 0xfb, 0x77,
    0xbf, 0xff, 0xf6, 0x0, 0x1, 0xff, 0xff, 0x40,
    0x0, 0x5, 0xff, 0xfe, 0x0, 0x7, 0xff, 0xf8,
    0x0, 0x0, 0x0, 0x8f, 0xff, 0x60, 0xc, 0xff,
    0xf1, 0x0, 0x0, 0x0, 0x1f, 0xff, 0xc0, 0xf,
    0xff, 0xd0, 0x0, 0x0, 0x0, 0xd, 0xff, 0xf0,
    0x3f, 0xff, 0xb0, 0x0, 0x0, 0x0, 0xb, 0xff,
    0xf3, 0x5f, 0xff, 0xa0, 0x0, 0x0, 0x0, 0xa,
    0xff, 0xf4, 0x5f, 0xff, 0xff, 0xff, 0xff, 0xff,
    0xff, 0xff, 0xf5, 0x6f, 0xff, 0xff, 0xff, 0xff,
    0xff, 0xff, 0xff, 0xf6, 0x6f, 0xff, 0xff, 0xff,
    0xff, 0xff, 0xff, 0xff, 0xf6, 0x5f, 0xff, 0xa0,
    0x0, 0x0, 0x0, 0xa, 0xff, 0xf5, 0x5f, 0xff,
    0xa0, 0x0, 0x0, 0x0, 0xa, 0xff, 0xf4, 0x3f,
    0xff, 0xc0, 0x0, 0x0, 0x0, 0xc, 0xff, 0xf3,
    0xf, 0xff, 0xf0, 0x0, 0x0, 0x0, 0xf, 0xff,
    0xf0, 0xc, 0xff, 0xf3, 0x0, 0x0, 0x0, 0x4f,
    0xff, 0xc0, 0x7, 0xff, 0xfa, 0x0, 0x0, 0x0,
    0xbf, 0xff, 0x70, 0x1, 0xff, 0xff, 0x60, 0x0,
    0x6, 0xff, 0xff, 0x0, 0x0, 0x7f, 0xff, 0xfb,
    0x77, 0xbf, 0xff, 0xf6, 0x0, 0x0, 0xa, 0xff,
    0xff, 0xff, 0xff, 0xff, 0xa0, 0x0, 0x0, 0x0,
    0x9f, 0xff, 0xff, 0xff, 0xf8, 0x0, 0x0, 0x0,
    0x0, 0x3, 0x9d, 0xff, 0xd9, 0x30, 0x0, 0x0,

    /* U+03B9 "ι" */
    0xdf, 0xff, 0x30, 0x0, 0xdf, 0xff, 0x30, 0x0,
    0xdf, 0xff, 0x30, 0x0, 0xdf, 0xff, 0x30, 0x0,
    0xdf, 0xff, 0x30, 0x0, 0xdf, 0xff, 0x30, 0x0,
    0xdf, 0xff, 0x30, 0x0, 0xdf, 0xff, 0x30, 0x0,
    0xdf, 0xff, 0x30, 0x0, 0xdf, 0xff, 0x30, 0x0,
    0xdf, 0xff, 0x30, 0x0, 0xdf, 0xff, 0x30, 0x0,
    0xdf, 0xff, 0x30, 0x0, 0xdf, 0xff, 0x40, 0x0,
    0xcf, 0xff, 0xc6, 0x40, 0x8f, 0xff, 0xff, 0xc0,
    0x1e, 0xff, 0xff, 0xf0, 0x1, 0x9d, 0xff, 0xd2,

    /* U+03BA "κ" */
    0xdf, 0xff, 0x30, 0x0, 0x0, 0x6f, 0xff, 0xf8,
    0xdf, 0xff, 0x30, 0x0, 0x1, 0xef, 0xff, 0xc0,
    0xdf, 0xff, 0x30, 0x0, 0xb, 0xff, 0xfe, 0x10,
    0xdf, 0xff, 0x30, 0x0, 0x5f, 0xff, 0xf5, 0x0,
    0xdf, 0xff, 0x30, 0x1, 0xef, 0xff, 0x90, 0x0,
    0xdf, 0xff, 0x30, 0xb, 0xff, 0xfd, 0x0, 0x0,
    0xdf, 0xff, 0x30, 0x5f, 0xff, 0xf2, 0x0, 0x0,
    0xdf, 0xff, 0x31, 0xef, 0xff, 0x60, 0x0, 0x0,
    0xdf, 0xff, 0xff, 0xff, 0xfb, 0x0, 0x0, 0x0,
    0xdf, 0xff, 0xff, 0xff, 0xf3, 0x0, 0x0, 0x0,
    0xdf, 0xff, 0xff, 0xff, 0xfc, 0x0, 0x0, 0x0,
    0xdf, 0xff, 0x31, 0xef, 0xff, 0x90, 0x0, 0x0,
    0xdf, 0xff, 0x30, 0x4f, 0xff, 0xf6, 0x0, 0x0,
    0xdf, 0xff, 0x30, 0x8, 0xff, 0xff, 0x30, 0x0,
    0xdf, 0xff, 0x30, 0x0, 0xcf, 0xff, 0xe1, 0x0,
    0xdf, 0xff, 0x30, 0x0, 0x2f, 0xff, 0xfb, 0x0,
    0xdf, 0xff, 0x30, 0x0, 0x5, 0xff, 0xff, 0x80,
    0xdf, 0xff, 0x30, 0x0, 0x0, 0x9f, 0xff, 0xf5,

    /* U+03BB "λ" */
    0x0, 0x8e, 0xff, 0xd8, 0x0, 0x0, 0x0, 0x0,
    0x0, 0x0, 0x0, 0x0, 0x8f, 0xff, 0xff, 0xe2,
    0x0, 0x0, 0x0, 0x0, 0x0, 0x0, 0x0, 0x3f,
    0xff, 0xff, 0xfd, 0x0, 0x0, 0x0, 0x0, 0x0,
    0x0, 0x0, 0x8, 0x79, 0xff, 0xff, 0x70, 0x0,
    0x0, 0x0, 0x0, 0x0, 0x0, 0x0, 0x0, 0x6f,
    0xff, 0xe0, 0x0, 0x0, 0x0, 0x0, 0x0, 0x0,
    0x0, 0x0, 0xf, 0xff, 0xf4, 0x0, 0x0, 0x0,
    0x0, 0x0, 0x0, 0x0, 0x0, 0xe, 0xff, 0xfa,
    0x0, 0x0, 0x0, 0x0, 0x0, 0x0, 0x0, 0x0,
    0x4f, 0xff, 0xff, 0x10, 0x0, 0x0, 0x0, 0x0,
    0x0, 0x0, 0x0, 0xaf, 0xff, 0xff, 0x60, 0x0,
    0x0, 0x0, 0x0, 0x0, 0x0, 0x0, 0xff, 0xff,
    0xff, 0xc0, 0x0, 0x0, 0x0, 0x0, 0x0, 0x0,
    0x6, 0xff, 0xf9, 0xff, 0xf2, 0x0, 0x0, 0x0,
    0x0, 0x0, 0x0, 0xc, 0xff, 0xe3, 0xff, 0xf8,
    0x0, 0x0, 0x0, 0x0, 0x0, 0x0, 0x2f, 0xff,
    0xa0, 0xef, 0xfe, 0x0, 0x0, 0x0, 0x0, 0x0,
    0x0, 0x8f, 0xff, 0x60, 0x9f, 0xff, 0x40, 0x0,
    0x0, 0x0, 0x0, 0x0, 0xdf, 0xff, 0x10, 0x3f,
    0xff, 0xa0, 0x0, 0x0, 0x0, 0x0, 0x3, 0xff,
    0xfc, 0x0, 0xd, 0xff, 0xf1, 0x0, 0x0, 0x0,
    0x0, 0x9, 0xff, 0xf6, 0x0, 0x8, 0xff, 0xf6,
    0x0, 0x0, 0x0, 0x0, 0xf, 0xff, 0xf1, 0x0,
    0x2, 0xff, 0xfc, 0x0, 0x0, 0x0, 0x0, 0x5f,
    0xff, 0xc0, 0x0, 0x0, 0xcf, 0xff, 0x20, 0x0,
    0x0, 0x0, 0xbf, 0xff, 0x70, 0x0, 0x0, 0x6f,
    0xff, 0x90, 0x0, 0x0, 0x1, 0xff, 0xff, 0x10,
    0x0, 0x0, 0xf, 0xff, 0xf5, 0x1, 0x0, 0x7,
    0xff, 0xfc, 0x0, 0x0, 0x0, 0x7, 0xff, 0xff,
    0xff, 0x60, 0xd, 0xff, 0xf7, 0x0, 0x0, 0x0,
    0x0, 0xaf, 0xff, 0xff, 0xa0, 0x3f, 0xff, 0xf1,
    0x0, 0x0, 0x0, 0x0, 0x5, 0xbe, 0xff, 0xe0,

    /* U+03BC "μ" */
    0xdf, 0xff, 0x30, 0x0, 0x0, 0x9, 0xff, 0xf7,
    0x0, 0xdf, 0xff, 0x30, 0x0, 0x0, 0x9, 0xff,
    0xf7, 0x0, 0xdf, 0xff, 0x30, 0x0, 0x0, 0x9,
    0xff, 0xf7, 0x0, 0xdf, 0xff, 0x30, 0x0, 0x0,
    0x9, 0xff, 0xf7, 0x0, 0xdf, 0xff, 0x30, 0x0,
    0x0, 0x9, 0xff, 0xf7, 0x0, 0xdf, 0xff, 0x30,
    0x0, 0x0, 0x9, 0xff, 0xf7, 0x0, 0xdf, 0xff,
    0x30, 0x0, 0x0, 0x9, 0xff, 0xf7, 0x0, 0xdf,
    0xff, 0x30, 0x0, 0x0, 0x9, 0xff, 0xf7, 0x0,
    0xdf, 0xff, 0x30, 0x0, 0x0, 0x9, 0xff, 0xf7,
    0x0, 0xdf, 0xff, 0x30, 0x0, 0x0, 0x9, 0xff,
    0xf7, 0x0, 0xdf, 0xff, 0x30, 0x0, 0x0, 0x9,
    0xff, 0xf7, 0x0, 0xdf, 0xff, 0x40, 0x0, 0x0,
    0xa, 0xff, 0xf7, 0x0, 0xdf, 0xff, 0x70, 0x0,
    0x0, 0xd, 0xff, 0xf7, 0x0, 0xdf, 0xff, 0xe1,
    0x0, 0x0, 0x6f, 0xff, 0xf7, 0x0, 0xdf, 0xff,
    0xfe, 0x73, 0x49, 0xff, 0xff, 0xfc, 0x31, 0xdf,
    0xff, 0xff, 0xff, 0xff, 0xfb, 0xff, 0xff, 0xf8,
    0xdf, 0xff, 0x6f, 0xff, 0xff, 0xe1, 0x9f, 0xff,
    0xf8, 0xdf, 0xff, 0x33, 0xbf, 0xe9, 0x20, 0x7,
    0xdf, 0xf8, 0xdf, 0xff, 0x30, 0x0, 0x0, 0x0,
    0x0, 0x0, 0x0, 0xdf, 0xff, 0x30, 0x0, 0x0,
    0x0, 0x0, 0x0, 0x0, 0xdf, 0xff, 0x30, 0x0,
    0x0, 0x0, 0x0, 0x0, 0x0, 0xdf, 0xff, 0x30,
    0x0, 0x0, 0x0, 0x0, 0x0, 0x0, 0xdf, 0xff,
    0x30, 0x0, 0x0, 0x0, 0x0, 0x0, 0x0, 0xdf,
    0xff, 0x30, 0x0, 0x0, 0x0, 0x0, 0x0, 0x0,
    0xdf, 0xff, 0x30, 0x0, 0x0, 0x0, 0x0, 0x0,
    0x0,

    /* U+03BD "ν" */
    0x6f, 0xea, 0x40, 0x0, 0x0, 0x0, 0x0, 0xbf,
    0xff, 0x96, 0xff, 0xff, 0x70, 0x0, 0x0, 0x0,
    0xf, 0xff, 0xf3, 0x6f, 0xff, 0xff, 0x20, 0x0,
    0x0, 0x5, 0xff, 0xfd, 0x2, 0x6d, 0xff, 0xf9,
    0x0, 0x0, 0x0, 0xaf, 0xff, 0x70, 0x0, 0x3f,
    0xff, 0xe0, 0x0, 0x0, 0xf, 0xff, 0xf2, 0x0,
    0x0, 0xdf, 0xff, 0x40, 0x0, 0x5, 0xff, 0xfc,
    0x0, 0x0, 0x7, 0xff, 0xf9, 0x0, 0x0, 0xaf,
    0xff, 0x60, 0x0, 0x0, 0x1f, 0xff, 0xe0, 0x0,
    0xf, 0xff, 0xf1, 0x0, 0x0, 0x0, 0xbf, 0xff,
    0x40, 0x4, 0xff, 0xfa, 0x0, 0x0, 0x0, 0x6,
    0xff, 0xf9, 0x0, 0x9f, 0xff, 0x50, 0x0, 0x0,
    0x0, 0xf, 0xff, 0xe0, 0xe, 0xff, 0xe0, 0x0,
    0x0, 0x0, 0x0, 0xaf, 0xff, 0x33, 0xff, 0xf9,
    0x0, 0x0, 0x0, 0x0, 0x4, 0xff, 0xf7, 0x7f,
    0xff, 0x30, 0x0, 0x0, 0x0, 0x0, 0xe, 0xff,
    0xbb, 0xff, 0xd0, 0x0, 0x0, 0x0, 0x0, 0x0,
    0x9f, 0xff, 0xff, 0xf8, 0x0, 0x0, 0x0, 0x0,
    0x0, 0x3, 0xff, 0xff, 0xff, 0x20, 0x0, 0x0,
    0x0, 0x0, 0x0, 0xd, 0xff, 0xff, 0xc0, 0x0,
    0x0, 0x0, 0x0, 0x0, 0x0, 0x7f, 0xff, 0xf6,
    0x0, 0x0, 0x0,

    /* U+03BE "ξ" */
    0xb, 0xff, 0xff, 0xff, 0xff, 0xff, 0xff, 0x80,
    0xb, 0xff, 0xff, 0xff, 0xff, 0xff, 0xff, 0x80,
    0xb, 0xff, 0xff, 0xff, 0xff, 0xff, 0xff, 0x80,
    0x1, 0x22, 0x7c, 0xfd, 0x85, 0x32, 0x11, 0x0,
    0x0, 0x3e, 0xff, 0x60, 0x0, 0x0, 0x0, 0x0,
    0x1, 0xff, 0xfa, 0x0, 0x0, 0x0, 0x0, 0x0,
    0x6, 0xff, 0xf6, 0x0, 0x0, 0x0, 0x0, 0x0,
    0x8, 0xff, 0xf7, 0x0, 0x0, 0x0, 0x0, 0x0,
    0x5, 0xff, 0xfd, 0x0, 0x0, 0x0, 0x0, 0x0,
    0x0, 0xdf, 0xff, 0xd5, 0x10, 0x0, 0x0, 0x0,
    0x0, 0x1a, 0xff, 0xff, 0xff, 0xff, 0xf7, 0x0,
    0x0, 0x0, 0x7, 0xdf, 0xff, 0xff, 0xf7, 0x0,
    0x0, 0x7, 0xef, 0xff, 0xff, 0xff, 0xf7, 0x0,
    0x1, 0xdf, 0xff, 0xc7, 0x55, 0x55, 0x52, 0x0,
    0xc, 0xff, 0xf6, 0x0, 0x0, 0x0, 0x0, 0x0,
    0x3f, 0xff, 0xa0, 0x0, 0x0, 0x0, 0x0, 0x0,
    0x6f, 0xff, 0x60, 0x0, 0x0, 0x0, 0x0, 0x0,
    0x8f, 0xff, 0x60, 0x0, 0x0, 0x0, 0x0, 0x0,
    0x7f, 0xff, 0x90, 0x0, 0x0, 0x0, 0x0, 0x0,
    0x4f, 0xff, 0xf4, 0x0, 0x0, 0x0, 0x0, 0x0,
    0xe, 0xff, 0xff, 0xb7, 0x55, 0x53, 0x0, 0x0,
    0x4, 0xff, 0xff, 0xff, 0xff, 0xff, 0xe7, 0x0,
    0x0, 0x4e, 0xff, 0xff, 0xff, 0xff, 0xff, 0x60,
    0x0, 0x0, 0x6b, 0xef, 0xff, 0xff, 0xff, 0xd0,
    0x0, 0x0, 0x0, 0x0, 0x0, 0x1b, 0xff, 0xf0,
    0x0, 0x0, 0x0, 0x0, 0x0, 0x7, 0xff, 0xf0,
    0x0, 0x0, 0x0, 0x0, 0x0, 0x7, 0xff, 0xf0,
    0x0, 0x0, 0x0, 0x0, 0x0, 0x7, 0xff, 0xf0,
    0x0, 0x0, 0x0, 0x0, 0x0, 0x3, 0x88, 0x80,

    /* U+03BF "ο" */
    0x0, 0x0, 0x6, 0xbe, 0xff, 0xd9, 0x30, 0x0,
    0x0, 0x0, 0x3, 0xef, 0xff, 0xff, 0xff, 0xf9,
    0x0, 0x0, 0x0, 0x5f, 0xff, 0xff, 0xff, 0xff,
    0xff, 0xc0, 0x0, 0x1, 0xff, 0xff, 0xf9, 0x67,
    0xcf, 0xff, 0xf8, 0x0, 0xa, 0xff, 0xfe, 0x20,
    0x0, 0x8, 0xff, 0xff, 0x20, 0x1f, 0xff, 0xf4,
    0x0, 0x0, 0x0, 0xdf, 0xff, 0x80, 0x5f, 0xff,
    0xe0, 0x0, 0x0, 0x0, 0x6f, 0xff, 0xd0, 0x8f,
    0xff, 0xa0, 0x0, 0x0, 0x0, 0x2f, 0xff, 0xf0,
    0x9f, 0xff, 0x90, 0x0, 0x0, 0x0, 0x1f, 0xff,
    0xf1, 0x9f, 0xff, 0x90, 0x0, 0x0, 0x0, 0x1f,
    0xff, 0xf1, 0x8f, 0xff, 0xa0, 0x0, 0x0, 0x0,
    0x2f, 0xff, 0xf0, 0x5f, 0xff, 0xe0, 0x0, 0x0,
    0x0, 0x6f, 0xff, 0xd0, 0x1f, 0xff, 0xf4, 0x0,
    0x0, 0x0, 0xdf, 0xff, 0x80, 0xa, 0xff, 0xfe,
    0x20, 0x0, 0x8, 0xff, 0xff, 0x20, 0x1, 0xff,
    0xff, 0xf8, 0x67, 0xcf, 0xff, 0xf8, 0x0, 0x0,
    0x5f, 0xff, 0xff, 0xff, 0xff, 0xff, 0xc0, 0x0,
    0x0, 0x3, 0xef, 0xff, 0xff, 0xff, 0xf9, 0x0,
    0x0, 0x0, 0x0, 0x6, 0xbe, 0xff, 0xd9, 0x30,
    0x0, 0x0,

    /* U+03C0 "π" */
    0x6f, 0xff, 0xff, 0xff, 0xff, 0xff, 0xff, 0xff,
    0xff, 0xf7, 0x6f, 0xff, 0xff, 0xff, 0xff, 0xff,
    0xff, 0xff, 0xff, 0xf7, 0x6f, 0xff, 0xff, 0xff,
    0xff, 0xff, 0xff, 0xff, 0xff, 0xf7, 0x13, 0x3b,
    0xff, 0xf7, 0x33, 0x33, 0x9f, 0xff, 0x93, 0x31,
    0x0, 0xa, 0xff, 0xf4, 0x0, 0x0, 0x7f, 0xff,
    0x70, 0x0, 0x0, 0xa, 0xff, 0xf4, 0x0, 0x0,
    0x7f, 0xff, 0x70, 0x0, 0x0, 0xa, 0xff, 0xf4,
    0x0, 0x0, 0x7f, 0xff, 0x70, 0x0, 0x0, 0xa,
    0xff, 0xf4, 0x0, 0x0, 0x7f, 0xff, 0x70, 0x0,
    0x0, 0xa, 0xff, 0xf4, 0x0, 0x0, 0x7f, 0xff,
    0x70, 0x0, 0x0, 0xa, 0xff, 0xf4, 0x0, 0x0,
    0x7f, 0xff, 0x70, 0x0, 0x0, 0xa, 0xff, 0xf4,
    0x0, 0x0, 0x7f, 0xff, 0x70, 0x0, 0x0, 0xa,
    0xff, 0xf4, 0x0, 0x0, 0x7f, 0xff, 0x70, 0x0,
    0x0, 0xa, 0xff, 0xf4, 0x0, 0x0, 0x7f, 0xff,
    0x70, 0x0, 0x0, 0xa, 0xff, 0xf4, 0x0, 0x0,
    0x7f, 0xff, 0x80, 0x0, 0x0, 0xa, 0xff, 0xf4,
    0x0, 0x0, 0x6f, 0xff, 0xe5, 0x40, 0x0, 0xa,
    0xff, 0xf4, 0x0, 0x0, 0x2f, 0xff, 0xff, 0xf0,
    0x0, 0xa, 0xff, 0xf4, 0x0, 0x0, 0xa, 0xff,
    0xff, 0xf3, 0x0, 0xa, 0xff, 0xf4, 0x0, 0x0,
    0x0, 0x7d, 0xff, 0xe5,

    /* U+03C1 "ρ" */
    0x0, 0x0, 0x28, 0xcf, 0xfe, 0xc7, 0x0, 0x0,
    0x0, 0x0, 0x6f, 0xff, 0xff, 0xff, 0xfe, 0x40,
    0x0, 0x0, 0x8f, 0xff, 0xff, 0xff, 0xff, 0xff,
    0x50, 0x0, 0x3f, 0xff, 0xfd, 0x86, 0x9f, 0xff,
    0xff, 0x10, 0xd, 0xff, 0xf9, 0x0, 0x0, 0x2e,
    0xff, 0xfa, 0x3, 0xff, 0xfd, 0x0, 0x0, 0x0,
    0x5f, 0xff, 0xf1, 0x8f, 0xff, 0x70, 0x0, 0x0,
    0x0, 0xef, 0xff, 0x5a, 0xff, 0xf4, 0x0, 0x0,
    0x0, 0xb, 0xff, 0xf7, 0xcf, 0xff, 0x20, 0x0,
    0x0, 0x0, 0x9f, 0xff, 0x9d, 0xff, 0xf2, 0x0,
    0x0, 0x0, 0x9, 0xff, 0xf8, 0xdf, 0xff, 0x40,
    0x0, 0x0, 0x0, 0xbf, 0xff, 0x7d, 0xff, 0xf8,
    0x0, 0x0, 0x0, 0xe, 0xff, 0xf5, 0xdf, 0xff,
    0xe0, 0x0, 0x0, 0x5, 0xff, 0xff, 0x1d, 0xff,
    0xff, 0x90, 0x0, 0x2, 0xef, 0xff, 0xb0, 0xdf,
    0xff, 0xff, 0xd7, 0x69, 0xff, 0xff, 0xf3, 0xd,
    0xff, 0xf7, 0xff, 0xff, 0xff, 0xff, 0xf9, 0x0,
    0xdf, 0xff, 0x37, 0xff, 0xff, 0xff, 0xf8, 0x0,
    0xd, 0xff, 0xf3, 0x3, 0xbe, 0xfe, 0xa3, 0x0,
    0x0, 0xdf, 0xff, 0x30, 0x0, 0x0, 0x0, 0x0,
    0x0, 0xd, 0xff, 0xf3, 0x0, 0x0, 0x0, 0x0,
    0x0, 0x0, 0xdf, 0xff, 0x30, 0x0, 0x0, 0x0,
    0x0, 0x0, 0xd, 0xff, 0xf3, 0x0, 0x0, 0x0,
    0x0, 0x0, 0x0, 0xdf, 0xff, 0x30, 0x0, 0x0,
    0x0, 0x0, 0x0, 0xd, 0xff, 0xf3, 0x0, 0x0,
    0x0, 0x0, 0x0, 0x0, 0xdf, 0xff, 0x30, 0x0,
    0x0, 0x0, 0x0, 0x0, 0x0,

    /* U+03C2 "ς" */
    0x0, 0x0, 0x6, 0xbe, 0xff, 0xd9, 0x30, 0x0,
    0x0, 0x0, 0x3e, 0xff, 0xff, 0xff, 0xff, 0x90,
    0x0, 0x0, 0x4f, 0xff, 0xff, 0xff, 0xff, 0xff,
    0xb0, 0x0, 0x1e, 0xff, 0xff, 0x96, 0x7c, 0xff,
    0xff, 0x70, 0xa, 0xff, 0xfe, 0x20, 0x0, 0x9,
    0xff, 0xfe, 0x1, 0xff, 0xff, 0x50, 0x0, 0x0,
    0xd, 0xff, 0xb1, 0x5f, 0xff, 0xe0, 0x0, 0x0,
    0x0, 0x32, 0x0, 0x7, 0xff, 0xfa, 0x0, 0x0,
    0x0, 0x0, 0x0, 0x0, 0x9f, 0xff, 0x90, 0x0,
    0x0, 0x0, 0x0, 0x0, 0x9, 0xff, 0xf8, 0x0,
    0x0, 0x0, 0x0, 0x0, 0x0, 0x8f, 0xff, 0xa0,
    0x0, 0x0, 0x0, 0x0, 0x0, 0x6, 0xff, 0xfd,
    0x0, 0x0, 0x0, 0x0, 0x0, 0x0, 0x2f, 0xff,
    0xf3, 0x0, 0x0, 0x0, 0x0, 0x0, 0x0, 0xcf,
    0xff, 0xd1, 0x0, 0x0, 0x0, 0x0, 0x0, 0x3,
    0xff, 0xff, 0xe8, 0x54, 0x42, 0x0, 0x0, 0x0,
    0x7, 0xff, 0xff, 0xff, 0xff, 0xfd, 0x50, 0x0,
    0x0, 0x5, 0xff, 0xff, 0xff, 0xff, 0xff, 0x80,
    0x0, 0x0, 0x1, 0x7c, 0xef, 0xff, 0xff, 0xff,
    0x30, 0x0, 0x0, 0x0, 0x0, 0x0, 0x18, 0xff,
    0xf8, 0x0, 0x0, 0x0, 0x0, 0x0, 0x0, 0xe,
    0xff, 0xa0, 0x0, 0x0, 0x0, 0x0, 0x0, 0x0,
    0xdf, 0xfa, 0x0, 0x0, 0x0, 0x0, 0x0, 0x0,
    0xd, 0xff, 0xa0, 0x0, 0x0, 0x0, 0x0, 0x0,
    0x0, 0x68, 0x85, 0x0,

    /* U+03C3 "σ" */
    0x0, 0x0, 0x6, 0xbe, 0xff, 0xff, 0xff, 0xff,
    0xff, 0xf0, 0x0, 0x3e, 0xff, 0xff, 0xff, 0xff,
    0xff, 0xff, 0xff, 0x0, 0x5f, 0xff, 0xff, 0xff,
    0xff, 0xff, 0xff, 0xff, 0xf0, 0x2f, 0xff, 0xfd,
    0x64, 0x5a, 0xff, 0xd4, 0x33, 0x33, 0xb, 0xff,
    0xfc, 0x0, 0x0, 0x6, 0xff, 0xe2, 0x0, 0x1,
    0xff, 0xff, 0x30, 0x0, 0x0, 0xb, 0xff, 0xd0,
    0x0, 0x5f, 0xff, 0xd0, 0x0, 0x0, 0x0, 0x5f,
    0xff, 0x70, 0x8, 0xff, 0xfa, 0x0, 0x0, 0x0,
    0x2, 0xff, 0xfd, 0x0, 0x9f, 0xff, 0x80, 0x0,
    0x0, 0x0, 0xf, 0xff, 0xf0, 0x9, 0xff, 0xf9,
    0x0, 0x0, 0x0, 0x1, 0xff, 0xff, 0x10, 0x8f,
    0xff, 0xa0, 0x0, 0x0, 0x0, 0x2f, 0xff, 0xf0,
    0x5, 0xff, 0xfe, 0x0, 0x0, 0x0, 0x6, 0xff,
    0xfe, 0x0, 0x1f, 0xff, 0xf5, 0x0, 0x0, 0x0,
    0xdf, 0xff, 0xa0, 0x0, 0xaf, 0xff, 0xe2, 0x0,
    0x0, 0x8f, 0xff, 0xf4, 0x0, 0x1, 0xef, 0xff,
    0xf9, 0x67, 0xcf, 0xff, 0xfa, 0x0, 0x0, 0x5,
    0xff, 0xff, 0xff, 0xff, 0xff, 0xfc, 0x0, 0x0,
    0x0, 0x3, 0xef, 0xff, 0xff, 0xff, 0xfa, 0x0,
    0x0, 0x0, 0x0, 0x0, 0x6b, 0xef, 0xfd, 0x93,
    0x0, 0x0, 0x0,

    /* U+03C4 "τ" */
    0xbf, 0xff, 0xff, 0xff, 0xff, 0xff, 0xff, 0xf8,
    0xbf, 0xff, 0xff, 0xff, 0xff, 0xff, 0xff, 0xf8,
    0xbf, 0xff, 0xff, 0xff, 0xff, 0xff, 0xff, 0xf8,
    0x35, 0x55, 0x56, 0xff, 0xff, 0x55, 0x55, 0x53,
    0x0, 0x0, 0x1, 0xff, 0xff, 0x0, 0x0, 0x0,
    0x0, 0x0, 0x1, 0xff, 0xff, 0x0, 0x0, 0x0,
    0x0, 0x0, 0x1, 0xff, 0xff, 0x0, 0x0, 0x0,
    0x0, 0x0, 0x1, 0xff, 0xff, 0x0, 0x0, 0x0,
    0x0, 0x0, 0x1, 0xff, 0xff, 0x0, 0x0, 0x0,
    0x0, 0x0, 0x1, 0xff, 0xff, 0x0, 0x0, 0x0,
    0x0, 0x0, 0x1, 0xff, 0xff, 0x0, 0x0, 0x0,
    0x0, 0x0, 0x1, 0xff, 0xff, 0x0, 0x0, 0x0,
    0x0, 0x0, 0x1, 0xff, 0xff, 0x0, 0x0, 0x0,
    0x0, 0x0, 0x1, 0xff, 0xff, 0x10, 0x0, 0x0,
    0x0, 0x0, 0x0, 0xef, 0xff, 0xc6, 0x72, 0x0,
    0x0, 0x0, 0x0, 0x9f, 0xff, 0xff, 0xf6, 0x0,
    0x0, 0x0, 0x0, 0x1d, 0xff, 0xff, 0xf9, 0x0,
    0x0, 0x0, 0x0, 0x0, 0x8d, 0xff, 0xe8, 0x0,

    /* U+03C5 "υ" */
    0xdf, 0xff, 0x30, 0x0, 0x0, 0xa, 0xff, 0xf6,
    0xdf, 0xff, 0x30, 0x0, 0x0, 0xa, 0xff, 0xf6,
    0xdf, 0xff, 0x30, 0x0, 0x0, 0xa, 0xff, 0xf6,
    0xdf, 0xff, 0x30, 0x0, 0x0, 0xa, 0xff, 0xf6,
    0xdf, 0xff, 0x30, 0x0, 0x0, 0xa, 0xff, 0xf6,
    0xdf, 0xff, 0x30, 0x0, 0x0, 0xa, 0xff, 0xf6,
    0xdf, 0xff, 0x30, 0x0, 0x0, 0xa, 0xff, 0xf6,
    0xdf, 0xff, 0x30, 0x0, 0x0, 0xa, 0xff, 0xf6,
    0xdf, 0xff, 0x30, 0x0, 0x0, 0xa, 0xff, 0xf6,
    0xdf, 0xff, 0x30, 0x0, 0x0, 0xa, 0xff, 0xf6,
    0xdf, 0xff, 0x30, 0x0, 0x0, 0xa, 0xff, 0xf6,
    0xcf, 0xff, 0x50, 0x0, 0x0, 0xc, 0xff, 0xf5,
    0xbf, 0xff, 0x90, 0x0, 0x0, 0x1f, 0xff, 0xf4,
    0x6f, 0xff, 0xf4, 0x0, 0x0, 0xaf, 0xff, 0xf0,
    0x1f, 0xff, 0xff, 0xc9, 0xae, 0xff, 0xff, 0x90,
    0x5, 0xff, 0xff, 0xff, 0xff, 0xff, 0xfd, 0x10,
    0x0, 0x5f, 0xff, 0xff, 0xff, 0xff, 0xc1, 0x0,
    0x0, 0x1, 0x7b, 0xef, 0xfd, 0xa4, 0x0, 0x0,

    /* U+03C6 "φ" */
    0x0, 0x0, 0x29, 0x30, 0x0, 0x2, 0x9e, 0xff,
    0xc8, 0x10, 0x0, 0x0, 0x0, 0x6f, 0xfa, 0x0,
    0x4, 0xff, 0xff, 0xff, 0xff, 0x40, 0x0, 0x0,
    0x6f, 0xff, 0xf0, 0x0, 0xef, 0xff, 0xff, 0xff,
    0xff, 0x40, 0x0, 0x2f, 0xff, 0xfc, 0x20, 0x6f,
    0xff, 0xf9, 0x7d, 0xff, 0xfe, 0x0, 0x9, 0xff,
    0xfb, 0x0, 0xa, 0xff, 0xf8, 0x0, 0xc, 0xff,
    0xf7, 0x0, 0xff, 0xff, 0x10, 0x0, 0xbf, 0xff,
    0x40, 0x0, 0x4f, 0xff, 0xc0, 0x4f, 0xff, 0xb0,
    0x0, 0xc, 0xff, 0xf3, 0x0, 0x0, 0xef, 0xff,
    0x17, 0xff, 0xf8, 0x0, 0x0, 0xcf, 0xff, 0x30,
    0x0, 0xd, 0xff, 0xf3, 0x9f, 0xff, 0x60, 0x0,
    0xc, 0xff, 0xf3, 0x0, 0x0, 0xbf, 0xff, 0x49,
    0xff, 0xf6, 0x0, 0x0, 0xcf, 0xff, 0x30, 0x0,
    0xc, 0xff, 0xf4, 0x8f, 0xff, 0x80, 0x0, 0xc,
    0xff, 0xf3, 0x0, 0x0, 0xef, 0xff, 0x35, 0xff,
    0xfc, 0x0, 0x0, 0xcf, 0xff, 0x30, 0x0, 0x2f,
    0xff, 0xf0, 0x1f, 0xff, 0xf4, 0x0, 0xc, 0xff,
    0xf3, 0x0, 0xa, 0xff, 0xfb, 0x0, 0x9f, 0xff,
    0xe3, 0x0, 0xcf, 0xff, 0x30, 0x9, 0xff, 0xff,
    0x40, 0x1, 0xef, 0xff, 0xfb, 0x6d, 0xff, 0xf7,
    0x8e, 0xff, 0xff, 0xb0, 0x0, 0x3, 0xef, 0xff,
    0xff, 0xff, 0xff, 0xff, 0xff, 0xff, 0xc0, 0x0,
    0x0, 0x2, 0xcf, 0xff, 0xff, 0xff, 0xff, 0xff,
    0xff, 0x90, 0x0, 0x0, 0x0, 0x0, 0x5a, 0xdf,
    0xff, 0xff, 0xfe, 0xc8, 0x20, 0x0, 0x0, 0x0,
    0x0, 0x0, 0x0, 0xc, 0xff, 0xf3, 0x0, 0x0,
    0x0, 0x0, 0x0, 0x0, 0x0, 0x0, 0x0, 0xcf,
    0xff, 0x30, 0x0, 0x0, 0x0, 0x0, 0x0, 0x0,
    0x0, 0x0, 0xc, 0xff, 0xf3, 0x0, 0x0, 0x0,
    0x0, 0x0, 0x0, 0x0, 0x0, 0x0, 0xcf, 0xff,
    0x30, 0x0, 0x0, 0x0, 0x0, 0x0, 0x0, 0x0,
    0x0, 0xc, 0xff, 0xf3, 0x0, 0x0, 0x0, 0x0,
    0x0, 0x0, 0x0, 0x0, 0x0, 0xcf, 0xff, 0x30,
    0x0, 0x0, 0x0, 0x0, 0x0, 0x0, 0x0, 0x0,
    0xc, 0xff, 0xf3, 0x0, 0x0, 0x0, 0x0, 0x0,

    /* U+03C7 "χ" */
    0xaf, 0xeb, 0x50, 0x0, 0x0, 0x0, 0x6, 0xff,
    0xfc, 0xa, 0xff, 0xff, 0x80, 0x0, 0x0, 0x0,
    0xdf, 0xff, 0x30, 0xaf, 0xff, 0xff, 0x40, 0x0,
    0x0, 0x6f, 0xff, 0xb0, 0x3, 0x59, 0xff, 0xfd,
    0x0, 0x0, 0xe, 0xff, 0xf3, 0x0, 0x0, 0xb,
    0xff, 0xf6, 0x0, 0x7, 0xff, 0xfa, 0x0, 0x0,
    0x0, 0x3f, 0xff, 0xd0, 0x0, 0xef, 0xff, 0x20,
    0x0, 0x0, 0x0, 0xbf, 0xff, 0x60, 0x7f, 0xff,
    0xa0, 0x0, 0x0, 0x0, 0x2, 0xff, 0xfe, 0x1e,
    0xff, 0xf2, 0x0, 0x0, 0x0, 0x0, 0xa, 0xff,
    0xfd, 0xff, 0xf9, 0x0, 0x0, 0x0, 0x0, 0x0,
    0x2f, 0xff, 0xff, 0xff, 0x10, 0x0, 0x0, 0x0,
    0x0, 0x0, 0xaf, 0xff, 0xff, 0x90, 0x0, 0x0,
    0x0, 0x0, 0x0, 0x2, 0xff, 0xff, 0xf1, 0x0,
    0x0, 0x0, 0x0, 0x0, 0x0, 0xc, 0xff, 0xfa,
    0x0, 0x0, 0x0, 0x0, 0x0, 0x0, 0x3, 0xff,
    0xff, 0xe0, 0x0, 0x0, 0x0, 0x0, 0x0, 0x0,
    0xbf, 0xff, 0xff, 0x70, 0x0, 0x0, 0x0, 0x0,
    0x0, 0x3f, 0xff, 0xff, 0xfe, 0x0, 0x0, 0x0,
    0x0, 0x0, 0xb, 0xff, 0xfd, 0xff, 0xf7, 0x0,
    0x0, 0x0, 0x0, 0x4, 0xff, 0xfd, 0x1f, 0xff,
    0xe0, 0x0, 0x0, 0x0, 0x0, 0xcf, 0xff, 0x50,
    0x9f, 0xff, 0x70, 0x0, 0x0, 0x0, 0x4f, 0xff,
    0xd0, 0x1, 0xff, 0xfe, 0x0, 0x0, 0x0, 0xd,
    0xff, 0xf5, 0x0, 0x9, 0xff, 0xf7, 0x0, 0x0,
    0x5, 0xff, 0xfc, 0x0, 0x0, 0x1f, 0xff, 0xf7,
    0x52, 0x0, 0xdf, 0xff, 0x40, 0x0, 0x0, 0x8f,
    0xff, 0xff, 0x80, 0x6f, 0xff, 0xc0, 0x0, 0x0,
    0x0, 0xcf, 0xff, 0xf8, 0xd, 0xff, 0xf4, 0x0,
    0x0, 0x0, 0x0, 0x7c, 0xff, 0x80,

    /* U+03C8 "ψ" */
    0x0, 0x0, 0x0, 0x0, 0xa, 0xaa, 0xa0, 0x0,
    0x0, 0x0, 0x0, 0x0, 0x0, 0x0, 0x0, 0xf,
    0xff, 0xf0, 0x0, 0x0, 0x0, 0x0, 0x0, 0x0,
    0x0, 0x0, 0xf, 0xff, 0xf0, 0x0, 0x0, 0x0,
    0x0, 0x0, 0x0, 0x0, 0x0, 0xf, 0xff, 0xf0,
    0x0, 0x0, 0x0, 0x0, 0xdf, 0xff, 0x20, 0x0,
    0xf, 0xff, 0xf0, 0x0, 0x2, 0xff, 0xfd, 0xdf,
    0xff, 0x20, 0x0, 0xf, 0xff, 0xf0, 0x0, 0x2,
    0xff, 0xfd, 0xdf, 0xff, 0x20, 0x0, 0xf, 0xff,
    0xf0, 0x0, 0x2, 0xff, 0xfd, 0xdf, 0xff, 0x20,
    0x0, 0xf, 0xff, 0xf0, 0x0, 0x2, 0xff, 0xfd,
    0xdf, 0xff, 0x20, 0x0, 0xf, 0xff, 0xf0, 0x0,
    0x2, 0xff, 0xfd, 0xdf, 0xff, 0x20, 0x0, 0xf,
    0xff, 0xf0, 0x0, 0x2, 0xff, 0xfd, 0xdf, 0xff,
    0x20, 0x0, 0xf, 0xff, 0xf0, 0x0, 0x2, 0xff,
    0xfd, 0xdf, 0xff, 0x20, 0x0, 0xf, 0xff, 0xf0,
    0x0, 0x2, 0xff, 0xfd, 0xdf, 0xff, 0x20, 0x0,
    0xf, 0xff, 0xf0, 0x0, 0x2, 0xff, 0xfd, 0xcf,
    0xff, 0x30, 0x0, 0xf, 0xff, 0xf0, 0x0, 0x3,
    0xff, 0xfc, 0xbf, 0xff, 0x40, 0x0, 0xf, 0xff,
    0xf0, 0x0, 0x4, 0xff, 0xfb, 0x9f, 0xff, 0x80,
    0x0, 0xf, 0xff, 0xf0, 0x0, 0x8, 0xff, 0xf9,
    0x5f, 0xff, 0xe0, 0x0, 0xf, 0xff, 0xf0, 0x0,
    0xe, 0xff, 0xf5, 0xe, 0xff, 0xfa, 0x0, 0xf,
    0xff, 0xf0, 0x0, 0xaf, 0xff, 0xe0, 0x6, 0xff,
    0xff, 0xe9, 0x7f, 0xff, 0xf7, 0x9e, 0xff, 0xff,
    0x60, 0x0, 0xaf, 0xff, 0xff, 0xff, 0xff, 0xff,
    0xff, 0xff, 0xfa, 0x0, 0x0, 0x7, 0xff, 0xff,
    0xff, 0xff, 0xff, 0xff, 0xff, 0x70, 0x0, 0x0,
    0x0, 0x17, 0xbe, 0xff, 0xff, 0xff, 0xeb, 0x71,
    0x0, 0x0, 0x0, 0x0, 0x0, 0x0, 0xf, 0xff,
    0xf0, 0x0, 0x0, 0x0, 0x0, 0x0, 0x0, 0x0,
    0x0, 0xf, 0xff, 0xf0, 0x0, 0x0, 0x0, 0x0,
    0x0, 0x0, 0x0, 0x0, 0xf, 0xff, 0xf0, 0x0,
    0x0, 0x0, 0x0, 0x0, 0x0, 0x0, 0x0, 0xf,
    0xff, 0xf0, 0x0, 0x0, 0x0, 0x0, 0x0, 0x0,
    0x0, 0x0, 0xf, 0xff, 0xf0, 0x0, 0x0, 0x0,
    0x0, 0x0, 0x0, 0x0, 0x0, 0xf, 0xff, 0xf0,
    0x0, 0x0, 0x0, 0x0, 0x0, 0x0, 0x0, 0x0,
    0xf, 0xff, 0xf0, 0x0, 0x0, 0x0, 0x0,

    /* U+03C9 "ω" */
    0x0, 0x4, 0xff, 0xfe, 0x10, 0x0, 0x0, 0x0,
    0xaf, 0xff, 0xa0, 0x0, 0x0, 0x1f, 0xff, 0xf5,
    0x0, 0x0, 0x0, 0x0, 0xd, 0xff, 0xf6, 0x0,
    0x0, 0xaf, 0xff, 0x90, 0x0, 0x0, 0x0, 0x0,
    0x3, 0xff, 0xff, 0x10, 0x3, 0xff, 0xfe, 0x10,
    0x0, 0x0, 0x0, 0x0, 0x0, 0xaf, 0xff, 0x90,
    0x9, 0xff, 0xf8, 0x0, 0x0, 0x0, 0x0, 0x0,
    0x0, 0x2f, 0xff, 0xf0, 0xf, 0xff, 0xf1, 0x0,
    0x0, 0x0, 0x0, 0x0, 0x0, 0xc, 0xff, 0xf5,
    0x3f, 0xff, 0xd0, 0x0, 0x0, 0x7b, 0xbb, 0x0,
    0x0, 0x7, 0xff, 0xf9, 0x6f, 0xff, 0x90, 0x0,
    0x0, 0xbf, 0xff, 0x10, 0x0, 0x4, 0xff, 0xfc,
    0x8f, 0xff, 0x80, 0x0, 0x0, 0xbf, 0xff, 0x10,
    0x0, 0x2, 0xff, 0xfe, 0x9f, 0xff, 0x70, 0x0,
    0x0, 0xbf, 0xff, 0x10, 0x0, 0x1, 0xff, 0xff,
    0x8f, 0xff, 0x70, 0x0, 0x0, 0xbf, 0xff, 0x10,
    0x0, 0x1, 0xff, 0xfe, 0x7f, 0xff, 0x90, 0x0,
    0x0, 0xcf, 0xff, 0x20, 0x0, 0x3, 0xff, 0xfd,
    0x4f, 0xff, 0xd0, 0x0, 0x0, 0xff, 0xff, 0x50,
    0x0, 0x7, 0xff, 0xfa, 0xf, 0xff, 0xf5, 0x0,
    0x6, 0xff, 0xff, 0xb0, 0x0, 0x1e, 0xff, 0xf5,
    0x9, 0xff, 0xff, 0x85, 0x8f, 0xfd, 0x8f, 0xfb,
    0x56, 0xdf, 0xff, 0xe0, 0x0, 0xef, 0xff, 0xff,
    0xff, 0xf7, 0x2f, 0xff, 0xff, 0xff, 0xff, 0x40,
    0x0, 0x2d, 0xff, 0xff, 0xff, 0xb0, 0x7, 0xff,
    0xff, 0xff, 0xf5, 0x0, 0x0, 0x0, 0x6c, 0xef,
    0xd8, 0x0, 0x0, 0x5c, 0xff, 0xd8, 0x20, 0x0,

    /* U+03CA "ϊ" */
    0x8, 0xed, 0x30, 0x0, 0xaf, 0xb1, 0x3f, 0xff,
    0xc0, 0x7, 0xff, 0xf9, 0x5f, 0xff, 0xe0, 0x8,
    0xff, 0xfb, 0xd, 0xff, 0x60, 0x2, 0xef, 0xf4,
    0x0, 0x42, 0x0, 0x0, 0x14, 0x10, 0x0, 0x0,
    0x0, 0x0, 0x0, 0x0, 0x0, 0x0, 0x0, 0x0,
    0x0, 0x0, 0x0, 0x0, 0xdf, 0xff, 0x30, 0x0,
    0x0, 0x0, 0xdf, 0xff, 0x30, 0x0, 0x0, 0x0,
    0xdf, 0xff, 0x30, 0x0, 0x0, 0x0, 0xdf, 0xff,
    0x30, 0x0, 0x0, 0x0, 0xdf, 0xff, 0x30, 0x0,
    0x0, 0x0, 0xdf, 0xff, 0x30, 0x0, 0x0, 0x0,
    0xdf, 0xff, 0x30, 0x0, 0x0, 0x0, 0xdf, 0xff,
    0x30, 0x0, 0x0, 0x0, 0xdf, 0xff, 0x30, 0x0,
    0x0, 0x0, 0xdf, 0xff, 0x30, 0x0, 0x0, 0x0,
    0xdf, 0xff, 0x30, 0x0, 0x0, 0x0, 0xdf, 0xff,
    0x30, 0x0, 0x0, 0x0, 0xdf, 0xff, 0x30, 0x0,
    0x0, 0x0, 0xdf, 0xff, 0x40, 0x0, 0x0, 0x0,
    0xcf, 0xff, 0xc6, 0x40, 0x0, 0x0, 0x8f, 0xff,
    0xff, 0xc0, 0x0, 0x0, 0x1e, 0xff, 0xff, 0xf0,
    0x0, 0x0, 0x1, 0x9d, 0xff, 0xd2,

    /* U+03CB "ϋ" */
    0x0, 0x1c, 0xfa, 0x0, 0x3, 0xde, 0x70, 0x0,
    0x0, 0xaf, 0xff, 0x60, 0xd, 0xff, 0xf3, 0x0,
    0x0, 0xbf, 0xff, 0x70, 0xe, 0xff, 0xf4, 0x0,
    0x0, 0x4f, 0xfe, 0x10, 0x7, 0xff, 0xc0, 0x0,
    0x0, 0x1, 0x41, 0x0, 0x0, 0x24, 0x0, 0x0,
    0x0, 0x0, 0x0, 0x0, 0x0, 0x0, 0x0, 0x0,
    0x0, 0x0, 0x0, 0x0, 0x0, 0x0, 0x0, 0x0,
    0xdf, 0xff, 0x30, 0x0, 0x0, 0xa, 0xff, 0xf6,
    0xdf, 0xff, 0x30, 0x0, 0x0, 0xa, 0xff, 0xf6,
    0xdf, 0xff, 0x30, 0x0, 0x0, 0xa, 0xff, 0xf6,
    0xdf, 0xff, 0x30, 0x0, 0x0, 0xa, 0xff, 0xf6,
    0xdf, 0xff, 0x30, 0x0, 0x0, 0xa, 0xff, 0xf6,
    0xdf, 0xff, 0x30, 0x0, 0x0, 0xa, 0xff, 0xf6,
    0xdf, 0xff, 0x30, 0x0, 0x0, 0xa, 0xff, 0xf6,
    0xdf, 0xff, 0x30, 0x0, 0x0, 0xa, 0xff, 0xf6,
    0xdf, 0xff, 0x30, 0x0, 0x0, 0xa, 0xff, 0xf6,
    0xdf, 0xff, 0x30, 0x0, 0x0, 0xa, 0xff, 0xf6,
    0xdf, 0xff, 0x30, 0x0, 0x0, 0xa, 0xff, 0xf6,
    0xcf, 0xff, 0x50, 0x0, 0x0, 0xc, 0xff, 0xf5,
    0xbf, 0xff, 0x90, 0x0, 0x0, 0x1f, 0xff, 0xf4,
    0x6f, 0xff, 0xf4, 0x0, 0x0, 0xaf, 0xff, 0xf0,
    0x1f, 0xff, 0xff, 0xc9, 0xae, 0xff, 0xff, 0x90,
    0x5, 0xff, 0xff, 0xff, 0xff, 0xff, 0xfd, 0x10,
    0x0, 0x5f, 0xff, 0xff, 0xff, 0xff, 0xc1, 0x0,
    0x0, 0x1, 0x7b, 0xef, 0xfd, 0xa4, 0x0, 0x0,

    /* U+03CC "ό" */
    0x0, 0x0, 0x0, 0x1, 0xff, 0xf9, 0x0, 0x0,
    0x0, 0x0, 0x0, 0x0, 0x3, 0xff, 0xf3, 0x0,
    0x0, 0x0, 0x0, 0x0, 0x0, 0x4, 0xff, 0xd0,
    0x0, 0x0, 0x0, 0x0, 0x0, 0x0, 0x6, 0xff,
    0x70, 0x0, 0x0, 0x0, 0x0, 0x0, 0x0, 0x7,
    0xed, 0x10, 0x0, 0x0, 0x0, 0x0, 0x0, 0x0,
    0x0, 0x0, 0x0, 0x0, 0x0, 0x0, 0x0, 0x0,
    0x0, 0x0, 0x0, 0x0, 0x0, 0x0, 0x0, 0x0,
    0x0, 0x6, 0xbe, 0xff, 0xd9, 0x30, 0x0, 0x0,
    0x0, 0x3, 0xef, 0xff, 0xff, 0xff, 0xf9, 0x0,
    0x0, 0x0, 0x5f, 0xff, 0xff, 0xff, 0xff, 0xff,
    0xc0, 0x0, 0x1, 0xff, 0xff, 0xf9, 0x67, 0xcf,
    0xff, 0xf8, 0x0, 0xa, 0xff, 0xfe, 0x20, 0x0,
    0x8, 0xff, 0xff, 0x20, 0x1f, 0xff, 0xf4, 0x0,
    0x0, 0x0, 0xdf, 0xff, 0x80, 0x5f, 0xff, 0xe0,
    0x0, 0x0, 0x0, 0x6f, 0xff, 0xd0, 0x8f, 0xff,
    0xa0, 0x0, 0x0, 0x0, 0x2f, 0xff, 0xf0, 0x9f,
    0xff, 0x90, 0x0, 0x0, 0x0, 0x1f, 0xff, 0xf1,
    0x9f, 0xff, 0x90, 0x0, 0x0, 0x0, 0x1f, 0xff,
    0xf1, 0x8f, 0xff, 0xa0, 0x0, 0x0, 0x0, 0x2f,
    0xff, 0xf0, 0x5f, 0xff, 0xe0, 0x0, 0x0, 0x0,
    0x6f, 0xff, 0xd0, 0x1f, 0xff, 0xf4, 0x0, 0x0,
    0x0, 0xdf, 0xff, 0x80, 0xa, 0xff, 0xfe, 0x20,
    0x0, 0x8, 0xff, 0xff, 0x20, 0x1, 0xff, 0xff,
    0xf8, 0x67, 0xcf, 0xff, 0xf8, 0x0, 0x0, 0x5f,
    0xff, 0xff, 0xff, 0xff, 0xff, 0xc0, 0x0, 0x0,
    0x3, 0xef, 0xff, 0xff, 0xff, 0xf9, 0x0, 0x0,
    0x0, 0x0, 0x6, 0xbe, 0xff, 0xd9, 0x30, 0x0,
    0x0,

    /* U+03CD "ύ" */
    0x0, 0x0, 0x0, 0xf, 0xff, 0xa0, 0x0, 0x0,
    0x0, 0x0, 0x0, 0x2f, 0xff, 0x40, 0x0, 0x0,
    0x0, 0x0, 0x0, 0x3f, 0xfe, 0x0, 0x0, 0x0,
    0x0, 0x0, 0x0, 0x5f, 0xf8, 0x0, 0x0, 0x0,
    0x0, 0x0, 0x0, 0x6e, 0xe2, 0x0, 0x0, 0x0,
    0x0, 0x0, 0x0, 0x0, 0x0, 0x0, 0x0, 0x0,
    0x0, 0x0, 0x0, 0x0, 0x0, 0x0, 0x0, 0x0,
    0xdf, 0xff, 0x30, 0x0, 0x0, 0xa, 0xff, 0xf6,
    0xdf, 0xff, 0x30, 0x0, 0x0, 0xa, 0xff, 0xf6,
    0xdf, 0xff, 0x30, 0x0, 0x0, 0xa, 0xff, 0xf6,
    0xdf, 0xff, 0x30, 0x0, 0x0, 0xa, 0xff, 0xf6,
    0xdf, 0xff, 0x30, 0x0, 0x0, 0xa, 0xff, 0xf6,
    0xdf, 0xff, 0x30, 0x0, 0x0, 0xa, 0xff, 0xf6,
    0xdf, 0xff, 0x30, 0x0, 0x0, 0xa, 0xff, 0xf6,
    0xdf, 0xff, 0x30, 0x0, 0x0, 0xa, 0xff, 0xf6,
    0xdf, 0xff, 0x30, 0x0, 0x0, 0xa, 0xff, 0xf6,
    0xdf, 0xff, 0x30, 0x0, 0x0, 0xa, 0xff, 0xf6,
    0xdf, 0xff, 0x30, 0x0, 0x0, 0xa, 0xff, 0xf6,
    0xcf, 0xff, 0x50, 0x0, 0x0, 0xc, 0xff, 0xf5,
    0xbf, 0xff, 0x90, 0x0, 0x0, 0x1f, 0xff, 0xf4,
    0x6f, 0xff, 0xf4, 0x0, 0x0, 0xaf, 0xff, 0xf0,
    0x1f, 0xff, 0xff, 0xc9, 0xae, 0xff, 0xff, 0x90,
    0x5, 0xff, 0xff, 0xff, 0xff, 0xff, 0xfd, 0x10,
    0x0, 0x5f, 0xff, 0xff, 0xff, 0xff, 0xc1, 0x0,
    0x0, 0x1, 0x7b, 0xef, 0xfd, 0xa4, 0x0, 0x0,

    /* U+03CE "ώ" */
    0x0, 0x0, 0x0, 0x0, 0x0, 0x9, 0xff, 0xf1,
    0x0, 0x0, 0x0, 0x0, 0x0, 0x0, 0x0, 0x0,
    0x0, 0xb, 0xff, 0xb0, 0x0, 0x0, 0x0, 0x0,
    0x0, 0x0, 0x0, 0x0, 0x0, 0xd, 0xff, 0x50,
    0x0, 0x0, 0x0, 0x0, 0x0, 0x0, 0x0, 0x0,
    0x0, 0xe, 0xfe, 0x0, 0x0, 0x0, 0x0, 0x0,
    0x0, 0x0, 0x0, 0x0, 0x0, 0xd, 0xe8, 0x0,
    0x0, 0x0, 0x0, 0x0, 0x0, 0x0, 0x0, 0x0,
    0x0, 0x0, 0x0, 0x0, 0x0, 0x0, 0x0, 0x0,
    0x0, 0x0, 0x0, 0x0, 0x0, 0x0, 0x0, 0x0,
    0x0, 0x0, 0x0, 0x0, 0x0, 0x4, 0xff, 0xfe,
    0x10, 0x0, 0x0, 0x0, 0xaf, 0xff, 0xa0, 0x0,
    0x0, 0x1f, 0xff, 0xf5, 0x0, 0x0, 0x0, 0x0,
    0xd, 0xff, 0xf6, 0x0, 0x0, 0xaf, 0xff, 0x90,
    0x0, 0x0, 0x0, 0x0, 0x3, 0xff, 0xff, 0x10,
    0x3, 0xff, 0xfe, 0x10, 0x0, 0x0, 0x0, 0x0,
    0x0, 0xaf, 0xff, 0x90, 0x9, 0xff, 0xf8, 0x0,
    0x0, 0x0, 0x0, 0x0, 0x0, 0x2f, 0xff, 0xf0,
    0xf, 0xff, 0xf1, 0x0, 0x0, 0x0, 0x0, 0x0,
    0x0, 0xc, 0xff, 0xf5, 0x3f, 0xff, 0xd0, 0x0,
    0x0, 0x7b, 0xbb, 0x0, 0x0, 0x7, 0xff, 0xf9,
    0x6f, 0xff, 0x90, 0x0, 0x0, 0xbf, 0xff, 0x10,
    0x0, 0x4, 0xff, 0xfc, 0x8f, 0xff, 0x80, 0x0,
    0x0, 0xbf, 0xff, 0x10, 0x0, 0x2, 0xff, 0xfe,
    0x9f, 0xff, 0x70, 0x0, 0x0, 0xbf, 0xff, 0x10,
    0x0, 0x1, 0xff, 0xff, 0x8f, 0xff, 0x70, 0x0,
    0x0, 0xbf, 0xff, 0x10, 0x0, 0x1, 0xff, 0xfe,
    0x7f, 0xff, 0x90, 0x0, 0x0, 0xcf, 0xff, 0x20,
    0x0, 0x3, 0xff, 0xfd, 0x4f, 0xff, 0xd0, 0x0,
    0x0, 0xff, 0xff, 0x50, 0x0, 0x7, 0xff, 0xfa,
    0xf, 0xff, 0xf5, 0x0, 0x6, 0xff, 0xff, 0xb0,
    0x0, 0x1e, 0xff, 0xf5, 0x9, 0xff, 0xff, 0x85,
    0x8f, 0xfd, 0x8f, 0xfb, 0x56, 0xdf, 0xff, 0xe0,
    0x0, 0xef, 0xff, 0xff, 0xff, 0xf7, 0x2f, 0xff,
    0xff, 0xff, 0xff, 0x40, 0x0, 0x2d, 0xff, 0xff,
    0xff, 0xb0, 0x7, 0xff, 0xff, 0xff, 0xf5, 0x0,
    0x0, 0x0, 0x6c, 0xef, 0xd8, 0x0, 0x0, 0x5c,
    0xff, 0xd8, 0x20, 0x0,

    /* U+0400 "Ѐ" */
    0x0, 0x5, 0xdd, 0xd6, 0x0, 0x0, 0x0, 0x0,
    0x0, 0x0, 0xcf, 0xfe, 0x0, 0x0, 0x0, 0x0,
    0x0, 0x0, 0x2f, 0xff, 0x50, 0x0, 0x0, 0x0,
    0x0, 0x0, 0x7, 0xff, 0xc0, 0x0, 0x0, 0x0,
    0x0, 0x0, 0x0, 0xcf, 0xf3, 0x0, 0x0, 0x0,
    0x0, 0x0, 0x0, 0x0, 0x0, 0x0, 0x0, 0x0,
    0x0, 0x0, 0x0, 0x0, 0x0, 0x0, 0x0, 0x0,
    0xaf, 0xff, 0xff, 0xff, 0xff, 0xff, 0xff, 0xf7,
    0xaf, 0xff, 0xff, 0xff, 0xff, 0xff, 0xff, 0xf7,
    0xaf, 0xff, 0xff, 0xff, 0xff, 0xff, 0xff, 0xf7,
    0xaf, 0xff, 0xc9, 0x99, 0x99, 0x99, 0x99, 0x94,
    0xaf, 0xff, 0x80, 0x0, 0x0, 0x0, 0x0, 0x0,
    0xaf, 0xff, 0x80, 0x0, 0x0, 0x0, 0x0, 0x0,
    0xaf, 0xff, 0x80, 0x0, 0x0, 0x0, 0x0, 0x0,
    0xaf, 0xff, 0x80, 0x0, 0x0, 0x0, 0x0, 0x0,
    0xaf, 0xff, 0x80, 0x0, 0x0, 0x0, 0x0, 0x0,
    0xaf, 0xff, 0x80, 0x0, 0x0, 0x0, 0x0, 0x0,
    0xaf, 0xff, 0xc8, 0x88, 0x88, 0x88, 0x88, 0x50,
    0xaf, 0xff, 0xff, 0xff, 0xff, 0xff, 0xff, 0xa0,
    0xaf, 0xff, 0xff, 0xff, 0xff, 0xff, 0xff, 0xa0,
    0xaf, 0xff, 0xff, 0xff, 0xff, 0xff, 0xff, 0xa0,
    0xaf, 0xff, 0x80, 0x0, 0x0, 0x0, 0x0, 0x0,
    0xaf, 0xff, 0x80, 0x0, 0x0, 0x0, 0x0, 0x0,
    0xaf, 0xff, 0x80, 0x0, 0x0, 0x0, 0x0, 0x0,
    0xaf, 0xff, 0x80, 0x0, 0x0, 0x0, 0x0, 0x0,
    0xaf, 0xff, 0x80, 0x0, 0x0, 0x0, 0x0, 0x0,
    0xaf, 0xff, 0x80, 0x0, 0x0, 0x0, 0x0, 0x0,
    0xaf, 0xff, 0xc9, 0x99, 0x99, 0x99, 0x99, 0x94,
    0xaf, 0xff, 0xff, 0xff, 0xff, 0xff, 0xff, 0xf8,
    0xaf, 0xff, 0xff, 0xff, 0xff, 0xff, 0xff, 0xf8,
    0xaf, 0xff, 0xff, 0xff, 0xff, 0xff, 0xff, 0xf8,

    /* U+0401 "Ё" */
    0x0, 0x1, 0x41, 0x0, 0x0, 0x24, 0x0, 0x0,
    0x0, 0x2e, 0xff, 0x30, 0x5, 0xff, 0xe1, 0x0,
    0x0, 0x8f, 0xff, 0xa0, 0xc, 0xff, 0xf7, 0x0,
    0x0, 0x7f, 0xff, 0x80, 0xa, 0xff, 0xf5, 0x0,
    0x0, 0xa, 0xfb, 0x10, 0x1, 0xcf, 0x90, 0x0,
    0x0, 0x0, 0x0, 0x0, 0x0, 0x0, 0x0, 0x0,
    0x0, 0x0, 0x0, 0x0, 0x0, 0x0, 0x0, 0x0,
    0xaf, 0xff, 0xff, 0xff, 0xff, 0xff, 0xff, 0xf7,
    0xaf, 0xff, 0xff, 0xff, 0xff, 0xff, 0xff, 0xf7,
    0xaf, 0xff, 0xff, 0xff, 0xff, 0xff, 0xff, 0xf7,
    0xaf, 0xff, 0xc9, 0x99, 0x99, 0x99, 0x99, 0x94,
    0xaf, 0xff, 0x80, 0x0, 0x0, 0x0, 0x0, 0x0,
    0xaf, 0xff, 0x80, 0x0, 0x0, 0x0, 0x0, 0x0,
    0xaf, 0xff, 0x80, 0x0, 0x0, 0x0, 0x0, 0x0,
    0xaf, 0xff, 0x80, 0x0, 0x0, 0x0, 0x0, 0x0,
    0xaf, 0xff, 0x80, 0x0, 0x0, 0x0, 0x0, 0x0,
    0xaf, 0xff, 0x80, 0x0, 0x0, 0x0, 0x0, 0x0,
    0xaf, 0xff, 0xc8, 0x88, 0x88, 0x88, 0x88, 0x50,
    0xaf, 0xff, 0xff, 0xff, 0xff, 0xff, 0xff, 0xa0,
    0xaf, 0xff, 0xff, 0xff, 0xff, 0xff, 0xff, 0xa0,
    0xaf, 0xff, 0xff, 0xff, 0xff, 0xff, 0xff, 0xa0,
    0xaf, 0xff, 0x80, 0x0, 0x0, 0x0, 0x0, 0x0,
    0xaf, 0xff, 0x80, 0x0, 0x0, 0x0, 0x0, 0x0,
    0xaf, 0xff, 0x80, 0x0, 0x0, 0x0, 0x0, 0x0,
    0xaf, 0xff, 0x80, 0x0, 0x0, 0x0, 0x0, 0x0,
    0xaf, 0xff, 0x80, 0x0, 0x0, 0x0, 0x0, 0x0,
    0xaf, 0xff, 0x80, 0x0, 0x0, 0x0, 0x0, 0x0,
    0xaf, 0xff, 0xc9, 0x99, 0x99, 0x99, 0x99, 0x94,
    0xaf, 0xff, 0xff, 0xff, 0xff, 0xff, 0xff, 0xf8,
    0xaf, 0xff, 0xff, 0xff, 0xff, 0xff, 0xff, 0xf8,
    0xaf, 0xff, 0xff, 0xff, 0xff, 0xff, 0xff, 0xf8,

    /* U+0402 "Ђ" */
    0xbf, 0xff, 0xff, 0xff, 0xff, 0xff, 0xff, 0xff,
    0xff, 0xd0, 0x0, 0x0, 0xb, 0xff, 0xff, 0xff,
    0xff, 0xff, 0xff, 0xff, 0xff, 0xfd, 0x0, 0x0,
    0x0, 0xbf, 0xff, 0xff, 0xff, 0xff, 0xff, 0xff,
    0xff, 0xff, 0xd0, 0x0, 0x0, 0x6, 0x99, 0x99,
    0x99, 0xcf, 0xff, 0xd9, 0x99, 0x99, 0x97, 0x0,
    0x0, 0x0, 0x0, 0x0, 0x0, 0x8, 0xff, 0xfa,
    0x0, 0x0, 0x0, 0x0, 0x0, 0x0, 0x0, 0x0,
    0x0, 0x0, 0x8f, 0xff, 0xa0, 0x0, 0x0, 0x0,
    0x0, 0x0, 0x0, 0x0, 0x0, 0x0, 0x8, 0xff,
    0xfa, 0x0, 0x0, 0x0, 0x0, 0x0, 0x0, 0x0,
    0x0, 0x0, 0x0, 0x8f, 0xff, 0xa0, 0x0, 0x0,
    0x0, 0x0, 0x0, 0x0, 0x0, 0x0, 0x0, 0x8,
    0xff, 0xfa, 0x0, 0x0, 0x0, 0x0, 0x0, 0x0,
    0x0, 0x0, 0x0, 0x0, 0x8f, 0xff, 0xa0, 0x39,
    0xcd, 0xca, 0x50, 0x0, 0x0, 0x0, 0x0, 0x0,
    0x8, 0xff, 0xfb, 0xaf, 0xff, 0xff, 0xff, 0xe4,
    0x0, 0x0, 0x0, 0x0, 0x0, 0x8f, 0xff, 0xff,
    0xff, 0xff, 0xff, 0xff, 0xf6, 0x0, 0x0, 0x0,
    0x0, 0x8, 0xff, 0xff, 0xff, 0xff, 0xff, 0xff,
    0xff, 0xf4, 0x0, 0x0, 0x0, 0x0, 0x8f, 0xff,
    0xff, 0xb4, 0x0, 0x29, 0xff, 0xff, 0xe0, 0x0,
    0x0, 0x0, 0x8, 0xff, 0xff, 0xa0, 0x0, 0x0,
    0x6, 0xff, 0xff, 0x60, 0x0, 0x0, 0x0, 0x8f,
    0xff, 0xf1, 0x0, 0x0, 0x0, 0xc, 0xff, 0xfa,
    0x0, 0x0, 0x0, 0x8, 0xff, 0xff, 0x0, 0x0,
    0x0, 0x0, 0x7f, 0xff, 0xd0, 0x0, 0x0, 0x0,
    0x8f, 0xff, 0xf0, 0x0, 0x0, 0x0, 0x6, 0xff,
    0xfe, 0x0, 0x0, 0x0, 0x8, 0xff, 0xfa, 0x0,
    0x0, 0x0, 0x0, 0x7f, 0xff, 0xd0, 0x0, 0x0,
    0x0, 0x8f, 0xff, 0xa0, 0x0, 0x0, 0x0, 0xc,
    0xff, 0xfa, 0x0, 0x0, 0x0, 0x8, 0xff, 0xfa,
    0x0, 0x0, 0x0, 0x5, 0xff, 0xff, 0x60, 0x0,
    0x0, 0x0, 0x8f, 0xff, 0xa0, 0x0, 0x0, 0x29,
    0xff, 0xff, 0xe0, 0x0, 0x0, 0x0, 0x8, 0xff,
    0xfa, 0x0, 0x8f, 0xff, 0xff, 0xff, 0xf4, 0x0,
    0x0, 0x0, 0x0, 0x8f, 0xff, 0xa0, 0x8, 0xff,
    0xff, 0xff, 0xf6, 0x0, 0x0, 0x0, 0x0, 0x0,
    0x0, 0x0, 0x0, 0x8f, 0xff, 0xff, 0xd3, 0x0,
    0x0, 0x0, 0x0, 0x0, 0x0, 0x0, 0x0, 0x7,
    0xdc, 0xb8, 0x40, 0x0, 0x0,

    /* U+0403 "Ѓ" */
    0x0, 0x0, 0x0, 0x0, 0x8d, 0xdd, 0x30, 0x0,
    0x0, 0x0, 0x0, 0x1, 0xff, 0xfa, 0x0, 0x0,
    0x0, 0x0, 0x0, 0x7, 0xff, 0xe1, 0x0, 0x0,
    0x0, 0x0, 0x0, 0xe, 0xff, 0x50, 0x0, 0x0,
    0x0, 0x0, 0x0, 0x5f, 0xfa, 0x0, 0x0, 0x0,
    0x0, 0x0, 0x0, 0x0, 0x0, 0x0, 0x0, 0x0,
    0x0, 0x0, 0x0, 0x0, 0x0, 0x0, 0x0, 0x0,
    0xaf, 0xff, 0xff, 0xff, 0xff, 0xff, 0xff, 0xf5,
    0xaf, 0xff, 0xff, 0xff, 0xff, 0xff, 0xff, 0xf5,
    0xaf, 0xff, 0xff, 0xff, 0xff, 0xff, 0xff, 0xf5,
    0xaf, 0xff, 0xc9, 0x99, 0x99, 0x99, 0x99, 0x92,
    0xaf, 0xff, 0x80, 0x0, 0x0, 0x0, 0x0, 0x0,
    0xaf, 0xff, 0x80, 0x0, 0x0, 0x0, 0x0, 0x0,
    0xaf, 0xff, 0x80, 0x0, 0x0, 0x0, 0x0, 0x0,
    0xaf, 0xff, 0x80, 0x0, 0x0, 0x0, 0x0, 0x0,
    0xaf, 0xff, 0x80, 0x0, 0x0, 0x0, 0x0, 0x0,
    0xaf, 0xff, 0x80, 0x0, 0x0, 0x0, 0x0, 0x0,
    0xaf, 0xff, 0x80, 0x0, 0x0, 0x0, 0x0, 0x0,
    0xaf, 0xff, 0x80, 0x0, 0x0, 0x0, 0x0, 0x0,
    0xaf, 0xff, 0x80, 0x0, 0x0, 0x0, 0x0, 0x0,
    0xaf, 0xff, 0x80, 0x0, 0x0, 0x0, 0x0, 0x0,
    0xaf, 0xff, 0x80, 0x0, 0x0, 0x0, 0x0, 0x0,
    0xaf, 0xff, 0x80, 0x0, 0x0, 0x0, 0x0, 0x0,
    0xaf, 0xff, 0x80, 0x0, 0x0, 0x0, 0x0, 0x0,
    0xaf, 0xff, 0x80, 0x0, 0x0, 0x0, 0x0, 0x0,
    0xaf, 0xff, 0x80, 0x0, 0x0, 0x0, 0x0, 0x0,
    0xaf, 0xff, 0x80, 0x0, 0x0, 0x0, 0x0, 0x0,
    0xaf, 0xff, 0x80, 0x0, 0x0, 0x0, 0x0, 0x0,
    0xaf, 0xff, 0x80, 0x0, 0x0, 0x0, 0x0, 0x0,
    0xaf, 0xff, 0x80, 0x0, 0x0, 0x0, 0x0, 0x0,
    0xaf, 0xff, 0x80, 0x0, 0x0, 0x0, 0x0, 0x0,

    /* U+0404 "Є" */
    0x0, 0x0, 0x0, 0x5, 0xad, 0xff, 0xec, 0x72,
    0x0, 0x0, 0x0, 0x0, 0x0, 0x5, 0xef, 0xff,
    0xff, 0xff, 0xff, 0xa1, 0x0, 0x0, 0x0, 0x0,
    0x9f, 0xff, 0xff, 0xff, 0xff, 0xff, 0xff, 0x30,
    0x0, 0x0, 0x9, 0xff, 0xff, 0xff, 0xdd, 0xef,
    0xff, 0xff, 0xe2, 0x0, 0x0, 0x5f, 0xff, 0xfe,
    0x60, 0x0, 0x2, 0x9f, 0xff, 0xfc, 0x0, 0x0,
    0xef, 0xff, 0xd1, 0x0, 0x0, 0x0, 0x6, 0xff,
    0xff, 0x50, 0x6, 0xff, 0xff, 0x20, 0x0, 0x0,
    0x0, 0x0, 0xaf, 0xff, 0xa0, 0xc, 0xff, 0xf9,
    0x0, 0x0, 0x0, 0x0, 0x0, 0x4f, 0xff, 0xe0,
    0xf, 0xff, 0xf4, 0x0, 0x0, 0x0, 0x0, 0x0,
    0x0, 0x0, 0x0, 0x3f, 0xff, 0xf0, 0x0, 0x0,
    0x0, 0x0, 0x0, 0x0, 0x0, 0x0, 0x5f, 0xff,
    0xff, 0xff, 0xff, 0xff, 0xfa, 0x0, 0x0, 0x0,
    0x0, 0x5f, 0xff, 0xff, 0xff, 0xff, 0xff, 0xfa,
    0x0, 0x0, 0x0, 0x0, 0x5f, 0xff, 0xff, 0xff,
    0xff, 0xff, 0xfa, 0x0, 0x0, 0x0, 0x0, 0x5f,
    0xff, 0xf8, 0x88, 0x88, 0x88, 0x85, 0x0, 0x0,
    0x0, 0x0, 0x3f, 0xff, 0xf0, 0x0, 0x0, 0x0,
    0x0, 0x0, 0x0, 0x0, 0x0, 0xf, 0xff, 0xf4,
    0x0, 0x0, 0x0, 0x0, 0x0, 0x2, 0x22, 0x20,
    0xc, 0xff, 0xf9, 0x0, 0x0, 0x0, 0x0, 0x0,
    0x4f, 0xff, 0xe0, 0x6, 0xff, 0xff, 0x20, 0x0,
    0x0, 0x0, 0x0, 0xbf, 0xff, 0xa0, 0x0, 0xef,
    0xff, 0xd1, 0x0, 0x0, 0x0, 0x6, 0xff, 0xff,
    0x40, 0x0, 0x5f, 0xff, 0xfe, 0x60, 0x0, 0x2,
    0x9f, 0xff, 0xfb, 0x0, 0x0, 0x9, 0xff, 0xff,
    0xff, 0xdc, 0xef, 0xff, 0xff, 0xe1, 0x0, 0x0,
    0x0, 0x9f, 0xff, 0xff, 0xff, 0xff, 0xff, 0xfe,
    0x20, 0x0, 0x0, 0x0, 0x5, 0xef, 0xff, 0xff,
    0xff, 0xff, 0xa1, 0x0, 0x0, 0x0, 0x0, 0x0,
    0x5, 0xad, 0xff, 0xec, 0x82, 0x0, 0x0, 0x0,

    /* U+0405 "Ѕ" */
    0x0, 0x0, 0x3, 0x8c, 0xef, 0xed, 0x94, 0x0,
    0x0, 0x0, 0x0, 0x1a, 0xff, 0xff, 0xff, 0xff,
    0xfc, 0x30, 0x0, 0x0, 0x2e, 0xff, 0xff, 0xff,
    0xff, 0xff, 0xff, 0x30, 0x0, 0xd, 0xff, 0xff,
    0xeb, 0xab, 0xef, 0xff, 0xfe, 0x10, 0x6, 0xff,
    0xff, 0x80, 0x0, 0x0, 0x6f, 0xff, 0xf8, 0x0,
    0xbf, 0xff, 0xa0, 0x0, 0x0, 0x0, 0x7f, 0xff,
    0xd0, 0xd, 0xff, 0xf6, 0x0, 0x0, 0x0, 0x1,
    0xbb, 0xbb, 0x0, 0xdf, 0xff, 0x80, 0x0, 0x0,
    0x0, 0x0, 0x0, 0x0, 0xa, 0xff, 0xff, 0x40,
    0x0, 0x0, 0x0, 0x0, 0x0, 0x0, 0x3f, 0xff,
    0xff, 0xb6, 0x10, 0x0, 0x0, 0x0, 0x0, 0x0,
    0x8f, 0xff, 0xff, 0xff, 0xd8, 0x30, 0x0, 0x0,
    0x0, 0x0, 0x6f, 0xff, 0xff, 0xff, 0xff, 0xe7,
    0x0, 0x0, 0x0, 0x0, 0x17, 0xdf, 0xff, 0xff,
    0xff, 0xfd, 0x20, 0x0, 0x0, 0x0, 0x0, 0x26,
    0xaf, 0xff, 0xff, 0xfe, 0x20, 0x0, 0x0, 0x0,
    0x0, 0x0, 0x4, 0xbf, 0xff, 0xfb, 0x0, 0x0,
    0x0, 0x0, 0x0, 0x0, 0x0, 0x6f, 0xff, 0xf1,
    0x24, 0x44, 0x20, 0x0, 0x0, 0x0, 0x0, 0xef,
    0xff, 0x36, 0xff, 0xfb, 0x0, 0x0, 0x0, 0x0,
    0xe, 0xff, 0xf4, 0x4f, 0xff, 0xf3, 0x0, 0x0,
    0x0, 0x4, 0xff, 0xff, 0x20, 0xef, 0xff, 0xe5,
    0x0, 0x0, 0x6, 0xff, 0xff, 0xe0, 0x6, 0xff,
    0xff, 0xfe, 0xba, 0xbe, 0xff, 0xff, 0xf6, 0x0,
    0x9, 0xff, 0xff, 0xff, 0xff, 0xff, 0xff, 0xf8,
    0x0, 0x0, 0x6, 0xff, 0xff, 0xff, 0xff, 0xff,
    0xe6, 0x0, 0x0, 0x0, 0x0, 0x6a, 0xdf, 0xfe,
    0xda, 0x51, 0x0, 0x0,

    /* U+0406 "І" */
    0xaf, 0xff, 0x8a, 0xff, 0xf8, 0xaf, 0xff, 0x8a,
    0xff, 0xf8, 0xaf, 0xff, 0x8a, 0xff, 0xf8, 0xaf,
    0xff, 0x8a, 0xff, 0xf8, 0xaf, 0xff, 0x8a, 0xff,
    0xf8, 0xaf, 0xff, 0x8a, 0xff, 0xf8, 0xaf, 0xff,
    0x8a, 0xff, 0xf8, 0xaf, 0xff, 0x8a, 0xff, 0xf8,
    0xaf, 0xff, 0x8a, 0xff, 0xf8, 0xaf, 0xff, 0x8a,
    0xff, 0xf8, 0xaf, 0xff, 0x8a, 0xff, 0xf8, 0xaf,
    0xff, 0x8a, 0xff, 0xf8,

    /* U+0407 "Ї" */
    0x0, 0x33, 0x0, 0x0, 0x4, 0x30, 0x0, 0x9f,
    0xfa, 0x0, 0xc, 0xff, 0x70, 0x1f, 0xff, 0xf2,
    0x4, 0xff, 0xff, 0x0, 0xff, 0xff, 0x10, 0x2f,
    0xff, 0xd0, 0x5, 0xee, 0x50, 0x0, 0x7e, 0xd3,
    0x0, 0x0, 0x0, 0x0, 0x0, 0x0, 0x0, 0x0,
    0x0, 0x0, 0x0, 0x0, 0x0, 0x0, 0x0, 0xa,
    0xff, 0xf8, 0x0, 0x0, 0x0, 0x0, 0xaf, 0xff,
    0x80, 0x0, 0x0, 0x0, 0xa, 0xff, 0xf8, 0x0,
    0x0, 0x0, 0x0, 0xaf, 0xff, 0x80, 0x0, 0x0,
    0x0, 0xa, 0xff, 0xf8, 0x0, 0x0, 0x0, 0x0,
    0xaf, 0xff, 0x80, 0x0, 0x0, 0x0, 0xa, 0xff,
    0xf8, 0x0, 0x0, 0x0, 0x0, 0xaf, 0xff, 0x80,
    0x0, 0x0, 0x0, 0xa, 0xff, 0xf8, 0x0, 0x0,
    0x0, 0x0, 0xaf, 0xff, 0x80, 0x0, 0x0, 0x0,
    0xa, 0xff, 0xf8, 0x0, 0x0, 0x0, 0x0, 0xaf,
    0xff, 0x80, 0x0, 0x0, 0x0, 0xa, 0xff, 0xf8,
    0x0, 0x0, 0x0, 0x0, 0xaf, 0xff, 0x80, 0x0,
    0x0, 0x0, 0xa, 0xff, 0xf8, 0x0, 0x0, 0x0,
    0x0, 0xaf, 0xff, 0x80, 0x0, 0x0, 0x0, 0xa,
    0xff, 0xf8, 0x0, 0x0, 0x0, 0x0, 0xaf, 0xff,
    0x80, 0x0, 0x0, 0x0, 0xa, 0xff, 0xf8, 0x0,
    0x0, 0x0, 0x0, 0xaf, 0xff, 0x80, 0x0, 0x0,
    0x0, 0xa, 0xff, 0xf8, 0x0, 0x0, 0x0, 0x0,
    0xaf, 0xff, 0x80, 0x0, 0x0, 0x0, 0xa, 0xff,
    0xf8, 0x0, 0x0, 0x0, 0x0, 0xaf, 0xff, 0x80,
    0x0, 0x0,

    /* U+0408 "Ј" */
    0x0, 0x0, 0x0, 0x0, 0x0, 0xe, 0xff, 0xf3,
    0x0, 0x0, 0x0, 0x0, 0x0, 0xe, 0xff, 0xf3,
    0x0, 0x0, 0x0, 0x0, 0x0, 0xe, 0xff, 0xf3,
    0x0, 0x0, 0x0, 0x0, 0x0, 0xe, 0xff, 0xf3,
    0x0, 0x0, 0x0, 0x0, 0x0, 0xe, 0xff, 0xf3,
    0x0, 0x0, 0x0, 0x0, 0x0, 0xe, 0xff, 0xf3,
    0x0, 0x0, 0x0, 0x0, 0x0, 0xe, 0xff, 0xf3,
    0x0, 0x0, 0x0, 0x0, 0x0, 0xe, 0xff, 0xf3,
    0x0, 0x0, 0x0, 0x0, 0x0, 0xe, 0xff, 0xf3,
    0x0, 0x0, 0x0, 0x0, 0x0, 0xe, 0xff, 0xf3,
    0x0, 0x0, 0x0, 0x0, 0x0, 0xe, 0xff, 0xf3,
    0x0, 0x0, 0x0, 0x0, 0x0, 0xe, 0xff, 0xf3,
    0x0, 0x0, 0x0, 0x0, 0x0, 0xe, 0xff, 0xf3,
    0x0, 0x0, 0x0, 0x0, 0x0, 0xe, 0xff, 0xf3,
    0x0, 0x0, 0x0, 0x0, 0x0, 0xe, 0xff, 0xf3,
    0x8a, 0xaa, 0x40, 0x0, 0x0, 0xe, 0xff, 0xf3,
    0xcf, 0xff, 0x60, 0x0, 0x0, 0xe, 0xff, 0xf3,
    0xbf, 0xff, 0x70, 0x0, 0x0, 0xf, 0xff, 0xf2,
    0x9f, 0xff, 0xb0, 0x0, 0x0, 0x4f, 0xff, 0xf0,
    0x5f, 0xff, 0xf5, 0x0, 0x1, 0xcf, 0xff, 0xc0,
    0xe, 0xff, 0xff, 0xb8, 0xae, 0xff, 0xff, 0x50,
    0x4, 0xff, 0xff, 0xff, 0xff, 0xff, 0xfb, 0x0,
    0x0, 0x4e, 0xff, 0xff, 0xff, 0xff, 0xa0, 0x0,
    0x0, 0x0, 0x7b, 0xef, 0xfd, 0x93, 0x0, 0x0,

    /* U+0409 "Љ" */
    0x0, 0x0, 0xa, 0xff, 0xff, 0xff, 0xff, 0xff,
    0xff, 0xff, 0x20, 0x0, 0x0, 0x0, 0x0, 0x0,
    0x0, 0x0, 0x0, 0xc, 0xff, 0xff, 0xff, 0xff,
    0xff, 0xff, 0xff, 0x20, 0x0, 0x0, 0x0, 0x0,
    0x0, 0x0, 0x0, 0x0, 0xd, 0xff, 0xff, 0xff,
    0xff, 0xff, 0xff, 0xff, 0x20, 0x0, 0x0, 0x0,
    0x0, 0x0, 0x0, 0x0, 0x0, 0xe, 0xff, 0xf8,
    0x88, 0x88, 0x88, 0xff, 0xff, 0x20, 0x0, 0x0,
    0x0, 0x0, 0x0, 0x0, 0x0, 0x0, 0xf, 0xff,
    0xf0, 0x0, 0x0, 0x0, 0xff, 0xff, 0x20, 0x0,
    0x0, 0x0, 0x0, 0x0, 0x0, 0x0, 0x0, 0x1f,
    0xff, 0xe0, 0x0, 0x0, 0x0, 0xff, 0xff, 0x20,
    0x0, 0x0, 0x0, 0x0, 0x0, 0x0, 0x0, 0x0,
    0x2f, 0xff, 0xc0, 0x0, 0x0, 0x0, 0xff, 0xff,
    0x20, 0x0, 0x0, 0x0, 0x0, 0x0, 0x0, 0x0,
    0x0, 0x3f, 0xff, 0xb0, 0x0, 0x0, 0x0, 0xff,
    0xff, 0x20, 0x0, 0x0, 0x0, 0x0, 0x0, 0x0,
    0x0, 0x0, 0x5f, 0xff, 0xa0, 0x0, 0x0, 0x0,
    0xff, 0xff, 0x20, 0x0, 0x0, 0x0, 0x0, 0x0,
    0x0, 0x0, 0x0, 0x6f, 0xff, 0x90, 0x0, 0x0,
    0x0, 0xff, 0xff, 0xff, 0xff, 0xfe, 0xda, 0x50,
    0x0, 0x0, 0x0, 0x0, 0x7f, 0xff, 0x70, 0x0,
    0x0, 0x0, 0xff, 0xff, 0xff, 0xff, 0xff, 0xff,
    0xfe, 0x50, 0x0, 0x0, 0x0, 0x8f, 0xff, 0x60,
    0x0, 0x0, 0x0, 0xff, 0xff, 0xff, 0xff, 0xff,
    0xff, 0xff, 0xf7, 0x0, 0x0, 0x0, 0xaf, 0xff,
    0x50, 0x0, 0x0, 0x0, 0xff, 0xff, 0x87, 0x77,
    0x78, 0xbf, 0xff, 0xff, 0x40, 0x0, 0x0, 0xbf,
    0xff, 0x30, 0x0, 0x0, 0x0, 0xff, 0xff, 0x20,
    0x0, 0x0, 0x2, 0xef, 0xff, 0xc0, 0x0, 0x0,
    0xcf, 0xff, 0x20, 0x0, 0x0, 0x0, 0xff, 0xff,
    0x20, 0x0, 0x0, 0x0, 0x3f, 0xff, 0xf1, 0x0,
    0x0, 0xef, 0xff, 0x10, 0x0, 0x0, 0x0, 0xff,
    0xff, 0x20, 0x0, 0x0, 0x0, 0xe, 0xff, 0xf4,
    0x0, 0x0, 0xff, 0xff, 0x0, 0x0, 0x0, 0x0,
    0xff, 0xff, 0x20, 0x0, 0x0, 0x0, 0xd, 0xff,
    0xf4, 0x0, 0x3, 0xff, 0xfc, 0x0, 0x0, 0x0,
    0x0, 0xff, 0xff, 0x20, 0x0, 0x0, 0x0, 0xf,
    0xff, 0xf3, 0x0, 0x7, 0xff, 0xf9, 0x0, 0x0,
    0x0, 0x0, 0xff, 0xff, 0x20, 0x0, 0x0, 0x0,
    0x5f, 0xff, 0xf1, 0x0, 0x1e, 0xff, 0xf4, 0x0,
    0x0, 0x0, 0x0, 0xff, 0xff, 0x20, 0x0, 0x0,
    0x3, 0xef, 0xff, 0xb0, 0x59, 0xef, 0xff, 0xe0,
    0x0, 0x0, 0x0, 0x0, 0xff, 0xff, 0x98, 0x88,
    0x88, 0xcf, 0xff, 0xff, 0x30, 0xbf, 0xff, 0xff,
    0x60, 0x0, 0x0, 0x0, 0x0, 0xff, 0xff, 0xff,
    0xff, 0xff, 0xff, 0xff, 0xf6, 0x0, 0xbf, 0xff,
    0xf9, 0x0, 0x0, 0x0, 0x0, 0x0, 0xff, 0xff,
    0xff, 0xff, 0xff, 0xff, 0xfe, 0x40, 0x0, 0xbf,
    0xda, 0x30, 0x0, 0x0, 0x0, 0x0, 0x0, 0xff,
    0xff, 0xff, 0xff, 0xfe, 0xda, 0x50, 0x0, 0x0,

    /* U+040A "Њ" */
    0xaf, 0xff, 0x60, 0x0, 0x0, 0x0, 0x0, 0xb,
    0xff, 0xf7, 0x0, 0x0, 0x0, 0x0, 0x0, 0x0,
    0xa, 0xff, 0xf6, 0x0, 0x0, 0x0, 0x0, 0x0,
    0xbf, 0xff, 0x70, 0x0, 0x0, 0x0, 0x0, 0x0,
    0x0, 0xaf, 0xff, 0x60, 0x0, 0x0, 0x0, 0x0,
    0xb, 0xff, 0xf7, 0x0, 0x0, 0x0, 0x0, 0x0,
    0x0, 0xa, 0xff, 0xf6, 0x0, 0x0, 0x0, 0x0,
    0x0, 0xbf, 0xff, 0x70, 0x0, 0x0, 0x0, 0x0,
    0x0, 0x0, 0xaf, 0xff, 0x60, 0x0, 0x0, 0x0,
    0x0, 0xb, 0xff, 0xf7, 0x0, 0x0, 0x0, 0x0,
    0x0, 0x0, 0xa, 0xff, 0xf6, 0x0, 0x0, 0x0,
    0x0, 0x0, 0xbf, 0xff, 0x70, 0x0, 0x0, 0x0,
    0x0, 0x0, 0x0, 0xaf, 0xff, 0x60, 0x0, 0x0,
    0x0, 0x0, 0xb, 0xff, 0xf7, 0x0, 0x0, 0x0,
    0x0, 0x0, 0x0, 0xa, 0xff, 0xf6, 0x0, 0x0,
    0x0, 0x0, 0x0, 0xbf, 0xff, 0x70, 0x0, 0x0,
    0x0, 0x0, 0x0, 0x0, 0xaf, 0xff, 0x60, 0x0,
    0x0, 0x0, 0x0, 0xb, 0xff, 0xf7, 0x0, 0x0,
    0x0, 0x0, 0x0, 0x0, 0xa, 0xff, 0xff, 0xff,
    0xff, 0xff, 0xff, 0xff, 0xff, 0xff, 0xff, 0xff,
    0xff, 0xdc, 0x72, 0x0, 0x0, 0xaf, 0xff, 0xff,
    0xff, 0xff, 0xff, 0xff, 0xff, 0xff, 0xff, 0xff,
    0xff, 0xff, 0xff, 0xf8, 0x0, 0xa, 0xff, 0xff,
    0xff, 0xff, 0xff, 0xff, 0xff, 0xff, 0xff, 0xff,
    0xff, 0xff, 0xff, 0xff, 0xfc, 0x0, 0xaf, 0xff,
    0xa6, 0x66, 0x66, 0x66, 0x66, 0x6d, 0xff, 0xfb,
    0x66, 0x66, 0x69, 0xef, 0xff, 0xf9, 0xa, 0xff,
    0xf6, 0x0, 0x0, 0x0, 0x0, 0x0, 0xbf, 0xff,
    0x70, 0x0, 0x0, 0x0, 0xaf, 0xff, 0xf1, 0xaf,
    0xff, 0x60, 0x0, 0x0, 0x0, 0x0, 0xb, 0xff,
    0xf7, 0x0, 0x0, 0x0, 0x0, 0xef, 0xff, 0x6a,
    0xff, 0xf6, 0x0, 0x0, 0x0, 0x0, 0x0, 0xbf,
    0xff, 0x70, 0x0, 0x0, 0x0, 0x9, 0xff, 0xf9,
    0xaf, 0xff, 0x60, 0x0, 0x0, 0x0, 0x0, 0xb,
    0xff, 0xf7, 0x0, 0x0, 0x0, 0x0, 0x8f, 0xff,
    0x9a, 0xff, 0xf6, 0x0, 0x0, 0x0, 0x0, 0x0,
    0xbf, 0xff, 0x70, 0x0, 0x0, 0x0, 0xa, 0xff,
    0xf8, 0xaf, 0xff, 0x60, 0x0, 0x0, 0x0, 0x0,
    0xb, 0xff, 0xf7, 0x0, 0x0, 0x0, 0x1, 0xff,
    0xff, 0x6a, 0xff, 0xf6, 0x0, 0x0, 0x0, 0x0,
    0x0, 0xbf, 0xff, 0x70, 0x0, 0x0, 0x1, 0xcf,
    0xff, 0xf1, 0xaf, 0xff, 0x60, 0x0, 0x0, 0x0,
    0x0, 0xb, 0xff, 0xfb, 0x88, 0x88, 0x8a, 0xff,
    0xff, 0xf8, 0xa, 0xff, 0xf6, 0x0, 0x0, 0x0,
    0x0, 0x0, 0xbf, 0xff, 0xff, 0xff, 0xff, 0xff,
    0xff, 0xfb, 0x0, 0xaf, 0xff, 0x60, 0x0, 0x0,
    0x0, 0x0, 0xb, 0xff, 0xff, 0xff, 0xff, 0xff,
    0xff, 0xf8, 0x0, 0xa, 0xff, 0xf6, 0x0, 0x0,
    0x0, 0x0, 0x0, 0xbf, 0xff, 0xff, 0xff, 0xff,
    0xdc, 0x71, 0x0, 0x0,

    /* U+040B "Ћ" */
    0xbf, 0xff, 0xff, 0xff, 0xff, 0xff, 0xff, 0xff,
    0xff, 0xfb, 0x0, 0x0, 0x0, 0xbf, 0xff, 0xff,
    0xff, 0xff, 0xff, 0xff, 0xff, 0xff, 0xfb, 0x0,
    0x0, 0x0, 0xbf, 0xff, 0xff, 0xff, 0xff, 0xff,
    0xff, 0xff, 0xff, 0xfb, 0x0, 0x0, 0x0, 0x69,
    0x99, 0x99, 0x9c, 0xff, 0xfd, 0x99, 0x99, 0x99,
    0x96, 0x0, 0x0, 0x0, 0x0, 0x0, 0x0, 0x8,
    0xff, 0xfa, 0x0, 0x0, 0x0, 0x0, 0x0, 0x0,
    0x0, 0x0, 0x0, 0x0, 0x8, 0xff, 0xfa, 0x0,
    0x0, 0x0, 0x0, 0x0, 0x0, 0x0, 0x0, 0x0,
    0x0, 0x8, 0xff, 0xfa, 0x0, 0x0, 0x0, 0x0,
    0x0, 0x0, 0x0, 0x0, 0x0, 0x0, 0x8, 0xff,
    0xfa, 0x0, 0x0, 0x0, 0x0, 0x0, 0x0, 0x0,
    0x0, 0x0, 0x0, 0x8, 0xff, 0xfa, 0x0, 0x0,
    0x0, 0x0, 0x0, 0x0, 0x0, 0x0, 0x0, 0x0,
    0x8, 0xff, 0xfa, 0x0, 0x36, 0x88, 0x75, 0x20,
    0x0, 0x0, 0x0, 0x0, 0x0, 0x8, 0xff, 0xfa,
    0x6d, 0xff, 0xff, 0xff, 0xfb, 0x30, 0x0, 0x0,
    0x0, 0x0, 0x8, 0xff, 0xff, 0xff, 0xff, 0xff,
    0xff, 0xff, 0xf6, 0x0, 0x0, 0x0, 0x0, 0x8,
    0xff, 0xff, 0xff, 0xff, 0xff, 0xff, 0xff, 0xff,
    0x30, 0x0, 0x0, 0x0, 0x8, 0xff, 0xff, 0xe8,
    0x31, 0x1, 0x4b, 0xff, 0xff, 0xb0, 0x0, 0x0,
    0x0, 0x8, 0xff, 0xfb, 0x0, 0x0, 0x0, 0x0,
    0xaf, 0xff, 0xf0, 0x0, 0x0, 0x0, 0x8, 0xff,
    0xfa, 0x0, 0x0, 0x0, 0x0, 0x2f, 0xff, 0xf3,
    0x0, 0x0, 0x0, 0x8, 0xff, 0xfa, 0x0, 0x0,
    0x0, 0x0, 0xe, 0xff, 0xf4, 0x0, 0x0, 0x0,
    0x8, 0xff, 0xfa, 0x0, 0x0, 0x0, 0x0, 0xd,
    0xff, 0xf5, 0x0, 0x0, 0x0, 0x8, 0xff, 0xfa,
    0x0, 0x0, 0x0, 0x0, 0xd, 0xff, 0xf5, 0x0,
    0x0, 0x0, 0x8, 0xff, 0xfa, 0x0, 0x0, 0x0,
    0x0, 0xd, 0xff, 0xf5, 0x0, 0x0, 0x0, 0x8,
    0xff, 0xfa, 0x0, 0x0, 0x0, 0x0, 0xd, 0xff,
    0xf5, 0x0, 0x0, 0x0, 0x8, 0xff, 0xfa, 0x0,
    0x0, 0x0, 0x0, 0xd, 0xff, 0xf5, 0x0, 0x0,
    0x0, 0x8, 0xff, 0xfa, 0x0, 0x0, 0x0, 0x0,
    0xd, 0xff, 0xf5, 0x0, 0x0, 0x0, 0x8, 0xff,
    0xfa, 0x0, 0x0, 0x0, 0x0, 0xd, 0xff, 0xf5,

    /* U+040C "Ќ" */
    0x0, 0x0, 0x0, 0x0, 0x9, 0xdd, 0xd2, 0x0,
    0x0, 0x0, 0x0, 0x0, 0x0, 0x0, 0x2f, 0xff,
    0x80, 0x0, 0x0, 0x0, 0x0, 0x0, 0x0, 0x0,
    0x9f, 0xfd, 0x0, 0x0, 0x0, 0x0, 0x0, 0x0,
    0x0, 0x1, 0xff, 0xf3, 0x0, 0x0, 0x0, 0x0,
    0x0, 0x0, 0x0, 0x7, 0xff, 0x90, 0x0, 0x0,
    0x0, 0x0, 0x0, 0x0, 0x0, 0x0, 0x0, 0x0,
    0x0, 0x0, 0x0, 0x0, 0x0, 0x0, 0x0, 0x0,
    0x0, 0x0, 0x0, 0x0, 0x0, 0x0, 0xaf, 0xff,
    0x80, 0x0, 0x0, 0x0, 0x1, 0xef, 0xff, 0xe0,
    0xaf, 0xff, 0x80, 0x0, 0x0, 0x0, 0xb, 0xff,
    0xff, 0x30, 0xaf, 0xff, 0x80, 0x0, 0x0, 0x0,
    0x6f, 0xff, 0xf7, 0x0, 0xaf, 0xff, 0x80, 0x0,
    0x0, 0x2, 0xff, 0xff, 0xc0, 0x0, 0xaf, 0xff,
    0x80, 0x0, 0x0, 0xc, 0xff, 0xfe, 0x10, 0x0,
    0xaf, 0xff, 0x80, 0x0, 0x0, 0x7f, 0xff, 0xf5,
    0x0, 0x0, 0xaf, 0xff, 0x80, 0x0, 0x3, 0xff,
    0xff, 0x90, 0x0, 0x0, 0xaf, 0xff, 0x80, 0x0,
    0xd, 0xff, 0xfd, 0x0, 0x0, 0x0, 0xaf, 0xff,
    0x80, 0x0, 0x9f, 0xff, 0xf3, 0x0, 0x0, 0x0,
    0xaf, 0xff, 0x80, 0x4, 0xff, 0xff, 0x70, 0x0,
    0x0, 0x0, 0xaf, 0xff, 0xff, 0xff, 0xff, 0xfb,
    0x0, 0x0, 0x0, 0x0, 0xaf, 0xff, 0xff, 0xff,
    0xff, 0xf1, 0x0, 0x0, 0x0, 0x0, 0xaf, 0xff,
    0xff, 0xff, 0xff, 0xf7, 0x0, 0x0, 0x0, 0x0,
    0xaf, 0xff, 0xc8, 0x8b, 0xff, 0xff, 0x30, 0x0,
    0x0, 0x0, 0xaf, 0xff, 0x80, 0x0, 0xdf, 0xff,
    0xd0, 0x0, 0x0, 0x0, 0xaf, 0xff, 0x80, 0x0,
    0x3f, 0xff, 0xf9, 0x0, 0x0, 0x0, 0xaf, 0xff,
    0x80, 0x0, 0x8, 0xff, 0xff, 0x50, 0x0, 0x0,
    0xaf, 0xff, 0x80, 0x0, 0x0, 0xcf, 0xff, 0xe1,
    0x0, 0x0, 0xaf, 0xff, 0x80, 0x0, 0x0, 0x2f,
    0xff, 0xfb, 0x0, 0x0, 0xaf, 0xff, 0x80, 0x0,
    0x0, 0x6, 0xff, 0xff, 0x70, 0x0, 0xaf, 0xff,
    0x80, 0x0, 0x0, 0x0, 0xbf, 0xff, 0xf3, 0x0,
    0xaf, 0xff, 0x80, 0x0, 0x0, 0x0, 0x1e, 0xff,
    0xfd, 0x0, 0xaf, 0xff, 0x80, 0x0, 0x0, 0x0,
    0x5, 0xff, 0xff, 0x90, 0xaf, 0xff, 0x80, 0x0,
    0x0, 0x0, 0x0, 0xaf, 0xff, 0xf5,

    /* U+040D "Ѝ" */
    0x0, 0x0, 0x6, 0xdd, 0xd5, 0x0, 0x0, 0x0,
    0x0, 0x0, 0x0, 0x0, 0x0, 0xdf, 0xfd, 0x0,
    0x0, 0x0, 0x0, 0x0, 0x0, 0x0, 0x0, 0x3f,
    0xff, 0x40, 0x0, 0x0, 0x0, 0x0, 0x0, 0x0,
    0x0, 0x8, 0xff, 0xb0, 0x0, 0x0, 0x0, 0x0,
    0x0, 0x0, 0x0, 0x0, 0xdf, 0xf2, 0x0, 0x0,
    0x0, 0x0, 0x0, 0x0, 0x0, 0x0, 0x0, 0x0,
    0x0, 0x0, 0x0, 0x0, 0x0, 0x0, 0x0, 0x0,
    0x0, 0x0, 0x0, 0x0, 0x0, 0x0, 0xaf, 0xff,
    0x90, 0x0, 0x0, 0x0, 0x0, 0x1f, 0xff, 0xff,
    0xaf, 0xff, 0x90, 0x0, 0x0, 0x0, 0x0, 0xaf,
    0xff, 0xff, 0xaf, 0xff, 0x90, 0x0, 0x0, 0x0,
    0x4, 0xff, 0xff, 0xff, 0xaf, 0xff, 0x90, 0x0,
    0x0, 0x0, 0xd, 0xff, 0xff, 0xff, 0xaf, 0xff,
    0x90, 0x0, 0x0, 0x0, 0x8f, 0xff, 0xff, 0xff,
    0xaf, 0xff, 0x90, 0x0, 0x0, 0x2, 0xff, 0xfd,
    0xff, 0xff, 0xaf, 0xff, 0x90, 0x0, 0x0, 0xb,
    0xff, 0xf7, 0xff, 0xff, 0xaf, 0xff, 0x90, 0x0,
    0x0, 0x5f, 0xff, 0xd2, 0xff, 0xff, 0xaf, 0xff,
    0x90, 0x0, 0x0, 0xef, 0xff, 0x52, 0xff, 0xff,
    0xaf, 0xff, 0x90, 0x0, 0x8, 0xff, 0xfc, 0x3,
    0xff, 0xff, 0xaf, 0xff, 0x90, 0x0, 0x2f, 0xff,
    0xf4, 0x4, 0xff, 0xff, 0xaf, 0xff, 0x90, 0x0,
    0xcf, 0xff, 0xa0, 0x4, 0xff, 0xff, 0xaf, 0xff,
    0x90, 0x6, 0xff, 0xff, 0x20, 0x4, 0xff, 0xff,
    0xaf, 0xff, 0x90, 0xe, 0xff, 0xf7, 0x0, 0x4,
    0xff, 0xff, 0xaf, 0xff, 0x80, 0x8f, 0xff, 0xd0,
    0x0, 0x4, 0xff, 0xff, 0xaf, 0xff, 0x82, 0xff,
    0xff, 0x40, 0x0, 0x4, 0xff, 0xff, 0xaf, 0xff,
    0x79, 0xff, 0xfa, 0x0, 0x0, 0x4, 0xff, 0xff,
    0xaf, 0xff, 0x8f, 0xff, 0xf1, 0x0, 0x0, 0x4,
    0xff, 0xff, 0xaf, 0xff, 0xdf, 0xff, 0x60, 0x0,
    0x0, 0x4, 0xff, 0xff, 0xaf, 0xff, 0xff, 0xfc,
    0x0, 0x0, 0x0, 0x4, 0xff, 0xff, 0xaf, 0xff,
    0xff, 0xf3, 0x0, 0x0, 0x0, 0x4, 0xff, 0xff,
    0xaf, 0xff, 0xff, 0x90, 0x0, 0x0, 0x0, 0x4,
    0xff, 0xff, 0xaf, 0xff, 0xfe, 0x10, 0x0, 0x0,
    0x0, 0x4, 0xff, 0xff, 0xaf, 0xff, 0xf6, 0x0,
    0x0, 0x0, 0x0, 0x4, 0xff, 0xff,

    /* U+040E "Ў" */
    0x0, 0x0, 0x4, 0xff, 0x40, 0x0, 0xb, 0xfc,
    0x0, 0x0, 0x0, 0x0, 0x0, 0x1f, 0xfa, 0x0,
    0x3, 0xff, 0x90, 0x0, 0x0, 0x0, 0x0, 0x0,
    0xaf, 0xfc, 0x79, 0xff, 0xf2, 0x0, 0x0, 0x0,
    0x0, 0x0, 0x0, 0xcf, 0xff, 0xff, 0xf6, 0x0,
    0x0, 0x0, 0x0, 0x0, 0x0, 0x0, 0x7d, 0xfe,
    0xa3, 0x0, 0x0, 0x0, 0x0, 0x0, 0x0, 0x0,
    0x0, 0x0, 0x0, 0x0, 0x0, 0x0, 0x0, 0x0,
    0x0, 0x0, 0x0, 0x0, 0x0, 0x0, 0x0, 0x0,
    0x0, 0x0, 0xef, 0xff, 0xc0, 0x0, 0x0, 0x0,
    0x0, 0x1f, 0xff, 0xf8, 0x8, 0xff, 0xff, 0x30,
    0x0, 0x0, 0x0, 0x8, 0xff, 0xff, 0x10, 0x1f,
    0xff, 0xfa, 0x0, 0x0, 0x0, 0x0, 0xef, 0xff,
    0xa0, 0x0, 0x9f, 0xff, 0xf1, 0x0, 0x0, 0x0,
    0x4f, 0xff, 0xf4, 0x0, 0x2, 0xff, 0xff, 0x70,
    0x0, 0x0, 0xa, 0xff, 0xfd, 0x0, 0x0, 0xa,
    0xff, 0xfe, 0x0, 0x0, 0x1, 0xff, 0xff, 0x60,
    0x0, 0x0, 0x3f, 0xff, 0xf5, 0x0, 0x0, 0x7f,
    0xff, 0xf0, 0x0, 0x0, 0x0, 0xbf, 0xff, 0xc0,
    0x0, 0xd, 0xff, 0xf9, 0x0, 0x0, 0x0, 0x4,
    0xff, 0xff, 0x20, 0x2, 0xff, 0xff, 0x20, 0x0,
    0x0, 0x0, 0xc, 0xff, 0xf8, 0x0, 0x8f, 0xff,
    0xb0, 0x0, 0x0, 0x0, 0x0, 0x5f, 0xff, 0xd0,
    0xd, 0xff, 0xf5, 0x0, 0x0, 0x0, 0x0, 0x0,
    0xdf, 0xff, 0x23, 0xff, 0xfe, 0x0, 0x0, 0x0,
    0x0, 0x0, 0x6, 0xff, 0xf6, 0x8f, 0xff, 0x70,
    0x0, 0x0, 0x0, 0x0, 0x0, 0xe, 0xff, 0xbd,
    0xff, 0xf1, 0x0, 0x0, 0x0, 0x0, 0x0, 0x0,
    0x7f, 0xff, 0xff, 0xfa, 0x0, 0x0, 0x0, 0x0,
    0x0, 0x0, 0x1, 0xff, 0xff, 0xff, 0x30, 0x0,
    0x0, 0x0, 0x0, 0x0, 0x0, 0x9, 0xff, 0xff,
    0xd0, 0x0, 0x0, 0x0, 0x0, 0x0, 0x0, 0x0,
    0x1f, 0xff, 0xf6, 0x0, 0x0, 0x0, 0x0, 0x0,
    0x0, 0x0, 0x3, 0xff, 0xfe, 0x0, 0x0, 0x0,
    0x0, 0x0, 0x0, 0x0, 0x1, 0xcf, 0xff, 0x80,
    0x0, 0x0, 0x0, 0x0, 0x0, 0xa, 0xbc, 0xff,
    0xff, 0xf1, 0x0, 0x0, 0x0, 0x0, 0x0, 0x0,
    0xdf, 0xff, 0xff, 0xf6, 0x0, 0x0, 0x0, 0x0,
    0x0, 0x0, 0xd, 0xff, 0xff, 0xf9, 0x0, 0x0,
    0x0, 0x0, 0x0, 0x0, 0x0, 0xdf, 0xfe, 0xb5,
    0x0, 0x0, 0x0, 0x0, 0x0, 0x0,

    /* U+040F "Џ" */
    0xaf, 0xff, 0x80, 0x0, 0x0, 0x0, 0x0, 0x4f,
    0xff, 0xea, 0xff, 0xf8, 0x0, 0x0, 0x0, 0x0,
    0x4, 0xff, 0xfe, 0xaf, 0xff, 0x80, 0x0, 0x0,
    0x0, 0x0, 0x4f, 0xff, 0xea, 0xff, 0xf8, 0x0,
    0x0, 0x0, 0x0, 0x4, 0xff, 0xfe, 0xaf, 0xff,
    0x80, 0x0, 0x0, 0x0, 0x0, 0x4f, 0xff, 0xea,
    0xff, 0xf8, 0x0, 0x0, 0x0, 0x0, 0x4, 0xff,
    0xfe, 0xaf, 0xff, 0x80, 0x0, 0x0, 0x0, 0x0,
    0x4f, 0xff, 0xea, 0xff, 0xf8, 0x0, 0x0, 0x0,
    0x0, 0x4, 0xff, 0xfe, 0xaf, 0xff, 0x80, 0x0,
    0x0, 0x0, 0x0, 0x4f, 0xff, 0xea, 0xff, 0xf8,
    0x0, 0x0, 0x0, 0x0, 0x4, 0xff, 0xfe, 0xaf,
    0xff, 0x80, 0x0, 0x0, 0x0, 0x0, 0x4f, 0xff,
    0xea, 0xff, 0xf8, 0x0, 0x0, 0x0, 0x0, 0x4,
    0xff, 0xfe, 0xaf, 0xff, 0x80, 0x0, 0x0, 0x0,
    0x0, 0x4f, 0xff, 0xea, 0xff, 0xf8, 0x0, 0x0,
    0x0, 0x0, 0x4, 0xff, 0xfe, 0xaf, 0xff, 0x80,
    0x0, 0x0, 0x0, 0x0, 0x4f, 0xff, 0xea, 0xff,
    0xf8, 0x0, 0x0, 0x0, 0x0, 0x4, 0xff, 0xfe,
    0xaf, 0xff, 0x80, 0x0, 0x0, 0x0, 0x0, 0x4f,
    0xff, 0xea, 0xff, 0xf8, 0x0, 0x0, 0x0, 0x0,
    0x4, 0xff, 0xfe, 0xaf, 0xff, 0x80, 0x0, 0x0,
    0x0, 0x0, 0x4f, 0xff, 0xea, 0xff, 0xf8, 0x0,
    0x0, 0x0, 0x0, 0x4, 0xff, 0xfe, 0xaf, 0xff,
    0xc9, 0x99, 0x99, 0x99, 0x99, 0xbf, 0xff, 0xea,
    0xff, 0xff, 0xff, 0xff, 0xff, 0xff, 0xff, 0xff,
    0xfe, 0xaf, 0xff, 0xff, 0xff, 0xff, 0xff, 0xff,
    0xff, 0xff, 0xea, 0xff, 0xff, 0xff, 0xff, 0xff,
    0xff, 0xff, 0xff, 0xfe, 0x0, 0x0, 0x0, 0x7,
    0xff, 0xfa, 0x0, 0x0, 0x0, 0x0, 0x0, 0x0,
    0x0, 0x6f, 0xff, 0xa0, 0x0, 0x0, 0x0, 0x0,
    0x0, 0x0, 0x6, 0xff, 0xfa, 0x0, 0x0, 0x0,
    0x0, 0x0, 0x0, 0x0, 0x6f, 0xff, 0x90, 0x0,
    0x0, 0x0, 0x0, 0x0, 0x0, 0x6, 0xff, 0xf9,
    0x0, 0x0, 0x0, 0x0,

    /* U+0410 "А" */
    0x0, 0x0, 0x0, 0x0, 0x4f, 0xff, 0xff, 0x50,
    0x0, 0x0, 0x0, 0x0, 0x0, 0x0, 0x0, 0x9,
    0xff, 0xff, 0xfb, 0x0, 0x0, 0x0, 0x0, 0x0,
    0x0, 0x0, 0x0, 0xef, 0xff, 0xff, 0xf1, 0x0,
    0x0, 0x0, 0x0, 0x0, 0x0, 0x0, 0x4f, 0xff,
    0xef, 0xff, 0x60, 0x0, 0x0, 0x0, 0x0, 0x0,
    0x0, 0x9, 0xff, 0xf6, 0xff, 0xfc, 0x0, 0x0,
    0x0, 0x0, 0x0, 0x0, 0x0, 0xef, 0xff, 0xe,
    0xff, 0xf1, 0x0, 0x0, 0x0, 0x0, 0x0, 0x0,
    0x4f, 0xff, 0xb0, 0xaf, 0xff, 0x70, 0x0, 0x0,
    0x0, 0x0, 0x0, 0xa, 0xff, 0xf7, 0x6, 0xff,
    0xfc, 0x0, 0x0, 0x0, 0x0, 0x0, 0x0, 0xff,
    0xff, 0x30, 0x1f, 0xff, 0xf2, 0x0, 0x0, 0x0,
    0x0, 0x0, 0x5f, 0xff, 0xe0, 0x0, 0xdf, 0xff,
    0x70, 0x0, 0x0, 0x0, 0x0, 0xa, 0xff, 0xfa,
    0x0, 0x8, 0xff, 0xfd, 0x0, 0x0, 0x0, 0x0,
    0x0, 0xff, 0xff, 0x50, 0x0, 0x3f, 0xff, 0xf2,
    0x0, 0x0, 0x0, 0x0, 0x5f, 0xff, 0xf0, 0x0,
    0x0, 0xef, 0xff, 0x80, 0x0, 0x0, 0x0, 0xa,
    0xff, 0xfb, 0x0, 0x0, 0x8, 0xff, 0xfd, 0x0,
    0x0, 0x0, 0x0, 0xff, 0xff, 0xa6, 0x66, 0x66,
    0x9f, 0xff, 0xf3, 0x0, 0x0, 0x0, 0x5f, 0xff,
    0xff, 0xff, 0xff, 0xff, 0xff, 0xff, 0x90, 0x0,
    0x0, 0xa, 0xff, 0xff, 0xff, 0xff, 0xff, 0xff,
    0xff, 0xfe, 0x0, 0x0, 0x0, 0xff, 0xff, 0xff,
    0xff, 0xff, 0xff, 0xff, 0xff, 0xf4, 0x0, 0x0,
    0x5f, 0xff, 0xf1, 0x0, 0x0, 0x0, 0x0, 0xef,
    0xff, 0x90, 0x0, 0xb, 0xff, 0xfc, 0x0, 0x0,
    0x0, 0x0, 0x8, 0xff, 0xfe, 0x0, 0x0, 0xff,
    0xff, 0x70, 0x0, 0x0, 0x0, 0x0, 0x3f, 0xff,
    0xf4, 0x0, 0x6f, 0xff, 0xf2, 0x0, 0x0, 0x0,
    0x0, 0x0, 0xef, 0xff, 0xa0, 0xb, 0xff, 0xfd,
    0x0, 0x0, 0x0, 0x0, 0x0, 0x8, 0xff, 0xff,
    0x1, 0xff, 0xff, 0x80, 0x0, 0x0, 0x0, 0x0,
    0x0, 0x3f, 0xff, 0xf5,

    /* U+0411 "Б" */
    0xaf, 0xff, 0xff, 0xff, 0xff, 0xff, 0xff, 0xf3,
    0x0, 0xaf, 0xff, 0xff, 0xff, 0xff, 0xff, 0xff,
    0xf3, 0x0, 0xaf, 0xff, 0xff, 0xff, 0xff, 0xff,
    0xff, 0xf3, 0x0, 0xaf, 0xff, 0xc8, 0x88, 0x88,
    0x88, 0x88, 0x81, 0x0, 0xaf, 0xff, 0x80, 0x0,
    0x0, 0x0, 0x0, 0x0, 0x0, 0xaf, 0xff, 0x80,
    0x0, 0x0, 0x0, 0x0, 0x0, 0x0, 0xaf, 0xff,
    0x80, 0x0, 0x0, 0x0, 0x0, 0x0, 0x0, 0xaf,
    0xff, 0x80, 0x0, 0x0, 0x0, 0x0, 0x0, 0x0,
    0xaf, 0xff, 0x80, 0x0, 0x0, 0x0, 0x0, 0x0,
    0x0, 0xaf, 0xff, 0x80, 0x0, 0x0, 0x0, 0x0,
    0x0, 0x0, 0xaf, 0xff, 0xff, 0xff, 0xff, 0xfd,
    0x93, 0x0, 0x0, 0xaf, 0xff, 0xff, 0xff, 0xff,
    0xff, 0xff, 0xb1, 0x0, 0xaf, 0xff, 0xff, 0xff,
    0xff, 0xff, 0xff, 0xfc, 0x0, 0xaf, 0xff, 0x93,
    0x33, 0x34, 0x6d, 0xff, 0xff, 0x80, 0xaf, 0xff,
    0x80, 0x0, 0x0, 0x0, 0x9f, 0xff, 0xe0, 0xaf,
    0xff, 0x80, 0x0, 0x0, 0x0, 0xf, 0xff, 0xf2,
    0xaf, 0xff, 0x80, 0x0, 0x0, 0x0, 0xc, 0xff,
    0xf3, 0xaf, 0xff, 0x80, 0x0, 0x0, 0x0, 0xd,
    0xff, 0xf3, 0xaf, 0xff, 0x80, 0x0, 0x0, 0x0,
    0x2f, 0xff, 0xf1, 0xaf, 0xff, 0x80, 0x0, 0x0,
    0x1, 0xcf, 0xff, 0xc0, 0xaf, 0xff, 0xb7, 0x77,
    0x77, 0xaf, 0xff, 0xff, 0x50, 0xaf, 0xff, 0xff,
    0xff, 0xff, 0xff, 0xff, 0xfa, 0x0, 0xaf, 0xff,
    0xff, 0xff, 0xff, 0xff, 0xff, 0x90, 0x0, 0xaf,
    0xff, 0xff, 0xff, 0xff, 0xfd, 0x92, 0x0, 0x0,

    /* U+0412 "В" */
    0xaf, 0xff, 0xff, 0xff, 0xff, 0xec, 0x72, 0x0,
    0x0, 0xaf, 0xff, 0xff, 0xff, 0xff, 0xff, 0xff,
    0x80, 0x0, 0xaf, 0xff, 0xff, 0xff, 0xff, 0xff,
    0xff, 0xf8, 0x0, 0xaf, 0xff, 0xc8, 0x88, 0x8a,
    0xdf, 0xff, 0xff, 0x20, 0xaf, 0xff, 0x80, 0x0,
    0x0, 0x6, 0xff, 0xff, 0x80, 0xaf, 0xff, 0x80,
    0x0, 0x0, 0x0, 0xaf, 0xff, 0xa0, 0xaf, 0xff,
    0x80, 0x0, 0x0, 0x0, 0x7f, 0xff, 0xb0, 0xaf,
    0xff, 0x80, 0x0, 0x0, 0x0, 0x8f, 0xff, 0x90,
    0xaf, 0xff, 0x80, 0x0, 0x0, 0x1, 0xef, 0xff,
    0x30, 0xaf, 0xff, 0x80, 0x0, 0x1, 0x5e, 0xff,
    0xf7, 0x0, 0xaf, 0xff, 0xff, 0xff, 0xff, 0xff,
    0xfc, 0x40, 0x0, 0xaf, 0xff, 0xff, 0xff, 0xff,
    0xff, 0xe8, 0x20, 0x0, 0xaf, 0xff, 0xff, 0xff,
    0xff, 0xff, 0xff, 0xf8, 0x0, 0xaf, 0xff, 0x81,
    0x11, 0x11, 0x3a, 0xff, 0xff, 0x70, 0xaf, 0xff,
    0x80, 0x0, 0x0, 0x0, 0x7f, 0xff, 0xf1, 0xaf,
    0xff, 0x80, 0x0, 0x0, 0x0, 0xd, 0xff, 0xf6,
    0xaf, 0xff, 0x80, 0x0, 0x0, 0x0, 0x9, 0xff,
    0xf9, 0xaf, 0xff, 0x80, 0x0, 0x0, 0x0, 0x9,
    0xff, 0xfa, 0xaf, 0xff, 0x80, 0x0, 0x0, 0x0,
    0xe, 0xff, 0xf8, 0xaf, 0xff, 0x80, 0x0, 0x0,
    0x0, 0xaf, 0xff, 0xf4, 0xaf, 0xff, 0xc8, 0x88,
    0x89, 0xae, 0xff, 0xff, 0xd0, 0xaf, 0xff, 0xff,
    0xff, 0xff, 0xff, 0xff, 0xff, 0x30, 0xaf, 0xff,
    0xff, 0xff, 0xff, 0xff, 0xff, 0xd3, 0x0, 0xaf,
    0xff, 0xff, 0xff, 0xff, 0xed, 0xa5, 0x0, 0x0,

    /* U+0413 "Г" */
    0xaf, 0xff, 0xff, 0xff, 0xff, 0xff, 0xff, 0xf5,
    0xaf, 0xff, 0xff, 0xff, 0xff, 0xff, 0xff, 0xf5,
    0xaf, 0xff, 0xff, 0xff, 0xff, 0xff, 0xff, 0xf5,
    0xaf, 0xff, 0xc9, 0x99, 0x99, 0x99, 0x99, 0x92,
    0xaf, 0xff, 0x80, 0x0, 0x0, 0x0, 0x0, 0x0,
    0xaf, 0xff, 0x80, 0x0, 0x0, 0x0, 0x0, 0x0,
    0xaf, 0xff, 0x80, 0x0, 0x0, 0x0, 0x0, 0x0,
    0xaf, 0xff, 0x80, 0x0, 0x0, 0x0, 0x0, 0x0,
    0xaf, 0xff, 0x80, 0x0, 0x0, 0x0, 0x0, 0x0,
    0xaf, 0xff, 0x80, 0x0, 0x0, 0x0, 0x0, 0x0,
    0xaf, 0xff, 0x80, 0x0, 0x0, 0x0, 0x0, 0x0,
    0xaf, 0xff, 0x80, 0x0, 0x0, 0x0, 0x0, 0x0,
    0xaf, 0xff, 0x80, 0x0, 0x0, 0x0, 0x0, 0x0,
    0xaf, 0xff, 0x80, 0x0, 0x0, 0x0, 0x0, 0x0,
    0xaf, 0xff, 0x80, 0x0, 0x0, 0x0, 0x0, 0x0,
    0xaf, 0xff, 0x80, 0x0, 0x0, 0x0, 0x0, 0x0,
    0xaf, 0xff, 0x80, 0x0, 0x0, 0x0, 0x0, 0x0,
    0xaf, 0xff, 0x80, 0x0, 0x0, 0x0, 0x0, 0x0,
    0xaf, 0xff, 0x80, 0x0, 0x0, 0x0, 0x0, 0x0,
    0xaf, 0xff, 0x80, 0x0, 0x0, 0x0, 0x0, 0x0,
    0xaf, 0xff, 0x80, 0x0, 0x0, 0x0, 0x0, 0x0,
    0xaf, 0xff, 0x80, 0x0, 0x0, 0x0, 0x0, 0x0,
    0xaf, 0xff, 0x80, 0x0, 0x0, 0x0, 0x0, 0x0,
    0xaf, 0xff, 0x80, 0x0, 0x0, 0x0, 0x0, 0x0,

    /* U+0414 "Д" */
    0x0, 0x0, 0x0, 0x9f, 0xff, 0xff, 0xff, 0xff,
    0xff, 0xff, 0xff, 0x20, 0x0, 0x0, 0x0, 0xa,
    0xff, 0xff, 0xff, 0xff, 0xff, 0xff, 0xff, 0xf2,
    0x0, 0x0, 0x0, 0x0, 0xbf, 0xff, 0xff, 0xff,
    0xff, 0xff, 0xff, 0xff, 0x20, 0x0, 0x0, 0x0,
    0xc, 0xff, 0xfb, 0x99, 0x99, 0x99, 0x9f, 0xff,
    0xf2, 0x0, 0x0, 0x0, 0x0, 0xef, 0xff, 0x30,
    0x0, 0x0, 0x0, 0xff, 0xff, 0x20, 0x0, 0x0,
    0x0, 0xf, 0xff, 0xf2, 0x0, 0x0, 0x0, 0xf,
    0xff, 0xf2, 0x0, 0x0, 0x0, 0x0, 0xff, 0xff,
    0x10, 0x0, 0x0, 0x0, 0xff, 0xff, 0x20, 0x0,
    0x0, 0x0, 0x1f, 0xff, 0xf0, 0x0, 0x0, 0x0,
    0xf, 0xff, 0xf2, 0x0, 0x0, 0x0, 0x3, 0xff,
    0xfe, 0x0, 0x0, 0x0, 0x0, 0xff, 0xff, 0x20,
    0x0, 0x0, 0x0, 0x4f, 0xff, 0xd0, 0x0, 0x0,
    0x0, 0xf, 0xff, 0xf2, 0x0, 0x0, 0x0, 0x5,
    0xff, 0xfb, 0x0, 0x0, 0x0, 0x0, 0xff, 0xff,
    0x20, 0x0, 0x0, 0x0, 0x7f, 0xff, 0xa0, 0x0,
    0x0, 0x0, 0xf, 0xff, 0xf2, 0x0, 0x0, 0x0,
    0x9, 0xff, 0xf8, 0x0, 0x0, 0x0, 0x0, 0xff,
    0xff, 0x20, 0x0, 0x0, 0x0, 0xbf, 0xff, 0x60,
    0x0, 0x0, 0x0, 0xf, 0xff, 0xf2, 0x0, 0x0,
    0x0, 0xd, 0xff, 0xf3, 0x0, 0x0, 0x0, 0x0,
    0xff, 0xff, 0x20, 0x0, 0x0, 0x1, 0xff, 0xff,
    0x0, 0x0, 0x0, 0x0, 0xf, 0xff, 0xf2, 0x0,
    0x0, 0x0, 0x5f, 0xff, 0xd0, 0x0, 0x0, 0x0,
    0x0, 0xff, 0xff, 0x20, 0x0, 0x0, 0xa, 0xff,
    0xf8, 0x0, 0x0, 0x0, 0x0, 0xf, 0xff, 0xf2,
    0x0, 0x0, 0x2, 0xff, 0xff, 0x20, 0x0, 0x0,
    0x0, 0x0, 0xff, 0xff, 0x20, 0x0, 0x0, 0xcf,
    0xff, 0xb0, 0x0, 0x0, 0x0, 0x0, 0xf, 0xff,
    0xf2, 0x0, 0x69, 0xbf, 0xff, 0xfb, 0x99, 0x99,
    0x99, 0x99, 0x99, 0xff, 0xff, 0x99, 0x8b, 0xff,
    0xff, 0xff, 0xff, 0xff, 0xff, 0xff, 0xff, 0xff,
    0xff, 0xff, 0xff, 0xbf, 0xff, 0xff, 0xff, 0xff,
    0xff, 0xff, 0xff, 0xff, 0xff, 0xff, 0xff, 0xfb,
    0xff, 0xff, 0xff, 0xff, 0xff, 0xff, 0xff, 0xff,
    0xff, 0xff, 0xff, 0xff, 0xbf, 0xff, 0x50, 0x0,
    0x0, 0x0, 0x0, 0x0, 0x0, 0x0, 0x1f, 0xff,
    0xfb, 0xff, 0xf5, 0x0, 0x0, 0x0, 0x0, 0x0,
    0x0, 0x0, 0x1, 0xff, 0xff, 0xbf, 0xff, 0x50,
    0x0, 0x0, 0x0, 0x0, 0x0, 0x0, 0x0, 0x1f,
    0xff, 0xfb, 0xff, 0xf5, 0x0, 0x0, 0x0, 0x0,
    0x0, 0x0, 0x0, 0x1, 0xff, 0xff, 0xbf, 0xff,
    0x50, 0x0, 0x0, 0x0, 0x0, 0x0, 0x0, 0x0,
    0x1f, 0xff, 0xf1, 0x11, 0x10, 0x0, 0x0, 0x0,
    0x0, 0x0, 0x0, 0x0, 0x0, 0x11, 0x11,

    /* U+0415 "Е" */
    0xaf, 0xff, 0xff, 0xff, 0xff, 0xff, 0xff, 0xf7,
    0xaf, 0xff, 0xff, 0xff, 0xff, 0xff, 0xff, 0xf7,
    0xaf, 0xff, 0xff, 0xff, 0xff, 0xff, 0xff, 0xf7,
    0xaf, 0xff, 0xc9, 0x99, 0x99, 0x99, 0x99, 0x94,
    0xaf, 0xff, 0x80, 0x0, 0x0, 0x0, 0x0, 0x0,
    0xaf, 0xff, 0x80, 0x0, 0x0, 0x0, 0x0, 0x0,
    0xaf, 0xff, 0x80, 0x0, 0x0, 0x0, 0x0, 0x0,
    0xaf, 0xff, 0x80, 0x0, 0x0, 0x0, 0x0, 0x0,
    0xaf, 0xff, 0x80, 0x0, 0x0, 0x0, 0x0, 0x0,
    0xaf, 0xff, 0x80, 0x0, 0x0, 0x0, 0x0, 0x0,
    0xaf, 0xff, 0xc8, 0x88, 0x88, 0x88, 0x88, 0x50,
    0xaf, 0xff, 0xff, 0xff, 0xff, 0xff, 0xff, 0xa0,
    0xaf, 0xff, 0xff, 0xff, 0xff, 0xff, 0xff, 0xa0,
    0xaf, 0xff, 0xff, 0xff, 0xff, 0xff, 0xff, 0xa0,
    0xaf, 0xff, 0x80, 0x0, 0x0, 0x0, 0x0, 0x0,
    0xaf, 0xff, 0x80, 0x0, 0x0, 0x0, 0x0, 0x0,
    0xaf, 0xff, 0x80, 0x0, 0x0, 0x0, 0x0, 0x0,
    0xaf, 0xff, 0x80, 0x0, 0x0, 0x0, 0x0, 0x0,
    0xaf, 0xff, 0x80, 0x0, 0x0, 0x0, 0x0, 0x0,
    0xaf, 0xff, 0x80, 0x0, 0x0, 0x0, 0x0, 0x0,
    0xaf, 0xff, 0xc9, 0x99, 0x99, 0x99, 0x99, 0x94,
    0xaf, 0xff, 0xff, 0xff, 0xff, 0xff, 0xff, 0xf8,
    0xaf, 0xff, 0xff, 0xff, 0xff, 0xff, 0xff, 0xf8,
    0xaf, 0xff, 0xff, 0xff, 0xff, 0xff, 0xff, 0xf8,

    /* U+0416 "Ж" */
    0x7, 0xff, 0xff, 0x90, 0x0, 0x0, 0x0, 0x9f,
    0xff, 0x90, 0x0, 0x0, 0x0, 0x9f, 0xff, 0xf7,
    0x0, 0xd, 0xff, 0xff, 0x20, 0x0, 0x0, 0x9,
    0xff, 0xf9, 0x0, 0x0, 0x0, 0x2f, 0xff, 0xfd,
    0x0, 0x0, 0x3f, 0xff, 0xfa, 0x0, 0x0, 0x0,
    0x9f, 0xff, 0x90, 0x0, 0x0, 0xa, 0xff, 0xff,
    0x40, 0x0, 0x0, 0xaf, 0xff, 0xf3, 0x0, 0x0,
    0x9, 0xff, 0xf9, 0x0, 0x0, 0x2, 0xff, 0xff,
    0xa0, 0x0, 0x0, 0x1, 0xff, 0xff, 0xb0, 0x0,
    0x0, 0x9f, 0xff, 0x90, 0x0, 0x0, 0xaf, 0xff,
    0xf1, 0x0, 0x0, 0x0, 0x6, 0xff, 0xff, 0x40,
    0x0, 0x9, 0xff, 0xf9, 0x0, 0x0, 0x3f, 0xff,
    0xf7, 0x0, 0x0, 0x0, 0x0, 0xc, 0xff, 0xfc,
    0x0, 0x0, 0x9f, 0xff, 0x90, 0x0, 0xb, 0xff,
    0xfd, 0x0, 0x0, 0x0, 0x0, 0x0, 0x3f, 0xff,
    0xf5, 0x0, 0x9, 0xff, 0xf9, 0x0, 0x3, 0xff,
    0xff, 0x40, 0x0, 0x0, 0x0, 0x0, 0x0, 0x9f,
    0xff, 0xd0, 0x0, 0x9f, 0xff, 0x90, 0x0, 0xcf,
    0xff, 0xa0, 0x0, 0x0, 0x0, 0x0, 0x0, 0x1,
    0xef, 0xff, 0x60, 0x9, 0xff, 0xf9, 0x0, 0x4f,
    0xff, 0xf2, 0x0, 0x0, 0x0, 0x0, 0x0, 0x0,
    0x6, 0xff, 0xfe, 0x99, 0xdf, 0xff, 0xd9, 0x9d,
    0xff, 0xf7, 0x0, 0x0, 0x0, 0x0, 0x0, 0x0,
    0x0, 0xe, 0xff, 0xff, 0xff, 0xff, 0xff, 0xff,
    0xff, 0xff, 0x10, 0x0, 0x0, 0x0, 0x0, 0x0,
    0x0, 0x6, 0xff, 0xff, 0xff, 0xff, 0xff, 0xff,
    0xff, 0xff, 0xf8, 0x0, 0x0, 0x0, 0x0, 0x0,
    0x0, 0x1, 0xef, 0xff, 0xff, 0xff, 0xff, 0xff,
    0xff, 0xff, 0xff, 0xf2, 0x0, 0x0, 0x0, 0x0,
    0x0, 0x0, 0x9f, 0xff, 0xe0, 0x0, 0x9f, 0xff,
    0x90, 0x0, 0xdf, 0xff, 0xb0, 0x0, 0x0, 0x0,
    0x0, 0x0, 0x2f, 0xff, 0xf6, 0x0, 0x9, 0xff,
    0xf9, 0x0, 0x5, 0xff, 0xff, 0x40, 0x0, 0x0,
    0x0, 0x0, 0xc, 0xff, 0xfd, 0x0, 0x0, 0x9f,
    0xff, 0x90, 0x0, 0xc, 0xff, 0xfd, 0x0, 0x0,
    0x0, 0x0, 0x5, 0xff, 0xff, 0x40, 0x0, 0x9,
    0xff, 0xf9, 0x0, 0x0, 0x4f, 0xff, 0xf6, 0x0,
    0x0, 0x0, 0x0, 0xef, 0xff, 0xb0, 0x0, 0x0,
    0x9f, 0xff, 0x90, 0x0, 0x0, 0xbf, 0xff, 0xe1,
    0x0, 0x0, 0x0, 0x8f, 0xff, 0xf3, 0x0, 0x0,
    0x9, 0xff, 0xf9, 0x0, 0x0, 0x2, 0xff, 0xff,
    0x90, 0x0, 0x0, 0x2f, 0xff, 0xfa, 0x0, 0x0,
    0x0, 0x9f, 0xff, 0x90, 0x0, 0x0, 0xa, 0xff,
    0xff, 0x20, 0x0, 0xb, 0xff, 0xff, 0x10, 0x0,
    0x0, 0x9, 0xff, 0xf9, 0x0, 0x0, 0x0, 0x1f,
    0xff, 0xfb, 0x0, 0x4, 0xff, 0xff, 0x80, 0x0,
    0x0, 0x0, 0x9f, 0xff, 0x90, 0x0, 0x0, 0x0,
    0x8f, 0xff, 0xf5, 0x0, 0xdf, 0xff, 0xe0, 0x0,
    0x0, 0x0, 0x9, 0xff, 0xf9, 0x0, 0x0, 0x0,
    0x1, 0xef, 0xff, 0xe0,

    /* U+0417 "З" */
    0x0, 0x0, 0x4, 0x9d, 0xef, 0xdb, 0x61, 0x0,
    0x0, 0x0, 0x2, 0xbf, 0xff, 0xff, 0xff, 0xfe,
    0x50, 0x0, 0x0, 0x2e, 0xff, 0xff, 0xff, 0xff,
    0xff, 0xf5, 0x0, 0x0, 0xef, 0xff, 0xfc, 0x98,
    0xaf, 0xff, 0xff, 0x10, 0x7, 0xff, 0xff, 0x40,
    0x0, 0x2, 0xef, 0xff, 0x80, 0xb, 0xff, 0xf6,
    0x0, 0x0, 0x0, 0x6f, 0xff, 0xc0, 0x7, 0x99,
    0x91, 0x0, 0x0, 0x0, 0x3f, 0xff, 0xe0, 0x0,
    0x0, 0x0, 0x0, 0x0, 0x0, 0x4f, 0xff, 0xc0,
    0x0, 0x0, 0x0, 0x0, 0x0, 0x0, 0xbf, 0xff,
    0x70, 0x0, 0x0, 0x0, 0x0, 0x1, 0x4c, 0xff,
    0xfd, 0x0, 0x0, 0x0, 0x0, 0x5f, 0xff, 0xff,
    0xff, 0xa0, 0x0, 0x0, 0x0, 0x0, 0x5f, 0xff,
    0xff, 0xe5, 0x0, 0x0, 0x0, 0x0, 0x0, 0x5f,
    0xff, 0xff, 0xff, 0xe5, 0x0, 0x0, 0x0, 0x0,
    0x14, 0x45, 0x7d, 0xff, 0xff, 0x70, 0x0, 0x0,
    0x0, 0x0, 0x0, 0x0, 0x9f, 0xff, 0xf2, 0x0,
    0x0, 0x0, 0x0, 0x0, 0x0, 0xd, 0xff, 0xf8,
    0x0, 0x0, 0x0, 0x0, 0x0, 0x0, 0x9, 0xff,
    0xfb, 0x3b, 0xbb, 0xa0, 0x0, 0x0, 0x0, 0x9,
    0xff, 0xfb, 0x2f, 0xff, 0xf3, 0x0, 0x0, 0x0,
    0xe, 0xff, 0xf9, 0xd, 0xff, 0xfe, 0x40, 0x0,
    0x2, 0xcf, 0xff, 0xf4, 0x5, 0xff, 0xff, 0xfd,
    0xa9, 0xcf, 0xff, 0xff, 0xb0, 0x0, 0x7f, 0xff,
    0xff, 0xff, 0xff, 0xff, 0xfc, 0x0, 0x0, 0x5,
    0xef, 0xff, 0xff, 0xff, 0xff, 0x80, 0x0, 0x0,
    0x0, 0x5, 0xad, 0xff, 0xec, 0x72, 0x0, 0x0,

    /* U+0418 "И" */
    0xaf, 0xff, 0x90, 0x0, 0x0, 0x0, 0x0, 0x1f,
    0xff, 0xff, 0xaf, 0xff, 0x90, 0x0, 0x0, 0x0,
    0x0, 0xaf, 0xff, 0xff, 0xaf, 0xff, 0x90, 0x0,
    0x0, 0x0, 0x4, 0xff, 0xff, 0xff, 0xaf, 0xff,
    0x90, 0x0, 0x0, 0x0, 0xd, 0xff, 0xff, 0xff,
    0xaf, 0xff, 0x90, 0x0, 0x0, 0x0, 0x8f, 0xff,
    0xff, 0xff, 0xaf, 0xff, 0x90, 0x0, 0x0, 0x2,
    0xff, 0xfd, 0xff, 0xff, 0xaf, 0xff, 0x90, 0x0,
    0x0, 0xb, 0xff, 0xf7, 0xff, 0xff, 0xaf, 0xff,
    0x90, 0x0, 0x0, 0x5f, 0xff, 0xd2, 0xff, 0xff,
    0xaf, 0xff, 0x90, 0x0, 0x0, 0xef, 0xff, 0x52,
    0xff, 0xff, 0xaf, 0xff, 0x90, 0x0, 0x8, 0xff,
    0xfc, 0x3, 0xff, 0xff, 0xaf, 0xff, 0x90, 0x0,
    0x2f, 0xff, 0xf4, 0x4, 0xff, 0xff, 0xaf, 0xff,
    0x90, 0x0, 0xcf, 0xff, 0xa0, 0x4, 0xff, 0xff,
    0xaf, 0xff, 0x90, 0x6, 0xff, 0xff, 0x20, 0x4,
    0xff, 0xff, 0xaf, 0xff, 0x90, 0xe, 0xff, 0xf7,
    0x0, 0x4, 0xff, 0xff, 0xaf, 0xff, 0x80, 0x8f,
    0xff, 0xd0, 0x0, 0x4, 0xff, 0xff, 0xaf, 0xff,
    0x82, 0xff, 0xff, 0x40, 0x0, 0x4, 0xff, 0xff,
    0xaf, 0xff, 0x79, 0xff, 0xfa, 0x0, 0x0, 0x4,
    0xff, 0xff, 0xaf, 0xff, 0x8f, 0xff, 0xf1, 0x0,
    0x0, 0x4, 0xff, 0xff, 0xaf, 0xff, 0xdf, 0xff,
    0x60, 0x0, 0x0, 0x4, 0xff, 0xff, 0xaf, 0xff,
    0xff, 0xfc, 0x0, 0x0, 0x0, 0x4, 0xff, 0xff,
    0xaf, 0xff, 0xff, 0xf3, 0x0, 0x0, 0x0, 0x4,
    0xff, 0xff, 0xaf, 0xff, 0xff, 0x90, 0x0, 0x0,
    0x0, 0x4, 0xff, 0xff, 0xaf, 0xff, 0xfe, 0x10,
    0x0, 0x0, 0x0, 0x4, 0xff, 0xff, 0xaf, 0xff,
    0xf6, 0x0, 0x0, 0x0, 0x0, 0x4, 0xff, 0xff,

    /* U+0419 "Й" */
    0x0, 0x0, 0x2f, 0xf6, 0x0, 0x0, 0x9f, 0xe0,
    0x0, 0x0, 0x0, 0x0, 0xf, 0xfc, 0x0, 0x1,
    0xef, 0xb0, 0x0, 0x0, 0x0, 0x0, 0x8, 0xff,
    0xd8, 0x8e, 0xff, 0x40, 0x0, 0x0, 0x0, 0x0,
    0x0, 0xbf, 0xff, 0xff, 0xf8, 0x0, 0x0, 0x0,
    0x0, 0x0, 0x0, 0x6, 0xcf, 0xeb, 0x40, 0x0,
    0x0, 0x0, 0x0, 0x0, 0x0, 0x0, 0x0, 0x0,
    0x0, 0x0, 0x0, 0x0, 0x0, 0x0, 0x0, 0x0,
    0x0, 0x0, 0x0, 0x0, 0x0, 0x0, 0xaf, 0xff,
    0x90, 0x0, 0x0, 0x0, 0x0, 0x1f, 0xff, 0xff,
    0xaf, 0xff, 0x90, 0x0, 0x0, 0x0, 0x0, 0xaf,
    0xff, 0xff, 0xaf, 0xff, 0x90, 0x0, 0x0, 0x0,
    0x4, 0xff, 0xff, 0xff, 0xaf, 0xff, 0x90, 0x0,
    0x0, 0x0, 0xd, 0xff, 0xff, 0xff, 0xaf, 0xff,
    0x90, 0x0, 0x0, 0x0, 0x8f, 0xff, 0xff, 0xff,
    0xaf, 0xff, 0x90, 0x0, 0x0, 0x2, 0xff, 0xfd,
    0xff, 0xff, 0xaf, 0xff, 0x90, 0x0, 0x0, 0xb,
    0xff, 0xf7, 0xff, 0xff, 0xaf, 0xff, 0x90, 0x0,
    0x0, 0x5f, 0xff, 0xd2, 0xff, 0xff, 0xaf, 0xff,
    0x90, 0x0, 0x0, 0xef, 0xff, 0x52, 0xff, 0xff,
    0xaf, 0xff, 0x90, 0x0, 0x8, 0xff, 0xfc, 0x3,
    0xff, 0xff, 0xaf, 0xff, 0x90, 0x0, 0x2f, 0xff,
    0xf4, 0x4, 0xff, 0xff, 0xaf, 0xff, 0x90, 0x0,
    0xcf, 0xff, 0xa0, 0x4, 0xff, 0xff, 0xaf, 0xff,
    0x90, 0x6, 0xff, 0xff, 0x20, 0x4, 0xff, 0xff,
    0xaf, 0xff, 0x90, 0xe, 0xff, 0xf7, 0x0, 0x4,
    0xff, 0xff, 0xaf, 0xff, 0x80, 0x8f, 0xff, 0xd0,
    0x0, 0x4, 0xff, 0xff, 0xaf, 0xff, 0x82, 0xff,
    0xff, 0x40, 0x0, 0x4, 0xff, 0xff, 0xaf, 0xff,
    0x79, 0xff, 0xfa, 0x0, 0x0, 0x4, 0xff, 0xff,
    0xaf, 0xff, 0x8f, 0xff, 0xf1, 0x0, 0x0, 0x4,
    0xff, 0xff, 0xaf, 0xff, 0xdf, 0xff, 0x60, 0x0,
    0x0, 0x4, 0xff, 0xff, 0xaf, 0xff, 0xff, 0xfc,
    0x0, 0x0, 0x0, 0x4, 0xff, 0xff, 0xaf, 0xff,
    0xff, 0xf3, 0x0, 0x0, 0x0, 0x4, 0xff, 0xff,
    0xaf, 0xff, 0xff, 0x90, 0x0, 0x0, 0x0, 0x4,
    0xff, 0xff, 0xaf, 0xff, 0xfe, 0x10, 0x0, 0x0,
    0x0, 0x4, 0xff, 0xff, 0xaf, 0xff, 0xf6, 0x0,
    0x0, 0x0, 0x0, 0x4, 0xff, 0xff,

    /* U+041A "К" */
    0xaf, 0xff, 0x80, 0x0, 0x0, 0x0, 0x1, 0xef,
    0xff, 0xe0, 0xaf, 0xff, 0x80, 0x0, 0x0, 0x0,
    0xb, 0xff, 0xff, 0x30, 0xaf, 0xff, 0x80, 0x0,
    0x0, 0x0, 0x6f, 0xff, 0xf7, 0x0, 0xaf, 0xff,
    0x80, 0x0, 0x0, 0x2, 0xff, 0xff, 0xc0, 0x0,
    0xaf, 0xff, 0x80, 0x0, 0x0, 0xc, 0xff, 0xfe,
    0x10, 0x0, 0xaf, 0xff, 0x80, 0x0, 0x0, 0x7f,
    0xff, 0xf5, 0x0, 0x0, 0xaf, 0xff, 0x80, 0x0,
    0x3, 0xff, 0xff, 0x90, 0x0, 0x0, 0xaf, 0xff,
    0x80, 0x0, 0xd, 0xff, 0xfd, 0x0, 0x0, 0x0,
    0xaf, 0xff, 0x80, 0x0, 0x9f, 0xff, 0xf3, 0x0,
    0x0, 0x0, 0xaf, 0xff, 0x80, 0x4, 0xff, 0xff,
    0x70, 0x0, 0x0, 0x0, 0xaf, 0xff, 0xff, 0xff,
    0xff, 0xfb, 0x0, 0x0, 0x0, 0x0, 0xaf, 0xff,
    0xff, 0xff, 0xff, 0xf1, 0x0, 0x0, 0x0, 0x0,
    0xaf, 0xff, 0xff, 0xff, 0xff, 0xf7, 0x0, 0x0,
    0x0, 0x0, 0xaf, 0xff, 0xc8, 0x8b, 0xff, 0xff,
    0x30, 0x0, 0x0, 0x0, 0xaf, 0xff, 0x80, 0x0,
    0xdf, 0xff, 0xd0, 0x0, 0x0, 0x0, 0xaf, 0xff,
    0x80, 0x0, 0x3f, 0xff, 0xf9, 0x0, 0x0, 0x0,
    0xaf, 0xff, 0x80, 0x0, 0x8, 0xff, 0xff, 0x50,
    0x0, 0x0, 0xaf, 0xff, 0x80, 0x0, 0x0, 0xcf,
    0xff, 0xe1, 0x0, 0x0, 0xaf, 0xff, 0x80, 0x0,
    0x0, 0x2f, 0xff, 0xfb, 0x0, 0x0, 0xaf, 0xff,
    0x80, 0x0, 0x0, 0x6, 0xff, 0xff, 0x70, 0x0,
    0xaf, 0xff, 0x80, 0x0, 0x0, 0x0, 0xbf, 0xff,
    0xf3, 0x0, 0xaf, 0xff, 0x80, 0x0, 0x0, 0x0,
    0x1e, 0xff, 0xfd, 0x0, 0xaf, 0xff, 0x80, 0x0,
    0x0, 0x0, 0x5, 0xff, 0xff, 0x90, 0xaf, 0xff,
    0x80, 0x0, 0x0, 0x0, 0x0, 0xaf, 0xff, 0xf5,

    /* U+041B "Л" */
    0x0, 0x0, 0xb, 0xff, 0xff, 0xff, 0xff, 0xff,
    0xff, 0xff, 0xa0, 0x0, 0x0, 0xcf, 0xff, 0xff,
    0xff, 0xff, 0xff, 0xff, 0xfa, 0x0, 0x0, 0xd,
    0xff, 0xff, 0xff, 0xff, 0xff, 0xff, 0xff, 0xa0,
    0x0, 0x0, 0xef, 0xff, 0x99, 0x99, 0x99, 0x9c,
    0xff, 0xfa, 0x0, 0x0, 0xf, 0xff, 0xf1, 0x0,
    0x0, 0x0, 0x8f, 0xff, 0xa0, 0x0, 0x1, 0xff,
    0xff, 0x0, 0x0, 0x0, 0x8, 0xff, 0xfa, 0x0,
    0x0, 0x2f, 0xff, 0xe0, 0x0, 0x0, 0x0, 0x8f,
    0xff, 0xa0, 0x0, 0x4, 0xff, 0xfd, 0x0, 0x0,
    0x0, 0x8, 0xff, 0xfa, 0x0, 0x0, 0x5f, 0xff,
    0xb0, 0x0, 0x0, 0x0, 0x8f, 0xff, 0xa0, 0x0,
    0x6, 0xff, 0xfa, 0x0, 0x0, 0x0, 0x8, 0xff,
    0xfa, 0x0, 0x0, 0x7f, 0xff, 0x90, 0x0, 0x0,
    0x0, 0x8f, 0xff, 0xa0, 0x0, 0x9, 0xff, 0xf7,
    0x0, 0x0, 0x0, 0x8, 0xff, 0xfa, 0x0, 0x0,
    0xaf, 0xff, 0x60, 0x0, 0x0, 0x0, 0x8f, 0xff,
    0xa0, 0x0, 0xb, 0xff, 0xf5, 0x0, 0x0, 0x0,
    0x8, 0xff, 0xfa, 0x0, 0x0, 0xdf, 0xff, 0x30,
    0x0, 0x0, 0x0, 0x8f, 0xff, 0xa0, 0x0, 0xe,
    0xff, 0xf2, 0x0, 0x0, 0x0, 0x8, 0xff, 0xfa,
    0x0, 0x0, 0xff, 0xff, 0x0, 0x0, 0x0, 0x0,
    0x8f, 0xff, 0xa0, 0x0, 0x3f, 0xff, 0xd0, 0x0,
    0x0, 0x0, 0x8, 0xff, 0xfa, 0x0, 0x8, 0xff,
    0xfa, 0x0, 0x0, 0x0, 0x0, 0x8f, 0xff, 0xa0,
    0x1, 0xef, 0xff, 0x50, 0x0, 0x0, 0x0, 0x8,
    0xff, 0xfa, 0x6a, 0xff, 0xff, 0xf0, 0x0, 0x0,
    0x0, 0x0, 0x8f, 0xff, 0xab, 0xff, 0xff, 0xf7,
    0x0, 0x0, 0x0, 0x0, 0x8, 0xff, 0xfa, 0xbf,
    0xff, 0xf9, 0x0, 0x0, 0x0, 0x0, 0x0, 0x8f,
    0xff, 0xab, 0xfd, 0xa4, 0x0, 0x0, 0x0, 0x0,
    0x0, 0x8, 0xff, 0xfa,

    /* U+041C "М" */
    0xaf, 0xff, 0xff, 0xc0, 0x0, 0x0, 0x0, 0x0,
    0x0, 0x4f, 0xff, 0xff, 0xf2, 0xaf, 0xff, 0xff,
    0xf2, 0x0, 0x0, 0x0, 0x0, 0x0, 0xaf, 0xff,
    0xff, 0xf2, 0xaf, 0xff, 0xff, 0xf8, 0x0, 0x0,
    0x0, 0x0, 0x0, 0xff, 0xff, 0xff, 0xf2, 0xaf,
    0xff, 0xff, 0xfd, 0x0, 0x0, 0x0, 0x0, 0x5,
    0xff, 0xff, 0xff, 0xf2, 0xaf, 0xff, 0xef, 0xff,
    0x30, 0x0, 0x0, 0x0, 0xb, 0xff, 0xfe, 0xff,
    0xf2, 0xaf, 0xff, 0x9f, 0xff, 0x90, 0x0, 0x0,
    0x0, 0x1f, 0xff, 0xbe, 0xff, 0xf2, 0xaf, 0xff,
    0x6f, 0xff, 0xe0, 0x0, 0x0, 0x0, 0x6f, 0xff,
    0x7e, 0xff, 0xf2, 0xaf, 0xff, 0x5b, 0xff, 0xf4,
    0x0, 0x0, 0x0, 0xcf, 0xff, 0x2e, 0xff, 0xf2,
    0xaf, 0xff, 0x67, 0xff, 0xfa, 0x0, 0x0, 0x2,
    0xff, 0xfe, 0xf, 0xff, 0xf2, 0xaf, 0xff, 0x62,
    0xff, 0xff, 0x0, 0x0, 0x7, 0xff, 0xf9, 0xf,
    0xff, 0xf2, 0xaf, 0xff, 0x60, 0xdf, 0xff, 0x60,
    0x0, 0xd, 0xff, 0xf4, 0xf, 0xff, 0xf2, 0xaf,
    0xff, 0x60, 0x8f, 0xff, 0xb0, 0x0, 0x3f, 0xff,
    0xe0, 0xf, 0xff, 0xf2, 0xaf, 0xff, 0x70, 0x2f,
    0xff, 0xf1, 0x0, 0x8f, 0xff, 0x90, 0xf, 0xff,
    0xf2, 0xaf, 0xff, 0x70, 0xc, 0xff, 0xf6, 0x0,
    0xdf, 0xff, 0x40, 0xf, 0xff, 0xf2, 0xaf, 0xff,
    0x70, 0x7, 0xff, 0xfa, 0x1, 0xff, 0xfe, 0x0,
    0xf, 0xff, 0xf2, 0xaf, 0xff, 0x70, 0x1, 0xff,
    0xfe, 0x5, 0xff, 0xf8, 0x0, 0xf, 0xff, 0xf2,
    0xaf, 0xff, 0x70, 0x0, 0xbf, 0xff, 0x29, 0xff,
    0xf3, 0x0, 0xf, 0xff, 0xf2, 0xaf, 0xff, 0x70,
    0x0, 0x5f, 0xff, 0x6d, 0xff, 0xd0, 0x0, 0xf,
    0xff, 0xf2, 0xaf, 0xff, 0x70, 0x0, 0xf, 0xff,
    0xbf, 0xff, 0x70, 0x0, 0xf, 0xff, 0xf2, 0xaf,
    0xff, 0x70, 0x0, 0xa, 0xff, 0xff, 0xff, 0x20,
    0x0, 0xf, 0xff, 0xf2, 0xaf, 0xff, 0x70, 0x0,
    0x4, 0xff, 0xff, 0xfc, 0x0, 0x0, 0xf, 0xff,
    0xf2, 0xaf, 0xff, 0x70, 0x0, 0x0, 0xef, 0xff,
    0xf6, 0x0, 0x0, 0xf, 0xff, 0xf2, 0xaf, 0xff,
    0x70, 0x0, 0x0, 0x8f, 0xff, 0xf1, 0x0, 0x0,
    0xf, 0xff, 0xf2, 0xaf, 0xff, 0x70, 0x0, 0x0,
    0x3f, 0xff, 0xb0, 0x0, 0x0, 0xf, 0xff, 0xf2,

    /* U+041D "Н" */
    0xaf, 0xff, 0x80, 0x0, 0x0, 0x0, 0x0, 0xa,
    0xff, 0xf8, 0xaf, 0xff, 0x80, 0x0, 0x0, 0x0,
    0x0, 0xa, 0xff, 0xf8, 0xaf, 0xff, 0x80, 0x0,
    0x0, 0x0, 0x0, 0xa, 0xff, 0xf8, 0xaf, 0xff,
    0x80, 0x0, 0x0, 0x0, 0x0, 0xa, 0xff, 0xf8,
    0xaf, 0xff, 0x80, 0x0, 0x0, 0x0, 0x0, 0xa,
    0xff, 0xf8, 0xaf, 0xff, 0x80, 0x0, 0x0, 0x0,
    0x0, 0xa, 0xff, 0xf8, 0xaf, 0xff, 0x80, 0x0,
    0x0, 0x0, 0x0, 0xa, 0xff, 0xf8, 0xaf, 0xff,
    0x80, 0x0, 0x0, 0x0, 0x0, 0xa, 0xff, 0xf8,
    0xaf, 0xff, 0x80, 0x0, 0x0, 0x0, 0x0, 0xa,
    0xff, 0xf8, 0xaf, 0xff, 0x80, 0x0, 0x0, 0x0,
    0x0, 0xa, 0xff, 0xf8, 0xaf, 0xff, 0xff, 0xff,
    0xff, 0xff, 0xff, 0xff, 0xff, 0xf8, 0xaf, 0xff,
    0xff, 0xff, 0xff, 0xff, 0xff, 0xff, 0xff, 0xf8,
    0xaf, 0xff, 0xff, 0xff, 0xff, 0xff, 0xff, 0xff,
    0xff, 0xf8, 0xaf, 0xff, 0xc9, 0x99, 0x99, 0x99,
    0x99, 0x9d, 0xff, 0xf8, 0xaf, 0xff, 0x80, 0x0,
    0x0, 0x0, 0x0, 0xa, 0xff, 0xf8, 0xaf, 0xff,
    0x80, 0x0, 0x0, 0x0, 0x0, 0xa, 0xff, 0xf8,
    0xaf, 0xff, 0x80, 0x0, 0x0, 0x0, 0x0, 0xa,
    0xff, 0xf8, 0xaf, 0xff, 0x80, 0x0, 0x0, 0x0,
    0x0, 0xa, 0xff, 0xf8, 0xaf, 0xff, 0x80, 0x0,
    0x0, 0x0, 0x0, 0xa, 0xff, 0xf8, 0xaf, 0xff,
    0x80, 0x0, 0x0, 0x0, 0x0, 0xa, 0xff, 0xf8,
    0xaf, 0xff, 0x80, 0x0, 0x0, 0x0, 0x0, 0xa,
    0xff, 0xf8, 0xaf, 0xff, 0x80, 0x0, 0x0, 0x0,
    0x0, 0xa, 0xff, 0xf8, 0xaf, 0xff, 0x80, 0x0,
    0x0, 0x0, 0x0, 0xa, 0xff, 0xf8, 0xaf, 0xff,
    0x80, 0x0, 0x0, 0x0, 0x0, 0xa, 0xff, 0xf8,

    /* U+041E "О" */
    0x0, 0x0, 0x0, 0x5, 0xad, 0xff, 0xec, 0x82,
    0x0, 0x0, 0x0, 0x0, 0x0, 0x5, 0xef, 0xff,
    0xff, 0xff, 0xff, 0xb1, 0x0, 0x0, 0x0, 0x0,
    0x9f, 0xff, 0xff, 0xff, 0xff, 0xff, 0xfe, 0x40,
    0x0, 0x0, 0x9, 0xff, 0xff, 0xff, 0xed, 0xff,
    0xff, 0xff, 0xf3, 0x0, 0x0, 0x5f, 0xff, 0xff,
    0x71, 0x0, 0x3, 0xbf, 0xff, 0xfe, 0x0, 0x0,
    0xef, 0xff, 0xe2, 0x0, 0x0, 0x0, 0x7, 0xff,
    0xff, 0x80, 0x6, 0xff, 0xff, 0x30, 0x0, 0x0,
    0x0, 0x0, 0xaf, 0xff, 0xe0, 0xc, 0xff, 0xfa,
    0x0, 0x0, 0x0, 0x0, 0x0, 0x1f, 0xff, 0xf5,
    0xf, 0xff, 0xf4, 0x0, 0x0, 0x0, 0x0, 0x0,
    0xb, 0xff, 0xf9, 0x3f, 0xff, 0xf0, 0x0, 0x0,
    0x0, 0x0, 0x0, 0x7, 0xff, 0xfc, 0x5f, 0xff,
    0xe0, 0x0, 0x0, 0x0, 0x0, 0x0, 0x4, 0xff,
    0xfe, 0x5f, 0xff, 0xd0, 0x0, 0x0, 0x0, 0x0,
    0x0, 0x4, 0xff, 0xff, 0x5f, 0xff, 0xd0, 0x0,
    0x0, 0x0, 0x0, 0x0, 0x3, 0xff, 0xff, 0x5f,
    0xff, 0xe0, 0x0, 0x0, 0x0, 0x0, 0x0, 0x4,
    0xff, 0xfe, 0x3f, 0xff, 0xf0, 0x0, 0x0, 0x0,
    0x0, 0x0, 0x7, 0xff, 0xfc, 0xf, 0xff, 0xf4,
    0x0, 0x0, 0x0, 0x0, 0x0, 0xb, 0xff, 0xf9,
    0xc, 0xff, 0xfa, 0x0, 0x0, 0x0, 0x0, 0x0,
    0x1f, 0xff, 0xf5, 0x6, 0xff, 0xff, 0x30, 0x0,
    0x0, 0x0, 0x0, 0xaf, 0xff, 0xf0, 0x0, 0xef,
    0xff, 0xe2, 0x0, 0x0, 0x0, 0x7, 0xff, 0xff,
    0x80, 0x0, 0x5f, 0xff, 0xff, 0x71, 0x0, 0x3,
    0xaf, 0xff, 0xfe, 0x0, 0x0, 0x9, 0xff, 0xff,
    0xff, 0xdd, 0xef, 0xff, 0xff, 0xf3, 0x0, 0x0,
    0x0, 0x9f, 0xff, 0xff, 0xff, 0xff, 0xff, 0xff,
    0x40, 0x0, 0x0, 0x0, 0x5, 0xef, 0xff, 0xff,
    0xff, 0xff, 0xb1, 0x0, 0x0, 0x0, 0x0, 0x0,
    0x5, 0xad, 0xff, 0xec, 0x83, 0x0, 0x0, 0x0,

    /* U+041F "П" */
    0xaf, 0xff, 0xff, 0xff, 0xff, 0xff, 0xff, 0xff,
    0xff, 0xf8, 0xaf, 0xff, 0xff, 0xff, 0xff, 0xff,
    0xff, 0xff, 0xff, 0xf8, 0xaf, 0xff, 0xff, 0xff,
    0xff, 0xff, 0xff, 0xff, 0xff, 0xf8, 0xaf, 0xff,
    0xc9, 0x99, 0x99, 0x99, 0x99, 0x9d, 0xff, 0xf8,
    0xaf, 0xff, 0x80, 0x0, 0x0, 0x0, 0x0, 0xa,
    0xff, 0xf8, 0xaf, 0xff, 0x80, 0x0, 0x0, 0x0,
    0x0, 0xa, 0xff, 0xf8, 0xaf, 0xff, 0x80, 0x0,
    0x0, 0x0, 0x0, 0xa, 0xff, 0xf8, 0xaf, 0xff,
    0x80, 0x0, 0x0, 0x0, 0x0, 0xa, 0xff, 0xf8,
    0xaf, 0xff, 0x80, 0x0, 0x0, 0x0, 0x0, 0xa,
    0xff, 0xf8, 0xaf, 0xff, 0x80, 0x0, 0x0, 0x0,
    0x0, 0xa, 0xff, 0xf8, 0xaf, 0xff, 0x80, 0x0,
    0x0, 0x0, 0x0, 0xa, 0xff, 0xf8, 0xaf, 0xff,
    0x80, 0x0, 0x0, 0x0, 0x0, 0xa, 0xff, 0xf8,
    0xaf, 0xff, 0x80, 0x0, 0x0, 0x0, 0x0, 0xa,
    0xff, 0xf8, 0xaf, 0xff, 0x80, 0x0, 0x0, 0x0,
    0x0, 0xa, 0xff, 0xf8, 0xaf, 0xff, 0x80, 0x0,
    0x0, 0x0, 0x0, 0xa, 0xff, 0xf8, 0xaf, 0xff,
    0x80, 0x0, 0x0, 0x0, 0x0, 0xa, 0xff, 0xf8,
    0xaf, 0xff, 0x80, 0x0, 0x0, 0x0, 0x0, 0xa,
    0xff, 0xf8, 0xaf, 0xff, 0x80, 0x0, 0x0, 0x0,
    0x0, 0xa, 0xff, 0xf8, 0xaf, 0xff, 0x80, 0x0,
    0x0, 0x0, 0x0, 0xa, 0xff, 0xf8, 0xaf, 0xff,
    0x80, 0x0, 0x0, 0x0, 0x0, 0xa, 0xff, 0xf8,
    0xaf, 0xff, 0x80, 0x0, 0x0, 0x0, 0x0, 0xa,
    0xff, 0xf8, 0xaf, 0xff, 0x80, 0x0, 0x0, 0x0,
    0x0, 0xa, 0xff, 0xf8, 0xaf, 0xff, 0x80, 0x0,
    0x0, 0x0, 0x0, 0xa, 0xff, 0xf8, 0xaf, 0xff,
    0x80, 0x0, 0x0, 0x0, 0x0, 0xa, 0xff, 0xf8,

    /* U+0420 "Р" */
    0xaf, 0xff, 0xff, 0xff, 0xff, 0xeb, 0x60, 0x0,
    0x0, 0xaf, 0xff, 0xff, 0xff, 0xff, 0xff, 0xfe,
    0x30, 0x0, 0xaf, 0xff, 0xff, 0xff, 0xff, 0xff,
    0xff, 0xf4, 0x0, 0xaf, 0xff, 0xc9, 0x99, 0x9a,
    0xef, 0xff, 0xfe, 0x10, 0xaf, 0xff, 0x80, 0x0,
    0x0, 0x7, 0xff, 0xff, 0x80, 0xaf, 0xff, 0x80,
    0x0, 0x0, 0x0, 0xaf, 0xff, 0xe0, 0xaf, 0xff,
    0x80, 0x0, 0x0, 0x0, 0x3f, 0xff, 0xf1, 0xaf,
    0xff, 0x80, 0x0, 0x0, 0x0, 0xf, 0xff, 0xf3,
    0xaf, 0xff, 0x80, 0x0, 0x0, 0x0, 0xf, 0xff,
    0xf3, 0xaf, 0xff, 0x80, 0x0, 0x0, 0x0, 0x3f,
    0xff, 0xf1, 0xaf, 0xff, 0x80, 0x0, 0x0, 0x0,
    0xaf, 0xff, 0xe0, 0xaf, 0xff, 0x80, 0x0, 0x0,
    0x6, 0xff, 0xff, 0x80, 0xaf, 0xff, 0xc8, 0x88,
    0x89, 0xdf, 0xff, 0xfe, 0x10, 0xaf, 0xff, 0xff,
    0xff, 0xff, 0xff, 0xff, 0xf4, 0x0, 0xaf, 0xff,
    0xff, 0xff, 0xff, 0xff, 0xfe, 0x30, 0x0, 0xaf,
    0xff, 0xff, 0xff, 0xff, 0xeb, 0x60, 0x0, 0x0,
    0xaf, 0xff, 0x80, 0x0, 0x0, 0x0, 0x0, 0x0,
    0x0, 0xaf, 0xff, 0x80, 0x0, 0x0, 0x0, 0x0,
    0x0, 0x0, 0xaf, 0xff, 0x80, 0x0, 0x0, 0x0,
    0x0, 0x0, 0x0, 0xaf, 0xff, 0x80, 0x0, 0x0,
    0x0, 0x0, 0x0, 0x0, 0xaf, 0xff, 0x80, 0x0,
    0x0, 0x0, 0x0, 0x0, 0x0, 0xaf, 0xff, 0x80,
    0x0, 0x0, 0x0, 0x0, 0x0, 0x0, 0xaf, 0xff,
    0x80, 0x0, 0x0, 0x0, 0x0, 0x0, 0x0, 0xaf,
    0xff, 0x80, 0x0, 0x0, 0x0, 0x0, 0x0, 0x0,

    /* U+0421 "С" */
    0x0, 0x0, 0x0, 0x5, 0xad, 0xff, 0xec, 0x72,
    0x0, 0x0, 0x0, 0x0, 0x0, 0x5, 0xef, 0xff,
    0xff, 0xff, 0xff, 0xa1, 0x0, 0x0, 0x0, 0x0,
    0x9f, 0xff, 0xff, 0xff, 0xff, 0xff, 0xfe, 0x30,
    0x0, 0x0, 0x9, 0xff, 0xff, 0xff, 0xed, 0xef,
    0xff, 0xff, 0xe2, 0x0, 0x0, 0x5f, 0xff, 0xff,
    0x71, 0x0, 0x3, 0xaf, 0xff, 0xfc, 0x0, 0x0,
    0xef, 0xff, 0xe2, 0x0, 0x0, 0x0, 0x7, 0xff,
    0xff, 0x40, 0x6, 0xff, 0xff, 0x40, 0x0, 0x0,
    0x0, 0x0, 0xbf, 0xff, 0xa0, 0xc, 0xff, 0xfa,
    0x0, 0x0, 0x0, 0x0, 0x0, 0x4f, 0xff, 0xe0,
    0xf, 0xff, 0xf4, 0x0, 0x0, 0x0, 0x0, 0x0,
    0x2, 0x22, 0x20, 0x3f, 0xff, 0xf0, 0x0, 0x0,
    0x0, 0x0, 0x0, 0x0, 0x0, 0x0, 0x5f, 0xff,
    0xe0, 0x0, 0x0, 0x0, 0x0, 0x0, 0x0, 0x0,
    0x0, 0x5f, 0xff, 0xd0, 0x0, 0x0, 0x0, 0x0,
    0x0, 0x0, 0x0, 0x0, 0x5f, 0xff, 0xd0, 0x0,
    0x0, 0x0, 0x0, 0x0, 0x0, 0x0, 0x0, 0x5f,
    0xff, 0xe0, 0x0, 0x0, 0x0, 0x0, 0x0, 0x0,
    0x0, 0x0, 0x3f, 0xff, 0xf0, 0x0, 0x0, 0x0,
    0x0, 0x0, 0x0, 0x0, 0x0, 0xf, 0xff, 0xf4,
    0x0, 0x0, 0x0, 0x0, 0x0, 0x1, 0x11, 0x10,
    0xc, 0xff, 0xfa, 0x0, 0x0, 0x0, 0x0, 0x0,
    0x4f, 0xff, 0xe0, 0x6, 0xff, 0xff, 0x30, 0x0,
    0x0, 0x0, 0x0, 0xbf, 0xff, 0xa0, 0x0, 0xef,
    0xff, 0xe2, 0x0, 0x0, 0x0, 0x7, 0xff, 0xff,
    0x40, 0x0, 0x5f, 0xff, 0xff, 0x71, 0x0, 0x2,
    0xaf, 0xff, 0xfb, 0x0, 0x0, 0x9, 0xff, 0xff,
    0xff, 0xdd, 0xef, 0xff, 0xff, 0xe1, 0x0, 0x0,
    0x0, 0x9f, 0xff, 0xff, 0xff, 0xff, 0xff, 0xfe,
    0x20, 0x0, 0x0, 0x0, 0x5, 0xef, 0xff, 0xff,
    0xff, 0xff, 0xa1, 0x0, 0x0, 0x0, 0x0, 0x0,
    0x5, 0xad, 0xff, 0xec, 0x82, 0x0, 0x0, 0x0,

    /* U+0422 "Т" */
    0xbf, 0xff, 0xff, 0xff, 0xff, 0xff, 0xff, 0xff,
    0xff, 0xdb, 0xff, 0xff, 0xff, 0xff, 0xff, 0xff,
    0xff, 0xff, 0xfd, 0xbf, 0xff, 0xff, 0xff, 0xff,
    0xff, 0xff, 0xff, 0xff, 0xd6, 0x99, 0x99, 0x99,
    0xcf, 0xff, 0xd9, 0x99, 0x99, 0x97, 0x0, 0x0,
    0x0, 0x8, 0xff, 0xfa, 0x0, 0x0, 0x0, 0x0,
    0x0, 0x0, 0x0, 0x8f, 0xff, 0xa0, 0x0, 0x0,
    0x0, 0x0, 0x0, 0x0, 0x8, 0xff, 0xfa, 0x0,
    0x0, 0x0, 0x0, 0x0, 0x0, 0x0, 0x8f, 0xff,
    0xa0, 0x0, 0x0, 0x0, 0x0, 0x0, 0x0, 0x8,
    0xff, 0xfa, 0x0, 0x0, 0x0, 0x0, 0x0, 0x0,
    0x0, 0x8f, 0xff, 0xa0, 0x0, 0x0, 0x0, 0x0,
    0x0, 0x0, 0x8, 0xff, 0xfa, 0x0, 0x0, 0x0,
    0x0, 0x0, 0x0, 0x0, 0x8f, 0xff, 0xa0, 0x0,
    0x0, 0x0, 0x0, 0x0, 0x0, 0x8, 0xff, 0xfa,
    0x0, 0x0, 0x0, 0x0, 0x0, 0x0, 0x0, 0x8f,
    0xff, 0xa0, 0x0, 0x0, 0x0, 0x0, 0x0, 0x0,
    0x8, 0xff, 0xfa, 0x0, 0x0, 0x0, 0x0, 0x0,
    0x0, 0x0, 0x8f, 0xff, 0xa0, 0x0, 0x0, 0x0,
    0x0, 0x0, 0x0, 0x8, 0xff, 0xfa, 0x0, 0x0,
    0x0, 0x0, 0x0, 0x0, 0x0, 0x8f, 0xff, 0xa0,
    0x0, 0x0, 0x0, 0x0, 0x0, 0x0, 0x8, 0xff,
    0xfa, 0x0, 0x0, 0x0, 0x0, 0x0, 0x0, 0x0,
    0x8f, 0xff, 0xa0, 0x0, 0x0, 0x0, 0x0, 0x0,
    0x0, 0x8, 0xff, 0xfa, 0x0, 0x0, 0x0, 0x0,
    0x0, 0x0, 0x0, 0x8f, 0xff, 0xa0, 0x0, 0x0,
    0x0, 0x0, 0x0, 0x0, 0x8, 0xff, 0xfa, 0x0,
    0x0, 0x0, 0x0, 0x0, 0x0, 0x0, 0x8f, 0xff,
    0xa0, 0x0, 0x0, 0x0,

    /* U+0423 "У" */
    0xe, 0xff, 0xfc, 0x0, 0x0, 0x0, 0x0, 0x1,
    0xff, 0xff, 0x80, 0x8f, 0xff, 0xf3, 0x0, 0x0,
    0x0, 0x0, 0x8f, 0xff, 0xf1, 0x1, 0xff, 0xff,
    0xa0, 0x0, 0x0, 0x0, 0xe, 0xff, 0xfa, 0x0,
    0x9, 0xff, 0xff, 0x10, 0x0, 0x0, 0x4, 0xff,
    0xff, 0x40, 0x0, 0x2f, 0xff, 0xf7, 0x0, 0x0,
    0x0, 0xaf, 0xff, 0xd0, 0x0, 0x0, 0xaf, 0xff,
    0xe0, 0x0, 0x0, 0x1f, 0xff, 0xf6, 0x0, 0x0,
    0x3, 0xff, 0xff, 0x50, 0x0, 0x7, 0xff, 0xff,
    0x0, 0x0, 0x0, 0xb, 0xff, 0xfc, 0x0, 0x0,
    0xdf, 0xff, 0x90, 0x0, 0x0, 0x0, 0x4f, 0xff,
    0xf2, 0x0, 0x2f, 0xff, 0xf2, 0x0, 0x0, 0x0,
    0x0, 0xcf, 0xff, 0x80, 0x8, 0xff, 0xfb, 0x0,
    0x0, 0x0, 0x0, 0x5, 0xff, 0xfd, 0x0, 0xdf,
    0xff, 0x50, 0x0, 0x0, 0x0, 0x0, 0xd, 0xff,
    0xf2, 0x3f, 0xff, 0xe0, 0x0, 0x0, 0x0, 0x0,
    0x0, 0x6f, 0xff, 0x68, 0xff, 0xf7, 0x0, 0x0,
    0x0, 0x0, 0x0, 0x0, 0xef, 0xfb, 0xdf, 0xff,
    0x10, 0x0, 0x0, 0x0, 0x0, 0x0, 0x7, 0xff,
    0xff, 0xff, 0xa0, 0x0, 0x0, 0x0, 0x0, 0x0,
    0x0, 0x1f, 0xff, 0xff, 0xf3, 0x0, 0x0, 0x0,
    0x0, 0x0, 0x0, 0x0, 0x9f, 0xff, 0xfd, 0x0,
    0x0, 0x0, 0x0, 0x0, 0x0, 0x0, 0x1, 0xff,
    0xff, 0x60, 0x0, 0x0, 0x0, 0x0, 0x0, 0x0,
    0x0, 0x3f, 0xff, 0xe0, 0x0, 0x0, 0x0, 0x0,
    0x0, 0x0, 0x0, 0x1c, 0xff, 0xf8, 0x0, 0x0,
    0x0, 0x0, 0x0, 0x0, 0xab, 0xcf, 0xff, 0xff,
    0x10, 0x0, 0x0, 0x0, 0x0, 0x0, 0xd, 0xff,
    0xff, 0xff, 0x60, 0x0, 0x0, 0x0, 0x0, 0x0,
    0x0, 0xdf, 0xff, 0xff, 0x90, 0x0, 0x0, 0x0,
    0x0, 0x0, 0x0, 0xd, 0xff, 0xeb, 0x50, 0x0,
    0x0, 0x0, 0x0, 0x0,

    /* U+0424 "Ф" */
    0x0, 0x0, 0x0, 0x0, 0x0, 0x68, 0x88, 0x30,
    0x0, 0x0, 0x0, 0x0, 0x0, 0x0, 0x0, 0x0,
    0x0, 0xc, 0xff, 0xf6, 0x0, 0x0, 0x0, 0x0,
    0x0, 0x0, 0x0, 0x0, 0x0, 0x0, 0xcf, 0xff,
    0x60, 0x0, 0x0, 0x0, 0x0, 0x0, 0x0, 0x0,
    0x0, 0x0, 0x1c, 0xff, 0xf7, 0x10, 0x0, 0x0,
    0x0, 0x0, 0x0, 0x0, 0x1, 0x8d, 0xff, 0xff,
    0xff, 0xff, 0xfb, 0x60, 0x0, 0x0, 0x0, 0x0,
    0x6, 0xff, 0xff, 0xff, 0xff, 0xff, 0xff, 0xff,
    0xd3, 0x0, 0x0, 0x0, 0x9, 0xff, 0xff, 0xff,
    0xff, 0xff, 0xff, 0xff, 0xff, 0xf4, 0x0, 0x0,
    0x6, 0xff, 0xff, 0xfb, 0x7d, 0xff, 0xfa, 0x8d,
    0xff, 0xff, 0xf2, 0x0, 0x2, 0xff, 0xff, 0xd2,
    0x0, 0xcf, 0xff, 0x60, 0x5, 0xff, 0xff, 0xc0,
    0x0, 0x9f, 0xff, 0xd1, 0x0, 0xc, 0xff, 0xf6,
    0x0, 0x4, 0xff, 0xff, 0x30, 0xe, 0xff, 0xf5,
    0x0, 0x0, 0xcf, 0xff, 0x60, 0x0, 0xb, 0xff,
    0xf9, 0x2, 0xff, 0xff, 0x0, 0x0, 0xc, 0xff,
    0xf6, 0x0, 0x0, 0x5f, 0xff, 0xd0, 0x4f, 0xff,
    0xc0, 0x0, 0x0, 0xcf, 0xff, 0x60, 0x0, 0x2,
    0xff, 0xff, 0x5, 0xff, 0xfb, 0x0, 0x0, 0xc,
    0xff, 0xf6, 0x0, 0x0, 0xf, 0xff, 0xf0, 0x5f,
    0xff, 0xb0, 0x0, 0x0, 0xcf, 0xff, 0x60, 0x0,
    0x1, 0xff, 0xff, 0x4, 0xff, 0xfd, 0x0, 0x0,
    0xc, 0xff, 0xf6, 0x0, 0x0, 0x2f, 0xff, 0xf0,
    0x2f, 0xff, 0xf0, 0x0, 0x0, 0xcf, 0xff, 0x60,
    0x0, 0x6, 0xff, 0xfc, 0x0, 0xef, 0xff, 0x60,
    0x0, 0xc, 0xff, 0xf6, 0x0, 0x0, 0xcf, 0xff,
    0x80, 0x8, 0xff, 0xfe, 0x20, 0x0, 0xcf, 0xff,
    0x60, 0x0, 0x6f, 0xff, 0xf2, 0x0, 0x1e, 0xff,
    0xfe, 0x50, 0xc, 0xff, 0xf6, 0x0, 0x8f, 0xff,
    0xfa, 0x0, 0x0, 0x4f, 0xff, 0xff, 0xea, 0xef,
    0xff, 0xbb, 0xff, 0xff, 0xfe, 0x10, 0x0, 0x0,
    0x6f, 0xff, 0xff, 0xff, 0xff, 0xff, 0xff, 0xff,
    0xfe, 0x30, 0x0, 0x0, 0x0, 0x4e, 0xff, 0xff,
    0xff, 0xff, 0xff, 0xff, 0xfb, 0x10, 0x0, 0x0,
    0x0, 0x0, 0x5, 0xad, 0xff, 0xff, 0xff, 0xfc,
    0x93, 0x0, 0x0, 0x0, 0x0, 0x0, 0x0, 0x0,
    0x0, 0xcf, 0xff, 0x60, 0x0, 0x0, 0x0, 0x0,
    0x0, 0x0, 0x0, 0x0, 0x0, 0xc, 0xff, 0xf6,
    0x0, 0x0, 0x0, 0x0, 0x0, 0x0, 0x0, 0x0,
    0x0, 0x0, 0xcf, 0xff, 0x60, 0x0, 0x0, 0x0,
    0x0, 0x0,

    /* U+0425 "Х" */
    0x3, 0xff, 0xff, 0xa0, 0x0, 0x0, 0x0, 0x0,
    0x7f, 0xff, 0xf4, 0x0, 0x8, 0xff, 0xff, 0x40,
    0x0, 0x0, 0x0, 0x2f, 0xff, 0xf9, 0x0, 0x0,
    0xd, 0xff, 0xfe, 0x0, 0x0, 0x0, 0xc, 0xff,
    0xfe, 0x0, 0x0, 0x0, 0x3f, 0xff, 0xf9, 0x0,
    0x0, 0x6, 0xff, 0xff, 0x40, 0x0, 0x0, 0x0,
    0x8f, 0xff, 0xf3, 0x0, 0x1, 0xff, 0xff, 0x90,
    0x0, 0x0, 0x0, 0x0, 0xdf, 0xff, 0xd0, 0x0,
    0xbf, 0xff, 0xe1, 0x0, 0x0, 0x0, 0x0, 0x3,
    0xff, 0xff, 0x60, 0x4f, 0xff, 0xf4, 0x0, 0x0,
    0x0, 0x0, 0x0, 0x9, 0xff, 0xfe, 0xc, 0xff,
    0xfa, 0x0, 0x0, 0x0, 0x0, 0x0, 0x0, 0xe,
    0xff, 0xfa, 0xff, 0xfe, 0x10, 0x0, 0x0, 0x0,
    0x0, 0x0, 0x0, 0x4f, 0xff, 0xff, 0xff, 0x50,
    0x0, 0x0, 0x0, 0x0, 0x0, 0x0, 0x0, 0x9f,
    0xff, 0xff, 0xa0, 0x0, 0x0, 0x0, 0x0, 0x0,
    0x0, 0x0, 0x0, 0xff, 0xff, 0xf1, 0x0, 0x0,
    0x0, 0x0, 0x0, 0x0, 0x0, 0x0, 0x5f, 0xff,
    0xff, 0x90, 0x0, 0x0, 0x0, 0x0, 0x0, 0x0,
    0x0, 0x1e, 0xff, 0xff, 0xff, 0x30, 0x0, 0x0,
    0x0, 0x0, 0x0, 0x0, 0xb, 0xff, 0xff, 0xff,
    0xfd, 0x0, 0x0, 0x0, 0x0, 0x0, 0x0, 0x6,
    0xff, 0xff, 0x3f, 0xff, 0xf8, 0x0, 0x0, 0x0,
    0x0, 0x0, 0x1, 0xff, 0xff, 0x80, 0x8f, 0xff,
    0xf3, 0x0, 0x0, 0x0, 0x0, 0x0, 0xbf, 0xff,
    0xe0, 0x0, 0xef, 0xff, 0xd0, 0x0, 0x0, 0x0,
    0x0, 0x6f, 0xff, 0xf4, 0x0, 0x4, 0xff, 0xff,
    0x80, 0x0, 0x0, 0x0, 0x2f, 0xff, 0xf9, 0x0,
    0x0, 0xa, 0xff, 0xff, 0x30, 0x0, 0x0, 0xc,
    0xff, 0xfe, 0x10, 0x0, 0x0, 0x1e, 0xff, 0xfd,
    0x0, 0x0, 0x7, 0xff, 0xff, 0x40, 0x0, 0x0,
    0x0, 0x5f, 0xff, 0xf8, 0x0, 0x2, 0xff, 0xff,
    0x90, 0x0, 0x0, 0x0, 0x0, 0xaf, 0xff, 0xf3,
    0x0, 0xcf, 0xff, 0xe1, 0x0, 0x0, 0x0, 0x0,
    0x1, 0xef, 0xff, 0xd0,

    /* U+0426 "Ц" */
    0xaf, 0xff, 0x80, 0x0, 0x0, 0x0, 0x0, 0x4f,
    0xff, 0xe0, 0x0, 0xaf, 0xff, 0x80, 0x0, 0x0,
    0x0, 0x0, 0x4f, 0xff, 0xe0, 0x0, 0xaf, 0xff,
    0x80, 0x0, 0x0, 0x0, 0x0, 0x4f, 0xff, 0xe0,
    0x0, 0xaf, 0xff, 0x80, 0x0, 0x0, 0x0, 0x0,
    0x4f, 0xff, 0xe0, 0x0, 0xaf, 0xff, 0x80, 0x0,
    0x0, 0x0, 0x0, 0x4f, 0xff, 0xe0, 0x0, 0xaf,
    0xff, 0x80, 0x0, 0x0, 0x0, 0x0, 0x4f, 0xff,
    0xe0, 0x0, 0xaf, 0xff, 0x80, 0x0, 0x0, 0x0,
    0x0, 0x4f, 0xff, 0xe0, 0x0, 0xaf, 0xff, 0x80,
    0x0, 0x0, 0x0, 0x0, 0x4f, 0xff, 0xe0, 0x0,
    0xaf, 0xff, 0x80, 0x0, 0x0, 0x0, 0x0, 0x4f,
    0xff, 0xe0, 0x0, 0xaf, 0xff, 0x80, 0x0, 0x0,
    0x0, 0x0, 0x4f, 0xff, 0xe0, 0x0, 0xaf, 0xff,
    0x80, 0x0, 0x0, 0x0, 0x0, 0x4f, 0xff, 0xe0,
    0x0, 0xaf, 0xff, 0x80, 0x0, 0x0, 0x0, 0x0,
    0x4f, 0xff, 0xe0, 0x0, 0xaf, 0xff, 0x80, 0x0,
    0x0, 0x0, 0x0, 0x4f, 0xff, 0xe0, 0x0, 0xaf,
    0xff, 0x80, 0x0, 0x0, 0x0, 0x0, 0x4f, 0xff,
    0xe0, 0x0, 0xaf, 0xff, 0x80, 0x0, 0x0, 0x0,
    0x0, 0x4f, 0xff, 0xe0, 0x0, 0xaf, 0xff, 0x80,
    0x0, 0x0, 0x0, 0x0, 0x4f, 0xff, 0xe0, 0x0,
    0xaf, 0xff, 0x80, 0x0, 0x0, 0x0, 0x0, 0x4f,
    0xff, 0xe0, 0x0, 0xaf, 0xff, 0x80, 0x0, 0x0,
    0x0, 0x0, 0x4f, 0xff, 0xe0, 0x0, 0xaf, 0xff,
    0x80, 0x0, 0x0, 0x0, 0x0, 0x4f, 0xff, 0xe0,
    0x0, 0xaf, 0xff, 0x80, 0x0, 0x0, 0x0, 0x0,
    0x4f, 0xff, 0xe0, 0x0, 0xaf, 0xff, 0xc9, 0x99,
    0x99, 0x99, 0x99, 0xbf, 0xff, 0xf9, 0x92, 0xaf,
    0xff, 0xff, 0xff, 0xff, 0xff, 0xff, 0xff, 0xff,
    0xff, 0xf4, 0xaf, 0xff, 0xff, 0xff, 0xff, 0xff,
    0xff, 0xff, 0xff, 0xff, 0xf4, 0xaf, 0xff, 0xff,
    0xff, 0xff, 0xff, 0xff, 0xff, 0xff, 0xff, 0xf3,
    0x0, 0x0, 0x0, 0x0, 0x0, 0x0, 0x0, 0x0,
    0xd, 0xff, 0xf3, 0x0, 0x0, 0x0, 0x0, 0x0,
    0x0, 0x0, 0x0, 0xd, 0xff, 0xf3, 0x0, 0x0,
    0x0, 0x0, 0x0, 0x0, 0x0, 0x0, 0xd, 0xff,
    0xf3, 0x0, 0x0, 0x0, 0x0, 0x0, 0x0, 0x0,
    0x0, 0xd, 0xff, 0xf2, 0x0, 0x0, 0x0, 0x0,
    0x0, 0x0, 0x0, 0x0, 0xd, 0xff, 0xf2,

    /* U+0427 "Ч" */
    0xdf, 0xff, 0x50, 0x0, 0x0, 0x0, 0x0, 0xff,
    0xff, 0x3d, 0xff, 0xf5, 0x0, 0x0, 0x0, 0x0,
    0xf, 0xff, 0xf3, 0xdf, 0xff, 0x50, 0x0, 0x0,
    0x0, 0x0, 0xff, 0xff, 0x3d, 0xff, 0xf5, 0x0,
    0x0, 0x0, 0x0, 0xf, 0xff, 0xf3, 0xdf, 0xff,
    0x50, 0x0, 0x0, 0x0, 0x0, 0xff, 0xff, 0x3d,
    0xff, 0xf5, 0x0, 0x0, 0x0, 0x0, 0xf, 0xff,
    0xf3, 0xdf, 0xff, 0x50, 0x0, 0x0, 0x0, 0x0,
    0xff, 0xff, 0x3d, 0xff, 0xf5, 0x0, 0x0, 0x0,
    0x0, 0xf, 0xff, 0xf3, 0xcf, 0xff, 0x60, 0x0,
    0x0, 0x0, 0x0, 0xff, 0xff, 0x3a, 0xff, 0xfb,
    0x0, 0x0, 0x0, 0x0, 0xf, 0xff, 0xf3, 0x7f,
    0xff, 0xf4, 0x0, 0x0, 0x0, 0x2, 0xff, 0xff,
    0x32, 0xff, 0xff, 0xf8, 0x20, 0x2, 0x5a, 0xff,
    0xff, 0xf3, 0x9, 0xff, 0xff, 0xff, 0xff, 0xff,
    0xff, 0xff, 0xff, 0x30, 0xb, 0xff, 0xff, 0xff,
    0xff, 0xff, 0xff, 0xff, 0xf3, 0x0, 0x6, 0xef,
    0xff, 0xff, 0xff, 0xb3, 0xff, 0xff, 0x30, 0x0,
    0x0, 0x36, 0x78, 0x75, 0x10, 0xf, 0xff, 0xf3,
    0x0, 0x0, 0x0, 0x0, 0x0, 0x0, 0x0, 0xff,
    0xff, 0x30, 0x0, 0x0, 0x0, 0x0, 0x0, 0x0,
    0xf, 0xff, 0xf3, 0x0, 0x0, 0x0, 0x0, 0x0,
    0x0, 0x0, 0xff, 0xff, 0x30, 0x0, 0x0, 0x0,
    0x0, 0x0, 0x0, 0xf, 0xff, 0xf3, 0x0, 0x0,
    0x0, 0x0, 0x0, 0x0, 0x0, 0xff, 0xff, 0x30,
    0x0, 0x0, 0x0, 0x0, 0x0, 0x0, 0xf, 0xff,
    0xf3, 0x0, 0x0, 0x0, 0x0, 0x0, 0x0, 0x0,
    0xff, 0xff, 0x30, 0x0, 0x0, 0x0, 0x0, 0x0,
    0x0, 0xf, 0xff, 0xf3,

    /* U+0428 "Ш" */
    0xaf, 0xff, 0x80, 0x0, 0x0, 0x6, 0xff, 0xfb,
    0x0, 0x0, 0x0, 0x3f, 0xff, 0xfa, 0xff, 0xf8,
    0x0, 0x0, 0x0, 0x6f, 0xff, 0xb0, 0x0, 0x0,
    0x3, 0xff, 0xff, 0xaf, 0xff, 0x80, 0x0, 0x0,
    0x6, 0xff, 0xfb, 0x0, 0x0, 0x0, 0x3f, 0xff,
    0xfa, 0xff, 0xf8, 0x0, 0x0, 0x0, 0x6f, 0xff,
    0xb0, 0x0, 0x0, 0x3, 0xff, 0xff, 0xaf, 0xff,
    0x80, 0x0, 0x0, 0x6, 0xff, 0xfb, 0x0, 0x0,
    0x0, 0x3f, 0xff, 0xfa, 0xff, 0xf8, 0x0, 0x0,
    0x0, 0x6f, 0xff, 0xb0, 0x0, 0x0, 0x3, 0xff,
    0xff, 0xaf, 0xff, 0x80, 0x0, 0x0, 0x6, 0xff,
    0xfb, 0x0, 0x0, 0x0, 0x3f, 0xff, 0xfa, 0xff,
    0xf8, 0x0, 0x0, 0x0, 0x6f, 0xff, 0xb0, 0x0,
    0x0, 0x3, 0xff, 0xff, 0xaf, 0xff, 0x80, 0x0,
    0x0, 0x6, 0xff, 0xfb, 0x0, 0x0, 0x0, 0x3f,
    0xff, 0xfa, 0xff, 0xf8, 0x0, 0x0, 0x0, 0x6f,
    0xff, 0xb0, 0x0, 0x0, 0x3, 0xff, 0xff, 0xaf,
    0xff, 0x80, 0x0, 0x0, 0x6, 0xff, 0xfb, 0x0,
    0x0, 0x0, 0x3f, 0xff, 0xfa, 0xff, 0xf8, 0x0,
    0x0, 0x0, 0x6f, 0xff, 0xb0, 0x0, 0x0, 0x3,
    0xff, 0xff, 0xaf, 0xff, 0x80, 0x0, 0x0, 0x6,
    0xff, 0xfb, 0x0, 0x0, 0x0, 0x3f, 0xff, 0xfa,
    0xff, 0xf8, 0x0, 0x0, 0x0, 0x6f, 0xff, 0xb0,
    0x0, 0x0, 0x3, 0xff, 0xff, 0xaf, 0xff, 0x80,
    0x0, 0x0, 0x6, 0xff, 0xfb, 0x0, 0x0, 0x0,
    0x3f, 0xff, 0xfa, 0xff, 0xf8, 0x0, 0x0, 0x0,
    0x6f, 0xff, 0xb0, 0x0, 0x0, 0x3, 0xff, 0xff,
    0xaf, 0xff, 0x80, 0x0, 0x0, 0x6, 0xff, 0xfb,
    0x0, 0x0, 0x0, 0x3f, 0xff, 0xfa, 0xff, 0xf8,
    0x0, 0x0, 0x0, 0x6f, 0xff, 0xb0, 0x0, 0x0,
    0x3, 0xff, 0xff, 0xaf, 0xff, 0x80, 0x0, 0x0,
    0x6, 0xff, 0xfb, 0x0, 0x0, 0x0, 0x3f, 0xff,
    0xfa, 0xff, 0xf8, 0x0, 0x0, 0x0, 0x6f, 0xff,
    0xb0, 0x0, 0x0, 0x3, 0xff, 0xff, 0xaf, 0xff,
    0xc9, 0x99, 0x99, 0x9b, 0xff, 0xfd, 0x99, 0x99,
    0x99, 0xaf, 0xff, 0xfa, 0xff, 0xff, 0xff, 0xff,
    0xff, 0xff, 0xff, 0xff, 0xff, 0xff, 0xff, 0xff,
    0xff, 0xaf, 0xff, 0xff, 0xff, 0xff, 0xff, 0xff,
    0xff, 0xff, 0xff, 0xff, 0xff, 0xff, 0xfa, 0xff,
    0xff, 0xff, 0xff, 0xff, 0xff, 0xff, 0xff, 0xff,
    0xff, 0xff, 0xff, 0xff,

    /* U+0429 "Щ" */
    0xaf, 0xff, 0x80, 0x0, 0x0, 0x6, 0xff, 0xfb,
    0x0, 0x0, 0x0, 0x3f, 0xff, 0xf0, 0x0, 0xaf,
    0xff, 0x80, 0x0, 0x0, 0x6, 0xff, 0xfb, 0x0,
    0x0, 0x0, 0x3f, 0xff, 0xf0, 0x0, 0xaf, 0xff,
    0x80, 0x0, 0x0, 0x6, 0xff, 0xfb, 0x0, 0x0,
    0x0, 0x3f, 0xff, 0xf0, 0x0, 0xaf, 0xff, 0x80,
    0x0, 0x0, 0x6, 0xff, 0xfb, 0x0, 0x0, 0x0,
    0x3f, 0xff, 0xf0, 0x0, 0xaf, 0xff, 0x80, 0x0,
    0x0, 0x6, 0xff, 0xfb, 0x0, 0x0, 0x0, 0x3f,
    0xff, 0xf0, 0x0, 0xaf, 0xff, 0x80, 0x0, 0x0,
    0x6, 0xff, 0xfb, 0x0, 0x0, 0x0, 0x3f, 0xff,
    0xf0, 0x0, 0xaf, 0xff, 0x80, 0x0, 0x0, 0x6,
    0xff, 0xfb, 0x0, 0x0, 0x0, 0x3f, 0xff, 0xf0,
    0x0, 0xaf, 0xff, 0x80, 0x0, 0x0, 0x6, 0xff,
    0xfb, 0x0, 0x0, 0x0, 0x3f, 0xff, 0xf0, 0x0,
    0xaf, 0xff, 0x80, 0x0, 0x0, 0x6, 0xff, 0xfb,
    0x0, 0x0, 0x0, 0x3f, 0xff, 0xf0, 0x0, 0xaf,
    0xff, 0x80, 0x0, 0x0, 0x6, 0xff, 0xfb, 0x0,
    0x0, 0x0, 0x3f, 0xff, 0xf0, 0x0, 0xaf, 0xff,
    0x80, 0x0, 0x0, 0x6, 0xff, 0xfb, 0x0, 0x0,
    0x0, 0x3f, 0xff, 0xf0, 0x0, 0xaf, 0xff, 0x80,
    0x0, 0x0, 0x6, 0xff, 0xfb, 0x0, 0x0, 0x0,
    0x3f, 0xff, 0xf0, 0x0, 0xaf, 0xff, 0x80, 0x0,
    0x0, 0x6, 0xff, 0xfb, 0x0, 0x0, 0x0, 0x3f,
    0xff, 0xf0, 0x0, 0xaf, 0xff, 0x80, 0x0, 0x0,
    0x6, 0xff, 0xfb, 0x0, 0x0, 0x0, 0x3f, 0xff,
    0xf0, 0x0, 0xaf, 0xff, 0x80, 0x0, 0x0, 0x6,
    0xff, 0xfb, 0x0, 0x0, 0x0, 0x3f, 0xff, 0xf0,
    0x0, 0xaf, 0xff, 0x80, 0x0, 0x0, 0x6, 0xff,
    0xfb, 0x0, 0x0, 0x0, 0x3f, 0xff, 0xf0, 0x0,
    0xaf, 0xff, 0x80, 0x0, 0x0, 0x6, 0xff, 0xfb,
    0x0, 0x0, 0x0, 0x3f, 0xff, 0xf0, 0x0, 0xaf,
    0xff, 0x80, 0x0, 0x0, 0x6, 0xff, 0xfb, 0x0,
    0x0, 0x0, 0x3f, 0xff, 0xf0, 0x0, 0xaf, 0xff,
    0x80, 0x0, 0x0, 0x6, 0xff, 0xfb, 0x0, 0x0,
    0x0, 0x3f, 0xff, 0xf0, 0x0, 0xaf, 0xff, 0x80,
    0x0, 0x0, 0x6, 0xff, 0xfb, 0x0, 0x0, 0x0,
    0x3f, 0xff, 0xf0, 0x0, 0xaf, 0xff, 0xc9, 0x99,
    0x99, 0x9b, 0xff, 0xfd, 0x99, 0x99, 0x99, 0xaf,
    0xff, 0xf9, 0x93, 0xaf, 0xff, 0xff, 0xff, 0xff,
    0xff, 0xff, 0xff, 0xff, 0xff, 0xff, 0xff, 0xff,
    0xff, 0xf5, 0xaf, 0xff, 0xff, 0xff, 0xff, 0xff,
    0xff, 0xff, 0xff, 0xff, 0xff, 0xff, 0xff, 0xff,
    0xf5, 0xaf, 0xff, 0xff, 0xff, 0xff, 0xff, 0xff,
    0xff, 0xff, 0xff, 0xff, 0xff, 0xff, 0xff, 0xf5,
    0x0, 0x0, 0x0, 0x0, 0x0, 0x0, 0x0, 0x0,
    0x0, 0x0, 0x0, 0x0, 0xb, 0xff, 0xf5, 0x0,
    0x0, 0x0, 0x0, 0x0, 0x0, 0x0, 0x0, 0x0,
    0x0, 0x0, 0x0, 0xb, 0xff, 0xf4, 0x0, 0x0,
    0x0, 0x0, 0x0, 0x0, 0x0, 0x0, 0x0, 0x0,
    0x0, 0x0, 0xb, 0xff, 0xf4, 0x0, 0x0, 0x0,
    0x0, 0x0, 0x0, 0x0, 0x0, 0x0, 0x0, 0x0,
    0x0, 0xb, 0xff, 0xf4, 0x0, 0x0, 0x0, 0x0,
    0x0, 0x0, 0x0, 0x0, 0x0, 0x0, 0x0, 0x0,
    0xb, 0xff, 0xf4,

    /* U+042A "Ъ" */
    0xbf, 0xff, 0xff, 0xff, 0xff, 0xe0, 0x0, 0x0,
    0x0, 0x0, 0x0, 0x0, 0xb, 0xff, 0xff, 0xff,
    0xff, 0xfe, 0x0, 0x0, 0x0, 0x0, 0x0, 0x0,
    0x0, 0xbf, 0xff, 0xff, 0xff, 0xff, 0xe0, 0x0,
    0x0, 0x0, 0x0, 0x0, 0x0, 0x5, 0x88, 0x88,
    0x8a, 0xff, 0xfe, 0x0, 0x0, 0x0, 0x0, 0x0,
    0x0, 0x0, 0x0, 0x0, 0x0, 0x5f, 0xff, 0xe0,
    0x0, 0x0, 0x0, 0x0, 0x0, 0x0, 0x0, 0x0,
    0x0, 0x5, 0xff, 0xfe, 0x0, 0x0, 0x0, 0x0,
    0x0, 0x0, 0x0, 0x0, 0x0, 0x0, 0x5f, 0xff,
    0xe0, 0x0, 0x0, 0x0, 0x0, 0x0, 0x0, 0x0,
    0x0, 0x0, 0x5, 0xff, 0xfe, 0x0, 0x0, 0x0,
    0x0, 0x0, 0x0, 0x0, 0x0, 0x0, 0x0, 0x5f,
    0xff, 0xe0, 0x0, 0x0, 0x0, 0x0, 0x0, 0x0,
    0x0, 0x0, 0x0, 0x5, 0xff, 0xff, 0xff, 0xff,
    0xfe, 0xd9, 0x40, 0x0, 0x0, 0x0, 0x0, 0x0,
    0x5f, 0xff, 0xff, 0xff, 0xff, 0xff, 0xff, 0xc2,
    0x0, 0x0, 0x0, 0x0, 0x5, 0xff, 0xff, 0xff,
    0xff, 0xff, 0xff, 0xff, 0xf3, 0x0, 0x0, 0x0,
    0x0, 0x5f, 0xff, 0xe7, 0x77, 0x77, 0x8d, 0xff,
    0xff, 0xe1, 0x0, 0x0, 0x0, 0x5, 0xff, 0xfe,
    0x0, 0x0, 0x0, 0x5, 0xff, 0xff, 0x70, 0x0,
    0x0, 0x0, 0x5f, 0xff, 0xe0, 0x0, 0x0, 0x0,
    0x8, 0xff, 0xfc, 0x0, 0x0, 0x0, 0x5, 0xff,
    0xfe, 0x0, 0x0, 0x0, 0x0, 0x3f, 0xff, 0xf0,
    0x0, 0x0, 0x0, 0x5f, 0xff, 0xe0, 0x0, 0x0,
    0x0, 0x2, 0xff, 0xff, 0x0, 0x0, 0x0, 0x5,
    0xff, 0xfe, 0x0, 0x0, 0x0, 0x0, 0x4f, 0xff,
    0xf0, 0x0, 0x0, 0x0, 0x5f, 0xff, 0xe0, 0x0,
    0x0, 0x0, 0x9, 0xff, 0xfc, 0x0, 0x0, 0x0,
    0x5, 0xff, 0xfe, 0x0, 0x0, 0x0, 0x7, 0xff,
    0xff, 0x70, 0x0, 0x0, 0x0, 0x5f, 0xff, 0xf8,
    0x88, 0x88, 0x9d, 0xff, 0xff, 0xd0, 0x0, 0x0,
    0x0, 0x5, 0xff, 0xff, 0xff, 0xff, 0xff, 0xff,
    0xff, 0xf2, 0x0, 0x0, 0x0, 0x0, 0x5f, 0xff,
    0xff, 0xff, 0xff, 0xff, 0xff, 0xc2, 0x0, 0x0,
    0x0, 0x0, 0x5, 0xff, 0xff, 0xff, 0xff, 0xfe,
    0xc9, 0x40, 0x0, 0x0,

    /* U+042B "Ы" */
    0xaf, 0xff, 0x80, 0x0, 0x0, 0x0, 0x0, 0x0,
    0x0, 0x0, 0x8f, 0xff, 0xaa, 0xff, 0xf8, 0x0,
    0x0, 0x0, 0x0, 0x0, 0x0, 0x0, 0x8, 0xff,
    0xfa, 0xaf, 0xff, 0x80, 0x0, 0x0, 0x0, 0x0,
    0x0, 0x0, 0x0, 0x8f, 0xff, 0xaa, 0xff, 0xf8,
    0x0, 0x0, 0x0, 0x0, 0x0, 0x0, 0x0, 0x8,
    0xff, 0xfa, 0xaf, 0xff, 0x80, 0x0, 0x0, 0x0,
    0x0, 0x0, 0x0, 0x0, 0x8f, 0xff, 0xaa, 0xff,
    0xf8, 0x0, 0x0, 0x0, 0x0, 0x0, 0x0, 0x0,
    0x8, 0xff, 0xfa, 0xaf, 0xff, 0x80, 0x0, 0x0,
    0x0, 0x0, 0x0, 0x0, 0x0, 0x8f, 0xff, 0xaa,
    0xff, 0xf8, 0x0, 0x0, 0x0, 0x0, 0x0, 0x0,
    0x0, 0x8, 0xff, 0xfa, 0xaf, 0xff, 0x80, 0x0,
    0x0, 0x0, 0x0, 0x0, 0x0, 0x0, 0x8f, 0xff,
    0xaa, 0xff, 0xff, 0xff, 0xff, 0xfd, 0xc7, 0x20,
    0x0, 0x0, 0x8, 0xff, 0xfa, 0xaf, 0xff, 0xff,
    0xff, 0xff, 0xff, 0xff, 0x90, 0x0, 0x0, 0x8f,
    0xff, 0xaa, 0xff, 0xff, 0xff, 0xff, 0xff, 0xff,
    0xff, 0xc0, 0x0, 0x8, 0xff, 0xfa, 0xaf, 0xff,
    0xb7, 0x77, 0x77, 0x9e, 0xff, 0xff, 0x90, 0x0,
    0x8f, 0xff, 0xaa, 0xff, 0xf8, 0x0, 0x0, 0x0,
    0xa, 0xff, 0xff, 0x20, 0x8, 0xff, 0xfa, 0xaf,
    0xff, 0x80, 0x0, 0x0, 0x0, 0xd, 0xff, 0xf7,
    0x0, 0x8f, 0xff, 0xaa, 0xff, 0xf8, 0x0, 0x0,
    0x0, 0x0, 0x9f, 0xff, 0x90, 0x8, 0xff, 0xfa,
    0xaf, 0xff, 0x80, 0x0, 0x0, 0x0, 0x7, 0xff,
    0xfa, 0x0, 0x8f, 0xff, 0xaa, 0xff, 0xf8, 0x0,
    0x0, 0x0, 0x0, 0x9f, 0xff, 0x90, 0x8, 0xff,
    0xfa, 0xaf, 0xff, 0x80, 0x0, 0x0, 0x0, 0xe,
    0xff, 0xf6, 0x0, 0x8f, 0xff, 0xaa, 0xff, 0xf8,
    0x0, 0x0, 0x0, 0x1b, 0xff, 0xff, 0x10, 0x8,
    0xff, 0xfa, 0xaf, 0xff, 0xc8, 0x88, 0x88, 0xaf,
    0xff, 0xff, 0x80, 0x0, 0x8f, 0xff, 0xaa, 0xff,
    0xff, 0xff, 0xff, 0xff, 0xff, 0xff, 0xb0, 0x0,
    0x8, 0xff, 0xfa, 0xaf, 0xff, 0xff, 0xff, 0xff,
    0xff, 0xff, 0x80, 0x0, 0x0, 0x8f, 0xff, 0xaa,
    0xff, 0xff, 0xff, 0xff, 0xfd, 0xc7, 0x20, 0x0,
    0x0, 0x8, 0xff, 0xfa,

    /* U+042C "Ь" */
    0xaf, 0xff, 0x80, 0x0, 0x0, 0x0, 0x0, 0x0,
    0x0, 0xaf, 0xff, 0x80, 0x0, 0x0, 0x0, 0x0,
    0x0, 0x0, 0xaf, 0xff, 0x80, 0x0, 0x0, 0x0,
    0x0, 0x0, 0x0, 0xaf, 0xff, 0x80, 0x0, 0x0,
    0x0, 0x0, 0x0, 0x0, 0xaf, 0xff, 0x80, 0x0,
    0x0, 0x0, 0x0, 0x0, 0x0, 0xaf, 0xff, 0x80,
    0x0, 0x0, 0x0, 0x0, 0x0, 0x0, 0xaf, 0xff,
    0x80, 0x0, 0x0, 0x0, 0x0, 0x0, 0x0, 0xaf,
    0xff, 0x80, 0x0, 0x0, 0x0, 0x0, 0x0, 0x0,
    0xaf, 0xff, 0x80, 0x0, 0x0, 0x0, 0x0, 0x0,
    0x0, 0xaf, 0xff, 0xff, 0xff, 0xff, 0xdc, 0x72,
    0x0, 0x0, 0xaf, 0xff, 0xff, 0xff, 0xff, 0xff,
    0xff, 0x90, 0x0, 0xaf, 0xff, 0xff, 0xff, 0xff,
    0xff, 0xff, 0xfc, 0x0, 0xaf, 0xff, 0xb7, 0x77,
    0x77, 0x9e, 0xff, 0xff, 0x90, 0xaf, 0xff, 0x80,
    0x0, 0x0, 0x0, 0xaf, 0xff, 0xf2, 0xaf, 0xff,
    0x80, 0x0, 0x0, 0x0, 0xd, 0xff, 0xf7, 0xaf,
    0xff, 0x80, 0x0, 0x0, 0x0, 0x9, 0xff, 0xf9,
    0xaf, 0xff, 0x80, 0x0, 0x0, 0x0, 0x7, 0xff,
    0xfa, 0xaf, 0xff, 0x80, 0x0, 0x0, 0x0, 0x9,
    0xff, 0xf9, 0xaf, 0xff, 0x80, 0x0, 0x0, 0x0,
    0xe, 0xff, 0xf6, 0xaf, 0xff, 0x80, 0x0, 0x0,
    0x1, 0xbf, 0xff, 0xf1, 0xaf, 0xff, 0xc8, 0x88,
    0x88, 0xaf, 0xff, 0xff, 0x80, 0xaf, 0xff, 0xff,
    0xff, 0xff, 0xff, 0xff, 0xfb, 0x0, 0xaf, 0xff,
    0xff, 0xff, 0xff, 0xff, 0xff, 0x80, 0x0, 0xaf,
    0xff, 0xff, 0xff, 0xff, 0xdc, 0x72, 0x0, 0x0,

    /* U+042D "Э" */
    0x0, 0x0, 0x0, 0x5a, 0xde, 0xfe, 0xc8, 0x20,
    0x0, 0x0, 0x0, 0x0, 0x5, 0xef, 0xff, 0xff,
    0xff, 0xff, 0xb1, 0x0, 0x0, 0x0, 0x9, 0xff,
    0xff, 0xff, 0xff, 0xff, 0xff, 0xe3, 0x0, 0x0,
    0x8, 0xff, 0xff, 0xff, 0xdd, 0xef, 0xff, 0xff,
    0xf3, 0x0, 0x3, 0xff, 0xff, 0xe6, 0x0, 0x0,
    0x2a, 0xff, 0xff, 0xd0, 0x0, 0xcf, 0xff, 0xd1,
    0x0, 0x0, 0x0, 0x6, 0xff, 0xff, 0x80, 0x1f,
    0xff, 0xf3, 0x0, 0x0, 0x0, 0x0, 0x9, 0xff,
    0xfe, 0x5, 0xff, 0xfd, 0x0, 0x0, 0x0, 0x0,
    0x0, 0x1f, 0xff, 0xf5, 0x0, 0x0, 0x0, 0x0,
    0x0, 0x0, 0x0, 0x0, 0xbf, 0xff, 0x90, 0x0,
    0x0, 0x0, 0x0, 0x0, 0x0, 0x0, 0x7, 0xff,
    0xfc, 0x0, 0x0, 0x0, 0x0, 0xff, 0xff, 0xff,
    0xff, 0xff, 0xff, 0xe0, 0x0, 0x0, 0x0, 0xf,
    0xff, 0xff, 0xff, 0xff, 0xff, 0xfe, 0x0, 0x0,
    0x0, 0x0, 0xff, 0xff, 0xff, 0xff, 0xff, 0xff,
    0xe0, 0x0, 0x0, 0x0, 0x8, 0x88, 0x88, 0x88,
    0x8a, 0xff, 0xfe, 0x0, 0x0, 0x0, 0x0, 0x0,
    0x0, 0x0, 0x0, 0x7f, 0xff, 0xc1, 0x22, 0x21,
    0x0, 0x0, 0x0, 0x0, 0x0, 0xb, 0xff, 0xf9,
    0x5f, 0xff, 0xd0, 0x0, 0x0, 0x0, 0x0, 0x1,
    0xff, 0xff, 0x51, 0xff, 0xff, 0x40, 0x0, 0x0,
    0x0, 0x0, 0x9f, 0xff, 0xe0, 0xb, 0xff, 0xfd,
    0x10, 0x0, 0x0, 0x0, 0x6f, 0xff, 0xf8, 0x0,
    0x2f, 0xff, 0xfe, 0x60, 0x0, 0x2, 0x9f, 0xff,
    0xfe, 0x0, 0x0, 0x7f, 0xff, 0xff, 0xfd, 0xce,
    0xff, 0xff, 0xff, 0x30, 0x0, 0x0, 0x8f, 0xff,
    0xff, 0xff, 0xff, 0xff, 0xff, 0x40, 0x0, 0x0,
    0x0, 0x4e, 0xff, 0xff, 0xff, 0xff, 0xfb, 0x20,
    0x0, 0x0, 0x0, 0x0, 0x5, 0xad, 0xff, 0xec,
    0x83, 0x0, 0x0, 0x0,

    /* U+042E "Ю" */
    0xaf, 0xff, 0x80, 0x0, 0x0, 0x0, 0x0, 0x28,
    0xce, 0xff, 0xda, 0x50, 0x0, 0x0, 0x0, 0xaf,
    0xff, 0x80, 0x0, 0x0, 0x0, 0x1b, 0xff, 0xff,
    0xff, 0xff, 0xfe, 0x50, 0x0, 0x0, 0xaf, 0xff,
    0x80, 0x0, 0x0, 0x4, 0xef, 0xff, 0xff, 0xff,
    0xff, 0xff, 0xfa, 0x0, 0x0, 0xaf, 0xff, 0x80,
    0x0, 0x0, 0x3f, 0xff, 0xff, 0xff, 0xde, 0xff,
    0xff, 0xff, 0xa0, 0x0, 0xaf, 0xff, 0x80, 0x0,
    0x0, 0xef, 0xff, 0xfb, 0x30, 0x0, 0x17, 0xef,
    0xff, 0xf6, 0x0, 0xaf, 0xff, 0x80, 0x0, 0x8,
    0xff, 0xff, 0x80, 0x0, 0x0, 0x0, 0x2d, 0xff,
    0xfe, 0x10, 0xaf, 0xff, 0x80, 0x0, 0xf, 0xff,
    0xfb, 0x0, 0x0, 0x0, 0x0, 0x3, 0xff, 0xff,
    0x70, 0xaf, 0xff, 0x80, 0x0, 0x5f, 0xff, 0xf2,
    0x0, 0x0, 0x0, 0x0, 0x0, 0x9f, 0xff, 0xc0,
    0xaf, 0xff, 0x80, 0x0, 0x9f, 0xff, 0xc0, 0x0,
    0x0, 0x0, 0x0, 0x0, 0x3f, 0xff, 0xf1, 0xaf,
    0xff, 0x80, 0x0, 0xcf, 0xff, 0x80, 0x0, 0x0,
    0x0, 0x0, 0x0, 0xf, 0xff, 0xf4, 0xaf, 0xff,
    0xff, 0xff, 0xff, 0xff, 0x50, 0x0, 0x0, 0x0,
    0x0, 0x0, 0xd, 0xff, 0xf6, 0xaf, 0xff, 0xff,
    0xff, 0xff, 0xff, 0x40, 0x0, 0x0, 0x0, 0x0,
    0x0, 0xc, 0xff, 0xf6, 0xaf, 0xff, 0xff, 0xff,
    0xff, 0xff, 0x40, 0x0, 0x0, 0x0, 0x0, 0x0,
    0xc, 0xff, 0xf6, 0xaf, 0xff, 0xb5, 0x55, 0xdf,
    0xff, 0x50, 0x0, 0x0, 0x0, 0x0, 0x0, 0xd,
    0xff, 0xf6, 0xaf, 0xff, 0x80, 0x0, 0xbf, 0xff,
    0x80, 0x0, 0x0, 0x0, 0x0, 0x0, 0xf, 0xff,
    0xf4, 0xaf, 0xff, 0x80, 0x0, 0x8f, 0xff, 0xc0,
    0x0, 0x0, 0x0, 0x0, 0x0, 0x3f, 0xff, 0xf1,
    0xaf, 0xff, 0x80, 0x0, 0x4f, 0xff, 0xf2, 0x0,
    0x0, 0x0, 0x0, 0x0, 0x9f, 0xff, 0xd0, 0xaf,
    0xff, 0x80, 0x0, 0xe, 0xff, 0xfb, 0x0, 0x0,
    0x0, 0x0, 0x2, 0xff, 0xff, 0x70, 0xaf, 0xff,
    0x80, 0x0, 0x7, 0xff, 0xff, 0x80, 0x0, 0x0,
    0x0, 0x2d, 0xff, 0xfe, 0x10, 0xaf, 0xff, 0x80,
    0x0, 0x0, 0xdf, 0xff, 0xfb, 0x30, 0x0, 0x16,
    0xef, 0xff, 0xf6, 0x0, 0xaf, 0xff, 0x80, 0x0,
    0x0, 0x2e, 0xff, 0xff, 0xfe, 0xdd, 0xff, 0xff,
    0xff, 0xa0, 0x0, 0xaf, 0xff, 0x80, 0x0, 0x0,
    0x3, 0xef, 0xff, 0xff, 0xff, 0xff, 0xff, 0xfa,
    0x0, 0x0, 0xaf, 0xff, 0x80, 0x0, 0x0, 0x0,
    0x1a, 0xff, 0xff, 0xff, 0xff, 0xfe, 0x60, 0x0,
    0x0, 0xaf, 0xff, 0x80, 0x0, 0x0, 0x0, 0x0,
    0x28, 0xce, 0xff, 0xda, 0x50, 0x0, 0x0, 0x0,

    /* U+042F "Я" */
    0x0, 0x0, 0x1, 0x7c, 0xef, 0xff, 0xff, 0xff,
    0xff, 0x80, 0x0, 0x7, 0xff, 0xff, 0xff, 0xff,
    0xff, 0xff, 0xf8, 0x0, 0x8, 0xff, 0xff, 0xff,
    0xff, 0xff, 0xff, 0xff, 0x80, 0x4, 0xff, 0xff,
    0xfd, 0xa9, 0x99, 0x9d, 0xff, 0xf8, 0x0, 0xcf,
    0xff, 0xf4, 0x0, 0x0, 0x0, 0xaf, 0xff, 0x80,
    0x1f, 0xff, 0xf6, 0x0, 0x0, 0x0, 0xa, 0xff,
    0xf8, 0x4, 0xff, 0xff, 0x0, 0x0, 0x0, 0x0,
    0xaf, 0xff, 0x80, 0x5f, 0xff, 0xe0, 0x0, 0x0,
    0x0, 0xa, 0xff, 0xf8, 0x5, 0xff, 0xff, 0x0,
    0x0, 0x0, 0x0, 0xaf, 0xff, 0x80, 0x3f, 0xff,
    0xf2, 0x0, 0x0, 0x0, 0xa, 0xff, 0xf8, 0x0,
    0xff, 0xff, 0xa0, 0x0, 0x0, 0x0, 0xaf, 0xff,
    0x80, 0xa, 0xff, 0xff, 0xb4, 0x10, 0x0, 0xa,
    0xff, 0xf8, 0x0, 0x1e, 0xff, 0xff, 0xff, 0xff,
    0xff, 0xff, 0xff, 0x80, 0x0, 0x3e, 0xff, 0xff,
    0xff, 0xff, 0xff, 0xff, 0xf8, 0x0, 0x0, 0x1a,
    0xff, 0xff, 0xff, 0xff, 0xff, 0xff, 0x80, 0x0,
    0x0, 0x9f, 0xff, 0xf8, 0x88, 0x8d, 0xff, 0xf8,
    0x0, 0x0, 0x2f, 0xff, 0xf7, 0x0, 0x0, 0xaf,
    0xff, 0x80, 0x0, 0xa, 0xff, 0xfe, 0x0, 0x0,
    0xa, 0xff, 0xf8, 0x0, 0x3, 0xff, 0xff, 0x60,
    0x0, 0x0, 0xaf, 0xff, 0x80, 0x0, 0xcf, 0xff,
    0xd0, 0x0, 0x0, 0xa, 0xff, 0xf8, 0x0, 0x5f,
    0xff, 0xf5, 0x0, 0x0, 0x0, 0xaf, 0xff, 0x80,
    0xd, 0xff, 0xfc, 0x0, 0x0, 0x0, 0xa, 0xff,
    0xf8, 0x6, 0xff, 0xff, 0x30, 0x0, 0x0, 0x0,
    0xaf, 0xff, 0x80, 0xef, 0xff, 0xb0, 0x0, 0x0,
    0x0, 0xa, 0xff, 0xf8,

    /* U+0430 "а" */
    0x0, 0x0, 0x5a, 0xdf, 0xfe, 0xb6, 0x0, 0x0,
    0x0, 0x3d, 0xff, 0xff, 0xff, 0xff, 0xe3, 0x0,
    0x3, 0xff, 0xff, 0xff, 0xff, 0xff, 0xff, 0x20,
    0xc, 0xff, 0xfe, 0x74, 0x37, 0xef, 0xff, 0xb0,
    0x1c, 0xff, 0xe2, 0x0, 0x0, 0x3f, 0xff, 0xf0,
    0x0, 0x2, 0x20, 0x0, 0x0, 0xe, 0xff, 0xf2,
    0x0, 0x0, 0x0, 0x0, 0x0, 0x1f, 0xff, 0xf3,
    0x0, 0x0, 0x14, 0x79, 0xbd, 0xff, 0xff, 0xf3,
    0x0, 0x4c, 0xff, 0xff, 0xff, 0xff, 0xff, 0xf3,
    0x8, 0xff, 0xff, 0xff, 0xfd, 0x9e, 0xff, 0xf3,
    0x4f, 0xff, 0xfb, 0x52, 0x0, 0xd, 0xff, 0xf3,
    0xaf, 0xff, 0x80, 0x0, 0x0, 0xd, 0xff, 0xf3,
    0xcf, 0xff, 0x20, 0x0, 0x0, 0x1f, 0xff, 0xf3,
    0xbf, 0xff, 0x50, 0x0, 0x0, 0x9f, 0xff, 0xf3,
    0x8f, 0xff, 0xe6, 0x21, 0x4b, 0xff, 0xff, 0xf3,
    0x1f, 0xff, 0xff, 0xff, 0xff, 0xec, 0xff, 0xf3,
    0x4, 0xff, 0xff, 0xff, 0xfe, 0x3a, 0xff, 0xf3,
    0x0, 0x18, 0xdf, 0xfd, 0x81, 0xa, 0xff, 0xf3,

    /* U+0431 "б" */
    0x0, 0x0, 0x0, 0x0, 0x0, 0x0, 0x6f, 0xfe,
    0x0, 0x0, 0x0, 0x0, 0x0, 0x12, 0x4d, 0xff,
    0xc0, 0x0, 0x0, 0x5, 0xae, 0xff, 0xff, 0xff,
    0xf6, 0x0, 0x0, 0x2c, 0xff, 0xff, 0xff, 0xff,
    0xf9, 0x0, 0x0, 0x2e, 0xff, 0xff, 0xff, 0xdb,
    0x83, 0x0, 0x0, 0xc, 0xff, 0xfc, 0x51, 0x0,
    0x0, 0x0, 0x0, 0x5, 0xff, 0xf7, 0x0, 0x0,
    0x0, 0x0, 0x0, 0x0, 0xbf, 0xfa, 0x0, 0x5b,
    0xef, 0xd8, 0x10, 0x0, 0xf, 0xff, 0x21, 0xcf,
    0xff, 0xff, 0xfe, 0x30, 0x3, 0xff, 0xe1, 0xef,
    0xff, 0xff, 0xff, 0xff, 0x20, 0x6f, 0xfb, 0xcf,
    0xb3, 0x1, 0x5e, 0xff, 0xfc, 0x7, 0xff, 0xef,
    0xa0, 0x0, 0x0, 0x2f, 0xff, 0xf3, 0x9f, 0xff,
    0xf0, 0x0, 0x0, 0x0, 0x8f, 0xff, 0x99, 0xff,
    0xfa, 0x0, 0x0, 0x0, 0x3, 0xff, 0xfc, 0x9f,
    0xff, 0x70, 0x0, 0x0, 0x0, 0x1f, 0xff, 0xe9,
    0xff, 0xf6, 0x0, 0x0, 0x0, 0x1, 0xff, 0xfe,
    0x7f, 0xff, 0x70, 0x0, 0x0, 0x0, 0x2f, 0xff,
    0xd4, 0xff, 0xfa, 0x0, 0x0, 0x0, 0x5, 0xff,
    0xfa, 0xf, 0xff, 0xf1, 0x0, 0x0, 0x0, 0xbf,
    0xff, 0x60, 0x9f, 0xff, 0xc0, 0x0, 0x0, 0x6f,
    0xff, 0xe0, 0x1, 0xef, 0xff, 0xe7, 0x56, 0xaf,
    0xff, 0xf5, 0x0, 0x4, 0xff, 0xff, 0xff, 0xff,
    0xff, 0xf9, 0x0, 0x0, 0x3, 0xef, 0xff, 0xff,
    0xff, 0xf6, 0x0, 0x0, 0x0, 0x0, 0x6b, 0xef,
    0xfc, 0x82, 0x0, 0x0,

    /* U+0432 "в" */
    0xdf, 0xff, 0xff, 0xff, 0xfd, 0x93, 0x0, 0x0,
    0xdf, 0xff, 0xff, 0xff, 0xff, 0xff, 0x90, 0x0,
    0xdf, 0xff, 0xff, 0xff, 0xff, 0xff, 0xf8, 0x0,
    0xdf, 0xff, 0x55, 0x55, 0x7d, 0xff, 0xff, 0x0,
    0xdf, 0xff, 0x0, 0x0, 0x1, 0xef, 0xff, 0x10,
    0xdf, 0xff, 0x0, 0x0, 0x0, 0xcf, 0xff, 0x0,
    0xdf, 0xff, 0x0, 0x0, 0x4, 0xff, 0xf9, 0x0,
    0xdf, 0xff, 0xbb, 0xbb, 0xdf, 0xff, 0x90, 0x0,
    0xdf, 0xff, 0xff, 0xff, 0xff, 0xe7, 0x0, 0x0,
    0xdf, 0xff, 0xff, 0xff, 0xff, 0xff, 0xe5, 0x0,
    0xdf, 0xff, 0x0, 0x0, 0x2, 0xcf, 0xff, 0x30,
    0xdf, 0xff, 0x0, 0x0, 0x0, 0x2f, 0xff, 0xb0,
    0xdf, 0xff, 0x0, 0x0, 0x0, 0xf, 0xff, 0xf0,
    0xdf, 0xff, 0x0, 0x0, 0x0, 0x3f, 0xff, 0xf0,
    0xdf, 0xff, 0x44, 0x44, 0x46, 0xef, 0xff, 0xc0,
    0xdf, 0xff, 0xff, 0xff, 0xff, 0xff, 0xff, 0x50,
    0xdf, 0xff, 0xff, 0xff, 0xff, 0xff, 0xf7, 0x0,
    0xdf, 0xff, 0xff, 0xff, 0xff, 0xd9, 0x20, 0x0,

    /* U+0433 "г" */
    0xdf, 0xff, 0xff, 0xff, 0xff, 0xfb, 0xdf, 0xff,
    0xff, 0xff, 0xff, 0xfb, 0xdf, 0xff, 0xff, 0xff,
    0xff, 0xfb, 0xdf, 0xff, 0x86, 0x66, 0x66, 0x64,
    0xdf, 0xff, 0x30, 0x0, 0x0, 0x0, 0xdf, 0xff,
    0x30, 0x0, 0x0, 0x0, 0xdf, 0xff, 0x30, 0x0,
    0x0, 0x0, 0xdf, 0xff, 0x30, 0x0, 0x0, 0x0,
    0xdf, 0xff, 0x30, 0x0, 0x0, 0x0, 0xdf, 0xff,
    0x30, 0x0, 0x0, 0x0, 0xdf, 0xff, 0x30, 0x0,
    0x0, 0x0, 0xdf, 0xff, 0x30, 0x0, 0x0, 0x0,
    0xdf, 0xff, 0x30, 0x0, 0x0, 0x0, 0xdf, 0xff,
    0x30, 0x0, 0x0, 0x0, 0xdf, 0xff, 0x30, 0x0,
    0x0, 0x0, 0xdf, 0xff, 0x30, 0x0, 0x0, 0x0,
    0xdf, 0xff, 0x30, 0x0, 0x0, 0x0, 0xdf, 0xff,
    0x30, 0x0, 0x0, 0x0,

    /* U+0434 "д" */
    0x0, 0x0, 0x4f, 0xff, 0xff, 0xff, 0xff, 0xff,
    0xf5, 0x0, 0x0, 0x0, 0x5, 0xff, 0xff, 0xff,
    0xff, 0xff, 0xff, 0x50, 0x0, 0x0, 0x0, 0x7f,
    0xff, 0xff, 0xff, 0xff, 0xff, 0xf5, 0x0, 0x0,
    0x0, 0x8, 0xff, 0xf8, 0x55, 0x55, 0xbf, 0xff,
    0x50, 0x0, 0x0, 0x0, 0x9f, 0xff, 0x20, 0x0,
    0x8, 0xff, 0xf5, 0x0, 0x0, 0x0, 0xa, 0xff,
    0xf1, 0x0, 0x0, 0x8f, 0xff, 0x50, 0x0, 0x0,
    0x0, 0xcf, 0xff, 0x0, 0x0, 0x8, 0xff, 0xf5,
    0x0, 0x0, 0x0, 0xd, 0xff, 0xe0, 0x0, 0x0,
    0x8f, 0xff, 0x50, 0x0, 0x0, 0x0, 0xff, 0xfd,
    0x0, 0x0, 0x8, 0xff, 0xf5, 0x0, 0x0, 0x0,
    0x1f, 0xff, 0xb0, 0x0, 0x0, 0x8f, 0xff, 0x50,
    0x0, 0x0, 0x4, 0xff, 0xf8, 0x0, 0x0, 0x8,
    0xff, 0xf5, 0x0, 0x0, 0x0, 0x6f, 0xff, 0x50,
    0x0, 0x0, 0x8f, 0xff, 0x50, 0x0, 0x0, 0xb,
    0xff, 0xf1, 0x0, 0x0, 0x8, 0xff, 0xf5, 0x0,
    0x0, 0x2, 0xff, 0xfb, 0x0, 0x0, 0x0, 0x8f,
    0xff, 0x50, 0x0, 0x26, 0xdf, 0xff, 0x96, 0x66,
    0x66, 0x6b, 0xff, 0xf9, 0x66, 0x6, 0xff, 0xff,
    0xff, 0xff, 0xff, 0xff, 0xff, 0xff, 0xff, 0xf0,
    0x6f, 0xff, 0xff, 0xff, 0xff, 0xff, 0xff, 0xff,
    0xff, 0xff, 0x6, 0xff, 0xff, 0xff, 0xff, 0xff,
    0xff, 0xff, 0xff, 0xff, 0xf0, 0x6f, 0xff, 0xa0,
    0x0, 0x0, 0x0, 0x0, 0x0, 0xef, 0xff, 0x6,
    0xff, 0xfa, 0x0, 0x0, 0x0, 0x0, 0x0, 0xe,
    0xff, 0xf0, 0x6f, 0xff, 0xa0, 0x0, 0x0, 0x0,
    0x0, 0x0, 0xef, 0xff, 0x6, 0xff, 0xfa, 0x0,
    0x0, 0x0, 0x0, 0x0, 0xe, 0xff, 0xf0, 0x6f,
    0xff, 0xa0, 0x0, 0x0, 0x0, 0x0, 0x0, 0xef,
    0xff, 0x1, 0x22, 0x21, 0x0, 0x0, 0x0, 0x0,
    0x0, 0x2, 0x22, 0x20,

    /* U+0435 "е" */
    0x0, 0x0, 0x7, 0xbe, 0xfe, 0xc7, 0x10, 0x0,
    0x0, 0x0, 0x3e, 0xff, 0xff, 0xff, 0xff, 0x60,
    0x0, 0x0, 0x5f, 0xff, 0xff, 0xff, 0xff, 0xff,
    0x80, 0x0, 0x1f, 0xff, 0xfc, 0x64, 0x5a, 0xff,
    0xff, 0x50, 0xa, 0xff, 0xf9, 0x0, 0x0, 0x6,
    0xff, 0xfd, 0x0, 0xff, 0xfd, 0x0, 0x0, 0x0,
    0xc, 0xff, 0xf3, 0x5f, 0xff, 0x90, 0x0, 0x0,
    0x0, 0x7f, 0xff, 0x67, 0xff, 0xff, 0xff, 0xff,
    0xff, 0xff, 0xff, 0xf8, 0x8f, 0xff, 0xff, 0xff,
    0xff, 0xff, 0xff, 0xff, 0x99, 0xff, 0xfe, 0xdd,
    0xdd, 0xdd, 0xdd, 0xdd, 0xd7, 0x8f, 0xff, 0x80,
    0x0, 0x0, 0x0, 0x0, 0x0, 0x5, 0xff, 0xfa,
    0x0, 0x0, 0x0, 0x0, 0x0, 0x0, 0x1f, 0xff,
    0xf1, 0x0, 0x0, 0x0, 0x56, 0x20, 0x0, 0xbf,
    0xff, 0xb0, 0x0, 0x0, 0x2e, 0xff, 0xf2, 0x2,
    0xff, 0xff, 0xd7, 0x44, 0x8f, 0xff, 0xfc, 0x0,
    0x5, 0xff, 0xff, 0xff, 0xff, 0xff, 0xfe, 0x20,
    0x0, 0x4, 0xef, 0xff, 0xff, 0xff, 0xfc, 0x20,
    0x0, 0x0, 0x0, 0x6b, 0xef, 0xfd, 0xa5, 0x0,
    0x0,

    /* U+0436 "ж" */
    0xc, 0xff, 0xfd, 0x0, 0x0, 0x7, 0xff, 0xf9,
    0x0, 0x0, 0xc, 0xff, 0xfd, 0x0, 0x2f, 0xff,
    0xf8, 0x0, 0x0, 0x7f, 0xff, 0x90, 0x0, 0x7,
    0xff, 0xff, 0x30, 0x0, 0x6f, 0xff, 0xf2, 0x0,
    0x7, 0xff, 0xf9, 0x0, 0x2, 0xff, 0xff, 0x70,
    0x0, 0x0, 0xaf, 0xff, 0xc0, 0x0, 0x7f, 0xff,
    0x90, 0x0, 0xcf, 0xff, 0xc0, 0x0, 0x0, 0x1,
    0xef, 0xff, 0x70, 0x7, 0xff, 0xf9, 0x0, 0x6f,
    0xff, 0xf1, 0x0, 0x0, 0x0, 0x4, 0xff, 0xff,
    0x20, 0x7f, 0xff, 0x90, 0x1f, 0xff, 0xf5, 0x0,
    0x0, 0x0, 0x0, 0x8, 0xff, 0xfc, 0x7, 0xff,
    0xf9, 0xb, 0xff, 0xfa, 0x0, 0x0, 0x0, 0x0,
    0x0, 0xd, 0xff, 0xf9, 0xbf, 0xff, 0xb8, 0xff,
    0xfe, 0x0, 0x0, 0x0, 0x0, 0x0, 0x0, 0x2f,
    0xff, 0xff, 0xff, 0xff, 0xff, 0xff, 0x30, 0x0,
    0x0, 0x0, 0x0, 0x0, 0x2, 0xff, 0xff, 0xff,
    0xff, 0xff, 0xff, 0xf3, 0x0, 0x0, 0x0, 0x0,
    0x0, 0x0, 0xcf, 0xff, 0xff, 0xff, 0xff, 0xff,
    0xff, 0xd0, 0x0, 0x0, 0x0, 0x0, 0x0, 0x8f,
    0xff, 0xf3, 0x7f, 0xff, 0x92, 0xff, 0xff, 0xa0,
    0x0, 0x0, 0x0, 0x0, 0x4f, 0xff, 0xf8, 0x7,
    0xff, 0xf9, 0x6, 0xff, 0xff, 0x50, 0x0, 0x0,
    0x0, 0x1e, 0xff, 0xfc, 0x0, 0x7f, 0xff, 0x90,
    0xb, 0xff, 0xff, 0x20, 0x0, 0x0, 0xb, 0xff,
    0xff, 0x20, 0x7, 0xff, 0xf9, 0x0, 0x1e, 0xff,
    0xfc, 0x0, 0x0, 0x6, 0xff, 0xff, 0x50, 0x0,
    0x7f, 0xff, 0x90, 0x0, 0x4f, 0xff, 0xf8, 0x0,
    0x2, 0xff, 0xff, 0xa0, 0x0, 0x7, 0xff, 0xf9,
    0x0, 0x0, 0x9f, 0xff, 0xf3, 0x0, 0xdf, 0xff,
    0xe0, 0x0, 0x0, 0x7f, 0xff, 0x90, 0x0, 0x0,
    0xdf, 0xff, 0xe0,

    /* U+0437 "з" */
    0x0, 0x2, 0x8d, 0xef, 0xea, 0x50, 0x0, 0x0,
    0x8, 0xff, 0xff, 0xff, 0xff, 0xb0, 0x0, 0x7,
    0xff, 0xff, 0xff, 0xff, 0xff, 0xb0, 0x1, 0xff,
    0xff, 0x94, 0x38, 0xff, 0xff, 0x30, 0x4f, 0xff,
    0xa0, 0x0, 0x9, 0xff, 0xf6, 0x0, 0x11, 0x10,
    0x0, 0x0, 0x7f, 0xff, 0x50, 0x0, 0x0, 0x0,
    0x0, 0x1d, 0xff, 0xf1, 0x0, 0x0, 0x0, 0x59,
    0xbf, 0xff, 0xe4, 0x0, 0x0, 0x0, 0x8, 0xff,
    0xff, 0xa1, 0x0, 0x0, 0x0, 0x0, 0x8f, 0xff,
    0xff, 0xf7, 0x0, 0x0, 0x0, 0x0, 0x1, 0x6e,
    0xff, 0xf7, 0x0, 0x0, 0x0, 0x0, 0x0, 0x5f,
    0xff, 0xe0, 0x34, 0x44, 0x10, 0x0, 0x2, 0xff,
    0xff, 0x19, 0xff, 0xf9, 0x0, 0x0, 0x7f, 0xff,
    0xf0, 0x5f, 0xff, 0xfa, 0x55, 0x9f, 0xff, 0xfb,
    0x0, 0xbf, 0xff, 0xff, 0xff, 0xff, 0xff, 0x30,
    0x0, 0xbf, 0xff, 0xff, 0xff, 0xfe, 0x30, 0x0,
    0x0, 0x49, 0xdf, 0xfe, 0xb6, 0x0, 0x0,

    /* U+0438 "и" */
    0xdf, 0xff, 0x30, 0x0, 0x0, 0x7, 0xff, 0xf7,
    0xdf, 0xff, 0x30, 0x0, 0x0, 0x2f, 0xff, 0xf7,
    0xdf, 0xff, 0x30, 0x0, 0x0, 0xcf, 0xff, 0xf7,
    0xdf, 0xff, 0x30, 0x0, 0x7, 0xff, 0xff, 0xf7,
    0xdf, 0xff, 0x30, 0x0, 0x2f, 0xff, 0xff, 0xf7,
    0xdf, 0xff, 0x30, 0x0, 0xcf, 0xff, 0xff, 0xf7,
    0xdf, 0xff, 0x30, 0x6, 0xff, 0xfe, 0xff, 0xf7,
    0xdf, 0xff, 0x30, 0x2f, 0xff, 0x9a, 0xff, 0xf7,
    0xdf, 0xff, 0x30, 0xbf, 0xfe, 0xa, 0xff, 0xf7,
    0xdf, 0xff, 0x36, 0xff, 0xf4, 0xa, 0xff, 0xf7,
    0xdf, 0xff, 0x5f, 0xff, 0xa0, 0xa, 0xff, 0xf7,
    0xdf, 0xff, 0xef, 0xfe, 0x10, 0xa, 0xff, 0xf7,
    0xdf, 0xff, 0xff, 0xf5, 0x0, 0xa, 0xff, 0xf7,
    0xdf, 0xff, 0xff, 0xa0, 0x0, 0xa, 0xff, 0xf7,
    0xdf, 0xff, 0xfe, 0x10, 0x0, 0xa, 0xff, 0xf7,
    0xdf, 0xff, 0xf5, 0x0, 0x0, 0xa, 0xff, 0xf7,
    0xdf, 0xff, 0xa0, 0x0, 0x0, 0xa, 0xff, 0xf7,
    0xdf, 0xfe, 0x10, 0x0, 0x0, 0xa, 0xff, 0xf7,

    /* U+0439 "й" */
    0x0, 0x4f, 0xf4, 0x0, 0x0, 0xbf, 0xd0, 0x0,
    0x0, 0x1f, 0xfb, 0x0, 0x2, 0xff, 0xa0, 0x0,
    0x0, 0x9, 0xff, 0xc7, 0x9f, 0xff, 0x30, 0x0,
    0x0, 0x0, 0xcf, 0xff, 0xff, 0xf6, 0x0, 0x0,
    0x0, 0x0, 0x7, 0xdf, 0xeb, 0x30, 0x0, 0x0,
    0x0, 0x0, 0x0, 0x0, 0x0, 0x0, 0x0, 0x0,
    0x0, 0x0, 0x0, 0x0, 0x0, 0x0, 0x0, 0x0,
    0xdf, 0xff, 0x30, 0x0, 0x0, 0x7, 0xff, 0xf7,
    0xdf, 0xff, 0x30, 0x0, 0x0, 0x2f, 0xff, 0xf7,
    0xdf, 0xff, 0x30, 0x0, 0x0, 0xcf, 0xff, 0xf7,
    0xdf, 0xff, 0x30, 0x0, 0x7, 0xff, 0xff, 0xf7,
    0xdf, 0xff, 0x30, 0x0, 0x2f, 0xff, 0xff, 0xf7,
    0xdf, 0xff, 0x30, 0x0, 0xcf, 0xff, 0xff, 0xf7,
    0xdf, 0xff, 0x30, 0x6, 0xff, 0xfe, 0xff, 0xf7,
    0xdf, 0xff, 0x30, 0x2f, 0xff, 0x9a, 0xff, 0xf7,
    0xdf, 0xff, 0x30, 0xbf, 0xfe, 0xa, 0xff, 0xf7,
    0xdf, 0xff, 0x36, 0xff, 0xf4, 0xa, 0xff, 0xf7,
    0xdf, 0xff, 0x5f, 0xff, 0xa0, 0xa, 0xff, 0xf7,
    0xdf, 0xff, 0xef, 0xfe, 0x10, 0xa, 0xff, 0xf7,
    0xdf, 0xff, 0xff, 0xf5, 0x0, 0xa, 0xff, 0xf7,
    0xdf, 0xff, 0xff, 0xa0, 0x0, 0xa, 0xff, 0xf7,
    0xdf, 0xff, 0xfe, 0x10, 0x0, 0xa, 0xff, 0xf7,
    0xdf, 0xff, 0xf5, 0x0, 0x0, 0xa, 0xff, 0xf7,
    0xdf, 0xff, 0xa0, 0x0, 0x0, 0xa, 0xff, 0xf7,
    0xdf, 0xfe, 0x10, 0x0, 0x0, 0xa, 0xff, 0xf7,

    /* U+043A "к" */
    0xdf, 0xff, 0x30, 0x0, 0x0, 0x4f, 0xff, 0xf8,
    0xdf, 0xff, 0x30, 0x0, 0x1, 0xef, 0xff, 0xc0,
    0xdf, 0xff, 0x30, 0x0, 0xb, 0xff, 0xff, 0x20,
    0xdf, 0xff, 0x30, 0x0, 0x6f, 0xff, 0xf6, 0x0,
    0xdf, 0xff, 0x30, 0x2, 0xff, 0xff, 0xa0, 0x0,
    0xdf, 0xff, 0x30, 0xd, 0xff, 0xfd, 0x0, 0x0,
    0xdf, 0xff, 0x30, 0x8f, 0xff, 0xf3, 0x0, 0x0,
    0xdf, 0xff, 0x87, 0xff, 0xff, 0x70, 0x0, 0x0,
    0xdf, 0xff, 0xff, 0xff, 0xfb, 0x0, 0x0, 0x0,
    0xdf, 0xff, 0xff, 0xff, 0xfd, 0x0, 0x0, 0x0,
    0xdf, 0xff, 0xff, 0xff, 0xff, 0x90, 0x0, 0x0,
    0xdf, 0xff, 0x30, 0x7f, 0xff, 0xf4, 0x0, 0x0,
    0xdf, 0xff, 0x30, 0xb, 0xff, 0xfe, 0x10, 0x0,
    0xdf, 0xff, 0x30, 0x1, 0xef, 0xff, 0xb0, 0x0,
    0xdf, 0xff, 0x30, 0x0, 0x5f, 0xff, 0xf7, 0x0,
    0xdf, 0xff, 0x30, 0x0, 0xa, 0xff, 0xff, 0x30,
    0xdf, 0xff, 0x30, 0x0, 0x1, 0xef, 0xff, 0xd0,
    0xdf, 0xff, 0x30, 0x0, 0x0, 0x4f, 0xff, 0xf9,

    /* U+043B "л" */
    0x0, 0x2, 0xff, 0xff, 0xff, 0xff, 0xff, 0xff,
    0xd0, 0x0, 0x3f, 0xff, 0xff, 0xff, 0xff, 0xff,
    0xfd, 0x0, 0x3, 0xff, 0xff, 0xff, 0xff, 0xff,
    0xff, 0xd0, 0x0, 0x4f, 0xff, 0xd6, 0x66, 0x68,
    0xff, 0xfd, 0x0, 0x5, 0xff, 0xfa, 0x0, 0x0,
    0x3f, 0xff, 0xd0, 0x0, 0x5f, 0xff, 0xa0, 0x0,
    0x3, 0xff, 0xfd, 0x0, 0x6, 0xff, 0xf9, 0x0,
    0x0, 0x3f, 0xff, 0xd0, 0x0, 0x6f, 0xff, 0x80,
    0x0, 0x3, 0xff, 0xfd, 0x0, 0x7, 0xff, 0xf8,
    0x0, 0x0, 0x3f, 0xff, 0xd0, 0x0, 0x8f, 0xff,
    0x70, 0x0, 0x3, 0xff, 0xfd, 0x0, 0x9, 0xff,
    0xf5, 0x0, 0x0, 0x3f, 0xff, 0xd0, 0x0, 0xbf,
    0xff, 0x40, 0x0, 0x3, 0xff, 0xfd, 0x0, 0xe,
    0xff, 0xf1, 0x0, 0x0, 0x3f, 0xff, 0xd0, 0x5,
    0xff, 0xfd, 0x0, 0x0, 0x3, 0xff, 0xfd, 0x48,
    0xff, 0xff, 0x80, 0x0, 0x0, 0x3f, 0xff, 0xdb,
    0xff, 0xff, 0xf1, 0x0, 0x0, 0x3, 0xff, 0xfd,
    0xbf, 0xff, 0xf5, 0x0, 0x0, 0x0, 0x3f, 0xff,
    0xdb, 0xfe, 0xb3, 0x0, 0x0, 0x0, 0x3, 0xff,
    0xfd,

    /* U+043C "м" */
    0xdf, 0xff, 0xff, 0x80, 0x0, 0x0, 0x0, 0xf,
    0xff, 0xff, 0xf6, 0xdf, 0xff, 0xff, 0xd0, 0x0,
    0x0, 0x0, 0x6f, 0xff, 0xff, 0xf6, 0xdf, 0xff,
    0xff, 0xf3, 0x0, 0x0, 0x0, 0xbf, 0xff, 0xff,
    0xf6, 0xdf, 0xff, 0xff, 0xf9, 0x0, 0x0, 0x1,
    0xff, 0xfe, 0xff, 0xf6, 0xdf, 0xff, 0xbf, 0xff,
    0x0, 0x0, 0x7, 0xff, 0xfa, 0xff, 0xf6, 0xdf,
    0xff, 0x7f, 0xff, 0x50, 0x0, 0xc, 0xff, 0xe8,
    0xff, 0xf6, 0xdf, 0xff, 0x3f, 0xff, 0xb0, 0x0,
    0x2f, 0xff, 0xa8, 0xff, 0xf6, 0xdf, 0xff, 0x1d,
    0xff, 0xf1, 0x0, 0x8f, 0xff, 0x59, 0xff, 0xf6,
    0xdf, 0xff, 0x18, 0xff, 0xf6, 0x0, 0xdf, 0xff,
    0x9, 0xff, 0xf6, 0xdf, 0xff, 0x12, 0xff, 0xfb,
    0x2, 0xff, 0xfa, 0x9, 0xff, 0xf6, 0xdf, 0xff,
    0x10, 0xdf, 0xff, 0x6, 0xff, 0xf4, 0x9, 0xff,
    0xf6, 0xdf, 0xff, 0x20, 0x7f, 0xff, 0x3a, 0xff,
    0xe0, 0x9, 0xff, 0xf6, 0xdf, 0xff, 0x20, 0x1f,
    0xff, 0x6d, 0xff, 0x80, 0x9, 0xff, 0xf6, 0xdf,
    0xff, 0x20, 0xa, 0xff, 0xaf, 0xff, 0x20, 0x9,
    0xff, 0xf6, 0xdf, 0xff, 0x20, 0x4, 0xff, 0xff,
    0xfc, 0x0, 0x9, 0xff, 0xf6, 0xdf, 0xff, 0x20,
    0x0, 0xef, 0xff, 0xf6, 0x0, 0x9, 0xff, 0xf6,
    0xdf, 0xff, 0x20, 0x0, 0x8f, 0xff, 0xf1, 0x0,
    0x9, 0xff, 0xf6, 0xdf, 0xff, 0x20, 0x0, 0x2f,
    0xff, 0xa0, 0x0, 0x9, 0xff, 0xf6,

    /* U+043D "н" */
    0xdf, 0xff, 0x30, 0x0, 0x0, 0xb, 0xff, 0xf6,
    0xdf, 0xff, 0x30, 0x0, 0x0, 0xb, 0xff, 0xf6,
    0xdf, 0xff, 0x30, 0x0, 0x0, 0xb, 0xff, 0xf6,
    0xdf, 0xff, 0x30, 0x0, 0x0, 0xb, 0xff, 0xf6,
    0xdf, 0xff, 0x30, 0x0, 0x0, 0xb, 0xff, 0xf6,
    0xdf, 0xff, 0x30, 0x0, 0x0, 0xb, 0xff, 0xf6,
    0xdf, 0xff, 0x30, 0x0, 0x0, 0xb, 0xff, 0xf6,
    0xdf, 0xff, 0xff, 0xff, 0xff, 0xff, 0xff, 0xf6,
    0xdf, 0xff, 0xff, 0xff, 0xff, 0xff, 0xff, 0xf6,
    0xdf, 0xff, 0xff, 0xff, 0xff, 0xff, 0xff, 0xf6,
    0xdf, 0xff, 0x86, 0x66, 0x66, 0x6d, 0xff, 0xf6,
    0xdf, 0xff, 0x30, 0x0, 0x0, 0xb, 0xff, 0xf6,
    0xdf, 0xff, 0x30, 0x0, 0x0, 0xb, 0xff, 0xf6,
    0xdf, 0xff, 0x30, 0x0, 0x0, 0xb, 0xff, 0xf6,
    0xdf, 0xff, 0x30, 0x0, 0x0, 0xb, 0xff, 0xf6,
    0xdf, 0xff, 0x30, 0x0, 0x0, 0xb, 0xff, 0xf6,
    0xdf, 0xff, 0x30, 0x0, 0x0, 0xb, 0xff, 0xf6,
    0xdf, 0xff, 0x30, 0x0, 0x0, 0xb, 0xff, 0xf6,

    /* U+043E "о" */
    0x0, 0x0, 0x6, 0xbe, 0xff, 0xd9, 0x30, 0x0,
    0x0, 0x0, 0x3, 0xef, 0xff, 0xff, 0xff, 0xf9,
    0x0, 0x0, 0x0, 0x5f, 0xff, 0xff, 0xff, 0xff,
    0xff, 0xc0, 0x0, 0x1, 0xff, 0xff, 0xf9, 0x67,
    0xcf, 0xff, 0xf8, 0x0, 0xa, 0xff, 0xfe, 0x20,
    0x0, 0x8, 0xff, 0xff, 0x20, 0x1f, 0xff, 0xf4,
    0x0, 0x0, 0x0, 0xdf, 0xff, 0x80, 0x5f, 0xff,
    0xe0, 0x0, 0x0, 0x0, 0x6f, 0xff, 0xd0, 0x8f,
    0xff, 0xa0, 0x0, 0x0, 0x0, 0x2f, 0xff, 0xf0,
    0x9f, 0xff, 0x90, 0x0, 0x0, 0x0, 0x1f, 0xff,
    0xf1, 0x9f, 0xff, 0x90, 0x0, 0x0, 0x0, 0x1f,
    0xff, 0xf1, 0x8f, 0xff, 0xa0, 0x0, 0x0, 0x0,
    0x2f, 0xff, 0xf0, 0x5f, 0xff, 0xe0, 0x0, 0x0,
    0x0, 0x6f, 0xff, 0xd0, 0x1f, 0xff, 0xf4, 0x0,
    0x0, 0x0, 0xdf, 0xff, 0x80, 0xa, 0xff, 0xfe,
    0x20, 0x0, 0x8, 0xff, 0xff, 0x20, 0x1, 0xff,
    0xff, 0xf8, 0x67, 0xcf, 0xff, 0xf8, 0x0, 0x0,
    0x5f, 0xff, 0xff, 0xff, 0xff, 0xff, 0xc0, 0x0,
    0x0, 0x3, 0xef, 0xff, 0xff, 0xff, 0xf9, 0x0,
    0x0, 0x0, 0x0, 0x6, 0xbe, 0xff, 0xd9, 0x30,
    0x0, 0x0,

    /* U+043F "п" */
    0xdf, 0xff, 0xff, 0xff, 0xff, 0xff, 0xff, 0xf3,
    0xdf, 0xff, 0xff, 0xff, 0xff, 0xff, 0xff, 0xf3,
    0xdf, 0xff, 0xff, 0xff, 0xff, 0xff, 0xff, 0xf3,
    0xdf, 0xff, 0x86, 0x66, 0x66, 0x6e, 0xff, 0xf3,
    0xdf, 0xff, 0x30, 0x0, 0x0, 0xd, 0xff, 0xf3,
    0xdf, 0xff, 0x30, 0x0, 0x0, 0xd, 0xff, 0xf3,
    0xdf, 0xff, 0x30, 0x0, 0x0, 0xd, 0xff, 0xf3,
    0xdf, 0xff, 0x30, 0x0, 0x0, 0xd, 0xff, 0xf3,
    0xdf, 0xff, 0x30, 0x0, 0x0, 0xd, 0xff, 0xf3,
    0xdf, 0xff, 0x30, 0x0, 0x0, 0xd, 0xff, 0xf3,
    0xdf, 0xff, 0x30, 0x0, 0x0, 0xd, 0xff, 0xf3,
    0xdf, 0xff, 0x30, 0x0, 0x0, 0xd, 0xff, 0xf3,
    0xdf, 0xff, 0x30, 0x0, 0x0, 0xd, 0xff, 0xf3,
    0xdf, 0xff, 0x30, 0x0, 0x0, 0xd, 0xff, 0xf3,
    0xdf, 0xff, 0x30, 0x0, 0x0, 0xd, 0xff, 0xf3,
    0xdf, 0xff, 0x30, 0x0, 0x0, 0xd, 0xff, 0xf3,
    0xdf, 0xff, 0x30, 0x0, 0x0, 0xd, 0xff, 0xf3,
    0xdf, 0xff, 0x30, 0x0, 0x0, 0xd, 0xff, 0xf3,

    /* U+0440 "р" */
    0xdf, 0xff, 0x20, 0x4b, 0xef, 0xea, 0x30, 0x0,
    0xd, 0xff, 0xf2, 0x8f, 0xff, 0xff, 0xff, 0x80,
    0x0, 0xdf, 0xff, 0x7f, 0xff, 0xff, 0xff, 0xff,
    0x90, 0xd, 0xff, 0xff, 0xf9, 0x43, 0x6d, 0xff,
    0xff, 0x40, 0xdf, 0xff, 0xf6, 0x0, 0x0, 0xd,
    0xff, 0xfc, 0xd, 0xff, 0xfc, 0x0, 0x0, 0x0,
    0x4f, 0xff, 0xf1, 0xdf, 0xff, 0x60, 0x0, 0x0,
    0x0, 0xef, 0xff, 0x5d, 0xff, 0xf3, 0x0, 0x0,
    0x0, 0xa, 0xff, 0xf7, 0xdf, 0xff, 0x20, 0x0,
    0x0, 0x0, 0x9f, 0xff, 0x8d, 0xff, 0xf2, 0x0,
    0x0, 0x0, 0x9, 0xff, 0xf8, 0xdf, 0xff, 0x40,
    0x0, 0x0, 0x0, 0xbf, 0xff, 0x7d, 0xff, 0xf8,
    0x0, 0x0, 0x0, 0xf, 0xff, 0xf5, 0xdf, 0xff,
    0xe0, 0x0, 0x0, 0x6, 0xff, 0xff, 0x1d, 0xff,
    0xff, 0xa0, 0x0, 0x2, 0xef, 0xff, 0xc0, 0xdf,
    0xff, 0xff, 0xd7, 0x69, 0xff, 0xff, 0xf4, 0xd,
    0xff, 0xf7, 0xff, 0xff, 0xff, 0xff, 0xf9, 0x0,
    0xdf, 0xff, 0x37, 0xff, 0xff, 0xff, 0xf9, 0x0,
    0xd, 0xff, 0xf3, 0x3, 0xbe, 0xfe, 0xa4, 0x0,
    0x0, 0xdf, 0xff, 0x30, 0x0, 0x0, 0x0, 0x0,
    0x0, 0xd, 0xff, 0xf3, 0x0, 0x0, 0x0, 0x0,
    0x0, 0x0, 0xdf, 0xff, 0x30, 0x0, 0x0, 0x0,
    0x0, 0x0, 0xd, 0xff, 0xf3, 0x0, 0x0, 0x0,
    0x0, 0x0, 0x0, 0xdf, 0xff, 0x30, 0x0, 0x0,
    0x0, 0x0, 0x0, 0xd, 0xff, 0xf3, 0x0, 0x0,
    0x0, 0x0, 0x0, 0x0, 0xdf, 0xff, 0x30, 0x0,
    0x0, 0x0, 0x0, 0x0, 0x0,

    /* U+0441 "с" */
    0x0, 0x0, 0x6, 0xbe, 0xff, 0xd9, 0x30, 0x0,
    0x0, 0x0, 0x3e, 0xff, 0xff, 0xff, 0xff, 0x90,
    0x0, 0x0, 0x5f, 0xff, 0xff, 0xff, 0xff, 0xff,
    0xb0, 0x0, 0x1f, 0xff, 0xfe, 0x86, 0x7c, 0xff,
    0xff, 0x70, 0xa, 0xff, 0xfe, 0x10, 0x0, 0x8,
    0xff, 0xfe, 0x1, 0xff, 0xff, 0x40, 0x0, 0x0,
    0xd, 0xfe, 0xa1, 0x5f, 0xff, 0xe0, 0x0, 0x0,
    0x0, 0x21, 0x0, 0x8, 0xff, 0xfa, 0x0, 0x0,
    0x0, 0x0, 0x0, 0x0, 0x9f, 0xff, 0x80, 0x0,
    0x0, 0x0, 0x0, 0x0, 0x9, 0xff, 0xf9, 0x0,
    0x0, 0x0, 0x0, 0x0, 0x0, 0x8f, 0xff, 0xa0,
    0x0, 0x0, 0x0, 0x0, 0x0, 0x5, 0xff, 0xfe,
    0x0, 0x0, 0x0, 0x3, 0x30, 0x0, 0x1f, 0xff,
    0xf5, 0x0, 0x0, 0x0, 0xdf, 0xfc, 0x20, 0xaf,
    0xff, 0xe2, 0x0, 0x0, 0x8f, 0xff, 0xe0, 0x1,
    0xff, 0xff, 0xf9, 0x67, 0xcf, 0xff, 0xf7, 0x0,
    0x5, 0xff, 0xff, 0xff, 0xff, 0xff, 0xfb, 0x0,
    0x0, 0x3, 0xef, 0xff, 0xff, 0xff, 0xf9, 0x0,
    0x0, 0x0, 0x0, 0x6b, 0xef, 0xfd, 0x93, 0x0,
    0x0,

    /* U+0442 "т" */
    0xbf, 0xff, 0xff, 0xff, 0xff, 0xff, 0xff, 0xf8,
    0xbf, 0xff, 0xff, 0xff, 0xff, 0xff, 0xff, 0xf8,
    0xbf, 0xff, 0xff, 0xff, 0xff, 0xff, 0xff, 0xf8,
    0x35, 0x55, 0x56, 0xff, 0xff, 0x55, 0x55, 0x53,
    0x0, 0x0, 0x1, 0xff, 0xff, 0x0, 0x0, 0x0,
    0x0, 0x0, 0x1, 0xff, 0xff, 0x0, 0x0, 0x0,
    0x0, 0x0, 0x1, 0xff, 0xff, 0x0, 0x0, 0x0,
    0x0, 0x0, 0x1, 0xff, 0xff, 0x0, 0x0, 0x0,
    0x0, 0x0, 0x1, 0xff, 0xff, 0x0, 0x0, 0x0,
    0x0, 0x0, 0x1, 0xff, 0xff, 0x0, 0x0, 0x0,
    0x0, 0x0, 0x1, 0xff, 0xff, 0x0, 0x0, 0x0,
    0x0, 0x0, 0x1, 0xff, 0xff, 0x0, 0x0, 0x0,
    0x0, 0x0, 0x1, 0xff, 0xff, 0x0, 0x0, 0x0,
    0x0, 0x0, 0x1, 0xff, 0xff, 0x0, 0x0, 0x0,
    0x0, 0x0, 0x1, 0xff, 0xff, 0x0, 0x0, 0x0,
    0x0, 0x0, 0x1, 0xff, 0xff, 0x0, 0x0, 0x0,
    0x0, 0x0, 0x1, 0xff, 0xff, 0x0, 0x0, 0x0,
    0x0, 0x0, 0x1, 0xff, 0xff, 0x0, 0x0, 0x0,

    /* U+0443 "у" */
    0x3f, 0xff, 0xf1, 0x0, 0x0, 0x0, 0x3, 0xff,
    0xff, 0x10, 0xdf, 0xff, 0x60, 0x0, 0x0, 0x0,
    0x9f, 0xff, 0xa0, 0x7, 0xff, 0xfc, 0x0, 0x0,
    0x0, 0xe, 0xff, 0xf4, 0x0, 0x2f, 0xff, 0xf1,
    0x0, 0x0, 0x4, 0xff, 0xfe, 0x0, 0x0, 0xcf,
    0xff, 0x60, 0x0, 0x0, 0x9f, 0xff, 0x90, 0x0,
    0x6, 0xff, 0xfb, 0x0, 0x0, 0xe, 0xff, 0xf3,
    0x0, 0x0, 0x1f, 0xff, 0xf1, 0x0, 0x4, 0xff,
    0xfd, 0x0, 0x0, 0x0, 0xaf, 0xff, 0x60, 0x0,
    0x9f, 0xff, 0x70, 0x0, 0x0, 0x4, 0xff, 0xfb,
    0x0, 0xe, 0xff, 0xf1, 0x0, 0x0, 0x0, 0xe,
    0xff, 0xf0, 0x4, 0xff, 0xfb, 0x0, 0x0, 0x0,
    0x0, 0x9f, 0xff, 0x50, 0x9f, 0xff, 0x50, 0x0,
    0x0, 0x0, 0x3, 0xff, 0xf9, 0xd, 0xff, 0xf0,
    0x0, 0x0, 0x0, 0x0, 0xd, 0xff, 0xd2, 0xff,
    0xfa, 0x0, 0x0, 0x0, 0x0, 0x0, 0x7f, 0xff,
    0x7f, 0xff, 0x40, 0x0, 0x0, 0x0, 0x0, 0x2,
    0xff, 0xfe, 0xff, 0xe0, 0x0, 0x0, 0x0, 0x0,
    0x0, 0xc, 0xff, 0xff, 0xf8, 0x0, 0x0, 0x0,
    0x0, 0x0, 0x0, 0x6f, 0xff, 0xff, 0x20, 0x0,
    0x0, 0x0, 0x0, 0x0, 0x1, 0xff, 0xff, 0xc0,
    0x0, 0x0, 0x0, 0x0, 0x0, 0x0, 0xe, 0xff,
    0xf6, 0x0, 0x0, 0x0, 0x0, 0x0, 0x0, 0x1,
    0xff, 0xff, 0x10, 0x0, 0x0, 0x0, 0x0, 0x0,
    0x0, 0x7f, 0xff, 0xa0, 0x0, 0x0, 0x0, 0x0,
    0x1, 0x97, 0x9f, 0xff, 0xf3, 0x0, 0x0, 0x0,
    0x0, 0x0, 0x6f, 0xff, 0xff, 0xf9, 0x0, 0x0,
    0x0, 0x0, 0x0, 0xb, 0xff, 0xff, 0xfb, 0x0,
    0x0, 0x0, 0x0, 0x0, 0x0, 0xae, 0xff, 0xc6,
    0x0, 0x0, 0x0, 0x0, 0x0, 0x0,

    /* U+0444 "ф" */
    0x0, 0x0, 0x0, 0x0, 0x1f, 0xff, 0xf0, 0x0,
    0x0, 0x0, 0x0, 0x0, 0x0, 0x0, 0x0, 0x1f,
    0xff, 0xf0, 0x0, 0x0, 0x0, 0x0, 0x0, 0x0,
    0x0, 0x0, 0x1f, 0xff, 0xf0, 0x0, 0x0, 0x0,
    0x0, 0x0, 0x0, 0x0, 0x0, 0x1f, 0xff, 0xf0,
    0x0, 0x0, 0x0, 0x0, 0x0, 0x0, 0x0, 0x0,
    0x1f, 0xff, 0xf0, 0x0, 0x0, 0x0, 0x0, 0x0,
    0x0, 0x0, 0x0, 0x1f, 0xff, 0xf0, 0x0, 0x0,
    0x0, 0x0, 0x0, 0x0, 0x5, 0xbe, 0xff, 0xff,
    0xff, 0xda, 0x50, 0x0, 0x0, 0x0, 0x2, 0xdf,
    0xff, 0xff, 0xff, 0xff, 0xff, 0xfc, 0x10, 0x0,
    0x0, 0x4f, 0xff, 0xff, 0xff, 0xff, 0xff, 0xff,
    0xff, 0xe3, 0x0, 0x1, 0xef, 0xff, 0xd4, 0x2f,
    0xff, 0xf1, 0x5d, 0xff, 0xfd, 0x0, 0xa, 0xff,
    0xfc, 0x0, 0x1f, 0xff, 0xf0, 0x1, 0xdf, 0xff,
    0x80, 0x1f, 0xff, 0xf3, 0x0, 0x1f, 0xff, 0xf0,
    0x0, 0x4f, 0xff, 0xe0, 0x5f, 0xff, 0xc0, 0x0,
    0x1f, 0xff, 0xf0, 0x0, 0xd, 0xff, 0xf3, 0x8f,
    0xff, 0x80, 0x0, 0x1f, 0xff, 0xf0, 0x0, 0xa,
    0xff, 0xf6, 0x9f, 0xff, 0x60, 0x0, 0x1f, 0xff,
    0xf0, 0x0, 0x8, 0xff, 0xf7, 0x9f, 0xff, 0x60,
    0x0, 0x1f, 0xff, 0xf0, 0x0, 0x8, 0xff, 0xf7,
    0x8f, 0xff, 0x80, 0x0, 0x1f, 0xff, 0xf0, 0x0,
    0xa, 0xff, 0xf6, 0x5f, 0xff, 0xc0, 0x0, 0x1f,
    0xff, 0xf0, 0x0, 0xe, 0xff, 0xf3, 0x1f, 0xff,
    0xf3, 0x0, 0x1f, 0xff, 0xf0, 0x0, 0x4f, 0xff,
    0xe0, 0xa, 0xff, 0xfc, 0x0, 0x1f, 0xff, 0xf0,
    0x1, 0xdf, 0xff, 0x80, 0x1, 0xef, 0xff, 0xd5,
    0x3f, 0xff, 0xf2, 0x6e, 0xff, 0xfd, 0x0, 0x0,
    0x4f, 0xff, 0xff, 0xff, 0xff, 0xff, 0xff, 0xff,
    0xe3, 0x0, 0x0, 0x2, 0xdf, 0xff, 0xff, 0xff,
    0xff, 0xff, 0xfc, 0x10, 0x0, 0x0, 0x0, 0x5,
    0xbe, 0xff, 0xff, 0xff, 0xea, 0x50, 0x0, 0x0,
    0x0, 0x0, 0x0, 0x0, 0x1f, 0xff, 0xf0, 0x0,
    0x0, 0x0, 0x0, 0x0, 0x0, 0x0, 0x0, 0x1f,
    0xff, 0xf0, 0x0, 0x0, 0x0, 0x0, 0x0, 0x0,
    0x0, 0x0, 0x1f, 0xff, 0xf0, 0x0, 0x0, 0x0,
    0x0, 0x0, 0x0, 0x0, 0x0, 0x1f, 0xff, 0xf0,
    0x0, 0x0, 0x0, 0x0, 0x0, 0x0, 0x0, 0x0,
    0x1f, 0xff, 0xf0, 0x0, 0x0, 0x0, 0x0, 0x0,
    0x0, 0x0, 0x0, 0x1f, 0xff, 0xf0, 0x0, 0x0,
    0x0, 0x0, 0x0, 0x0, 0x0, 0x0, 0x1f, 0xff,
    0xf0, 0x0, 0x0, 0x0, 0x0,

    /* U+0445 "х" */
    0x9, 0xff, 0xfd, 0x0, 0x0, 0x0, 0x8f, 0xff,
    0xd0, 0x0, 0xef, 0xff, 0x70, 0x0, 0x2, 0xff,
    0xff, 0x30, 0x0, 0x5f, 0xff, 0xf1, 0x0, 0xb,
    0xff, 0xf9, 0x0, 0x0, 0xb, 0xff, 0xf9, 0x0,
    0x4f, 0xff, 0xe1, 0x0, 0x0, 0x2, 0xff, 0xff,
    0x20, 0xdf, 0xff, 0x50, 0x0, 0x0, 0x0, 0x7f,
    0xff, 0xa5, 0xff, 0xfb, 0x0, 0x0, 0x0, 0x0,
    0xd, 0xff, 0xfd, 0xff, 0xf2, 0x0, 0x0, 0x0,
    0x0, 0x3, 0xff, 0xff, 0xff, 0x70, 0x0, 0x0,
    0x0, 0x0, 0x0, 0xaf, 0xff, 0xfd, 0x0, 0x0,
    0x0, 0x0, 0x0, 0x0, 0xdf, 0xff, 0xfe, 0x10,
    0x0, 0x0, 0x0, 0x0, 0x8, 0xff, 0xff, 0xff,
    0xa0, 0x0, 0x0, 0x0, 0x0, 0x2f, 0xff, 0xcb,
    0xff, 0xf4, 0x0, 0x0, 0x0, 0x0, 0xcf, 0xff,
    0x53, 0xff, 0xfe, 0x0, 0x0, 0x0, 0x6, 0xff,
    0xfc, 0x0, 0xaf, 0xff, 0x90, 0x0, 0x0, 0x1e,
    0xff, 0xf4, 0x0, 0x2f, 0xff, 0xf3, 0x0, 0x0,
    0xaf, 0xff, 0xa0, 0x0, 0x8, 0xff, 0xfd, 0x0,
    0x4, 0xff, 0xff, 0x10, 0x0, 0x0, 0xef, 0xff,
    0x70, 0xd, 0xff, 0xf7, 0x0, 0x0, 0x0, 0x5f,
    0xff, 0xf2,

    /* U+0446 "ц" */
    0xdf, 0xff, 0x30, 0x0, 0x0, 0xe, 0xff, 0xf3,
    0x0, 0xdf, 0xff, 0x30, 0x0, 0x0, 0xe, 0xff,
    0xf3, 0x0, 0xdf, 0xff, 0x30, 0x0, 0x0, 0xe,
    0xff, 0xf3, 0x0, 0xdf, 0xff, 0x30, 0x0, 0x0,
    0xe, 0xff, 0xf3, 0x0, 0xdf, 0xff, 0x30, 0x0,
    0x0, 0xe, 0xff, 0xf3, 0x0, 0xdf, 0xff, 0x30,
    0x0, 0x0, 0xe, 0xff, 0xf3, 0x0, 0xdf, 0xff,
    0x30, 0x0, 0x0, 0xe, 0xff, 0xf3, 0x0, 0xdf,
    0xff, 0x30, 0x0, 0x0, 0xe, 0xff, 0xf3, 0x0,
    0xdf, 0xff, 0x30, 0x0, 0x0, 0xe, 0xff, 0xf3,
    0x0, 0xdf, 0xff, 0x30, 0x0, 0x0, 0xe, 0xff,
    0xf3, 0x0, 0xdf, 0xff, 0x30, 0x0, 0x0, 0xe,
    0xff, 0xf3, 0x0, 0xdf, 0xff, 0x30, 0x0, 0x0,
    0xe, 0xff, 0xf3, 0x0, 0xdf, 0xff, 0x30, 0x0,
    0x0, 0xe, 0xff, 0xf3, 0x0, 0xdf, 0xff, 0x30,
    0x0, 0x0, 0xe, 0xff, 0xf3, 0x0, 0xdf, 0xff,
    0x86, 0x66, 0x66, 0x6e, 0xff, 0xf9, 0x63, 0xdf,
    0xff, 0xff, 0xff, 0xff, 0xff, 0xff, 0xff, 0xf9,
    0xdf, 0xff, 0xff, 0xff, 0xff, 0xff, 0xff, 0xff,
    0xf9, 0xdf, 0xff, 0xff, 0xff, 0xff, 0xff, 0xff,
    0xff, 0xf8, 0x0, 0x0, 0x0, 0x0, 0x0, 0x0,
    0x8, 0xff, 0xf8, 0x0, 0x0, 0x0, 0x0, 0x0,
    0x0, 0x8, 0xff, 0xf8, 0x0, 0x0, 0x0, 0x0,
    0x0, 0x0, 0x8, 0xff, 0xf8, 0x0, 0x0, 0x0,
    0x0, 0x0, 0x0, 0x8, 0xff, 0xf7, 0x0, 0x0,
    0x0, 0x0, 0x0, 0x0, 0x8, 0xff, 0xf7,

    /* U+0447 "ч" */
    0xdf, 0xff, 0x30, 0x0, 0x0, 0x3f, 0xff, 0xdd,
    0xff, 0xf3, 0x0, 0x0, 0x3, 0xff, 0xfd, 0xdf,
    0xff, 0x30, 0x0, 0x0, 0x3f, 0xff, 0xdd, 0xff,
    0xf3, 0x0, 0x0, 0x3, 0xff, 0xfd, 0xdf, 0xff,
    0x30, 0x0, 0x0, 0x3f, 0xff, 0xdd, 0xff, 0xf3,
    0x0, 0x0, 0x3, 0xff, 0xfd, 0xdf, 0xff, 0x30,
    0x0, 0x0, 0x3f, 0xff, 0xdb, 0xff, 0xf6, 0x0,
    0x0, 0x3, 0xff, 0xfd, 0x8f, 0xff, 0xd0, 0x0,
    0x0, 0x3f, 0xff, 0xd2, 0xff, 0xff, 0xe9, 0x77,
    0x9c, 0xff, 0xfd, 0x9, 0xff, 0xff, 0xff, 0xff,
    0xff, 0xff, 0xd0, 0x9, 0xff, 0xff, 0xff, 0xff,
    0xff, 0xfd, 0x0, 0x2, 0x8c, 0xef, 0xfd, 0xcf,
    0xff, 0xd0, 0x0, 0x0, 0x0, 0x0, 0x3, 0xff,
    0xfd, 0x0, 0x0, 0x0, 0x0, 0x0, 0x3f, 0xff,
    0xd0, 0x0, 0x0, 0x0, 0x0, 0x3, 0xff, 0xfd,
    0x0, 0x0, 0x0, 0x0, 0x0, 0x3f, 0xff, 0xd0,
    0x0, 0x0, 0x0, 0x0, 0x3, 0xff, 0xfd,

    /* U+0448 "ш" */
    0xdf, 0xff, 0x30, 0x0, 0x6, 0xff, 0xf8, 0x0,
    0x0, 0x1f, 0xff, 0xfd, 0xff, 0xf3, 0x0, 0x0,
    0x6f, 0xff, 0x80, 0x0, 0x1, 0xff, 0xff, 0xdf,
    0xff, 0x30, 0x0, 0x6, 0xff, 0xf8, 0x0, 0x0,
    0x1f, 0xff, 0xfd, 0xff, 0xf3, 0x0, 0x0, 0x6f,
    0xff, 0x80, 0x0, 0x1, 0xff, 0xff, 0xdf, 0xff,
    0x30, 0x0, 0x6, 0xff, 0xf8, 0x0, 0x0, 0x1f,
    0xff, 0xfd, 0xff, 0xf3, 0x0, 0x0, 0x6f, 0xff,
    0x80, 0x0, 0x1, 0xff, 0xff, 0xdf, 0xff, 0x30,
    0x0, 0x6, 0xff, 0xf8, 0x0, 0x0, 0x1f, 0xff,
    0xfd, 0xff, 0xf3, 0x0, 0x0, 0x6f, 0xff, 0x80,
    0x0, 0x1, 0xff, 0xff, 0xdf, 0xff, 0x30, 0x0,
    0x6, 0xff, 0xf8, 0x0, 0x0, 0x1f, 0xff, 0xfd,
    0xff, 0xf3, 0x0, 0x0, 0x6f, 0xff, 0x80, 0x0,
    0x1, 0xff, 0xff, 0xdf, 0xff, 0x30, 0x0, 0x6,
    0xff, 0xf8, 0x0, 0x0, 0x1f, 0xff, 0xfd, 0xff,
    0xf3, 0x0, 0x0, 0x6f, 0xff, 0x80, 0x0, 0x1,
    0xff, 0xff, 0xdf, 0xff, 0x30, 0x0, 0x6, 0xff,
    0xf8, 0x0, 0x0, 0x1f, 0xff, 0xfd, 0xff, 0xf3,
    0x0, 0x0, 0x6f, 0xff, 0x80, 0x0, 0x1, 0xff,
    0xff, 0xdf, 0xff, 0x86, 0x66, 0x6a, 0xff, 0xfb,
    0x66, 0x66, 0x7f, 0xff, 0xfd, 0xff, 0xff, 0xff,
    0xff, 0xff, 0xff, 0xff, 0xff, 0xff, 0xff, 0xff,
    0xdf, 0xff, 0xff, 0xff, 0xff, 0xff, 0xff, 0xff,
    0xff, 0xff, 0xff, 0xfd, 0xff, 0xff, 0xff, 0xff,
    0xff, 0xff, 0xff, 0xff, 0xff, 0xff, 0xff,

    /* U+0449 "щ" */
    0xdf, 0xff, 0x30, 0x0, 0x6, 0xff, 0xf8, 0x0,
    0x0, 0x1f, 0xff, 0xf0, 0x0, 0xdf, 0xff, 0x30,
    0x0, 0x6, 0xff, 0xf8, 0x0, 0x0, 0x1f, 0xff,
    0xf0, 0x0, 0xdf, 0xff, 0x30, 0x0, 0x6, 0xff,
    0xf8, 0x0, 0x0, 0x1f, 0xff, 0xf0, 0x0, 0xdf,
    0xff, 0x30, 0x0, 0x6, 0xff, 0xf8, 0x0, 0x0,
    0x1f, 0xff, 0xf0, 0x0, 0xdf, 0xff, 0x30, 0x0,
    0x6, 0xff, 0xf8, 0x0, 0x0, 0x1f, 0xff, 0xf0,
    0x0, 0xdf, 0xff, 0x30, 0x0, 0x6, 0xff, 0xf8,
    0x0, 0x0, 0x1f, 0xff, 0xf0, 0x0, 0xdf, 0xff,
    0x30, 0x0, 0x6, 0xff, 0xf8, 0x0, 0x0, 0x1f,
    0xff, 0xf0, 0x0, 0xdf, 0xff, 0x30, 0x0, 0x6,
    0xff, 0xf8, 0x0, 0x0, 0x1f, 0xff, 0xf0, 0x0,
    0xdf, 0xff, 0x30, 0x0, 0x6, 0xff, 0xf8, 0x0,
    0x0, 0x1f, 0xff, 0xf0, 0x0, 0xdf, 0xff, 0x30,
    0x0, 0x6, 0xff, 0xf8, 0x0, 0x0, 0x1f, 0xff,
    0xf0, 0x0, 0xdf, 0xff, 0x30, 0x0, 0x6, 0xff,
    0xf8, 0x0, 0x0, 0x1f, 0xff, 0xf0, 0x0, 0xdf,
    0xff, 0x30, 0x0, 0x6, 0xff, 0xf8, 0x0, 0x0,
    0x1f, 0xff, 0xf0, 0x0, 0xdf, 0xff, 0x30, 0x0,
    0x6, 0xff, 0xf8, 0x0, 0x0, 0x1f, 0xff, 0xf0,
    0x0, 0xdf, 0xff, 0x30, 0x0, 0x6, 0xff, 0xf8,
    0x0, 0x0, 0x1f, 0xff, 0xf0, 0x0, 0xdf, 0xff,
    0x86, 0x66, 0x6a, 0xff, 0xfb, 0x66, 0x66, 0x7f,
    0xff, 0xf6, 0x62, 0xdf, 0xff, 0xff, 0xff, 0xff,
    0xff, 0xff, 0xff, 0xff, 0xff, 0xff, 0xff, 0xf5,
    0xdf, 0xff, 0xff, 0xff, 0xff, 0xff, 0xff, 0xff,
    0xff, 0xff, 0xff, 0xff, 0xf5, 0xdf, 0xff, 0xff,
    0xff, 0xff, 0xff, 0xff, 0xff, 0xff, 0xff, 0xff,
    0xff, 0xf5, 0x0, 0x0, 0x0, 0x0, 0x0, 0x0,
    0x0, 0x0, 0x0, 0x0, 0xb, 0xff, 0xf5, 0x0,
    0x0, 0x0, 0x0, 0x0, 0x0, 0x0, 0x0, 0x0,
    0x0, 0xb, 0xff, 0xf4, 0x0, 0x0, 0x0, 0x0,
    0x0, 0x0, 0x0, 0x0, 0x0, 0x0, 0xb, 0xff,
    0xf4, 0x0, 0x0, 0x0, 0x0, 0x0, 0x0, 0x0,
    0x0, 0x0, 0x0, 0xb, 0xff, 0xf4, 0x0, 0x0,
    0x0, 0x0, 0x0, 0x0, 0x0, 0x0, 0x0, 0x0,
    0xb, 0xff, 0xf4,

    /* U+044A "ъ" */
    0xbf, 0xff, 0xff, 0xff, 0xf0, 0x0, 0x0, 0x0,
    0x0, 0x0, 0xbf, 0xff, 0xff, 0xff, 0xf0, 0x0,
    0x0, 0x0, 0x0, 0x0, 0xbf, 0xff, 0xff, 0xff,
    0xf0, 0x0, 0x0, 0x0, 0x0, 0x0, 0x12, 0x22,
    0x3f, 0xff, 0xf0, 0x0, 0x0, 0x0, 0x0, 0x0,
    0x0, 0x0, 0xf, 0xff, 0xf0, 0x0, 0x0, 0x0,
    0x0, 0x0, 0x0, 0x0, 0xf, 0xff, 0xf0, 0x0,
    0x0, 0x0, 0x0, 0x0, 0x0, 0x0, 0xf, 0xff,
    0xff, 0xff, 0xff, 0xda, 0x50, 0x0, 0x0, 0x0,
    0xf, 0xff, 0xff, 0xff, 0xff, 0xff, 0xfc, 0x10,
    0x0, 0x0, 0xf, 0xff, 0xff, 0xff, 0xff, 0xff,
    0xff, 0xc0, 0x0, 0x0, 0xf, 0xff, 0xf6, 0x66,
    0x68, 0xcf, 0xff, 0xf6, 0x0, 0x0, 0xf, 0xff,
    0xf0, 0x0, 0x0, 0xa, 0xff, 0xfc, 0x0, 0x0,
    0xf, 0xff, 0xf0, 0x0, 0x0, 0x2, 0xff, 0xfe,
    0x0, 0x0, 0xf, 0xff, 0xf0, 0x0, 0x0, 0x2,
    0xff, 0xfe, 0x0, 0x0, 0xf, 0xff, 0xf0, 0x0,
    0x0, 0x9, 0xff, 0xfb, 0x0, 0x0, 0xf, 0xff,
    0xf6, 0x66, 0x67, 0xcf, 0xff, 0xf6, 0x0, 0x0,
    0xf, 0xff, 0xff, 0xff, 0xff, 0xff, 0xff, 0xc0,
    0x0, 0x0, 0xf, 0xff, 0xff, 0xff, 0xff, 0xff,
    0xfb, 0x10, 0x0, 0x0, 0xf, 0xff, 0xff, 0xff,
    0xff, 0xda, 0x40, 0x0,

    /* U+044B "ы" */
    0xdf, 0xff, 0x30, 0x0, 0x0, 0x0, 0x0, 0x0,
    0x2f, 0xff, 0xed, 0xff, 0xf3, 0x0, 0x0, 0x0,
    0x0, 0x0, 0x2, 0xff, 0xfe, 0xdf, 0xff, 0x30,
    0x0, 0x0, 0x0, 0x0, 0x0, 0x2f, 0xff, 0xed,
    0xff, 0xf3, 0x0, 0x0, 0x0, 0x0, 0x0, 0x2,
    0xff, 0xfe, 0xdf, 0xff, 0x30, 0x0, 0x0, 0x0,
    0x0, 0x0, 0x2f, 0xff, 0xed, 0xff, 0xf3, 0x0,
    0x0, 0x0, 0x0, 0x0, 0x2, 0xff, 0xfe, 0xdf,
    0xff, 0xff, 0xff, 0xfe, 0xb6, 0x0, 0x0, 0x2f,
    0xff, 0xed, 0xff, 0xff, 0xff, 0xff, 0xff, 0xfd,
    0x20, 0x2, 0xff, 0xfe, 0xdf, 0xff, 0xff, 0xff,
    0xff, 0xff, 0xfe, 0x10, 0x2f, 0xff, 0xed, 0xff,
    0xf8, 0x66, 0x67, 0xbf, 0xff, 0xfa, 0x2, 0xff,
    0xfe, 0xdf, 0xff, 0x30, 0x0, 0x0, 0x7f, 0xff,
    0xf0, 0x2f, 0xff, 0xed, 0xff, 0xf3, 0x0, 0x0,
    0x0, 0xff, 0xff, 0x12, 0xff, 0xfe, 0xdf, 0xff,
    0x30, 0x0, 0x0, 0xf, 0xff, 0xf1, 0x2f, 0xff,
    0xed, 0xff, 0xf3, 0x0, 0x0, 0x6, 0xff, 0xfe,
    0x2, 0xff, 0xfe, 0xdf, 0xff, 0x86, 0x66, 0x7a,
    0xff, 0xff, 0x90, 0x2f, 0xff, 0xed, 0xff, 0xff,
    0xff, 0xff, 0xff, 0xff, 0xe1, 0x2, 0xff, 0xfe,
    0xdf, 0xff, 0xff, 0xff, 0xff, 0xff, 0xd2, 0x0,
    0x2f, 0xff, 0xed, 0xff, 0xff, 0xff, 0xff, 0xeb,
    0x60, 0x0, 0x2, 0xff, 0xfe,

    /* U+044C "ь" */
    0xdf, 0xff, 0x30, 0x0, 0x0, 0x0, 0x0, 0x0,
    0xdf, 0xff, 0x30, 0x0, 0x0, 0x0, 0x0, 0x0,
    0xdf, 0xff, 0x30, 0x0, 0x0, 0x0, 0x0, 0x0,
    0xdf, 0xff, 0x30, 0x0, 0x0, 0x0, 0x0, 0x0,
    0xdf, 0xff, 0x30, 0x0, 0x0, 0x0, 0x0, 0x0,
    0xdf, 0xff, 0x30, 0x0, 0x0, 0x0, 0x0, 0x0,
    0xdf, 0xff, 0xff, 0xff, 0xfe, 0xb6, 0x0, 0x0,
    0xdf, 0xff, 0xff, 0xff, 0xff, 0xff, 0xd2, 0x0,
    0xdf, 0xff, 0xff, 0xff, 0xff, 0xff, 0xfe, 0x10,
    0xdf, 0xff, 0x86, 0x66, 0x7b, 0xff, 0xff, 0xa0,
    0xdf, 0xff, 0x30, 0x0, 0x0, 0x7f, 0xff, 0xf0,
    0xdf, 0xff, 0x30, 0x0, 0x0, 0xf, 0xff, 0xf1,
    0xdf, 0xff, 0x30, 0x0, 0x0, 0xf, 0xff, 0xf1,
    0xdf, 0xff, 0x30, 0x0, 0x0, 0x6f, 0xff, 0xe0,
    0xdf, 0xff, 0x86, 0x66, 0x7a, 0xff, 0xff, 0x90,
    0xdf, 0xff, 0xff, 0xff, 0xff, 0xff, 0xfe, 0x10,
    0xdf, 0xff, 0xff, 0xff, 0xff, 0xff, 0xd2, 0x0,
    0xdf, 0xff, 0xff, 0xff, 0xfe, 0xb6, 0x0, 0x0,

    /* U+044D "э" */
    0x0, 0x0, 0x5b, 0xef, 0xfd, 0xa4, 0x0, 0x0,
    0x0, 0x3, 0xdf, 0xff, 0xff, 0xff, 0xfb, 0x10,
    0x0, 0x3, 0xff, 0xff, 0xff, 0xff, 0xff, 0xfd,
    0x10, 0x0, 0xdf, 0xff, 0xf8, 0x55, 0x9f, 0xff,
    0xfb, 0x0, 0x5f, 0xff, 0xd1, 0x0, 0x0, 0x2f,
    0xff, 0xf5, 0x3, 0x8b, 0xe4, 0x0, 0x0, 0x0,
    0x6f, 0xff, 0xb0, 0x0, 0x0, 0x0, 0x0, 0x0,
    0x0, 0xff, 0xff, 0x0, 0x0, 0x0, 0xc, 0xcc,
    0xcc, 0xcf, 0xff, 0xf2, 0x0, 0x0, 0x0, 0xff,
    0xff, 0xff, 0xff, 0xff, 0x30, 0x0, 0x0, 0xf,
    0xff, 0xff, 0xff, 0xff, 0xf3, 0x0, 0x0, 0x0,
    0x0, 0x0, 0x0, 0xef, 0xff, 0x20, 0x3, 0x60,
    0x0, 0x0, 0x0, 0x2f, 0xff, 0xf0, 0x7f, 0xff,
    0x60, 0x0, 0x0, 0x9, 0xff, 0xfb, 0x4, 0xff,
    0xfe, 0x20, 0x0, 0x4, 0xff, 0xff, 0x50, 0xc,
    0xff, 0xff, 0x96, 0x59, 0xff, 0xff, 0xb0, 0x0,
    0x2e, 0xff, 0xff, 0xff, 0xff, 0xff, 0xd1, 0x0,
    0x0, 0x2c, 0xff, 0xff, 0xff, 0xff, 0xb1, 0x0,
    0x0, 0x0, 0x5, 0xae, 0xff, 0xda, 0x40, 0x0,
    0x0,

    /* U+044E "ю" */
    0xdf, 0xff, 0x10, 0x0, 0x0, 0x0, 0x7b, 0xef,
    0xfd, 0x93, 0x0, 0x0, 0xd, 0xff, 0xf1, 0x0,
    0x0, 0x5, 0xef, 0xff, 0xff, 0xff, 0xf9, 0x0,
    0x0, 0xdf, 0xff, 0x10, 0x0, 0x6, 0xff, 0xff,
    0xff, 0xff, 0xff, 0xfc, 0x0, 0xd, 0xff, 0xf1,
    0x0, 0x3, 0xff, 0xff, 0xd5, 0x24, 0x9f, 0xff,
    0xf8, 0x0, 0xdf, 0xff, 0x10, 0x0, 0xbf, 0xff,
    0xc0, 0x0, 0x0, 0x5f, 0xff, 0xf2, 0xd, 0xff,
    0xf1, 0x0, 0x2f, 0xff, 0xf3, 0x0, 0x0, 0x0,
    0xbf, 0xff, 0x80, 0xdf, 0xff, 0x10, 0x5, 0xff,
    0xfd, 0x0, 0x0, 0x0, 0x5, 0xff, 0xfd, 0xd,
    0xff, 0xff, 0xff, 0xff, 0xff, 0xa0, 0x0, 0x0,
    0x0, 0x2f, 0xff, 0xf0, 0xdf, 0xff, 0xff, 0xff,
    0xff, 0xf8, 0x0, 0x0, 0x0, 0x1, 0xff, 0xff,
    0x1d, 0xff, 0xff, 0xff, 0xff, 0xff, 0x90, 0x0,
    0x0, 0x0, 0x1f, 0xff, 0xf1, 0xdf, 0xff, 0x65,
    0x5a, 0xff, 0xfa, 0x0, 0x0, 0x0, 0x2, 0xff,
    0xff, 0xd, 0xff, 0xf1, 0x0, 0x4f, 0xff, 0xe0,
    0x0, 0x0, 0x0, 0x6f, 0xff, 0xd0, 0xdf, 0xff,
    0x10, 0x0, 0xff, 0xff, 0x50, 0x0, 0x0, 0xd,
    0xff, 0xf8, 0xd, 0xff, 0xf1, 0x0, 0x9, 0xff,
    0xfe, 0x20, 0x0, 0x8, 0xff, 0xff, 0x20, 0xdf,
    0xff, 0x10, 0x0, 0x1f, 0xff, 0xff, 0x96, 0x7c,
    0xff, 0xff, 0x80, 0xd, 0xff, 0xf1, 0x0, 0x0,
    0x4f, 0xff, 0xff, 0xff, 0xff, 0xff, 0xc0, 0x0,
    0xdf, 0xff, 0x10, 0x0, 0x0, 0x3e, 0xff, 0xff,
    0xff, 0xff, 0x90, 0x0, 0xd, 0xff, 0xf1, 0x0,
    0x0, 0x0, 0x6, 0xbe, 0xff, 0xd9, 0x30, 0x0,
    0x0,

    /* U+044F "я" */
    0x0, 0x0, 0x39, 0xdf, 0xff, 0xff, 0xff, 0xff,
    0x10, 0x0, 0x9f, 0xff, 0xff, 0xff, 0xff, 0xff,
    0xf1, 0x0, 0x8f, 0xff, 0xff, 0xff, 0xff, 0xff,
    0xff, 0x10, 0x2f, 0xff, 0xfd, 0x75, 0x55, 0x5d,
    0xff, 0xf1, 0x7, 0xff, 0xfd, 0x0, 0x0, 0x0,
    0xdf, 0xff, 0x10, 0xaf, 0xff, 0x70, 0x0, 0x0,
    0xd, 0xff, 0xf1, 0xa, 0xff, 0xf6, 0x0, 0x0,
    0x0, 0xdf, 0xff, 0x10, 0x8f, 0xff, 0xb0, 0x0,
    0x0, 0xd, 0xff, 0xf1, 0x3, 0xff, 0xff, 0xa3,
    0x10, 0x0, 0xdf, 0xff, 0x10, 0xa, 0xff, 0xff,
    0xff, 0xff, 0xff, 0xff, 0xf1, 0x0, 0xa, 0xff,
    0xff, 0xff, 0xff, 0xff, 0xff, 0x10, 0x0, 0x7,
    0xff, 0xff, 0xff, 0xff, 0xff, 0xf1, 0x0, 0x0,
    0xef, 0xff, 0x70, 0x0, 0xdf, 0xff, 0x10, 0x0,
    0x9f, 0xff, 0xd0, 0x0, 0xd, 0xff, 0xf1, 0x0,
    0x3f, 0xff, 0xf3, 0x0, 0x0, 0xdf, 0xff, 0x10,
    0xd, 0xff, 0xf9, 0x0, 0x0, 0xd, 0xff, 0xf1,
    0x7, 0xff, 0xfe, 0x10, 0x0, 0x0, 0xdf, 0xff,
    0x12, 0xff, 0xff, 0x50, 0x0, 0x0, 0xd, 0xff,
    0xf1,

    /* U+0450 "ѐ" */
    0x0, 0x0, 0xcf, 0xff, 0x10, 0x0, 0x0, 0x0,
    0x0, 0x0, 0x2, 0xff, 0xf8, 0x0, 0x0, 0x0,
    0x0, 0x0, 0x0, 0x7, 0xff, 0xf0, 0x0, 0x0,
    0x0, 0x0, 0x0, 0x0, 0xc, 0xff, 0x60, 0x0,
    0x0, 0x0, 0x0, 0x0, 0x0, 0x2d, 0xeb, 0x0,
    0x0, 0x0, 0x0, 0x0, 0x0, 0x0, 0x0, 0x0,
    0x0, 0x0, 0x0, 0x0, 0x0, 0x0, 0x0, 0x0,
    0x0, 0x0, 0x0, 0x0, 0x0, 0x0, 0x7b, 0xef,
    0xec, 0x71, 0x0, 0x0, 0x0, 0x3, 0xef, 0xff,
    0xff, 0xff, 0xf6, 0x0, 0x0, 0x5, 0xff, 0xff,
    0xff, 0xff, 0xff, 0xf8, 0x0, 0x1, 0xff, 0xff,
    0xc6, 0x45, 0xaf, 0xff, 0xf5, 0x0, 0xaf, 0xff,
    0x90, 0x0, 0x0, 0x6f, 0xff, 0xd0, 0xf, 0xff,
    0xd0, 0x0, 0x0, 0x0, 0xcf, 0xff, 0x35, 0xff,
    0xf9, 0x0, 0x0, 0x0, 0x7, 0xff, 0xf6, 0x7f,
    0xff, 0xff, 0xff, 0xff, 0xff, 0xff, 0xff, 0x88,
    0xff, 0xff, 0xff, 0xff, 0xff, 0xff, 0xff, 0xf9,
    0x9f, 0xff, 0xed, 0xdd, 0xdd, 0xdd, 0xdd, 0xdd,
    0x78, 0xff, 0xf8, 0x0, 0x0, 0x0, 0x0, 0x0,
    0x0, 0x5f, 0xff, 0xa0, 0x0, 0x0, 0x0, 0x0,
    0x0, 0x1, 0xff, 0xff, 0x10, 0x0, 0x0, 0x5,
    0x62, 0x0, 0xb, 0xff, 0xfb, 0x0, 0x0, 0x2,
    0xef, 0xff, 0x20, 0x2f, 0xff, 0xfd, 0x74, 0x48,
    0xff, 0xff, 0xc0, 0x0, 0x5f, 0xff, 0xff, 0xff,
    0xff, 0xff, 0xe2, 0x0, 0x0, 0x4e, 0xff, 0xff,
    0xff, 0xff, 0xc2, 0x0, 0x0, 0x0, 0x6, 0xbe,
    0xff, 0xda, 0x50, 0x0, 0x0,

    /* U+0451 "ё" */
    0x0, 0x4, 0xde, 0x60, 0x0, 0x6e, 0xe4, 0x0,
    0x0, 0x0, 0xef, 0xff, 0x20, 0x1f, 0xff, 0xf0,
    0x0, 0x0, 0xf, 0xff, 0xf3, 0x2, 0xff, 0xff,
    0x0, 0x0, 0x0, 0x8f, 0xfb, 0x0, 0xb, 0xff,
    0x90, 0x0, 0x0, 0x0, 0x34, 0x0, 0x0, 0x3,
    0x30, 0x0, 0x0, 0x0, 0x0, 0x0, 0x0, 0x0,
    0x0, 0x0, 0x0, 0x0, 0x0, 0x0, 0x0, 0x0,
    0x0, 0x0, 0x0, 0x0, 0x0, 0x0, 0x7b, 0xef,
    0xec, 0x71, 0x0, 0x0, 0x0, 0x3, 0xef, 0xff,
    0xff, 0xff, 0xf6, 0x0, 0x0, 0x5, 0xff, 0xff,
    0xff, 0xff, 0xff, 0xf8, 0x0, 0x1, 0xff, 0xff,
    0xc6, 0x45, 0xaf, 0xff, 0xf5, 0x0, 0xaf, 0xff,
    0x90, 0x0, 0x0, 0x6f, 0xff, 0xd0, 0xf, 0xff,
    0xd0, 0x0, 0x0, 0x0, 0xcf, 0xff, 0x35, 0xff,
    0xf9, 0x0, 0x0, 0x0, 0x7, 0xff, 0xf6, 0x7f,
    0xff, 0xff, 0xff, 0xff, 0xff, 0xff, 0xff, 0x88,
    0xff, 0xff, 0xff, 0xff, 0xff, 0xff, 0xff, 0xf9,
    0x9f, 0xff, 0xed, 0xdd, 0xdd, 0xdd, 0xdd, 0xdd,
    0x78, 0xff, 0xf8, 0x0, 0x0, 0x0, 0x0, 0x0,
    0x0, 0x5f, 0xff, 0xa0, 0x0, 0x0, 0x0, 0x0,
    0x0, 0x1, 0xff, 0xff, 0x10, 0x0, 0x0, 0x5,
    0x62, 0x0, 0xb, 0xff, 0xfb, 0x0, 0x0, 0x2,
    0xef, 0xff, 0x20, 0x2f, 0xff, 0xfd, 0x74, 0x48,
    0xff, 0xff, 0xc0, 0x0, 0x5f, 0xff, 0xff, 0xff,
    0xff, 0xff, 0xe2, 0x0, 0x0, 0x4e, 0xff, 0xff,
    0xff, 0xff, 0xc2, 0x0, 0x0, 0x0, 0x6, 0xbe,
    0xff, 0xda, 0x50, 0x0, 0x0,

    /* U+0452 "ђ" */
    0x0, 0xd, 0xff, 0xf2, 0x0, 0x0, 0x0, 0x0,
    0x0, 0x0, 0x0, 0xdf, 0xff, 0x20, 0x0, 0x0,
    0x0, 0x0, 0x0, 0xf, 0xff, 0xff, 0xff, 0xff,
    0xfd, 0x0, 0x0, 0x0, 0x0, 0xff, 0xff, 0xff,
    0xff, 0xff, 0xd0, 0x0, 0x0, 0x0, 0xa, 0xaf,
    0xff, 0xfb, 0xaa, 0xa8, 0x0, 0x0, 0x0, 0x0,
    0x0, 0xdf, 0xff, 0x20, 0x0, 0x0, 0x0, 0x0,
    0x0, 0x0, 0xd, 0xff, 0xf2, 0x3, 0xae, 0xfe,
    0xa3, 0x0, 0x0, 0x0, 0xdf, 0xff, 0x26, 0xff,
    0xff, 0xff, 0xf7, 0x0, 0x0, 0xd, 0xff, 0xf6,
    0xff, 0xff, 0xff, 0xff, 0xf5, 0x0, 0x0, 0xdf,
    0xff, 0xef, 0xc8, 0x9d, 0xff, 0xff, 0xd0, 0x0,
    0xd, 0xff, 0xff, 0x60, 0x0, 0xa, 0xff, 0xff,
    0x20, 0x0, 0xdf, 0xff, 0xa0, 0x0, 0x0, 0x1f,
    0xff, 0xf5, 0x0, 0xd, 0xff, 0xf5, 0x0, 0x0,
    0x0, 0xcf, 0xff, 0x60, 0x0, 0xdf, 0xff, 0x30,
    0x0, 0x0, 0xa, 0xff, 0xf7, 0x0, 0xd, 0xff,
    0xf3, 0x0, 0x0, 0x0, 0xaf, 0xff, 0x70, 0x0,
    0xdf, 0xff, 0x30, 0x0, 0x0, 0xa, 0xff, 0xf7,
    0x0, 0xd, 0xff, 0xf3, 0x0, 0x0, 0x0, 0xaf,
    0xff, 0x70, 0x0, 0xdf, 0xff, 0x30, 0x0, 0x0,
    0xa, 0xff, 0xf7, 0x0, 0xd, 0xff, 0xf3, 0x0,
    0x0, 0x0, 0xaf, 0xff, 0x70, 0x0, 0xdf, 0xff,
    0x30, 0x0, 0x0, 0xa, 0xff, 0xf7, 0x0, 0xd,
    0xff, 0xf3, 0x0, 0x0, 0x0, 0xaf, 0xff, 0x70,
    0x0, 0xdf, 0xff, 0x30, 0x0, 0x0, 0xa, 0xff,
    0xf7, 0x0, 0xd, 0xff, 0xf3, 0x0, 0x0, 0x0,
    0xaf, 0xff, 0x70, 0x0, 0xdf, 0xff, 0x30, 0x0,
    0x0, 0xa, 0xff, 0xf7, 0x0, 0x0, 0x0, 0x0,
    0x0, 0x0, 0x0, 0xaf, 0xff, 0x60, 0x0, 0x0,
    0x0, 0x0, 0x0, 0x0, 0xa, 0xff, 0xf6, 0x0,
    0x0, 0x0, 0x0, 0x0, 0x0, 0x0, 0xbf, 0xff,
    0x60, 0x0, 0x0, 0x0, 0x0, 0x0, 0x44, 0x7f,
    0xff, 0xf4, 0x0, 0x0, 0x0, 0x0, 0x0, 0xf,
    0xff, 0xff, 0xff, 0x0, 0x0, 0x0, 0x0, 0x0,
    0x0, 0xff, 0xff, 0xff, 0x50, 0x0, 0x0, 0x0,
    0x0, 0x0, 0xd, 0xff, 0xea, 0x30, 0x0,

    /* U+0453 "ѓ" */
    0x0, 0x0, 0x0, 0x8e, 0xed, 0x30, 0x0, 0x0,
    0x1, 0xff, 0xf9, 0x0, 0x0, 0x0, 0x7, 0xff,
    0xe1, 0x0, 0x0, 0x0, 0xe, 0xff, 0x50, 0x0,
    0x0, 0x0, 0x6f, 0xfa, 0x0, 0x0, 0x0, 0x0,
    0x0, 0x0, 0x0, 0x0, 0x0, 0x0, 0x0, 0x0,
    0x0, 0x0, 0xdf, 0xff, 0xff, 0xff, 0xff, 0xfb,
    0xdf, 0xff, 0xff, 0xff, 0xff, 0xfb, 0xdf, 0xff,
    0xff, 0xff, 0xff, 0xfb, 0xdf, 0xff, 0x86, 0x66,
    0x66, 0x64, 0xdf, 0xff, 0x30, 0x0, 0x0, 0x0,
    0xdf, 0xff, 0x30, 0x0, 0x0, 0x0, 0xdf, 0xff,
    0x30, 0x0, 0x0, 0x0, 0xdf, 0xff, 0x30, 0x0,
    0x0, 0x0, 0xdf, 0xff, 0x30, 0x0, 0x0, 0x0,
    0xdf, 0xff, 0x30, 0x0, 0x0, 0x0, 0xdf, 0xff,
    0x30, 0x0, 0x0, 0x0, 0xdf, 0xff, 0x30, 0x0,
    0x0, 0x0, 0xdf, 0xff, 0x30, 0x0, 0x0, 0x0,
    0xdf, 0xff, 0x30, 0x0, 0x0, 0x0, 0xdf, 0xff,
    0x30, 0x0, 0x0, 0x0, 0xdf, 0xff, 0x30, 0x0,
    0x0, 0x0, 0xdf, 0xff, 0x30, 0x0, 0x0, 0x0,
    0xdf, 0xff, 0x30, 0x0, 0x0, 0x0,

    /* U+0454 "є" */
    0x0, 0x0, 0x6, 0xbe, 0xff, 0xd9, 0x30, 0x0,
    0x0, 0x0, 0x3e, 0xff, 0xff, 0xff, 0xff, 0xa0,
    0x0, 0x0, 0x5f, 0xff, 0xff, 0xff, 0xff, 0xff,
    0xc0, 0x0, 0x1f, 0xff, 0xfd, 0x75, 0x6b, 0xff,
    0xff, 0x80, 0xa, 0xff, 0xfb, 0x0, 0x0, 0x5,
    0xff, 0xff, 0x1, 0xff, 0xff, 0x10, 0x0, 0x0,
    0xa, 0xda, 0x71, 0x5f, 0xff, 0xa0, 0x0, 0x0,
    0x0, 0x0, 0x0, 0x8, 0xff, 0xfe, 0xcc, 0xcc,
    0xc8, 0x0, 0x0, 0x0, 0x9f, 0xff, 0xff, 0xff,
    0xff, 0xa0, 0x0, 0x0, 0x9, 0xff, 0xff, 0xff,
    0xff, 0xfa, 0x0, 0x0, 0x0, 0x8f, 0xff, 0x80,
    0x0, 0x0, 0x0, 0x0, 0x0, 0x5, 0xff, 0xfc,
    0x0, 0x0, 0x0, 0x3, 0x52, 0x0, 0x1f, 0xff,
    0xf3, 0x0, 0x0, 0x0, 0xbf, 0xfe, 0x20, 0xaf,
    0xff, 0xd1, 0x0, 0x0, 0x7f, 0xff, 0xe0, 0x1,
    0xff, 0xff, 0xe7, 0x56, 0xbf, 0xff, 0xf6, 0x0,
    0x5, 0xff, 0xff, 0xff, 0xff, 0xff, 0xfb, 0x0,
    0x0, 0x3, 0xef, 0xff, 0xff, 0xff, 0xf9, 0x0,
    0x0, 0x0, 0x0, 0x6b, 0xef, 0xfd, 0x93, 0x0,
    0x0,

    /* U+0455 "ѕ" */
    0x0, 0x0, 0x6b, 0xef, 0xfe, 0xa5, 0x0, 0x0,
    0x0, 0x4e, 0xff, 0xff, 0xff, 0xff, 0xc1, 0x0,
    0x3, 0xff, 0xff, 0xff, 0xff, 0xff, 0xfd, 0x0,
    0xc, 0xff, 0xfd, 0x52, 0x26, 0xef, 0xff, 0x70,
    0xf, 0xff, 0xf1, 0x0, 0x0, 0x3f, 0xfc, 0x70,
    0x1f, 0xff, 0xf0, 0x0, 0x0, 0x2, 0x0, 0x0,
    0xf, 0xff, 0xfb, 0x20, 0x0, 0x0, 0x0, 0x0,
    0x9, 0xff, 0xff, 0xfd, 0xa6, 0x30, 0x0, 0x0,
    0x0, 0xbf, 0xff, 0xff, 0xff, 0xfe, 0x81, 0x0,
    0x0, 0x5, 0xcf, 0xff, 0xff, 0xff, 0xfe, 0x20,
    0x0, 0x0, 0x1, 0x48, 0xbf, 0xff, 0xff, 0xc0,
    0x0, 0x0, 0x0, 0x0, 0x0, 0x9f, 0xff, 0xf2,
    0x3, 0x68, 0x30, 0x0, 0x0, 0xf, 0xff, 0xf3,
    0x7f, 0xff, 0xc0, 0x0, 0x0, 0x2f, 0xff, 0xf1,
    0x2f, 0xff, 0xfc, 0x53, 0x37, 0xef, 0xff, 0xc0,
    0x7, 0xff, 0xff, 0xff, 0xff, 0xff, 0xfe, 0x20,
    0x0, 0x7f, 0xff, 0xff, 0xff, 0xff, 0xd3, 0x0,
    0x0, 0x1, 0x8c, 0xef, 0xfd, 0xa5, 0x0, 0x0,

    /* U+0456 "і" */
    0x4, 0xde, 0x80, 0xf, 0xff, 0xf5, 0x1f, 0xff,
    0xf8, 0xb, 0xff, 0xf2, 0x0, 0x67, 0x20, 0x0,
    0x0, 0x0, 0x0, 0x0, 0x0, 0xd, 0xff, 0xf3,
    0xd, 0xff, 0xf3, 0xd, 0xff, 0xf3, 0xd, 0xff,
    0xf3, 0xd, 0xff, 0xf3, 0xd, 0xff, 0xf3, 0xd,
    0xff, 0xf3, 0xd, 0xff, 0xf3, 0xd, 0xff, 0xf3,
    0xd, 0xff, 0xf3, 0xd, 0xff, 0xf3, 0xd, 0xff,
    0xf3, 0xd, 0xff, 0xf3, 0xd, 0xff, 0xf3, 0xd,
    0xff, 0xf3, 0xd, 0xff, 0xf3, 0xd, 0xff, 0xf3,
    0xd, 0xff, 0xf3,

    /* U+0457 "ї" */
    0x8, 0xed, 0x30, 0x0, 0xaf, 0xb1, 0x3f, 0xff,
    0xc0, 0x7, 0xff, 0xf9, 0x5f, 0xff, 0xe0, 0x8,
    0xff, 0xfb, 0xd, 0xff, 0x60, 0x2, 0xef, 0xf4,
    0x0, 0x42, 0x0, 0x0, 0x14, 0x10, 0x0, 0x0,
    0x0, 0x0, 0x0, 0x0, 0x0, 0x0, 0x0, 0x0,
    0x0, 0x0, 0x0, 0x0, 0xdf, 0xff, 0x30, 0x0,
    0x0, 0x0, 0xdf, 0xff, 0x30, 0x0, 0x0, 0x0,
    0xdf, 0xff, 0x30, 0x0, 0x0, 0x0, 0xdf, 0xff,
    0x30, 0x0, 0x0, 0x0, 0xdf, 0xff, 0x30, 0x0,
    0x0, 0x0, 0xdf, 0xff, 0x30, 0x0, 0x0, 0x0,
    0xdf, 0xff, 0x30, 0x0, 0x0, 0x0, 0xdf, 0xff,
    0x30, 0x0, 0x0, 0x0, 0xdf, 0xff, 0x30, 0x0,
    0x0, 0x0, 0xdf, 0xff, 0x30, 0x0, 0x0, 0x0,
    0xdf, 0xff, 0x30, 0x0, 0x0, 0x0, 0xdf, 0xff,
    0x30, 0x0, 0x0, 0x0, 0xdf, 0xff, 0x30, 0x0,
    0x0, 0x0, 0xdf, 0xff, 0x30, 0x0, 0x0, 0x0,
    0xdf, 0xff, 0x30, 0x0, 0x0, 0x0, 0xdf, 0xff,
    0x30, 0x0, 0x0, 0x0, 0xdf, 0xff, 0x30, 0x0,
    0x0, 0x0, 0xdf, 0xff, 0x30, 0x0,

    /* U+0458 "ј" */
    0x0, 0x0, 0x67, 0x20, 0x0, 0xb, 0xff, 0xf2,
    0x0, 0x2f, 0xff, 0xf7, 0x0, 0xf, 0xff, 0xf5,
    0x0, 0x4, 0xde, 0x80, 0x0, 0x0, 0x0, 0x0,
    0x0, 0x0, 0x0, 0x0, 0x0, 0xd, 0xff, 0xf3,
    0x0, 0xd, 0xff, 0xf3, 0x0, 0xd, 0xff, 0xf3,
    0x0, 0xd, 0xff, 0xf3, 0x0, 0xd, 0xff, 0xf3,
    0x0, 0xd, 0xff, 0xf3, 0x0, 0xd, 0xff, 0xf3,
    0x0, 0xd, 0xff, 0xf3, 0x0, 0xd, 0xff, 0xf3,
    0x0, 0xd, 0xff, 0xf3, 0x0, 0xd, 0xff, 0xf3,
    0x0, 0xd, 0xff, 0xf3, 0x0, 0xd, 0xff, 0xf3,
    0x0, 0xd, 0xff, 0xf3, 0x0, 0xd, 0xff, 0xf3,
    0x0, 0xd, 0xff, 0xf3, 0x0, 0xd, 0xff, 0xf3,
    0x0, 0xd, 0xff, 0xf3, 0x0, 0xd, 0xff, 0xf3,
    0x0, 0xe, 0xff, 0xf3, 0x0, 0x1f, 0xff, 0xf1,
    0x37, 0xdf, 0xff, 0xe0, 0xaf, 0xff, 0xff, 0x70,
    0xaf, 0xff, 0xfa, 0x0, 0xaf, 0xeb, 0x50, 0x0,

    /* U+0459 "љ" */
    0x0, 0x0, 0xef, 0xff, 0xff, 0xff, 0xff, 0xff,
    0xfd, 0x0, 0x0, 0x0, 0x0, 0x0, 0x0, 0x0,
    0xe, 0xff, 0xff, 0xff, 0xff, 0xff, 0xff, 0xd0,
    0x0, 0x0, 0x0, 0x0, 0x0, 0x0, 0x0, 0xff,
    0xff, 0xff, 0xff, 0xff, 0xff, 0xfd, 0x0, 0x0,
    0x0, 0x0, 0x0, 0x0, 0x0, 0xf, 0xff, 0xf6,
    0x66, 0x66, 0xff, 0xff, 0xd0, 0x0, 0x0, 0x0,
    0x0, 0x0, 0x0, 0x0, 0xff, 0xff, 0x0, 0x0,
    0xf, 0xff, 0xfd, 0x0, 0x0, 0x0, 0x0, 0x0,
    0x0, 0x0, 0x1f, 0xff, 0xe0, 0x0, 0x0, 0xff,
    0xff, 0xd0, 0x0, 0x0, 0x0, 0x0, 0x0, 0x0,
    0x1, 0xff, 0xfe, 0x0, 0x0, 0xf, 0xff, 0xff,
    0xff, 0xff, 0xed, 0x92, 0x0, 0x0, 0x0, 0x2f,
    0xff, 0xd0, 0x0, 0x0, 0xff, 0xff, 0xff, 0xff,
    0xff, 0xff, 0xf8, 0x0, 0x0, 0x2, 0xff, 0xfc,
    0x0, 0x0, 0xf, 0xff, 0xff, 0xff, 0xff, 0xff,
    0xff, 0xf7, 0x0, 0x0, 0x3f, 0xff, 0xb0, 0x0,
    0x0, 0xff, 0xff, 0xf6, 0x66, 0x69, 0xef, 0xff,
    0xf1, 0x0, 0x5, 0xff, 0xfa, 0x0, 0x0, 0xf,
    0xff, 0xfd, 0x0, 0x0, 0x1, 0xef, 0xff, 0x60,
    0x0, 0x7f, 0xff, 0x80, 0x0, 0x0, 0xff, 0xff,
    0xd0, 0x0, 0x0, 0x8, 0xff, 0xf9, 0x0, 0xa,
    0xff, 0xf6, 0x0, 0x0, 0xf, 0xff, 0xfd, 0x0,
    0x0, 0x0, 0x7f, 0xff, 0x80, 0x1, 0xff, 0xff,
    0x20, 0x0, 0x0, 0xff, 0xff, 0xd0, 0x0, 0x0,
    0x1e, 0xff, 0xf6, 0x27, 0xdf, 0xff, 0xd0, 0x0,
    0x0, 0xf, 0xff, 0xff, 0x66, 0x66, 0x8e, 0xff,
    0xff, 0x16, 0xff, 0xff, 0xf5, 0x0, 0x0, 0x0,
    0xff, 0xff, 0xff, 0xff, 0xff, 0xff, 0xff, 0x70,
    0x6f, 0xff, 0xfa, 0x0, 0x0, 0x0, 0xf, 0xff,
    0xff, 0xff, 0xff, 0xff, 0xff, 0x70, 0x6, 0xff,
    0xc6, 0x0, 0x0, 0x0, 0x0, 0xff, 0xff, 0xff,
    0xff, 0xff, 0xc8, 0x20, 0x0,

    /* U+045A "њ" */
    0xdf, 0xff, 0x30, 0x0, 0x0, 0xc, 0xff, 0xf4,
    0x0, 0x0, 0x0, 0x0, 0x0, 0xdf, 0xff, 0x30,
    0x0, 0x0, 0xc, 0xff, 0xf4, 0x0, 0x0, 0x0,
    0x0, 0x0, 0xdf, 0xff, 0x30, 0x0, 0x0, 0xc,
    0xff, 0xf4, 0x0, 0x0, 0x0, 0x0, 0x0, 0xdf,
    0xff, 0x30, 0x0, 0x0, 0xc, 0xff, 0xf4, 0x0,
    0x0, 0x0, 0x0, 0x0, 0xdf, 0xff, 0x30, 0x0,
    0x0, 0xc, 0xff, 0xf4, 0x0, 0x0, 0x0, 0x0,
    0x0, 0xdf, 0xff, 0x30, 0x0, 0x0, 0xc, 0xff,
    0xf4, 0x0, 0x0, 0x0, 0x0, 0x0, 0xdf, 0xff,
    0x30, 0x0, 0x0, 0xc, 0xff, 0xf4, 0x0, 0x0,
    0x0, 0x0, 0x0, 0xdf, 0xff, 0xff, 0xff, 0xff,
    0xff, 0xff, 0xff, 0xff, 0xff, 0xeb, 0x60, 0x0,
    0xdf, 0xff, 0xff, 0xff, 0xff, 0xff, 0xff, 0xff,
    0xff, 0xff, 0xff, 0xfd, 0x20, 0xdf, 0xff, 0xff,
    0xff, 0xff, 0xff, 0xff, 0xff, 0xff, 0xff, 0xff,
    0xff, 0xe1, 0xdf, 0xff, 0x86, 0x66, 0x66, 0x6d,
    0xff, 0xf9, 0x66, 0x67, 0xaf, 0xff, 0xf8, 0xdf,
    0xff, 0x30, 0x0, 0x0, 0xc, 0xff, 0xf4, 0x0,
    0x0, 0x6, 0xff, 0xfc, 0xdf, 0xff, 0x30, 0x0,
    0x0, 0xc, 0xff, 0xf4, 0x0, 0x0, 0x2, 0xff,
    0xfd, 0xdf, 0xff, 0x30, 0x0, 0x0, 0xc, 0xff,
    0xf4, 0x0, 0x0, 0x6, 0xff, 0xfc, 0xdf, 0xff,
    0x30, 0x0, 0x0, 0xc, 0xff, 0xf9, 0x66, 0x67,
    0xaf, 0xff, 0xf8, 0xdf, 0xff, 0x30, 0x0, 0x0,
    0xc, 0xff, 0xff, 0xff, 0xff, 0xff, 0xff, 0xe1,
    0xdf, 0xff, 0x30, 0x0, 0x0, 0xc, 0xff, 0xff,
    0xff, 0xff, 0xff, 0xfd, 0x20, 0xdf, 0xff, 0x30,
    0x0, 0x0, 0xc, 0xff, 0xff, 0xff, 0xff, 0xeb,
    0x60, 0x0,

    /* U+045B "ћ" */
    0x0, 0xd, 0xff, 0xf2, 0x0, 0x0, 0x0, 0x0,
    0x0, 0x0, 0x0, 0xdf, 0xff, 0x20, 0x0, 0x0,
    0x0, 0x0, 0x0, 0xf, 0xff, 0xff, 0xff, 0xff,
    0xfd, 0x0, 0x0, 0x0, 0x0, 0xff, 0xff, 0xff,
    0xff, 0xff, 0xd0, 0x0, 0x0, 0x0, 0xa, 0xaf,
    0xff, 0xfc, 0xaa, 0xa8, 0x0, 0x0, 0x0, 0x0,
    0x0, 0xdf, 0xff, 0x20, 0x0, 0x0, 0x0, 0x0,
    0x0, 0x0, 0xd, 0xff, 0xf2, 0x3, 0xae, 0xfe,
    0xa3, 0x0, 0x0, 0x0, 0xdf, 0xff, 0x26, 0xff,
    0xff, 0xff, 0xf7, 0x0, 0x0, 0xd, 0xff, 0xf6,
    0xff, 0xff, 0xff, 0xff, 0xf5, 0x0, 0x0, 0xdf,
    0xff, 0xef, 0xc8, 0x9d, 0xff, 0xff, 0xd0, 0x0,
    0xd, 0xff, 0xff, 0x60, 0x0, 0xa, 0xff, 0xff,
    0x20, 0x0, 0xdf, 0xff, 0xa0, 0x0, 0x0, 0x1f,
    0xff, 0xf5, 0x0, 0xd, 0xff, 0xf5, 0x0, 0x0,
    0x0, 0xcf, 0xff, 0x60, 0x0, 0xdf, 0xff, 0x30,
    0x0, 0x0, 0xa, 0xff, 0xf7, 0x0, 0xd, 0xff,
    0xf3, 0x0, 0x0, 0x0, 0xaf, 0xff, 0x70, 0x0,
    0xdf, 0xff, 0x30, 0x0, 0x0, 0xa, 0xff, 0xf7,
    0x0, 0xd, 0xff, 0xf3, 0x0, 0x0, 0x0, 0xaf,
    0xff, 0x70, 0x0, 0xdf, 0xff, 0x30, 0x0, 0x0,
    0xa, 0xff, 0xf7, 0x0, 0xd, 0xff, 0xf3, 0x0,
    0x0, 0x0, 0xaf, 0xff, 0x70, 0x0, 0xdf, 0xff,
    0x30, 0x0, 0x0, 0xa, 0xff, 0xf7, 0x0, 0xd,
    0xff, 0xf3, 0x0, 0x0, 0x0, 0xaf, 0xff, 0x70,
    0x0, 0xdf, 0xff, 0x30, 0x0, 0x0, 0xa, 0xff,
    0xf7, 0x0, 0xd, 0xff, 0xf3, 0x0, 0x0, 0x0,
    0xaf, 0xff, 0x70, 0x0, 0xdf, 0xff, 0x30, 0x0,
    0x0, 0xa, 0xff, 0xf7,

    /* U+045C "ќ" */
    0x0, 0x0, 0x0, 0x6, 0xee, 0xe5, 0x0, 0x0,
    0x0, 0x0, 0x0, 0xd, 0xff, 0xc0, 0x0, 0x0,
    0x0, 0x0, 0x0, 0x4f, 0xff, 0x20, 0x0, 0x0,
    0x0, 0x0, 0x0, 0xcf, 0xf8, 0x0, 0x0, 0x0,
    0x0, 0x0, 0x3, 0xff, 0xd0, 0x0, 0x0, 0x0,
    0x0, 0x0, 0x0, 0x0, 0x0, 0x0, 0x0, 0x0,
    0x0, 0x0, 0x0, 0x0, 0x0, 0x0, 0x0, 0x0,
    0xdf, 0xff, 0x30, 0x0, 0x0, 0x4f, 0xff, 0xf8,
    0xdf, 0xff, 0x30, 0x0, 0x1, 0xef, 0xff, 0xc0,
    0xdf, 0xff, 0x30, 0x0, 0xb, 0xff, 0xff, 0x20,
    0xdf, 0xff, 0x30, 0x0, 0x6f, 0xff, 0xf6, 0x0,
    0xdf, 0xff, 0x30, 0x2, 0xff, 0xff, 0xa0, 0x0,
    0xdf, 0xff, 0x30, 0xd, 0xff, 0xfd, 0x0, 0x0,
    0xdf, 0xff, 0x30, 0x8f, 0xff, 0xf3, 0x0, 0x0,
    0xdf, 0xff, 0x87, 0xff, 0xff, 0x70, 0x0, 0x0,
    0xdf, 0xff, 0xff, 0xff, 0xfb, 0x0, 0x0, 0x0,
    0xdf, 0xff, 0xff, 0xff, 0xfd, 0x0, 0x0, 0x0,
    0xdf, 0xff, 0xff, 0xff, 0xff, 0x90, 0x0, 0x0,
    0xdf, 0xff, 0x30, 0x7f, 0xff, 0xf4, 0x0, 0x0,
    0xdf, 0xff, 0x30, 0xb, 0xff, 0xfe, 0x10, 0x0,
    0xdf, 0xff, 0x30, 0x1, 0xef, 0xff, 0xb0, 0x0,
    0xdf, 0xff, 0x30, 0x0, 0x5f, 0xff, 0xf7, 0x0,
    0xdf, 0xff, 0x30, 0x0, 0xa, 0xff, 0xff, 0x30,
    0xdf, 0xff, 0x30, 0x0, 0x1, 0xef, 0xff, 0xd0,
    0xdf, 0xff, 0x30, 0x0, 0x0, 0x4f, 0xff, 0xf9,

    /* U+045D "ѝ" */
    0x0, 0x7, 0xee, 0xe4, 0x0, 0x0, 0x0, 0x0,
    0x0, 0x0, 0xef, 0xfc, 0x0, 0x0, 0x0, 0x0,
    0x0, 0x0, 0x4f, 0xff, 0x30, 0x0, 0x0, 0x0,
    0x0, 0x0, 0xa, 0xff, 0xa0, 0x0, 0x0, 0x0,
    0x0, 0x0, 0x1, 0xef, 0xf1, 0x0, 0x0, 0x0,
    0x0, 0x0, 0x0, 0x0, 0x0, 0x0, 0x0, 0x0,
    0x0, 0x0, 0x0, 0x0, 0x0, 0x0, 0x0, 0x0,
    0xdf, 0xff, 0x30, 0x0, 0x0, 0x7, 0xff, 0xf7,
    0xdf, 0xff, 0x30, 0x0, 0x0, 0x2f, 0xff, 0xf7,
    0xdf, 0xff, 0x30, 0x0, 0x0, 0xcf, 0xff, 0xf7,
    0xdf, 0xff, 0x30, 0x0, 0x7, 0xff, 0xff, 0xf7,
    0xdf, 0xff, 0x30, 0x0, 0x2f, 0xff, 0xff, 0xf7,
    0xdf, 0xff, 0x30, 0x0, 0xcf, 0xff, 0xff, 0xf7,
    0xdf, 0xff, 0x30, 0x6, 0xff, 0xfe, 0xff, 0xf7,
    0xdf, 0xff, 0x30, 0x2f, 0xff, 0x9a, 0xff, 0xf7,
    0xdf, 0xff, 0x30, 0xbf, 0xfe, 0xa, 0xff, 0xf7,
    0xdf, 0xff, 0x36, 0xff, 0xf4, 0xa, 0xff, 0xf7,
    0xdf, 0xff, 0x5f, 0xff, 0xa0, 0xa, 0xff, 0xf7,
    0xdf, 0xff, 0xef, 0xfe, 0x10, 0xa, 0xff, 0xf7,
    0xdf, 0xff, 0xff, 0xf5, 0x0, 0xa, 0xff, 0xf7,
    0xdf, 0xff, 0xff, 0xa0, 0x0, 0xa, 0xff, 0xf7,
    0xdf, 0xff, 0xfe, 0x10, 0x0, 0xa, 0xff, 0xf7,
    0xdf, 0xff, 0xf5, 0x0, 0x0, 0xa, 0xff, 0xf7,
    0xdf, 0xff, 0xa0, 0x0, 0x0, 0xa, 0xff, 0xf7,
    0xdf, 0xfe, 0x10, 0x0, 0x0, 0xa, 0xff, 0xf7,

    /* U+045E "ў" */
    0x0, 0x0, 0x48, 0x70, 0x0, 0x0, 0x78, 0x40,
    0x0, 0x0, 0x0, 0x8, 0xff, 0x30, 0x0, 0x5f,
    0xf6, 0x0, 0x0, 0x0, 0x0, 0x2f, 0xff, 0x97,
    0xaf, 0xfe, 0x0, 0x0, 0x0, 0x0, 0x0, 0x5f,
    0xff, 0xff, 0xff, 0x40, 0x0, 0x0, 0x0, 0x0,
    0x0, 0x2a, 0xef, 0xe9, 0x20, 0x0, 0x0, 0x0,
    0x0, 0x0, 0x0, 0x0, 0x0, 0x0, 0x0, 0x0,
    0x0, 0x0, 0x0, 0x0, 0x0, 0x0, 0x0, 0x0,
    0x0, 0x0, 0x3, 0xff, 0xff, 0x10, 0x0, 0x0,
    0x0, 0x3f, 0xff, 0xf1, 0xd, 0xff, 0xf6, 0x0,
    0x0, 0x0, 0x9, 0xff, 0xfa, 0x0, 0x7f, 0xff,
    0xc0, 0x0, 0x0, 0x0, 0xef, 0xff, 0x40, 0x2,
    0xff, 0xff, 0x10, 0x0, 0x0, 0x4f, 0xff, 0xe0,
    0x0, 0xc, 0xff, 0xf6, 0x0, 0x0, 0x9, 0xff,
    0xf9, 0x0, 0x0, 0x6f, 0xff, 0xb0, 0x0, 0x0,
    0xef, 0xff, 0x30, 0x0, 0x1, 0xff, 0xff, 0x10,
    0x0, 0x4f, 0xff, 0xd0, 0x0, 0x0, 0xa, 0xff,
    0xf6, 0x0, 0x9, 0xff, 0xf7, 0x0, 0x0, 0x0,
    0x4f, 0xff, 0xb0, 0x0, 0xef, 0xff, 0x10, 0x0,
    0x0, 0x0, 0xef, 0xff, 0x0, 0x4f, 0xff, 0xb0,
    0x0, 0x0, 0x0, 0x9, 0xff, 0xf5, 0x9, 0xff,
    0xf5, 0x0, 0x0, 0x0, 0x0, 0x3f, 0xff, 0x90,
    0xdf, 0xff, 0x0, 0x0, 0x0, 0x0, 0x0, 0xdf,
    0xfd, 0x2f, 0xff, 0xa0, 0x0, 0x0, 0x0, 0x0,
    0x7, 0xff, 0xf7, 0xff, 0xf4, 0x0, 0x0, 0x0,
    0x0, 0x0, 0x2f, 0xff, 0xef, 0xfe, 0x0, 0x0,
    0x0, 0x0, 0x0, 0x0, 0xcf, 0xff, 0xff, 0x80,
    0x0, 0x0, 0x0, 0x0, 0x0, 0x6, 0xff, 0xff,
    0xf2, 0x0, 0x0, 0x0, 0x0, 0x0, 0x0, 0x1f,
    0xff, 0xfc, 0x0, 0x0, 0x0, 0x0, 0x0, 0x0,
    0x0, 0xef, 0xff, 0x60, 0x0, 0x0, 0x0, 0x0,
    0x0, 0x0, 0x1f, 0xff, 0xf1, 0x0, 0x0, 0x0,
    0x0, 0x0, 0x0, 0x7, 0xff, 0xfa, 0x0, 0x0,
    0x0, 0x0, 0x0, 0x19, 0x79, 0xff, 0xff, 0x30,
    0x0, 0x0, 0x0, 0x0, 0x6, 0xff, 0xff, 0xff,
    0x90, 0x0, 0x0, 0x0, 0x0, 0x0, 0xbf, 0xff,
    0xff, 0xb0, 0x0, 0x0, 0x0, 0x0, 0x0, 0xa,
    0xef, 0xfc, 0x60, 0x0, 0x0, 0x0, 0x0, 0x0,

    /* U+045F "џ" */
    0xdf, 0xff, 0x30, 0x0, 0x0, 0xe, 0xff, 0xf3,
    0xdf, 0xff, 0x30, 0x0, 0x0, 0xe, 0xff, 0xf3,
    0xdf, 0xff, 0x30, 0x0, 0x0, 0xe, 0xff, 0xf3,
    0xdf, 0xff, 0x30, 0x0, 0x0, 0xe, 0xff, 0xf3,
    0xdf, 0xff, 0x30, 0x0, 0x0, 0xe, 0xff, 0xf3,
    0xdf, 0xff, 0x30, 0x0, 0x0, 0xe, 0xff, 0xf3,
    0xdf, 0xff, 0x30, 0x0, 0x0, 0xe, 0xff, 0xf3,
    0xdf, 0xff, 0x30, 0x0, 0x0, 0xe, 0xff, 0xf3,
    0xdf, 0xff, 0x30, 0x0, 0x0, 0xe, 0xff, 0xf3,
    0xdf, 0xff, 0x30, 0x0, 0x0, 0xe, 0xff, 0xf3,
    0xdf, 0xff, 0x30, 0x0, 0x0, 0xe, 0xff, 0xf3,
    0xdf, 0xff, 0x30, 0x0, 0x0, 0xe, 0xff, 0xf3,
    0xdf, 0xff, 0x30, 0x0, 0x0, 0xe, 0xff, 0xf3,
    0xdf, 0xff, 0x30, 0x0, 0x0, 0xe, 0xff, 0xf3,
    0xdf, 0xff, 0x86, 0x66, 0x66, 0x6e, 0xff, 0xf3,
    0xdf, 0xff, 0xff, 0xff, 0xff, 0xff, 0xff, 0xf3,
    0xdf, 0xff, 0xff, 0xff, 0xff, 0xff, 0xff, 0xf3,
    0xdf, 0xff, 0xff, 0xff, 0xff, 0xff, 0xff, 0xf3,
    0x0, 0x0, 0x5, 0xff, 0xfb, 0x0, 0x0, 0x0,
    0x0, 0x0, 0x5, 0xff, 0xfb, 0x0, 0x0, 0x0,
    0x0, 0x0, 0x5, 0xff, 0xfb, 0x0, 0x0, 0x0,
    0x0, 0x0, 0x5, 0xff, 0xfb, 0x0, 0x0, 0x0,
    0x0, 0x0, 0x5, 0xff, 0xfb, 0x0, 0x0, 0x0,

    /* U+2010 "‐" */
    0x26, 0x66, 0x66, 0x66, 0x66, 0x61, 0x5f, 0xff,
    0xff, 0xff, 0xff, 0xf2, 0x5f, 0xff, 0xff, 0xff,
    0xff, 0xf2, 0x5f, 0xff, 0xff, 0xff, 0xff, 0xf2,

    /* U+2011 "‑" */
    0x26, 0x66, 0x66, 0x66, 0x66, 0x61, 0x5f, 0xff,
    0xff, 0xff, 0xff, 0xf2, 0x5f, 0xff, 0xff, 0xff,
    0xff, 0xf2, 0x5f, 0xff, 0xff, 0xff, 0xff, 0xf2,

    /* U+2012 "‒" */
    0x56, 0x66, 0x66, 0x66, 0x66, 0x66, 0x66, 0x66,
    0x66, 0x2c, 0xff, 0xff, 0xff, 0xff, 0xff, 0xff,
    0xff, 0xff, 0xf7, 0xcf, 0xff, 0xff, 0xff, 0xff,
    0xff, 0xff, 0xff, 0xff, 0x7c, 0xff, 0xff, 0xff,
    0xff, 0xff, 0xff, 0xff, 0xff, 0xf7,

    /* U+2013 "–" */
    0x66, 0x66, 0x66, 0x66, 0x66, 0x66, 0x66, 0x66,
    0xff, 0xff, 0xff, 0xff, 0xff, 0xff, 0xff, 0xff,
    0xff, 0xff, 0xff, 0xff, 0xff, 0xff, 0xff, 0xff,
    0xff, 0xff, 0xff, 0xff, 0xff, 0xff, 0xff, 0xff,

    /* U+2014 "—" */
    0x66, 0x66, 0x66, 0x66, 0x66, 0x66, 0x66, 0x66,
    0x66, 0x66, 0x66, 0x66, 0x66, 0x66, 0x66, 0x66,
    0xff, 0xff, 0xff, 0xff, 0xff, 0xff, 0xff, 0xff,
    0xff, 0xff, 0xff, 0xff, 0xff, 0xff, 0xff, 0xff,
    0xff, 0xff, 0xff, 0xff, 0xff, 0xff, 0xff, 0xff,
    0xff, 0xff, 0xff, 0xff, 0xff, 0xff, 0xff, 0xff,
    0xff, 0xff, 0xff, 0xff, 0xff, 0xff, 0xff, 0xff,
    0xff, 0xff, 0xff, 0xff, 0xff, 0xff, 0xff, 0xff,

    /* U+2015 "―" */
    0x66, 0x66, 0x66, 0x66, 0x66, 0x66, 0x66, 0x66,
    0x66, 0x66, 0x66, 0x66, 0x66, 0x66, 0x66, 0x66,
    0xff, 0xff, 0xff, 0xff, 0xff, 0xff, 0xff, 0xff,
    0xff, 0xff, 0xff, 0xff, 0xff, 0xff, 0xff, 0xff,
    0xff, 0xff, 0xff, 0xff, 0xff, 0xff, 0xff, 0xff,
    0xff, 0xff, 0xff, 0xff, 0xff, 0xff, 0xff, 0xff,
    0xff, 0xff, 0xff, 0xff, 0xff, 0xff, 0xff, 0xff,
    0xff, 0xff, 0xff, 0xff, 0xff, 0xff, 0xff, 0xff,

    /* U+2016 "‖" */
    0x2f, 0xff, 0xa0, 0x7f, 0xff, 0x52, 0xff, 0xfa,
    0x7, 0xff, 0xf5, 0x2f, 0xff, 0xa0, 0x7f, 0xff,
    0x52, 0xff, 0xfa, 0x7, 0xff, 0xf5, 0x2f, 0xff,
    0xa0, 0x7f, 0xff, 0x52, 0xff, 0xfa, 0x7, 0xff,
    0xf5, 0x2f, 0xff, 0xa0, 0x7f, 0xff, 0x52, 0xff,
    0xfa, 0x7, 0xff, 0xf5, 0x2f, 0xff, 0xa0, 0x7f,
    0xff, 0x52, 0xff, 0xfa, 0x7, 0xff, 0xf5, 0x2f,
    0xff, 0xa0, 0x7f, 0xff, 0x52, 0xff, 0xfa, 0x7,
    0xff, 0xf5, 0x2f, 0xff, 0xa0, 0x7f, 0xff, 0x52,
    0xff, 0xfa, 0x7, 0xff, 0xf5, 0x2f, 0xff, 0xa0,
    0x7f, 0xff, 0x52, 0xff, 0xfa, 0x7, 0xff, 0xf5,
    0x2f, 0xff, 0xa0, 0x7f, 0xff, 0x52, 0xff, 0xfa,
    0x7, 0xff, 0xf5, 0x2f, 0xff, 0xa0, 0x7f, 0xff,
    0x52, 0xff, 0xfa, 0x7, 0xff, 0xf5, 0x2f, 0xff,
    0xa0, 0x7f, 0xff, 0x52, 0xff, 0xfa, 0x7, 0xff,
    0xf5, 0x2f, 0xff, 0xa0, 0x7f, 0xff, 0x52, 0xff,
    0xfa, 0x7, 0xff, 0xf5, 0x2f, 0xff, 0xa0, 0x7f,
    0xff, 0x52, 0xff, 0xfa, 0x7, 0xff, 0xf5, 0x2f,
    0xff, 0xa0, 0x7f, 0xff, 0x52, 0xff, 0xfa, 0x7,
    0xff, 0xf5, 0x2f, 0xff, 0xa0, 0x7f, 0xff, 0x52,
    0xff, 0xfa, 0x7, 0xff, 0xf5, 0x2f, 0xff, 0xa0,
    0x7f, 0xff, 0x52, 0xff, 0xfa, 0x7, 0xff, 0xf5,
    0x2f, 0xff, 0xa0, 0x7f, 0xff, 0x52, 0xff, 0xfa,
    0x7, 0xff, 0xf5, 0x2f, 0xff, 0xa0, 0x7f, 0xff,
    0x52, 0xff, 0xfa, 0x7, 0xff, 0xf5, 0x2f, 0xff,
    0xa0, 0x7f, 0xff, 0x52, 0xff, 0xfa, 0x7, 0xff,
    0xf5, 0x2f, 0xff, 0xa0, 0x7f, 0xff, 0x50,

    /* U+2017 "‗" */
    0x67, 0x77, 0x77, 0x77, 0x77, 0x77, 0x77, 0x5d,
    0xff, 0xff, 0xff, 0xff, 0xff, 0xff, 0xfc, 0xdf,
    0xff, 0xff, 0xff, 0xff, 0xff, 0xff, 0xc0, 0x0,
    0x0, 0x0, 0x0, 0x0, 0x0, 0x0, 0x56, 0x66,
    0x66, 0x66, 0x66, 0x66, 0x66, 0x5d, 0xff, 0xff,
    0xff, 0xff, 0xff, 0xff, 0xfc, 0xdf, 0xff, 0xff,
    0xff, 0xff, 0xff, 0xff, 0xc0,

    /* U+2018 "‘" */
    0x0, 0xd, 0xff, 0x0, 0x2, 0xff, 0xe0, 0x0,
    0x6f, 0xfc, 0x0, 0xb, 0xff, 0x90, 0x0, 0xff,
    0xf7, 0x0, 0x4f, 0xff, 0x50, 0x9, 0xff, 0xf3,
    0x0, 0xdf, 0xff, 0x0, 0x2f, 0xff, 0xe0, 0x3,
    0x99, 0x97, 0x0,

    /* U+2019 "’" */
    0x0, 0x99, 0x99, 0x0, 0x3f, 0xff, 0xd0, 0x5,
    0xff, 0xf8, 0x0, 0x8f, 0xff, 0x30, 0xa, 0xff,
    0xf0, 0x0, 0xcf, 0xfa, 0x0, 0xe, 0xff, 0x60,
    0x1, 0xff, 0xf1, 0x0, 0x3f, 0xfd, 0x0, 0x5,
    0xff, 0x80, 0x0,

    /* U+201A "‚" */
    0x0, 0x79, 0x99, 0x30, 0xe, 0xff, 0xf2, 0x0,
    0xff, 0xfd, 0x0, 0x3f, 0xff, 0x80, 0x5, 0xff,
    0xf4, 0x0, 0x7f, 0xff, 0x0, 0xa, 0xff, 0xb0,
    0x0, 0xcf, 0xf6, 0x0, 0xe, 0xff, 0x20, 0x0,
    0xff, 0xd0, 0x0,

    /* U+201B "‛" */
    0x9f, 0xff, 0x80, 0x4f, 0xff, 0xa0, 0xf, 0xff,
    0xd0, 0xb, 0xff, 0xf0, 0x6, 0xff, 0xf1, 0x2,
    0xff, 0xf4, 0x0, 0xdf, 0xf6, 0x0, 0x9f, 0xf8,
    0x0, 0x4f, 0xfb, 0x0, 0x9, 0x97,

    /* U+201C "“" */
    0x0, 0xd, 0xff, 0x0, 0x1, 0xff, 0xd0, 0x2,
    0xff, 0xe0, 0x0, 0x5f, 0xfb, 0x0, 0x6f, 0xfc,
    0x0, 0x9, 0xff, 0x90, 0xb, 0xff, 0x90, 0x0,
    0xef, 0xf6, 0x0, 0xff, 0xf7, 0x0, 0x2f, 0xff,
    0x40, 0x4f, 0xff, 0x50, 0x7, 0xff, 0xf2, 0x9,
    0xff, 0xf3, 0x0, 0xcf, 0xff, 0x0, 0xdf, 0xff,
    0x0, 0xf, 0xff, 0xd0, 0x2f, 0xff, 0xe0, 0x5,
    0xff, 0xfb, 0x3, 0x99, 0x97, 0x0, 0x59, 0x99,
    0x50,

    /* U+201D "”" */
    0x0, 0x99, 0x99, 0x0, 0x49, 0x99, 0x60, 0x3f,
    0xff, 0xd0, 0x9, 0xff, 0xf7, 0x5, 0xff, 0xf8,
    0x0, 0xbf, 0xff, 0x20, 0x8f, 0xff, 0x30, 0xd,
    0xff, 0xe0, 0xa, 0xff, 0xf0, 0x0, 0xff, 0xf9,
    0x0, 0xcf, 0xfa, 0x0, 0x2f, 0xff, 0x50, 0xe,
    0xff, 0x60, 0x4, 0xff, 0xf0, 0x1, 0xff, 0xf1,
    0x0, 0x7f, 0xfc, 0x0, 0x3f, 0xfd, 0x0, 0x9,
    0xff, 0x70, 0x5, 0xff, 0x80, 0x0, 0xbf, 0xf3,
    0x0,

    /* U+201E "„" */
    0x0, 0x79, 0x99, 0x30, 0x19, 0x99, 0x90, 0x0,
    0xef, 0xff, 0x20, 0x4f, 0xff, 0xc0, 0x0, 0xff,
    0xfd, 0x0, 0x6f, 0xff, 0x70, 0x3, 0xff, 0xf8,
    0x0, 0x8f, 0xff, 0x30, 0x5, 0xff, 0xf4, 0x0,
    0xbf, 0xfe, 0x0, 0x7, 0xff, 0xf0, 0x0, 0xdf,
    0xfa, 0x0, 0xa, 0xff, 0xb0, 0x0, 0xff, 0xf5,
    0x0, 0xc, 0xff, 0x60, 0x2, 0xff, 0xf1, 0x0,
    0xe, 0xff, 0x20, 0x4, 0xff, 0xc0, 0x0, 0xf,
    0xfd, 0x0, 0x6, 0xff, 0x80, 0x0,

    /* U+201F "‟" */
    0x9f, 0xff, 0x80, 0xe, 0xff, 0xf2, 0x4, 0xff,
    0xfa, 0x0, 0xaf, 0xff, 0x50, 0xf, 0xff, 0xd0,
    0x5, 0xff, 0xf7, 0x0, 0xbf, 0xff, 0x0, 0x1f,
    0xff, 0x90, 0x6, 0xff, 0xf1, 0x0, 0xcf, 0xfc,
    0x0, 0x2f, 0xff, 0x40, 0x8, 0xff, 0xe0, 0x0,
    0xdf, 0xf6, 0x0, 0x3f, 0xff, 0x0, 0x9, 0xff,
    0x80, 0x0, 0xef, 0xf2, 0x0, 0x4f, 0xfb, 0x0,
    0xa, 0xff, 0x50, 0x0, 0x99, 0x70, 0x0, 0x39,
    0x94,

    /* U+2020 "†" */
    0x0, 0x0, 0xf, 0xff, 0xb0, 0x0, 0x0, 0x0,
    0x0, 0xf, 0xff, 0xb0, 0x0, 0x0, 0x0, 0x0,
    0xf, 0xff, 0xb0, 0x0, 0x0, 0x0, 0x0, 0xf,
    0xff, 0xb0, 0x0, 0x0, 0x0, 0x0, 0x1f, 0xff,
    0xb0, 0x0, 0x0, 0xbf, 0xff, 0xff, 0xff, 0xff,
    0xff, 0xf6, 0xbf, 0xff, 0xff, 0xff, 0xff, 0xff,
    0xf6, 0xbf, 0xff, 0xff, 0xff, 0xff, 0xff, 0xf6,
    0x0, 0x0, 0xf, 0xff, 0xb0, 0x0, 0x0, 0x0,
    0x0, 0xf, 0xff, 0xb0, 0x0, 0x0, 0x0, 0x0,
    0xf, 0xff, 0xb0, 0x0, 0x0, 0x0, 0x0, 0xf,
    0xff, 0xa0, 0x0, 0x0, 0x0, 0x0, 0xe, 0xff,
    0x90, 0x0, 0x0, 0x0, 0x0, 0xc, 0xff, 0x70,
    0x0, 0x0, 0x0, 0x0, 0xb, 0xff, 0x50, 0x0,
    0x0, 0x0, 0x0, 0x9, 0xff, 0x30, 0x0, 0x0,
    0x0, 0x0, 0x7, 0xff, 0x20, 0x0, 0x0, 0x0,
    0x0, 0x2, 0x77, 0x0, 0x0, 0x0,

    /* U+2021 "‡" */
    0x0, 0x0, 0xf, 0xff, 0xb0, 0x0, 0x0, 0x0,
    0x0, 0xf, 0xff, 0xb0, 0x0, 0x0, 0x0, 0x0,
    0xf, 0xff, 0xb0, 0x0, 0x0, 0x0, 0x0, 0xf,
    0xff, 0xb0, 0x0, 0x0, 0x0, 0x0, 0xf, 0xff,
    0xb0, 0x0, 0x0, 0xbf, 0xff, 0xff, 0xff, 0xff,
    0xff, 0xf6, 0xbf, 0xff, 0xff, 0xff, 0xff, 0xff,
    0xf6, 0xbf, 0xff, 0xff, 0xff, 0xff, 0xff, 0xf6,
    0x0, 0x0, 0xf, 0xff, 0xb0, 0x0, 0x0, 0x0,
    0x0, 0xf, 0xff, 0xb0, 0x0, 0x0, 0x0, 0x0,
    0xf, 0xff, 0xb0, 0x0, 0x0, 0x0, 0x0, 0xf,
    0xff, 0xb0, 0x0, 0x0, 0xbf, 0xff, 0xff, 0xff,
    0xff, 0xff, 0xf6, 0xbf, 0xff, 0xff, 0xff, 0xff,
    0xff, 0xf6, 0xbf, 0xff, 0xff, 0xff, 0xff, 0xff,
    0xf6, 0x0, 0x0, 0xf, 0xff, 0xb0, 0x0, 0x0,
    0x0, 0x0, 0xf, 0xff, 0xb0, 0x0, 0x0, 0x0,
    0x0, 0xf, 0xff, 0xb0, 0x0, 0x0, 0x0, 0x0,
    0xe, 0xff, 0x90, 0x0, 0x0, 0x0, 0x0, 0xd,
    0xff, 0x70, 0x0, 0x0, 0x0, 0x0, 0xb, 0xff,
    0x60, 0x0, 0x0, 0x0, 0x0, 0x9, 0xff, 0x40,
    0x0, 0x0, 0x0, 0x0, 0x8, 0xff, 0x20, 0x0,
    0x0, 0x0, 0x0, 0x6, 0xff, 0x10, 0x0, 0x0,

    /* U+2022 "•" */
    0x0, 0x0, 0x11, 0x0, 0x0, 0x0, 0x6, 0xef,
    0xfe, 0x70, 0x0, 0x9, 0xff, 0xff, 0xff, 0xb0,
    0x4, 0xff, 0xff, 0xff, 0xff, 0x60, 0xbf, 0xff,
    0xff, 0xff, 0xfd, 0xe, 0xff, 0xff, 0xff, 0xff,
    0xf0, 0xdf, 0xff, 0xff, 0xff, 0xff, 0xa, 0xff,
    0xff, 0xff, 0xff, 0xc0, 0x3f, 0xff, 0xff, 0xff,
    0xf5, 0x0, 0x7f, 0xff, 0xff, 0xf8, 0x0, 0x0,
    0x4b, 0xef, 0xc5, 0x0, 0x0,

    /* U+2023 "‣" */
    0x40, 0x0, 0x0, 0x0, 0x9, 0xe5, 0x0, 0x0,
    0x0, 0x9f, 0xfb, 0x20, 0x0, 0x9, 0xff, 0xff,
    0x80, 0x0, 0x9f, 0xff, 0xff, 0xd4, 0x9, 0xff,
    0xff, 0xff, 0xf6, 0x9f, 0xff, 0xff, 0xe6, 0x9,
    0xff, 0xff, 0x91, 0x0, 0x9f, 0xfd, 0x30, 0x0,
    0x9, 0xf7, 0x0, 0x0, 0x0, 0x51, 0x0, 0x0,
    0x0, 0x0,

    /* U+2024 "․" */
    0x0, 0x0, 0x0, 0x6, 0xff, 0x90, 0x2f, 0xff,
    0xf5, 0x5f, 0xff, 0xf8, 0x2f, 0xff, 0xf5, 0x6,
    0xee, 0x80,

    /* U+2025 "‥" */
    0x0, 0x0, 0x0, 0x0, 0x0, 0x0, 0x0, 0x0,
    0x6, 0xff, 0x90, 0x0, 0x0, 0x4, 0xef, 0xb1,
    0x2f, 0xff, 0xf5, 0x0, 0x0, 0xe, 0xff, 0xf9,
    0x5f, 0xff, 0xf8, 0x0, 0x0, 0x2f, 0xff, 0xfc,
    0x2f, 0xff, 0xf5, 0x0, 0x0, 0xe, 0xff, 0xf8,
    0x6, 0xee, 0x80, 0x0, 0x0, 0x3, 0xdf, 0xa0,

    /* U+2026 "…" */
    0x0, 0x0, 0x0, 0x0, 0x0, 0x0, 0x0, 0x0,
    0x0, 0x0, 0x0, 0x0, 0x0, 0x6, 0xff, 0x90,
    0x0, 0x0, 0x4, 0xef, 0xb1, 0x0, 0x0, 0x2,
    0xcf, 0xc2, 0x2f, 0xff, 0xf5, 0x0, 0x0, 0xe,
    0xff, 0xf9, 0x0, 0x0, 0xc, 0xff, 0xfc, 0x5f,
    0xff, 0xf8, 0x0, 0x0, 0x2f, 0xff, 0xfc, 0x0,
    0x0, 0xf, 0xff, 0xff, 0x2f, 0xff, 0xf5, 0x0,
    0x0, 0xe, 0xff, 0xf8, 0x0, 0x0, 0xc, 0xff,
    0xfb, 0x6, 0xee, 0x80, 0x0, 0x0, 0x3, 0xdf,
    0xa0, 0x0, 0x0, 0x2, 0xcf, 0xb1,

    /* U+2027 "‧" */
    0x0, 0x0, 0x0, 0x6, 0xff, 0x90, 0x2f, 0xff,
    0xf5, 0x5f, 0xff, 0xf8, 0x2f, 0xff, 0xf5, 0x6,
    0xee, 0x80,

    /* U+2030 "‰" */
    0x0, 0x5c, 0xef, 0xc6, 0x0, 0x0, 0x0, 0x0,
    0x0, 0xd, 0xff, 0x30, 0x0, 0x0, 0x0, 0x0,
    0x0, 0x0, 0x0, 0x9, 0xff, 0xff, 0xff, 0xa0,
    0x0, 0x0, 0x0, 0x0, 0x8f, 0xf8, 0x0, 0x0,
    0x0, 0x0, 0x0, 0x0, 0x0, 0x0, 0x4f, 0xff,
    0xbb, 0xff, 0xf5, 0x0, 0x0, 0x0, 0x3, 0xff,
    0xd0, 0x0, 0x0, 0x0, 0x0, 0x0, 0x0, 0x0,
    0x0, 0xaf, 0xf8, 0x0, 0x6f, 0xfb, 0x0, 0x0,
    0x0, 0xd, 0xff, 0x30, 0x0, 0x0, 0x0, 0x0,
    0x0, 0x0, 0x0, 0x0, 0xdf, 0xf2, 0x0, 0x1f,
    0xfe, 0x0, 0x0, 0x0, 0x8f, 0xf8, 0x0, 0x0,
    0x0, 0x0, 0x0, 0x0, 0x0, 0x0, 0x0, 0xef,
    0xf1, 0x0, 0xf, 0xff, 0x0, 0x0, 0x3, 0xff,
    0xd0, 0x0, 0x0, 0x0, 0x0, 0x0, 0x0, 0x0,
    0x0, 0x0, 0xdf, 0xf2, 0x0, 0x1f, 0xfe, 0x0,
    0x0, 0xd, 0xff, 0x30, 0x0, 0x0, 0x0, 0x0,
    0x0, 0x0, 0x0, 0x0, 0x0, 0xaf, 0xf8, 0x0,
    0x6f, 0xfb, 0x0, 0x0, 0x8f, 0xf8, 0x0, 0x0,
    0x0, 0x0, 0x0, 0x0, 0x0, 0x0, 0x0, 0x0,
    0x4f, 0xff, 0xbb, 0xff, 0xf5, 0x0, 0x3, 0xff,
    0xd0, 0x0, 0x0, 0x0, 0x0, 0x0, 0x0, 0x0,
    0x0, 0x0, 0x0, 0x9, 0xff, 0xff, 0xff, 0xa0,
    0x0, 0xd, 0xff, 0x30, 0x0, 0x0, 0x0, 0x0,
    0x0, 0x0, 0x0, 0x0, 0x0, 0x0, 0x0, 0x5c,
    0xff, 0xc6, 0x0, 0x0, 0x8f, 0xf8, 0x0, 0x0,
    0x0, 0x0, 0x0, 0x0, 0x0, 0x0, 0x0, 0x0,
    0x0, 0x0, 0x0, 0x0, 0x0, 0x0, 0x3, 0xff,
    0xd0, 0x0, 0x0, 0x0, 0x0, 0x0, 0x0, 0x0,
    0x0, 0x0, 0x0, 0x0, 0x0, 0x0, 0x0, 0x0,
    0x0, 0xd, 0xff, 0x30, 0x0, 0x5, 0x89, 0x61,
    0x0, 0x0, 0x0, 0x16, 0x98, 0x50, 0x0, 0x0,
    0x0, 0x0, 0x0, 0x0, 0x8f, 0xf8, 0x0, 0x2,
    0xdf, 0xff, 0xff, 0x40, 0x0, 0x5, 0xff, 0xff,
    0xfd, 0x20, 0x0, 0x0, 0x0, 0x0, 0x3, 0xff,
    0xd0, 0x0, 0xd, 0xff, 0xff, 0xff, 0xf2, 0x0,
    0x2f, 0xff, 0xff, 0xff, 0xd0, 0x0, 0x0, 0x0,
    0x0, 0xd, 0xff, 0x30, 0x0, 0x6f, 0xfd, 0x21,
    0xaf, 0xf9, 0x0, 0xaf, 0xfa, 0x12, 0xdf, 0xf5,
    0x0, 0x0, 0x0, 0x0, 0x8f, 0xf8, 0x0, 0x0,
    0xbf, 0xf5, 0x0, 0x2f, 0xfe, 0x0, 0xff, 0xf1,
    0x0, 0x6f, 0xfa, 0x0, 0x0, 0x0, 0x3, 0xff,
    0xd0, 0x0, 0x0, 0xcf, 0xf2, 0x0, 0xf, 0xff,
    0x0, 0xff, 0xe0, 0x0, 0x3f, 0xfb, 0x0, 0x0,
    0x0, 0xd, 0xff, 0x30, 0x0, 0x0, 0xcf, 0xf2,
    0x0, 0xf, 0xff, 0x0, 0xff, 0xe0, 0x0, 0x3f,
    0xfb, 0x0, 0x0, 0x0, 0x8f, 0xf8, 0x0, 0x0,
    0x0, 0xbf, 0xf3, 0x0, 0xf, 0xfe, 0x0, 0xff,
    0xf0, 0x0, 0x4f, 0xfa, 0x0, 0x0, 0x3, 0xff,
    0xd0, 0x0, 0x0, 0x0, 0x8f, 0xf9, 0x0, 0x6f,
    0xfb, 0x0, 0xcf, 0xf5, 0x0, 0xaf, 0xf7, 0x0,
    0x0, 0xd, 0xff, 0x30, 0x0, 0x0, 0x0, 0x2f,
    0xff, 0xcb, 0xff, 0xf5, 0x0, 0x6f, 0xff, 0xbc,
    0xff, 0xf2, 0x0, 0x0, 0x8f, 0xf8, 0x0, 0x0,
    0x0, 0x0, 0x7, 0xff, 0xff, 0xff, 0xa0, 0x0,
    0xb, 0xff, 0xff, 0xff, 0x60, 0x0, 0x3, 0xff,
    0xd0, 0x0, 0x0, 0x0, 0x0, 0x0, 0x4b, 0xef,
    0xc6, 0x0, 0x0, 0x0, 0x7d, 0xfe, 0xb4, 0x0,

    /* U+20AC "€" */
    0x0, 0x0, 0x0, 0x0, 0x1, 0x7c, 0xef, 0xed,
    0x93, 0x0, 0x0, 0x0, 0x0, 0x0, 0x8f, 0xff,
    0xff, 0xff, 0xff, 0xb1, 0x0, 0x0, 0x0, 0x1c,
    0xff, 0xff, 0xff, 0xff, 0xff, 0xfb, 0x0, 0x0,
    0x0, 0xcf, 0xff, 0xff, 0xfd, 0xef, 0xff, 0xf4,
    0x0, 0x0, 0x8, 0xff, 0xff, 0xc4, 0x0, 0x1,
    0x6e, 0xc0, 0x0, 0x0, 0x1f, 0xff, 0xfa, 0x0,
    0x0, 0x0, 0x0, 0x20, 0x0, 0x0, 0x6f, 0xff,
    0xe0, 0x0, 0x0, 0x0, 0x0, 0x0, 0x0, 0x0,
    0xbf, 0xff, 0x80, 0x0, 0x0, 0x0, 0x0, 0x0,
    0x6, 0xff, 0xff, 0xff, 0xff, 0xff, 0xff, 0xff,
    0xd0, 0x0, 0xc, 0xff, 0xff, 0xff, 0xff, 0xff,
    0xff, 0xff, 0x50, 0x0, 0x6, 0x78, 0xff, 0xff,
    0x77, 0x77, 0x77, 0x76, 0x0, 0x0, 0x0, 0x3,
    0xff, 0xff, 0x0, 0x0, 0x0, 0x0, 0x0, 0x0,
    0x0, 0x3, 0xff, 0xff, 0x0, 0x0, 0x0, 0x0,
    0x0, 0x0, 0x6, 0xff, 0xff, 0xff, 0xff, 0xff,
    0xff, 0xb0, 0x0, 0x0, 0xc, 0xff, 0xff, 0xff,
    0xff, 0xff, 0xff, 0x30, 0x0, 0x0, 0x7, 0x88,
    0xef, 0xff, 0xb8, 0x88, 0x87, 0x0, 0x0, 0x0,
    0x0, 0x0, 0x9f, 0xff, 0xa0, 0x0, 0x0, 0x0,
    0x0, 0x0, 0x0, 0x0, 0x4f, 0xff, 0xf2, 0x0,
    0x0, 0x0, 0x0, 0x0, 0x0, 0x0, 0xd, 0xff,
    0xfc, 0x0, 0x0, 0x0, 0x1, 0x30, 0x0, 0x0,
    0x5, 0xff, 0xff, 0xd4, 0x0, 0x1, 0x7f, 0xb0,
    0x0, 0x0, 0x0, 0xaf, 0xff, 0xff, 0xfd, 0xef,
    0xff, 0xf3, 0x0, 0x0, 0x0, 0xb, 0xff, 0xff,
    0xff, 0xff, 0xff, 0xfa, 0x0, 0x0, 0x0, 0x0,
    0x7f, 0xff, 0xff, 0xff, 0xff, 0xc2, 0x0, 0x0,
    0x0, 0x0, 0x1, 0x7b, 0xef, 0xfd, 0x93, 0x0,

    /* U+F001 "" */
    0x0, 0x0, 0x0, 0x0, 0x0, 0x0, 0x0, 0x0,
    0x0, 0x0, 0x0, 0x0, 0x0, 0x0, 0x0, 0x0,
    0x0, 0x0, 0x0, 0x0, 0x0, 0x0, 0x0, 0x0,
    0x0, 0x0, 0x0, 0x0, 0x0, 0x5, 0x9d, 0xd4,
    0x0, 0x0, 0x0, 0x0, 0x0, 0x0, 0x0, 0x0,
    0x0, 0x0, 0x0, 0x2, 0x7b, 0xff, 0xff, 0xfe,
    0x0, 0x0, 0x0, 0x0, 0x0, 0x0, 0x0, 0x0,
    0x0, 0x0, 0x48, 0xdf, 0xff, 0xff, 0xff, 0xff,
    0x0, 0x0, 0x0, 0x0, 0x0, 0x0, 0x0, 0x0,
    0x16, 0xaf, 0xff, 0xff, 0xff, 0xff, 0xff, 0xff,
    0x0, 0x0, 0x0, 0x0, 0x0, 0x0, 0x3, 0x8c,
    0xff, 0xff, 0xff, 0xff, 0xff, 0xff, 0xff, 0xff,
    0x0, 0x0, 0x0, 0x0, 0x0, 0x59, 0xef, 0xff,
    0xff, 0xff, 0xff, 0xff, 0xff, 0xff, 0xff, 0xff,
    0x0, 0x0, 0x0, 0x0, 0x6f, 0xff, 0xff, 0xff,
    0xff, 0xff, 0xff, 0xff, 0xff, 0xff, 0xff, 0xff,
    0x0, 0x0, 0x0, 0x0, 0xff, 0xff, 0xff, 0xff,
    0xff, 0xff, 0xff, 0xff, 0xff, 0xff, 0xff, 0xff,
    0x0, 0x0, 0x0, 0x0, 0xff, 0xff, 0xff, 0xff,
    0xff, 0xff, 0xff, 0xff, 0xff, 0xfd, 0xff, 0xff,
    0x0, 0x0, 0x0, 0x0, 0xff, 0xff, 0xff, 0xff,
    0xff, 0xff, 0xff, 0xff, 0xb6, 0x20, 0xff, 0xff,
    0x0, 0x0, 0x0, 0x0, 0xff, 0xff, 0xff, 0xff,
    0xff, 0xff, 0xe9, 0x40, 0x0, 0x0, 0xff, 0xff,
    0x0, 0x0, 0x0, 0x0, 0xff, 0xff, 0xff, 0xff,
    0xfc, 0x72, 0x0, 0x0, 0x0, 0x0, 0xff, 0xff,
    0x0, 0x0, 0x0, 0x0, 0xff, 0xff, 0xfe, 0xa5,
    0x10, 0x0, 0x0, 0x0, 0x0, 0x0, 0xff, 0xff,
    0x0, 0x0, 0x0, 0x0, 0xff, 0xff, 0x30, 0x0,
    0x0, 0x0, 0x0, 0x0, 0x0, 0x0, 0xff, 0xff,
    0x0, 0x0, 0x0, 0x0, 0xff, 0xff, 0x0, 0x0,
    0x0, 0x0, 0x0, 0x0, 0x0, 0x0, 0xff, 0xff,
    0x0, 0x0, 0x0, 0x0, 0xff, 0xff, 0x0, 0x0,
    0x0, 0x0, 0x0, 0x0, 0x0, 0x0, 0xff, 0xff,
    0x0, 0x0, 0x0, 0x0, 0xff, 0xff, 0x0, 0x0,
    0x0, 0x0, 0x0, 0x0, 0x0, 0x0, 0xff, 0xff,
    0x0, 0x0, 0x0, 0x0, 0xff, 0xff, 0x0, 0x0,
    0x0, 0x0, 0x0, 0x0, 0x0, 0x0, 0xff, 0xff,
    0x0, 0x0, 0x0, 0x0, 0xff, 0xff, 0x0, 0x0,
    0x0, 0x0, 0x0, 0x0, 0x0, 0x0, 0xff, 0xff,
    0x0, 0x0, 0x0, 0x0, 0xff, 0xff, 0x0, 0x0,
    0x0, 0x0, 0x0, 0x0, 0x0, 0x0, 0xff, 0xff,
    0x0, 0x0, 0x0, 0x0, 0xff, 0xff, 0x0, 0x0,
    0x0, 0x0, 0x0, 0x3a, 0xdf, 0xec, 0xff, 0xff,
    0x0, 0x0, 0x0, 0x0, 0xff, 0xff, 0x0, 0x0,
    0x0, 0x0, 0xa, 0xff, 0xff, 0xff, 0xff, 0xff,
    0x0, 0x0, 0x0, 0x0, 0xff, 0xff, 0x0, 0x0,
    0x0, 0x0, 0x8f, 0xff, 0xff, 0xff, 0xff, 0xff,
    0x0, 0x0, 0x0, 0x0, 0xff, 0xff, 0x0, 0x0,
    0x0, 0x0, 0xef, 0xff, 0xff, 0xff, 0xff, 0xff,
    0x0, 0x3a, 0xdf, 0xec, 0xff, 0xff, 0x0, 0x0,
    0x0, 0x0, 0xef, 0xff, 0xff, 0xff, 0xff, 0xfe,
    0xa, 0xff, 0xff, 0xff, 0xff, 0xff, 0x0, 0x0,
    0x0, 0x0, 0x8f, 0xff, 0xff, 0xff, 0xff, 0xf8,
    0x8f, 0xff, 0xff, 0xff, 0xff, 0xff, 0x0, 0x0,
    0x0, 0x0, 0xa, 0xff, 0xff, 0xff, 0xff, 0xa0,
    0xef, 0xff, 0xff, 0xff, 0xff, 0xff, 0x0, 0x0,
    0x0, 0x0, 0x0, 0x3a, 0xdf, 0xfd, 0xa3, 0x0,
    0xef, 0xff, 0xff, 0xff, 0xff, 0xfe, 0x0, 0x0,
    0x0, 0x0, 0x0, 0x0, 0x0, 0x0, 0x0, 0x0,
    0x8f, 0xff, 0xff, 0xff, 0xff, 0xf8, 0x0, 0x0,
    0x0, 0x0, 0x0, 0x0, 0x0, 0x0, 0x0, 0x0,
    0xa, 0xff, 0xff, 0xff, 0xff, 0xa0, 0x0, 0x0,
    0x0, 0x0, 0x0, 0x0, 0x0, 0x0, 0x0, 0x0,
    0x0, 0x3a, 0xdf, 0xfd, 0xa3, 0x0, 0x0, 0x0,
    0x0, 0x0, 0x0, 0x0, 0x0, 0x0, 0x0, 0x0,

    /* U+F008 "" */
    0x8f, 0x0, 0x0, 0xff, 0xff, 0xff, 0xff, 0xff,
    0xff, 0xff, 0xff, 0xff, 0xff, 0x0, 0x0, 0xf8,
    0xff, 0x20, 0x2, 0xff, 0xff, 0xff, 0xff, 0xff,
    0xff, 0xff, 0xff, 0xff, 0xff, 0x20, 0x2, 0xff,
    0xff, 0xff, 0xff, 0xff, 0xff, 0xff, 0xff, 0xff,
    0xff, 0xff, 0xff, 0xff, 0xff, 0xff, 0xff, 0xff,
    0xff, 0xff, 0xff, 0xff, 0xf2, 0x0, 0x0, 0x0,
    0x0, 0x0, 0x0, 0x2f, 0xff, 0xff, 0xff, 0xff,
    0xff, 0x20, 0x2, 0xff, 0xf0, 0x0, 0x0, 0x0,
    0x0, 0x0, 0x0, 0xf, 0xff, 0x20, 0x2, 0xff,
    0xff, 0x0, 0x0, 0xff, 0xf0, 0x0, 0x0, 0x0,
    0x0, 0x0, 0x0, 0xf, 0xff, 0x0, 0x0, 0xff,
    0xff, 0x0, 0x0, 0xff, 0xf0, 0x0, 0x0, 0x0,
    0x0, 0x0, 0x0, 0xf, 0xff, 0x0, 0x0, 0xff,
    0xff, 0x20, 0x2, 0xff, 0xf0, 0x0, 0x0, 0x0,
    0x0, 0x0, 0x0, 0xf, 0xff, 0x20, 0x2, 0xff,
    0xff, 0xff, 0xff, 0xff, 0xf0, 0x0, 0x0, 0x0,
    0x0, 0x0, 0x0, 0xf, 0xff, 0xff, 0xff, 0xff,
    0xff, 0xff, 0xff, 0xff, 0xf0, 0x0, 0x0, 0x0,
    0x0, 0x0, 0x0, 0xf, 0xff, 0xff, 0xff, 0xff,
    0xff, 0x20, 0x2, 0xff, 0xfa, 0x88, 0x88, 0x88,
    0x88, 0x88, 0x88, 0xaf, 0xff, 0x20, 0x2, 0xff,
    0xff, 0x0, 0x0, 0xff, 0xff, 0xff, 0xff, 0xff,
    0xff, 0xff, 0xff, 0xff, 0xff, 0x0, 0x0, 0xff,
    0xff, 0x0, 0x0, 0xff, 0xff, 0xff, 0xff, 0xff,
    0xff, 0xff, 0xff, 0xff, 0xff, 0x0, 0x0, 0xff,
    0xff, 0x20, 0x2, 0xff, 0xfa, 0x88, 0x88, 0x88,
    0x88, 0x88, 0x88, 0xaf, 0xff, 0x20, 0x2, 0xff,
    0xff, 0xff, 0xff, 0xff, 0xf0, 0x0, 0x0, 0x0,
    0x0, 0x0, 0x0, 0xf, 0xff, 0xff, 0xff, 0xff,
    0xff, 0xff, 0xff, 0xff, 0xf0, 0x0, 0x0, 0x0,
    0x0, 0x0, 0x0, 0xf, 0xff, 0xff, 0xff, 0xff,
    0xff, 0x20, 0x2, 0xff, 0xf0, 0x0, 0x0, 0x0,
    0x0, 0x0, 0x0, 0xf, 0xff, 0x20, 0x2, 0xff,
    0xff, 0x0, 0x0, 0xff, 0xf0, 0x0, 0x0, 0x0,
    0x0, 0x0, 0x0, 0xf, 0xff, 0x0, 0x0, 0xff,
    0xff, 0x0, 0x0, 0xff, 0xf0, 0x0, 0x0, 0x0,
    0x0, 0x0, 0x0, 0xf, 0xff, 0x0, 0x0, 0xff,
    0xff, 0x20, 0x2, 0xff, 0xf0, 0x0, 0x0, 0x0,
    0x0, 0x0, 0x0, 0xf, 0xff, 0x20, 0x2, 0xff,
    0xff, 0xff, 0xff, 0xff, 0xf2, 0x0, 0x0, 0x0,
    0x0, 0x0, 0x0, 0x2f, 0xff, 0xff, 0xff, 0xff,
    0xff, 0xff, 0xff, 0xff, 0xff, 0xff, 0xff, 0xff,
    0xff, 0xff, 0xff, 0xff, 0xff, 0xff, 0xff, 0xff,
    0xff, 0x20, 0x2, 0xff, 0xff, 0xff, 0xff, 0xff,
    0xff, 0xff, 0xff, 0xff, 0xff, 0x20, 0x2, 0xff,
    0x8f, 0x0, 0x0, 0xff, 0xff, 0xff, 0xff, 0xff,
    0xff, 0xff, 0xff, 0xff, 0xff, 0x0, 0x0, 0xf8,

    /* U+F00B "" */
    0x8f, 0xff, 0xff, 0xff, 0xc0, 0x4, 0xef, 0xff,
    0xff, 0xff, 0xff, 0xff, 0xff, 0xff, 0xff, 0xf8,
    0xff, 0xff, 0xff, 0xff, 0xf4, 0xa, 0xff, 0xff,
    0xff, 0xff, 0xff, 0xff, 0xff, 0xff, 0xff, 0xff,
    0xff, 0xff, 0xff, 0xff, 0xf5, 0xb, 0xff, 0xff,
    0xff, 0xff, 0xff, 0xff, 0xff, 0xff, 0xff, 0xff,
    0xff, 0xff, 0xff, 0xff, 0xf5, 0xb, 0xff, 0xff,
    0xff, 0xff, 0xff, 0xff, 0xff, 0xff, 0xff, 0xff,
    0xff, 0xff, 0xff, 0xff, 0xf5, 0xb, 0xff, 0xff,
    0xff, 0xff, 0xff, 0xff, 0xff, 0xff, 0xff, 0xff,
    0xff, 0xff, 0xff, 0xff, 0xf5, 0xb, 0xff, 0xff,
    0xff, 0xff, 0xff, 0xff, 0xff, 0xff, 0xff, 0xff,
    0xff, 0xff, 0xff, 0xff, 0xf4, 0xa, 0xff, 0xff,
    0xff, 0xff, 0xff, 0xff, 0xff, 0xff, 0xff, 0xff,
    0x8f, 0xff, 0xff, 0xff, 0xc0, 0x4, 0xef, 0xff,
    0xff, 0xff, 0xff, 0xff, 0xff, 0xff, 0xff, 0xf8,
    0x0, 0x0, 0x0, 0x0, 0x0, 0x0, 0x0, 0x0,
    0x0, 0x0, 0x0, 0x0, 0x0, 0x0, 0x0, 0x0,
    0x0, 0x0, 0x0, 0x0, 0x0, 0x0, 0x0, 0x0,
    0x0, 0x0, 0x0, 0x0, 0x0, 0x0, 0x0, 0x0,
    0x8f, 0xff, 0xff, 0xff, 0xc0, 0x4, 0xef, 0xff,
    0xff, 0xff, 0xff, 0xff, 0xff, 0xff, 0xff, 0xf8,
    0xff, 0xff, 0xff, 0xff, 0xf4, 0xa, 0xff, 0xff,
    0xff, 0xff, 0xff, 0xff, 0xff, 0xff, 0xff, 0xff,
    0xff, 0xff, 0xff, 0xff, 0xf5, 0xb, 0xff, 0xff,
    0xff, 0xff, 0xff, 0xff, 0xff, 0xff, 0xff, 0xff,
    0xff, 0xff, 0xff, 0xff, 0xf5, 0xb, 0xff, 0xff,
    0xff, 0xff, 0xff, 0xff, 0xff, 0xff, 0xff, 0xff,
    0xff, 0xff, 0xff, 0xff, 0xf5, 0xb, 0xff, 0xff,
    0xff, 0xff, 0xff, 0xff, 0xff, 0xff, 0xff, 0xff,
    0xff, 0xff, 0xff, 0xff, 0xf5, 0xb, 0xff, 0xff,
    0xff, 0xff, 0xff, 0xff, 0xff, 0xff, 0xff, 0xff,
    0xff, 0xff, 0xff, 0xff, 0xf4, 0xa, 0xff, 0xff,
    0xff, 0xff, 0xff, 0xff, 0xff, 0xff, 0xff, 0xff,
    0x8f, 0xff, 0xff, 0xff, 0xc0, 0x4, 0xef, 0xff,
    0xff, 0xff, 0xff, 0xff, 0xff, 0xff, 0xff, 0xf8,
    0x0, 0x0, 0x0, 0x0, 0x0, 0x0, 0x0, 0x0,
    0x0, 0x0, 0x0, 0x0, 0x0, 0x0, 0x0, 0x0,
    0x0, 0x0, 0x0, 0x0, 0x0, 0x0, 0x0, 0x0,
    0x0, 0x0, 0x0, 0x0, 0x0, 0x0, 0x0, 0x0,
    0x8f, 0xff, 0xff, 0xff, 0xc0, 0x4, 0xef, 0xff,
    0xff, 0xff, 0xff, 0xff, 0xff, 0xff, 0xff, 0xf8,
    0xff, 0xff, 0xff, 0xff, 0xf4, 0xa, 0xff, 0xff,
    0xff, 0xff, 0xff, 0xff, 0xff, 0xff, 0xff, 0xff,
    0xff, 0xff, 0xff, 0xff, 0xf5, 0xb, 0xff, 0xff,
    0xff, 0xff, 0xff, 0xff, 0xff, 0xff, 0xff, 0xff,
    0xff, 0xff, 0xff, 0xff, 0xf5, 0xb, 0xff, 0xff,
    0xff, 0xff, 0xff, 0xff, 0xff, 0xff, 0xff, 0xff,
    0xff, 0xff, 0xff, 0xff, 0xf5, 0xb, 0xff, 0xff,
    0xff, 0xff, 0xff, 0xff, 0xff, 0xff, 0xff, 0xff,
    0xff, 0xff, 0xff, 0xff, 0xf5, 0xb, 0xff, 0xff,
    0xff, 0xff, 0xff, 0xff, 0xff, 0xff, 0xff, 0xff,
    0xff, 0xff, 0xff, 0xff, 0xf4, 0xa, 0xff, 0xff,
    0xff, 0xff, 0xff, 0xff, 0xff, 0xff, 0xff, 0xff,
    0x8f, 0xff, 0xff, 0xff, 0xc0, 0x4, 0xef, 0xff,
    0xff, 0xff, 0xff, 0xff, 0xff, 0xff, 0xff, 0xf8,

    /* U+F00C "" */
    0x0, 0x0, 0x0, 0x0, 0x0, 0x0, 0x0, 0x0,
    0x0, 0x0, 0x0, 0x0, 0x0, 0x1b, 0xd3, 0x0,
    0x0, 0x0, 0x0, 0x0, 0x0, 0x0, 0x0, 0x0,
    0x0, 0x0, 0x0, 0x0, 0x1, 0xdf, 0xff, 0x40,
    0x0, 0x0, 0x0, 0x0, 0x0, 0x0, 0x0, 0x0,
    0x0, 0x0, 0x0, 0x0, 0x1d, 0xff, 0xff, 0xf4,
    0x0, 0x0, 0x0, 0x0, 0x0, 0x0, 0x0, 0x0,
    0x0, 0x0, 0x0, 0x1, 0xdf, 0xff, 0xff, 0xfe,
    0x0, 0x0, 0x0, 0x0, 0x0, 0x0, 0x0, 0x0,
    0x0, 0x0, 0x0, 0x1d, 0xff, 0xff, 0xff, 0xfd,
    0x0, 0x0, 0x0, 0x0, 0x0, 0x0, 0x0, 0x0,
    0x0, 0x0, 0x1, 0xdf, 0xff, 0xff, 0xff, 0xe3,
    0x0, 0x0, 0x0, 0x0, 0x0, 0x0, 0x0, 0x0,
    0x0, 0x0, 0x1d, 0xff, 0xff, 0xff, 0xfe, 0x30,
    0x0, 0x0, 0x0, 0x0, 0x0, 0x0, 0x0, 0x0,
    0x0, 0x1, 0xdf, 0xff, 0xff, 0xff, 0xe3, 0x0,
    0x0, 0x3d, 0xb1, 0x0, 0x0, 0x0, 0x0, 0x0,
    0x0, 0x1d, 0xff, 0xff, 0xff, 0xfe, 0x30, 0x0,
    0x4, 0xff, 0xfd, 0x10, 0x0, 0x0, 0x0, 0x0,
    0x1, 0xdf, 0xff, 0xff, 0xff, 0xe2, 0x0, 0x0,
    0x4f, 0xff, 0xff, 0xd1, 0x0, 0x0, 0x0, 0x0,
    0x1d, 0xff, 0xff, 0xff, 0xfe, 0x20, 0x0, 0x0,
    0xef, 0xff, 0xff, 0xfd, 0x10, 0x0, 0x0, 0x1,
    0xdf, 0xff, 0xff, 0xff, 0xe2, 0x0, 0x0, 0x0,
    0xdf, 0xff, 0xff, 0xff, 0xd1, 0x0, 0x0, 0x1d,
    0xff, 0xff, 0xff, 0xfe, 0x20, 0x0, 0x0, 0x0,
    0x3e, 0xff, 0xff, 0xff, 0xfd, 0x10, 0x1, 0xdf,
    0xff, 0xff, 0xff, 0xe2, 0x0, 0x0, 0x0, 0x0,
    0x3, 0xef, 0xff, 0xff, 0xff, 0xd1, 0x1d, 0xff,
    0xff, 0xff, 0xfe, 0x20, 0x0, 0x0, 0x0, 0x0,
    0x0, 0x3e, 0xff, 0xff, 0xff, 0xfd, 0xdf, 0xff,
    0xff, 0xff, 0xe2, 0x0, 0x0, 0x0, 0x0, 0x0,
    0x0, 0x2, 0xef, 0xff, 0xff, 0xff, 0xff, 0xff,
    0xff, 0xfe, 0x20, 0x0, 0x0, 0x0, 0x0, 0x0,
    0x0, 0x0, 0x2e, 0xff, 0xff, 0xff, 0xff, 0xff,
    0xff, 0xe2, 0x0, 0x0, 0x0, 0x0, 0x0, 0x0,
    0x0, 0x0, 0x2, 0xef, 0xff, 0xff, 0xff, 0xff,
    0xfe, 0x20, 0x0, 0x0, 0x0, 0x0, 0x0, 0x0,
    0x0, 0x0, 0x0, 0x2e, 0xff, 0xff, 0xff, 0xff,
    0xe2, 0x0, 0x0, 0x0, 0x0, 0x0, 0x0, 0x0,
    0x0, 0x0, 0x0, 0x2, 0xef, 0xff, 0xff, 0xfe,
    0x20, 0x0, 0x0, 0x0, 0x0, 0x0, 0x0, 0x0,
    0x0, 0x0, 0x0, 0x0, 0x2e, 0xff, 0xff, 0xe2,
    0x0, 0x0, 0x0, 0x0, 0x0, 0x0, 0x0, 0x0,
    0x0, 0x0, 0x0, 0x0, 0x2, 0xef, 0xfe, 0x20,
    0x0, 0x0, 0x0, 0x0, 0x0, 0x0, 0x0, 0x0,
    0x0, 0x0, 0x0, 0x0, 0x0, 0x2c, 0xc2, 0x0,
    0x0, 0x0, 0x0, 0x0, 0x0, 0x0, 0x0, 0x0,

    /* U+F00D "" */
    0x2, 0xcf, 0x90, 0x0, 0x0, 0x0, 0x0, 0x0,
    0x9, 0xfc, 0x10, 0x1e, 0xff, 0xfa, 0x0, 0x0,
    0x0, 0x0, 0x0, 0xaf, 0xff, 0xd1, 0xcf, 0xff,
    0xff, 0xa0, 0x0, 0x0, 0x0, 0xa, 0xff, 0xff,
    0xfc, 0xff, 0xff, 0xff, 0xfa, 0x0, 0x0, 0x0,
    0xaf, 0xff, 0xff, 0xff, 0x9f, 0xff, 0xff, 0xff,
    0xa0, 0x0, 0xa, 0xff, 0xff, 0xff, 0xf9, 0xa,
    0xff, 0xff, 0xff, 0xfa, 0x0, 0xaf, 0xff, 0xff,
    0xff, 0xa0, 0x0, 0xaf, 0xff, 0xff, 0xff, 0xaa,
    0xff, 0xff, 0xff, 0xfa, 0x0, 0x0, 0xa, 0xff,
    0xff, 0xff, 0xff, 0xff, 0xff, 0xff, 0xa0, 0x0,
    0x0, 0x0, 0xaf, 0xff, 0xff, 0xff, 0xff, 0xff,
    0xfa, 0x0, 0x0, 0x0, 0x0, 0xa, 0xff, 0xff,
    0xff, 0xff, 0xff, 0xa0, 0x0, 0x0, 0x0, 0x0,
    0x0, 0xaf, 0xff, 0xff, 0xff, 0xfa, 0x0, 0x0,
    0x0, 0x0, 0x0, 0x0, 0xaf, 0xff, 0xff, 0xff,
    0xfa, 0x0, 0x0, 0x0, 0x0, 0x0, 0xa, 0xff,
    0xff, 0xff, 0xff, 0xff, 0xa0, 0x0, 0x0, 0x0,
    0x0, 0xaf, 0xff, 0xff, 0xff, 0xff, 0xff, 0xfa,
    0x0, 0x0, 0x0, 0xa, 0xff, 0xff, 0xff, 0xff,
    0xff, 0xff, 0xff, 0xa0, 0x0, 0x0, 0xaf, 0xff,
    0xff, 0xff, 0xaa, 0xff, 0xff, 0xff, 0xfa, 0x0,
    0xa, 0xff, 0xff, 0xff, 0xfa, 0x0, 0xaf, 0xff,
    0xff, 0xff, 0xa0, 0x9f, 0xff, 0xff, 0xff, 0xa0,
    0x0, 0xa, 0xff, 0xff, 0xff, 0xf9, 0xff, 0xff,
    0xff, 0xfa, 0x0, 0x0, 0x0, 0xaf, 0xff, 0xff,
    0xff, 0xcf, 0xff, 0xff, 0xa0, 0x0, 0x0, 0x0,
    0xa, 0xff, 0xff, 0xfc, 0x2e, 0xff, 0xfa, 0x0,
    0x0, 0x0, 0x0, 0x0, 0xaf, 0xff, 0xe2, 0x2,
    0xcf, 0x90, 0x0, 0x0, 0x0, 0x0, 0x0, 0x9,
    0xfc, 0x10,

    /* U+F011 "" */
    0x0, 0x0, 0x0, 0x0, 0x0, 0x0, 0x7, 0xff,
    0xf9, 0x0, 0x0, 0x0, 0x0, 0x0, 0x0, 0x0,
    0x0, 0x0, 0x0, 0x0, 0x0, 0x0, 0xef, 0xff,
    0xf0, 0x0, 0x0, 0x0, 0x0, 0x0, 0x0, 0x0,
    0x0, 0x0, 0x0, 0x0, 0x0, 0xe, 0xff, 0xff,
    0x10, 0x0, 0x0, 0x0, 0x0, 0x0, 0x0, 0x0,
    0x0, 0x3, 0x95, 0x0, 0x0, 0xef, 0xff, 0xf1,
    0x0, 0x3, 0x94, 0x0, 0x0, 0x0, 0x0, 0x0,
    0x5, 0xff, 0xf3, 0x0, 0xe, 0xff, 0xff, 0x10,
    0x1, 0xff, 0xf7, 0x0, 0x0, 0x0, 0x0, 0x6,
    0xff, 0xff, 0xc0, 0x0, 0xef, 0xff, 0xf1, 0x0,
    0x9f, 0xff, 0xf8, 0x0, 0x0, 0x0, 0x4, 0xff,
    0xff, 0xff, 0x10, 0xe, 0xff, 0xff, 0x10, 0xe,
    0xff, 0xff, 0xf6, 0x0, 0x0, 0x1, 0xef, 0xff,
    0xff, 0xb0, 0x0, 0xef, 0xff, 0xf1, 0x0, 0x9f,
    0xff, 0xff, 0xf3, 0x0, 0x0, 0x9f, 0xff, 0xff,
    0xb0, 0x0, 0xe, 0xff, 0xff, 0x10, 0x0, 0x9f,
    0xff, 0xff, 0xc0, 0x0, 0x2f, 0xff, 0xff, 0xb0,
    0x0, 0x0, 0xef, 0xff, 0xf1, 0x0, 0x0, 0x9f,
    0xff, 0xff, 0x50, 0x9, 0xff, 0xff, 0xe1, 0x0,
    0x0, 0xe, 0xff, 0xff, 0x10, 0x0, 0x0, 0xdf,
    0xff, 0xfc, 0x0, 0xff, 0xff, 0xf6, 0x0, 0x0,
    0x0, 0xef, 0xff, 0xf1, 0x0, 0x0, 0x4, 0xff,
    0xff, 0xf1, 0x3f, 0xff, 0xff, 0x10, 0x0, 0x0,
    0xe, 0xff, 0xff, 0x10, 0x0, 0x0, 0xd, 0xff,
    0xff, 0x67, 0xff, 0xff, 0xa0, 0x0, 0x0, 0x0,
    0xef, 0xff, 0xf1, 0x0, 0x0, 0x0, 0x7f, 0xff,
    0xf9, 0x9f, 0xff, 0xf7, 0x0, 0x0, 0x0, 0xe,
    0xff, 0xff, 0x10, 0x0, 0x0, 0x4, 0xff, 0xff,
    0xca, 0xff, 0xff, 0x50, 0x0, 0x0, 0x0, 0xef,
    0xff, 0xf1, 0x0, 0x0, 0x0, 0x2f, 0xff, 0xfd,
    0xbf, 0xff, 0xf4, 0x0, 0x0, 0x0, 0xe, 0xff,
    0xff, 0x0, 0x0, 0x0, 0x2, 0xff, 0xff, 0xda,
    0xff, 0xff, 0x60, 0x0, 0x0, 0x0, 0x7f, 0xff,
    0x90, 0x0, 0x0, 0x0, 0x3f, 0xff, 0xfd, 0x8f,
    0xff, 0xf8, 0x0, 0x0, 0x0, 0x0, 0x0, 0x0,
    0x0, 0x0, 0x0, 0x6, 0xff, 0xff, 0xb5, 0xff,
    0xff, 0xd0, 0x0, 0x0, 0x0, 0x0, 0x0, 0x0,
    0x0, 0x0, 0x0, 0xaf, 0xff, 0xf8, 0x2f, 0xff,
    0xff, 0x20, 0x0, 0x0, 0x0, 0x0, 0x0, 0x0,
    0x0, 0x0, 0x1f, 0xff, 0xff, 0x40, 0xcf, 0xff,
    0xfb, 0x0, 0x0, 0x0, 0x0, 0x0, 0x0, 0x0,
    0x0, 0x8, 0xff, 0xff, 0xf0, 0x6, 0xff, 0xff,
    0xf5, 0x0, 0x0, 0x0, 0x0, 0x0, 0x0, 0x0,
    0x3, 0xff, 0xff, 0xf9, 0x0, 0xe, 0xff, 0xff,
    0xf3, 0x0, 0x0, 0x0, 0x0, 0x0, 0x0, 0x2,
    0xef, 0xff, 0xff, 0x20, 0x0, 0x5f, 0xff, 0xff,
    0xf5, 0x0, 0x0, 0x0, 0x0, 0x0, 0x3, 0xef,
    0xff, 0xff, 0x80, 0x0, 0x0, 0xaf, 0xff, 0xff,
    0xfa, 0x20, 0x0, 0x0, 0x0, 0x19, 0xff, 0xff,
    0xff, 0xd0, 0x0, 0x0, 0x0, 0xcf, 0xff, 0xff,
    0xff, 0xc7, 0x64, 0x57, 0xbf, 0xff, 0xff, 0xff,
    0xe2, 0x0, 0x0, 0x0, 0x1, 0xdf, 0xff, 0xff,
    0xff, 0xff, 0xff, 0xff, 0xff, 0xff, 0xff, 0xe2,
    0x0, 0x0, 0x0, 0x0, 0x0, 0xbf, 0xff, 0xff,
    0xff, 0xff, 0xff, 0xff, 0xff, 0xff, 0xc1, 0x0,
    0x0, 0x0, 0x0, 0x0, 0x0, 0x5e, 0xff, 0xff,
    0xff, 0xff, 0xff, 0xff, 0xff, 0x80, 0x0, 0x0,
    0x0, 0x0, 0x0, 0x0, 0x0, 0x7, 0xdf, 0xff,
    0xff, 0xff, 0xff, 0xe8, 0x10, 0x0, 0x0, 0x0,
    0x0, 0x0, 0x0, 0x0, 0x0, 0x0, 0x26, 0x9a,
    0xba, 0x97, 0x30, 0x0, 0x0, 0x0, 0x0, 0x0,

    /* U+F013 "" */
    0x0, 0x0, 0x0, 0x0, 0x0, 0x1, 0x46, 0x77,
    0x64, 0x10, 0x0, 0x0, 0x0, 0x0, 0x0, 0x0,
    0x0, 0x0, 0x0, 0x0, 0xe, 0xff, 0xff, 0xff,
    0xe0, 0x0, 0x0, 0x0, 0x0, 0x0, 0x0, 0x0,
    0x0, 0x0, 0x0, 0xf, 0xff, 0xff, 0xff, 0xf0,
    0x0, 0x0, 0x0, 0x0, 0x0, 0x0, 0x0, 0x0,
    0x0, 0x0, 0xf, 0xff, 0xff, 0xff, 0xf0, 0x0,
    0x0, 0x0, 0x0, 0x0, 0x0, 0x0, 0x0, 0x0,
    0x0, 0x1f, 0xff, 0xff, 0xff, 0xf1, 0x0, 0x0,
    0x0, 0x0, 0x0, 0x0, 0x5, 0x91, 0x0, 0x19,
    0xff, 0xff, 0xff, 0xff, 0xff, 0x91, 0x0, 0x2a,
    0x50, 0x0, 0x0, 0x3f, 0xff, 0x85, 0xef, 0xff,
    0xff, 0xff, 0xff, 0xff, 0xfe, 0x58, 0xff, 0xf3,
    0x0, 0x0, 0xef, 0xff, 0xff, 0xff, 0xff, 0xff,
    0xff, 0xff, 0xff, 0xff, 0xff, 0xff, 0xfe, 0x0,
    0x8, 0xff, 0xff, 0xff, 0xff, 0xff, 0xff, 0xff,
    0xff, 0xff, 0xff, 0xff, 0xff, 0xff, 0x80, 0x1f,
    0xff, 0xff, 0xff, 0xff, 0xff, 0xff, 0xff, 0xff,
    0xff, 0xff, 0xff, 0xff, 0xff, 0xf1, 0x7f, 0xff,
    0xff, 0xff, 0xff, 0xff, 0xff, 0xff, 0xff, 0xff,
    0xff, 0xff, 0xff, 0xff, 0xf7, 0xcf, 0xff, 0xff,
    0xff, 0xff, 0xff, 0xb3, 0x0, 0x3b, 0xff, 0xff,
    0xff, 0xff, 0xff, 0xfc, 0x3c, 0xff, 0xff, 0xff,
    0xff, 0xf7, 0x0, 0x0, 0x0, 0x7f, 0xff, 0xff,
    0xff, 0xff, 0xc3, 0x0, 0x6f, 0xff, 0xff, 0xff,
    0xb0, 0x0, 0x0, 0x0, 0xb, 0xff, 0xff, 0xff,
    0xf6, 0x0, 0x0, 0xe, 0xff, 0xff, 0xff, 0x30,
    0x0, 0x0, 0x0, 0x3, 0xff, 0xff, 0xff, 0xd0,
    0x0, 0x0, 0xf, 0xff, 0xff, 0xff, 0x0, 0x0,
    0x0, 0x0, 0x0, 0xff, 0xff, 0xff, 0xf0, 0x0,
    0x0, 0xf, 0xff, 0xff, 0xff, 0x0, 0x0, 0x0,
    0x0, 0x0, 0xff, 0xff, 0xff, 0xf0, 0x0, 0x0,
    0xe, 0xff, 0xff, 0xff, 0x30, 0x0, 0x0, 0x0,
    0x3, 0xff, 0xff, 0xff, 0xd0, 0x0, 0x0, 0x6f,
    0xff, 0xff, 0xff, 0xb0, 0x0, 0x0, 0x0, 0xb,
    0xff, 0xff, 0xff, 0xf6, 0x0, 0x3c, 0xff, 0xff,
    0xff, 0xff, 0xf7, 0x0, 0x0, 0x0, 0x7f, 0xff,
    0xff, 0xff, 0xff, 0xc3, 0xcf, 0xff, 0xff, 0xff,
    0xff, 0xff, 0xb3, 0x0, 0x3b, 0xff, 0xff, 0xff,
    0xff, 0xff, 0xfc, 0x7f, 0xff, 0xff, 0xff, 0xff,
    0xff, 0xff, 0xff, 0xff, 0xff, 0xff, 0xff, 0xff,
    0xff, 0xf7, 0x1f, 0xff, 0xff, 0xff, 0xff, 0xff,
    0xff, 0xff, 0xff, 0xff, 0xff, 0xff, 0xff, 0xff,
    0xf1, 0x8, 0xff, 0xff, 0xff, 0xff, 0xff, 0xff,
    0xff, 0xff, 0xff, 0xff, 0xff, 0xff, 0xff, 0x80,
    0x0, 0xef, 0xff, 0xff, 0xff, 0xff, 0xff, 0xff,
    0xff, 0xff, 0xff, 0xff, 0xff, 0xfe, 0x0, 0x0,
    0x3f, 0xff, 0x85, 0xef, 0xff, 0xff, 0xff, 0xff,
    0xff, 0xfe, 0x58, 0xff, 0xf3, 0x0, 0x0, 0x5,
    0xa2, 0x0, 0x1a, 0xff, 0xff, 0xff, 0xff, 0xff,
    0xa1, 0x0, 0x2a, 0x50, 0x0, 0x0, 0x0, 0x0,
    0x0, 0x0, 0x1f, 0xff, 0xff, 0xff, 0xf1, 0x0,
    0x0, 0x0, 0x0, 0x0, 0x0, 0x0, 0x0, 0x0,
    0x0, 0xf, 0xff, 0xff, 0xff, 0xf0, 0x0, 0x0,
    0x0, 0x0, 0x0, 0x0, 0x0, 0x0, 0x0, 0x0,
    0xf, 0xff, 0xff, 0xff, 0xf0, 0x0, 0x0, 0x0,
    0x0, 0x0, 0x0, 0x0, 0x0, 0x0, 0x0, 0xe,
    0xff, 0xff, 0xff, 0xe0, 0x0, 0x0, 0x0, 0x0,
    0x0, 0x0, 0x0, 0x0, 0x0, 0x0, 0x1, 0x46,
    0x77, 0x64, 0x10, 0x0, 0x0, 0x0, 0x0, 0x0,

    /* U+F015 "" */
    0x0, 0x0, 0x0, 0x0, 0x0, 0x0, 0x0, 0x0,
    0x8e, 0xe8, 0x0, 0x0, 0x5, 0xff, 0xff, 0x50,
    0x0, 0x0, 0x0, 0x0, 0x0, 0x0, 0x0, 0x0,
    0x0, 0x1c, 0xff, 0xff, 0xc1, 0x0, 0x8, 0xff,
    0xff, 0x80, 0x0, 0x0, 0x0, 0x0, 0x0, 0x0,
    0x0, 0x0, 0x3, 0xef, 0xff, 0xff, 0xfe, 0x30,
    0x8, 0xff, 0xff, 0x80, 0x0, 0x0, 0x0, 0x0,
    0x0, 0x0, 0x0, 0x0, 0x6f, 0xff, 0xff, 0xff,
    0xff, 0xf5, 0x8, 0xff, 0xff, 0x80, 0x0, 0x0,
    0x0, 0x0, 0x0, 0x0, 0x0, 0x8, 0xff, 0xff,
    0xfc, 0xcf, 0xff, 0xff, 0x88, 0xff, 0xff, 0x80,
    0x0, 0x0, 0x0, 0x0, 0x0, 0x0, 0x1, 0xbf,
    0xff, 0xff, 0x80, 0x8, 0xff, 0xff, 0xff, 0xff,
    0xff, 0x80, 0x0, 0x0, 0x0, 0x0, 0x0, 0x0,
    0x2d, 0xff, 0xff, 0xf5, 0x0, 0x0, 0x5f, 0xff,
    0xff, 0xff, 0xff, 0x80, 0x0, 0x0, 0x0, 0x0,
    0x0, 0x4, 0xff, 0xff, 0xfe, 0x30, 0x1a, 0xa1,
    0x3, 0xef, 0xff, 0xff, 0xff, 0x80, 0x0, 0x0,
    0x0, 0x0, 0x0, 0x7f, 0xff, 0xff, 0xc1, 0x2,
    0xdf, 0xfd, 0x20, 0x1c, 0xff, 0xff, 0xff, 0x80,
    0x0, 0x0, 0x0, 0x0, 0xa, 0xff, 0xff, 0xfa,
    0x0, 0x4f, 0xff, 0xff, 0xf4, 0x0, 0xaf, 0xff,
    0xff, 0xa0, 0x0, 0x0, 0x0, 0x1, 0xcf, 0xff,
    0xff, 0x70, 0x7, 0xff, 0xff, 0xff, 0xff, 0x70,
    0x7, 0xff, 0xff, 0xfb, 0x10, 0x0, 0x0, 0x3e,
    0xff, 0xff, 0xf4, 0x0, 0x9f, 0xff, 0xff, 0xff,
    0xff, 0xf9, 0x0, 0x4f, 0xff, 0xff, 0xd2, 0x0,
    0x5, 0xff, 0xff, 0xfd, 0x20, 0x1c, 0xff, 0xff,
    0xff, 0xff, 0xff, 0xff, 0xc1, 0x2, 0xdf, 0xff,
    0xff, 0x50, 0x7f, 0xff, 0xff, 0xb1, 0x2, 0xef,
    0xff, 0xff, 0xff, 0xff, 0xff, 0xff, 0xfe, 0x20,
    0x1c, 0xff, 0xff, 0xf7, 0xdf, 0xff, 0xf9, 0x0,
    0x5f, 0xff, 0xff, 0xff, 0xff, 0xff, 0xff, 0xff,
    0xff, 0xf5, 0x0, 0x9f, 0xff, 0xfd, 0x3f, 0xff,
    0x60, 0x7, 0xff, 0xff, 0xff, 0xff, 0xff, 0xff,
    0xff, 0xff, 0xff, 0xff, 0x70, 0x6, 0xff, 0xf3,
    0x6, 0xe4, 0x0, 0xaf, 0xff, 0xff, 0xff, 0xff,
    0xff, 0xff, 0xff, 0xff, 0xff, 0xff, 0xfa, 0x0,
    0x4e, 0x60, 0x0, 0x0, 0x0, 0xff, 0xff, 0xff,
    0xff, 0xff, 0xff, 0xff, 0xff, 0xff, 0xff, 0xff,
    0xff, 0x0, 0x0, 0x0, 0x0, 0x0, 0x0, 0xff,
    0xff, 0xff, 0xff, 0xff, 0xff, 0xff, 0xff, 0xff,
    0xff, 0xff, 0xff, 0x0, 0x0, 0x0, 0x0, 0x0,
    0x0, 0xff, 0xff, 0xff, 0xff, 0xff, 0xff, 0xff,
    0xff, 0xff, 0xff, 0xff, 0xff, 0x0, 0x0, 0x0,
    0x0, 0x0, 0x0, 0xff, 0xff, 0xff, 0xff, 0xf3,
    0x0, 0x0, 0x3f, 0xff, 0xff, 0xff, 0xff, 0x0,
    0x0, 0x0, 0x0, 0x0, 0x0, 0xff, 0xff, 0xff,
    0xff, 0xf0, 0x0, 0x0, 0xf, 0xff, 0xff, 0xff,
    0xff, 0x0, 0x0, 0x0, 0x0, 0x0, 0x0, 0xff,
    0xff, 0xff, 0xff, 0xf0, 0x0, 0x0, 0xf, 0xff,
    0xff, 0xff, 0xff, 0x0, 0x0, 0x0, 0x0, 0x0,
    0x0, 0xff, 0xff, 0xff, 0xff, 0xf0, 0x0, 0x0,
    0xf, 0xff, 0xff, 0xff, 0xff, 0x0, 0x0, 0x0,
    0x0, 0x0, 0x0, 0xff, 0xff, 0xff, 0xff, 0xf0,
    0x0, 0x0, 0xf, 0xff, 0xff, 0xff, 0xff, 0x0,
    0x0, 0x0, 0x0, 0x0, 0x0, 0xff, 0xff, 0xff,
    0xff, 0xf0, 0x0, 0x0, 0xf, 0xff, 0xff, 0xff,
    0xff, 0x0, 0x0, 0x0, 0x0, 0x0, 0x0, 0xff,
    0xff, 0xff, 0xff, 0xf0, 0x0, 0x0, 0xf, 0xff,
    0xff, 0xff, 0xff, 0x0, 0x0, 0x0, 0x0, 0x0,
    0x0, 0xcf, 0xff, 0xff, 0xff, 0xc0, 0x0, 0x0,
    0xc, 0xff, 0xff, 0xff, 0xfc, 0x0, 0x0, 0x0,

    /* U+F019 "" */
    0x0, 0x0, 0x0, 0x0, 0x0, 0x0, 0x8f, 0xff,
    0xff, 0xf8, 0x0, 0x0, 0x0, 0x0, 0x0, 0x0,
    0x0, 0x0, 0x0, 0x0, 0x0, 0x0, 0xff, 0xff,
    0xff, 0xff, 0x0, 0x0, 0x0, 0x0, 0x0, 0x0,
    0x0, 0x0, 0x0, 0x0, 0x0, 0x0, 0xff, 0xff,
    0xff, 0xff, 0x0, 0x0, 0x0, 0x0, 0x0, 0x0,
    0x0, 0x0, 0x0, 0x0, 0x0, 0x0, 0xff, 0xff,
    0xff, 0xff, 0x0, 0x0, 0x0, 0x0, 0x0, 0x0,
    0x0, 0x0, 0x0, 0x0, 0x0, 0x0, 0xff, 0xff,
    0xff, 0xff, 0x0, 0x0, 0x0, 0x0, 0x0, 0x0,
    0x0, 0x0, 0x0, 0x0, 0x0, 0x0, 0xff, 0xff,
    0xff, 0xff, 0x0, 0x0, 0x0, 0x0, 0x0, 0x0,
    0x0, 0x0, 0x0, 0x0, 0x0, 0x0, 0xff, 0xff,
    0xff, 0xff, 0x0, 0x0, 0x0, 0x0, 0x0, 0x0,
    0x0, 0x0, 0x0, 0x0, 0x0, 0x0, 0xff, 0xff,
    0xff, 0xff, 0x0, 0x0, 0x0, 0x0, 0x0, 0x0,
    0x0, 0x0, 0x0, 0x0, 0x0, 0x0, 0xff, 0xff,
    0xff, 0xff, 0x0, 0x0, 0x0, 0x0, 0x0, 0x0,
    0x0, 0x0, 0x0, 0x0, 0x0, 0x0, 0xff, 0xff,
    0xff, 0xff, 0x0, 0x0, 0x0, 0x0, 0x0, 0x0,
    0x0, 0x0, 0x0, 0x0, 0x0, 0x0, 0xff, 0xff,
    0xff, 0xff, 0x0, 0x0, 0x0, 0x0, 0x0, 0x0,
    0x0, 0x0, 0x0, 0x0, 0x0, 0x0, 0xff, 0xff,
    0xff, 0xff, 0x0, 0x0, 0x0, 0x0, 0x0, 0x0,
    0x0, 0x0, 0x6, 0xff, 0xff, 0xff, 0xff, 0xff,
    0xff, 0xff, 0xff, 0xff, 0xff, 0x60, 0x0, 0x0,
    0x0, 0x0, 0xa, 0xff, 0xff, 0xff, 0xff, 0xff,
    0xff, 0xff, 0xff, 0xff, 0xff, 0xa0, 0x0, 0x0,
    0x0, 0x0, 0x1, 0xef, 0xff, 0xff, 0xff, 0xff,
    0xff, 0xff, 0xff, 0xff, 0xfe, 0x10, 0x0, 0x0,
    0x0, 0x0, 0x0, 0x2e, 0xff, 0xff, 0xff, 0xff,
    0xff, 0xff, 0xff, 0xff, 0xe1, 0x0, 0x0, 0x0,
    0x0, 0x0, 0x0, 0x2, 0xef, 0xff, 0xff, 0xff,
    0xff, 0xff, 0xff, 0xfe, 0x10, 0x0, 0x0, 0x0,
    0x0, 0x0, 0x0, 0x0, 0x2e, 0xff, 0xff, 0xff,
    0xff, 0xff, 0xff, 0xe1, 0x0, 0x0, 0x0, 0x0,
    0x0, 0x0, 0x0, 0x0, 0x2, 0xef, 0xff, 0xff,
    0xff, 0xff, 0xfe, 0x10, 0x0, 0x0, 0x0, 0x0,
    0x0, 0x0, 0x0, 0x0, 0x0, 0x2e, 0xff, 0xff,
    0xff, 0xff, 0xe1, 0x0, 0x0, 0x0, 0x0, 0x0,
    0x0, 0x0, 0x0, 0x0, 0x0, 0x2, 0xef, 0xff,
    0xff, 0xfe, 0x10, 0x0, 0x0, 0x0, 0x0, 0x0,
    0x0, 0x0, 0x0, 0x0, 0x0, 0x0, 0x2e, 0xff,
    0xff, 0xe1, 0x0, 0x0, 0x0, 0x0, 0x0, 0x0,
    0x8f, 0xff, 0xff, 0xff, 0xff, 0xf3, 0x2, 0xef,
    0xfe, 0x10, 0x3f, 0xff, 0xff, 0xff, 0xff, 0xf8,
    0xff, 0xff, 0xff, 0xff, 0xff, 0xff, 0x30, 0x2d,
    0xd1, 0x3, 0xff, 0xff, 0xff, 0xff, 0xff, 0xff,
    0xff, 0xff, 0xff, 0xff, 0xff, 0xff, 0xf3, 0x0,
    0x0, 0x3f, 0xff, 0xff, 0xff, 0xff, 0xff, 0xff,
    0xff, 0xff, 0xff, 0xff, 0xff, 0xff, 0xff, 0x61,
    0x16, 0xff, 0xff, 0xff, 0xff, 0xff, 0xff, 0xff,
    0xff, 0xff, 0xff, 0xff, 0xff, 0xff, 0xff, 0xff,
    0xff, 0xff, 0xff, 0xff, 0xff, 0xff, 0xff, 0xff,
    0xff, 0xff, 0xff, 0xff, 0xff, 0xff, 0xff, 0xff,
    0xff, 0xff, 0xff, 0xee, 0xff, 0xee, 0xff, 0xff,
    0xff, 0xff, 0xff, 0xff, 0xff, 0xff, 0xff, 0xff,
    0xff, 0xff, 0xfe, 0x0, 0xee, 0x0, 0xef, 0xff,
    0xff, 0xff, 0xff, 0xff, 0xff, 0xff, 0xff, 0xff,
    0xff, 0xff, 0xfe, 0x0, 0xee, 0x0, 0xef, 0xff,
    0xff, 0xff, 0xff, 0xff, 0xff, 0xff, 0xff, 0xff,
    0xff, 0xff, 0xff, 0xee, 0xff, 0xee, 0xff, 0xff,
    0x8f, 0xff, 0xff, 0xff, 0xff, 0xff, 0xff, 0xff,
    0xff, 0xff, 0xff, 0xff, 0xff, 0xff, 0xff, 0xf8,

    /* U+F01C "" */
    0x0, 0x0, 0x0, 0x2, 0xbf, 0xff, 0xff, 0xff,
    0xff, 0xff, 0xff, 0xff, 0xff, 0xfb, 0x20, 0x0,
    0x0, 0x0, 0x0, 0x0, 0x0, 0x1e, 0xff, 0xff,
    0xff, 0xff, 0xff, 0xff, 0xff, 0xff, 0xff, 0xff,
    0xe1, 0x0, 0x0, 0x0, 0x0, 0x0, 0x0, 0xaf,
    0xff, 0xff, 0xff, 0xff, 0xff, 0xff, 0xff, 0xff,
    0xff, 0xff, 0xfa, 0x0, 0x0, 0x0, 0x0, 0x0,
    0x5, 0xff, 0xff, 0xff, 0xff, 0xff, 0xff, 0xff,
    0xff, 0xff, 0xff, 0xff, 0xff, 0x50, 0x0, 0x0,
    0x0, 0x0, 0x1e, 0xff, 0xfc, 0x0, 0x0, 0x0,
    0x0, 0x0, 0x0, 0x0, 0x0, 0xcf, 0xff, 0xe1,
    0x0, 0x0, 0x0, 0x0, 0xaf, 0xff, 0xf2, 0x0,
    0x0, 0x0, 0x0, 0x0, 0x0, 0x0, 0x0, 0x2f,
    0xff, 0xfa, 0x0, 0x0, 0x0, 0x5, 0xff, 0xff,
    0x70, 0x0, 0x0, 0x0, 0x0, 0x0, 0x0, 0x0,
    0x0, 0x7, 0xff, 0xff, 0x50, 0x0, 0x0, 0x1e,
    0xff, 0xfc, 0x0, 0x0, 0x0, 0x0, 0x0, 0x0,
    0x0, 0x0, 0x0, 0x0, 0xcf, 0xff, 0xe1, 0x0,
    0x0, 0xaf, 0xff, 0xf2, 0x0, 0x0, 0x0, 0x0,
    0x0, 0x0, 0x0, 0x0, 0x0, 0x0, 0x2f, 0xff,
    0xfa, 0x0, 0x5, 0xff, 0xff, 0x70, 0x0, 0x0,
    0x0, 0x0, 0x0, 0x0, 0x0, 0x0, 0x0, 0x0,
    0x7, 0xff, 0xff, 0x50, 0x1e, 0xff, 0xfc, 0x0,
    0x0, 0x0, 0x0, 0x0, 0x0, 0x0, 0x0, 0x0,
    0x0, 0x0, 0x0, 0xcf, 0xff, 0xe1, 0x9f, 0xff,
    0xf2, 0x0, 0x0, 0x0, 0x0, 0x0, 0x0, 0x0,
    0x0, 0x0, 0x0, 0x0, 0x0, 0x2f, 0xff, 0xf9,
    0xff, 0xff, 0xff, 0xff, 0xff, 0xff, 0xb0, 0x0,
    0x0, 0x0, 0x0, 0xc, 0xff, 0xff, 0xff, 0xff,
    0xff, 0xff, 0xff, 0xff, 0xff, 0xff, 0xff, 0xff,
    0xf3, 0x0, 0x0, 0x0, 0x0, 0x4f, 0xff, 0xff,
    0xff, 0xff, 0xff, 0xff, 0xff, 0xff, 0xff, 0xff,
    0xff, 0xff, 0xfb, 0x0, 0x0, 0x0, 0x0, 0xcf,
    0xff, 0xff, 0xff, 0xff, 0xff, 0xff, 0xff, 0xff,
    0xff, 0xff, 0xff, 0xff, 0xff, 0x40, 0x0, 0x0,
    0x3, 0xff, 0xff, 0xff, 0xff, 0xff, 0xff, 0xff,
    0xff, 0xff, 0xff, 0xff, 0xff, 0xff, 0xff, 0xff,
    0xff, 0xff, 0xff, 0xff, 0xff, 0xff, 0xff, 0xff,
    0xff, 0xff, 0xff, 0xff, 0xff, 0xff, 0xff, 0xff,
    0xff, 0xff, 0xff, 0xff, 0xff, 0xff, 0xff, 0xff,
    0xff, 0xff, 0xff, 0xff, 0xff, 0xff, 0xff, 0xff,
    0xff, 0xff, 0xff, 0xff, 0xff, 0xff, 0xff, 0xff,
    0xff, 0xff, 0xff, 0xff, 0xff, 0xff, 0xff, 0xff,
    0xff, 0xff, 0xff, 0xff, 0xff, 0xff, 0xff, 0xff,
    0xff, 0xff, 0xff, 0xff, 0xff, 0xff, 0xff, 0xff,
    0xff, 0xff, 0xff, 0xff, 0xff, 0xff, 0xff, 0xff,
    0xff, 0xff, 0xff, 0xff, 0xff, 0xff, 0xff, 0xff,
    0xff, 0xff, 0xef, 0xff, 0xff, 0xff, 0xff, 0xff,
    0xff, 0xff, 0xff, 0xff, 0xff, 0xff, 0xff, 0xff,
    0xff, 0xff, 0xff, 0xfe, 0x8f, 0xff, 0xff, 0xff,
    0xff, 0xff, 0xff, 0xff, 0xff, 0xff, 0xff, 0xff,
    0xff, 0xff, 0xff, 0xff, 0xff, 0xf8, 0x8, 0xef,
    0xff, 0xff, 0xff, 0xff, 0xff, 0xff, 0xff, 0xff,
    0xff, 0xff, 0xff, 0xff, 0xff, 0xff, 0xfe, 0x80,

    /* U+F021 "" */
    0x0, 0x0, 0x0, 0x0, 0x0, 0x0, 0x14, 0x57,
    0x75, 0x30, 0x0, 0x0, 0x0, 0x4, 0xff, 0xfd,
    0x0, 0x0, 0x0, 0x0, 0x1, 0x7c, 0xff, 0xff,
    0xff, 0xff, 0xa4, 0x0, 0x0, 0x6, 0xff, 0xff,
    0x0, 0x0, 0x0, 0x0, 0x8f, 0xff, 0xff, 0xff,
    0xff, 0xff, 0xff, 0xd5, 0x0, 0x5, 0xff, 0xff,
    0x0, 0x0, 0x0, 0x3d, 0xff, 0xff, 0xff, 0xff,
    0xff, 0xff, 0xff, 0xff, 0xc2, 0x4, 0xff, 0xff,
    0x0, 0x0, 0x5, 0xff, 0xff, 0xff, 0xff, 0xff,
    0xff, 0xff, 0xff, 0xff, 0xff, 0x54, 0xff, 0xff,
    0x0, 0x0, 0x5f, 0xff, 0xff, 0xff, 0xa5, 0x20,
    0x2, 0x6b, 0xff, 0xff, 0xff, 0xf9, 0xff, 0xff,
    0x0, 0x3, 0xff, 0xff, 0xff, 0xa1, 0x0, 0x0,
    0x0, 0x0, 0x2a, 0xff, 0xff, 0xff, 0xff, 0xff,
    0x0, 0xd, 0xff, 0xff, 0xf4, 0x0, 0x0, 0x0,
    0x0, 0x0, 0x0, 0x5e, 0xff, 0xff, 0xff, 0xff,
    0x0, 0x8f, 0xff, 0xfe, 0x30, 0x0, 0x0, 0x0,
    0x0, 0x0, 0x0, 0x2, 0xef, 0xff, 0xff, 0xff,
    0x1, 0xff, 0xff, 0xf4, 0x0, 0x0, 0x0, 0x0,
    0x0, 0x46, 0x54, 0x43, 0x5f, 0xff, 0xff, 0xff,
    0x7, 0xff, 0xff, 0x80, 0x0, 0x0, 0x0, 0x0,
    0x0, 0xff, 0xff, 0xff, 0xff, 0xff, 0xff, 0xff,
    0xc, 0xff, 0xff, 0x10, 0x0, 0x0, 0x0, 0x0,
    0x0, 0xff, 0xff, 0xff, 0xff, 0xff, 0xff, 0xff,
    0x1f, 0xff, 0xf9, 0x0, 0x0, 0x0, 0x0, 0x0,
    0x0, 0xff, 0xff, 0xff, 0xff, 0xff, 0xff, 0xff,
    0x2f, 0xff, 0xf3, 0x0, 0x0, 0x0, 0x0, 0x0,
    0x0, 0xdf, 0xff, 0xff, 0xff, 0xff, 0xff, 0xfd,
    0x0, 0x0, 0x0, 0x0, 0x0, 0x0, 0x0, 0x0,
    0x0, 0x0, 0x0, 0x0, 0x0, 0x0, 0x0, 0x0,
    0x0, 0x0, 0x0, 0x0, 0x0, 0x0, 0x0, 0x0,
    0x0, 0x0, 0x0, 0x0, 0x0, 0x0, 0x0, 0x0,
    0x0, 0x0, 0x0, 0x0, 0x0, 0x0, 0x0, 0x0,
    0x0, 0x0, 0x0, 0x0, 0x0, 0x0, 0x0, 0x0,
    0x0, 0x0, 0x0, 0x0, 0x0, 0x0, 0x0, 0x0,
    0x0, 0x0, 0x0, 0x0, 0x0, 0x0, 0x0, 0x0,
    0xdf, 0xff, 0xff, 0xff, 0xff, 0xff, 0xfd, 0x0,
    0x0, 0x0, 0x0, 0x0, 0x0, 0x3f, 0xff, 0xf1,
    0xff, 0xff, 0xff, 0xff, 0xff, 0xff, 0xff, 0x0,
    0x0, 0x0, 0x0, 0x0, 0x0, 0xaf, 0xff, 0xf0,
    0xff, 0xff, 0xff, 0xff, 0xff, 0xff, 0xff, 0x0,
    0x0, 0x0, 0x0, 0x0, 0x1, 0xff, 0xff, 0xb0,
    0xff, 0xff, 0xff, 0xff, 0xff, 0xff, 0xff, 0x0,
    0x0, 0x0, 0x0, 0x0, 0x9, 0xff, 0xff, 0x70,
    0xff, 0xff, 0xff, 0xf5, 0x34, 0x45, 0x64, 0x0,
    0x0, 0x0, 0x0, 0x0, 0x4f, 0xff, 0xff, 0x0,
    0xff, 0xff, 0xff, 0xfe, 0x20, 0x0, 0x0, 0x0,
    0x0, 0x0, 0x0, 0x3, 0xff, 0xff, 0xf8, 0x0,
    0xff, 0xff, 0xff, 0xff, 0xe4, 0x0, 0x0, 0x0,
    0x0, 0x0, 0x0, 0x5f, 0xff, 0xff, 0xd0, 0x0,
    0xff, 0xff, 0xff, 0xff, 0xff, 0xa2, 0x0, 0x0,
    0x0, 0x0, 0x1a, 0xff, 0xff, 0xff, 0x30, 0x0,
    0xff, 0xff, 0x9f, 0xff, 0xff, 0xff, 0xb6, 0x20,
    0x2, 0x5a, 0xff, 0xff, 0xff, 0xf5, 0x0, 0x0,
    0xff, 0xff, 0x45, 0xff, 0xff, 0xff, 0xff, 0xff,
    0xff, 0xff, 0xff, 0xff, 0xff, 0x50, 0x0, 0x0,
    0xff, 0xff, 0x40, 0x2c, 0xff, 0xff, 0xff, 0xff,
    0xff, 0xff, 0xff, 0xff, 0xd3, 0x0, 0x0, 0x0,
    0xff, 0xff, 0x50, 0x0, 0x5d, 0xff, 0xff, 0xff,
    0xff, 0xff, 0xff, 0xf8, 0x0, 0x0, 0x0, 0x0,
    0xff, 0xff, 0x60, 0x0, 0x0, 0x4a, 0xff, 0xff,
    0xff, 0xff, 0xd7, 0x10, 0x0, 0x0, 0x0, 0x0,
    0xdf, 0xff, 0x40, 0x0, 0x0, 0x0, 0x3, 0x67,
    0x76, 0x41, 0x0, 0x0, 0x0, 0x0, 0x0, 0x0,

    /* U+F026 "" */
    0x0, 0x0, 0x0, 0x0, 0x0, 0x0, 0x0, 0x0,
    0x0, 0x0, 0x0, 0x0, 0x0, 0x0, 0x9, 0xf7,
    0x0, 0x0, 0x0, 0x0, 0x0, 0x0, 0x9f, 0xff,
    0x0, 0x0, 0x0, 0x0, 0x0, 0x9, 0xff, 0xff,
    0x0, 0x0, 0x0, 0x0, 0x0, 0x9f, 0xff, 0xff,
    0x0, 0x0, 0x0, 0x0, 0x9, 0xff, 0xff, 0xff,
    0x0, 0x0, 0x0, 0x0, 0x9f, 0xff, 0xff, 0xff,
    0x8f, 0xff, 0xff, 0xff, 0xff, 0xff, 0xff, 0xff,
    0xff, 0xff, 0xff, 0xff, 0xff, 0xff, 0xff, 0xff,
    0xff, 0xff, 0xff, 0xff, 0xff, 0xff, 0xff, 0xff,
    0xff, 0xff, 0xff, 0xff, 0xff, 0xff, 0xff, 0xff,
    0xff, 0xff, 0xff, 0xff, 0xff, 0xff, 0xff, 0xff,
    0xff, 0xff, 0xff, 0xff, 0xff, 0xff, 0xff, 0xff,
    0xff, 0xff, 0xff, 0xff, 0xff, 0xff, 0xff, 0xff,
    0xff, 0xff, 0xff, 0xff, 0xff, 0xff, 0xff, 0xff,
    0xff, 0xff, 0xff, 0xff, 0xff, 0xff, 0xff, 0xff,
    0xff, 0xff, 0xff, 0xff, 0xff, 0xff, 0xff, 0xff,
    0xff, 0xff, 0xff, 0xff, 0xff, 0xff, 0xff, 0xff,
    0x8f, 0xff, 0xff, 0xff, 0xff, 0xff, 0xff, 0xff,
    0x0, 0x0, 0x0, 0x0, 0x9f, 0xff, 0xff, 0xff,
    0x0, 0x0, 0x0, 0x0, 0x9, 0xff, 0xff, 0xff,
    0x0, 0x0, 0x0, 0x0, 0x0, 0x9f, 0xff, 0xff,
    0x0, 0x0, 0x0, 0x0, 0x0, 0x9, 0xff, 0xff,
    0x0, 0x0, 0x0, 0x0, 0x0, 0x0, 0x9f, 0xff,
    0x0, 0x0, 0x0, 0x0, 0x0, 0x0, 0x9, 0xf7,
    0x0, 0x0, 0x0, 0x0, 0x0, 0x0, 0x0, 0x0,

    /* U+F027 "" */
    0x0, 0x0, 0x0, 0x0, 0x0, 0x0, 0x0, 0x0,
    0x0, 0x0, 0x0, 0x0, 0x0, 0x0, 0x0, 0x0,
    0x0, 0x0, 0x8, 0xe7, 0x0, 0x0, 0x0, 0x0,
    0x0, 0x0, 0x0, 0x0, 0x0, 0x0, 0x9f, 0xff,
    0x0, 0x0, 0x0, 0x0, 0x0, 0x0, 0x0, 0x0,
    0x0, 0x9, 0xff, 0xff, 0x0, 0x0, 0x0, 0x0,
    0x0, 0x0, 0x0, 0x0, 0x0, 0x9f, 0xff, 0xff,
    0x0, 0x0, 0x0, 0x0, 0x0, 0x0, 0x0, 0x0,
    0x9, 0xff, 0xff, 0xff, 0x0, 0x0, 0x0, 0x0,
    0x0, 0x0, 0x0, 0x0, 0x9f, 0xff, 0xff, 0xff,
    0x0, 0x0, 0x0, 0x0, 0x7e, 0xff, 0xff, 0xff,
    0xff, 0xff, 0xff, 0xff, 0x0, 0x0, 0x0, 0x0,
    0xff, 0xff, 0xff, 0xff, 0xff, 0xff, 0xff, 0xff,
    0x0, 0x8, 0xe7, 0x0, 0xff, 0xff, 0xff, 0xff,
    0xff, 0xff, 0xff, 0xff, 0x0, 0xf, 0xff, 0x90,
    0xff, 0xff, 0xff, 0xff, 0xff, 0xff, 0xff, 0xff,
    0x0, 0xa, 0xff, 0xf4, 0xff, 0xff, 0xff, 0xff,
    0xff, 0xff, 0xff, 0xff, 0x0, 0x0, 0x9f, 0xfb,
    0xff, 0xff, 0xff, 0xff, 0xff, 0xff, 0xff, 0xff,
    0x0, 0x0, 0x1f, 0xfe, 0xff, 0xff, 0xff, 0xff,
    0xff, 0xff, 0xff, 0xff, 0x0, 0x0, 0x1f, 0xff,
    0xff, 0xff, 0xff, 0xff, 0xff, 0xff, 0xff, 0xff,
    0x0, 0x0, 0x7f, 0xfc, 0xff, 0xff, 0xff, 0xff,
    0xff, 0xff, 0xff, 0xff, 0x0, 0x8, 0xff, 0xf5,
    0xff, 0xff, 0xff, 0xff, 0xff, 0xff, 0xff, 0xff,
    0x0, 0xf, 0xff, 0xb0, 0xff, 0xff, 0xff, 0xff,
    0xff, 0xff, 0xff, 0xff, 0x0, 0xa, 0xf9, 0x0,
    0x9f, 0xff, 0xff, 0xff, 0xff, 0xff, 0xff, 0xff,
    0x0, 0x0, 0x0, 0x0, 0x0, 0x0, 0x0, 0x0,
    0xaf, 0xff, 0xff, 0xff, 0x0, 0x0, 0x0, 0x0,
    0x0, 0x0, 0x0, 0x0, 0xa, 0xff, 0xff, 0xff,
    0x0, 0x0, 0x0, 0x0, 0x0, 0x0, 0x0, 0x0,
    0x0, 0xaf, 0xff, 0xff, 0x0, 0x0, 0x0, 0x0,
    0x0, 0x0, 0x0, 0x0, 0x0, 0xa, 0xff, 0xff,
    0x0, 0x0, 0x0, 0x0, 0x0, 0x0, 0x0, 0x0,
    0x0, 0x0, 0xaf, 0xff, 0x0, 0x0, 0x0, 0x0,
    0x0, 0x0, 0x0, 0x0, 0x0, 0x0, 0xa, 0xf8,
    0x0, 0x0, 0x0, 0x0, 0x0, 0x0, 0x0, 0x0,
    0x0, 0x0, 0x0, 0x0, 0x0, 0x0, 0x0, 0x0,

    /* U+F028 "" */
    0x0, 0x0, 0x0, 0x0, 0x0, 0x0, 0x0, 0x0,
    0x0, 0x0, 0x0, 0x0, 0x0, 0x0, 0x0, 0x0,
    0x0, 0x0, 0x0, 0x0, 0x0, 0x0, 0x0, 0x0,
    0x0, 0x0, 0x0, 0x0, 0x0, 0x0, 0x0, 0xce,
    0x60, 0x0, 0x0, 0x0, 0x0, 0x0, 0x0, 0x0,
    0x0, 0x0, 0x0, 0x0, 0x0, 0x0, 0x0, 0x0,
    0x4, 0xff, 0xfa, 0x0, 0x0, 0x0, 0x0, 0x0,
    0x0, 0x0, 0x0, 0x0, 0x0, 0x0, 0x0, 0x0,
    0x0, 0x0, 0x0, 0xcf, 0xff, 0xb0, 0x0, 0x0,
    0x0, 0x0, 0x0, 0x0, 0x0, 0x0, 0x9, 0xf7,
    0x0, 0x0, 0x0, 0x0, 0x0, 0x9, 0xff, 0xfb,
    0x0, 0x0, 0x0, 0x0, 0x0, 0x0, 0x0, 0x0,
    0x9f, 0xff, 0x0, 0x0, 0x0, 0x0, 0x0, 0x0,
    0x8f, 0xff, 0x80, 0x0, 0x0, 0x0, 0x0, 0x0,
    0x0, 0x9, 0xff, 0xff, 0x0, 0x0, 0x0, 0x3e,
    0xc2, 0x0, 0x9, 0xff, 0xf3, 0x0, 0x0, 0x0,
    0x0, 0x0, 0x0, 0x9f, 0xff, 0xff, 0x0, 0x0,
    0x0, 0x9f, 0xff, 0x40, 0x0, 0xcf, 0xfc, 0x0,
    0x0, 0x0, 0x0, 0x0, 0x9, 0xff, 0xff, 0xff,
    0x0, 0x0, 0x0, 0x4f, 0xff, 0xf4, 0x0, 0x2f,
    0xff, 0x40, 0x0, 0x0, 0x0, 0x0, 0x9f, 0xff,
    0xff, 0xff, 0x0, 0x0, 0x0, 0x2, 0xdf, 0xfe,
    0x10, 0x9, 0xff, 0xb0, 0x8f, 0xff, 0xff, 0xff,
    0xff, 0xff, 0xff, 0xff, 0x0, 0x0, 0x0, 0x0,
    0x2e, 0xff, 0x90, 0x1, 0xff, 0xf1, 0xff, 0xff,
    0xff, 0xff, 0xff, 0xff, 0xff, 0xff, 0x0, 0x9,
    0xf8, 0x0, 0x4, 0xff, 0xf1, 0x0, 0xcf, 0xf6,
    0xff, 0xff, 0xff, 0xff, 0xff, 0xff, 0xff, 0xff,
    0x0, 0xf, 0xff, 0xa0, 0x0, 0xcf, 0xf7, 0x0,
    0x7f, 0xf9, 0xff, 0xff, 0xff, 0xff, 0xff, 0xff,
    0xff, 0xff, 0x0, 0x9, 0xff, 0xf5, 0x0, 0x6f,
    0xfb, 0x0, 0x3f, 0xfc, 0xff, 0xff, 0xff, 0xff,
    0xff, 0xff, 0xff, 0xff, 0x0, 0x0, 0x8f, 0xfb,
    0x0, 0x2f, 0xfe, 0x0, 0x1f, 0xfe, 0xff, 0xff,
    0xff, 0xff, 0xff, 0xff, 0xff, 0xff, 0x0, 0x0,
    0x1f, 0xfe, 0x0, 0xf, 0xff, 0x0, 0xf, 0xff,
    0xff, 0xff, 0xff, 0xff, 0xff, 0xff, 0xff, 0xff,
    0x0, 0x0, 0x1f, 0xfe, 0x0, 0xf, 0xff, 0x0,
    0xf, 0xff, 0xff, 0xff, 0xff, 0xff, 0xff, 0xff,
    0xff, 0xff, 0x0, 0x0, 0x8f, 0xfb, 0x0, 0x2f,
    0xfe, 0x0, 0x2f, 0xfe, 0xff, 0xff, 0xff, 0xff,
    0xff, 0xff, 0xff, 0xff, 0x0, 0x9, 0xff, 0xf5,
    0x0, 0x6f, 0xfb, 0x0, 0x3f, 0xfc, 0xff, 0xff,
    0xff, 0xff, 0xff, 0xff, 0xff, 0xff, 0x0, 0xf,
    0xff, 0xa0, 0x0, 0xcf, 0xf7, 0x0, 0x7f, 0xf9,
    0xff, 0xff, 0xff, 0xff, 0xff, 0xff, 0xff, 0xff,
    0x0, 0x9, 0xf8, 0x0, 0x4, 0xff, 0xf1, 0x0,
    0xcf, 0xf6, 0x8f, 0xff, 0xff, 0xff, 0xff, 0xff,
    0xff, 0xff, 0x0, 0x0, 0x0, 0x0, 0x2e, 0xff,
    0x90, 0x2, 0xff, 0xf1, 0x0, 0x0, 0x0, 0x0,
    0x9f, 0xff, 0xff, 0xff, 0x0, 0x0, 0x0, 0x2,
    0xdf, 0xfe, 0x10, 0x9, 0xff, 0xb0, 0x0, 0x0,
    0x0, 0x0, 0x9, 0xff, 0xff, 0xff, 0x0, 0x0,
    0x0, 0x4f, 0xff, 0xf4, 0x0, 0x2f, 0xff, 0x40,
    0x0, 0x0, 0x0, 0x0, 0x0, 0x9f, 0xff, 0xff,
    0x0, 0x0, 0x0, 0x9f, 0xff, 0x40, 0x0, 0xcf,
    0xfc, 0x0, 0x0, 0x0, 0x0, 0x0, 0x0, 0x9,
    0xff, 0xff, 0x0, 0x0, 0x0, 0x4e, 0xc2, 0x0,
    0x9, 0xff, 0xf3, 0x0, 0x0, 0x0, 0x0, 0x0,
    0x0, 0x0, 0x9f, 0xff, 0x0, 0x0, 0x0, 0x0,
    0x0, 0x0, 0x8f, 0xff, 0x80, 0x0, 0x0, 0x0,
    0x0, 0x0, 0x0, 0x0, 0x9, 0xf7, 0x0, 0x0,
    0x0, 0x0, 0x0, 0xa, 0xff, 0xfb, 0x0, 0x0,
    0x0, 0x0, 0x0, 0x0, 0x0, 0x0, 0x0, 0x0,
    0x0, 0x0, 0x0, 0x0, 0x0, 0xcf, 0xff, 0xb0,
    0x0, 0x0, 0x0, 0x0, 0x0, 0x0, 0x0, 0x0,
    0x0, 0x0, 0x0, 0x0, 0x0, 0x0, 0x4, 0xff,
    0xfa, 0x0, 0x0, 0x0, 0x0, 0x0, 0x0, 0x0,
    0x0, 0x0, 0x0, 0x0, 0x0, 0x0, 0x0, 0x0,
    0x0, 0xce, 0x60, 0x0, 0x0, 0x0, 0x0, 0x0,
    0x0, 0x0, 0x0, 0x0, 0x0, 0x0, 0x0, 0x0,
    0x0, 0x0, 0x0, 0x0, 0x0, 0x0, 0x0, 0x0,

    /* U+F03E "" */
    0x8, 0xef, 0xff, 0xff, 0xff, 0xff, 0xff, 0xff,
    0xff, 0xff, 0xff, 0xff, 0xff, 0xff, 0xfe, 0x80,
    0x8f, 0xff, 0xff, 0xff, 0xff, 0xff, 0xff, 0xff,
    0xff, 0xff, 0xff, 0xff, 0xff, 0xff, 0xff, 0xf8,
    0xef, 0xff, 0xff, 0xff, 0xff, 0xff, 0xff, 0xff,
    0xff, 0xff, 0xff, 0xff, 0xff, 0xff, 0xff, 0xfe,
    0xff, 0xff, 0xfd, 0x88, 0xdf, 0xff, 0xff, 0xff,
    0xff, 0xff, 0xff, 0xff, 0xff, 0xff, 0xff, 0xff,
    0xff, 0xff, 0x90, 0x0, 0x9, 0xff, 0xff, 0xff,
    0xff, 0xff, 0xff, 0xff, 0xff, 0xff, 0xff, 0xff,
    0xff, 0xfd, 0x0, 0x0, 0x0, 0xdf, 0xff, 0xff,
    0xff, 0xff, 0xff, 0xff, 0xff, 0xff, 0xff, 0xff,
    0xff, 0xf8, 0x0, 0x0, 0x0, 0x8f, 0xff, 0xff,
    0xff, 0xff, 0xff, 0xff, 0xff, 0xff, 0xff, 0xff,
    0xff, 0xf8, 0x0, 0x0, 0x0, 0x8f, 0xff, 0xff,
    0xff, 0xff, 0xf9, 0x9f, 0xff, 0xff, 0xff, 0xff,
    0xff, 0xfd, 0x0, 0x0, 0x0, 0xdf, 0xff, 0xff,
    0xff, 0xff, 0x70, 0x8, 0xff, 0xff, 0xff, 0xff,
    0xff, 0xff, 0x90, 0x0, 0x9, 0xff, 0xff, 0xff,
    0xff, 0xf7, 0x0, 0x0, 0x8f, 0xff, 0xff, 0xff,
    0xff, 0xff, 0xfd, 0x88, 0xdf, 0xff, 0xff, 0xff,
    0xff, 0x70, 0x0, 0x0, 0x8, 0xff, 0xff, 0xff,
    0xff, 0xff, 0xff, 0xff, 0xff, 0xff, 0xff, 0xff,
    0xf7, 0x0, 0x0, 0x0, 0x0, 0x8f, 0xff, 0xff,
    0xff, 0xff, 0xff, 0xff, 0x99, 0xff, 0xff, 0xff,
    0x70, 0x0, 0x0, 0x0, 0x0, 0x8, 0xff, 0xff,
    0xff, 0xff, 0xff, 0xf7, 0x0, 0x8f, 0xff, 0xf7,
    0x0, 0x0, 0x0, 0x0, 0x0, 0x0, 0xff, 0xff,
    0xff, 0xff, 0xff, 0x70, 0x0, 0x8, 0xff, 0x70,
    0x0, 0x0, 0x0, 0x0, 0x0, 0x0, 0xff, 0xff,
    0xff, 0xff, 0xf7, 0x0, 0x0, 0x0, 0x87, 0x0,
    0x0, 0x0, 0x0, 0x0, 0x0, 0x0, 0xff, 0xff,
    0xff, 0xff, 0x70, 0x0, 0x0, 0x0, 0x0, 0x0,
    0x0, 0x0, 0x0, 0x0, 0x0, 0x0, 0xff, 0xff,
    0xff, 0xff, 0x0, 0x0, 0x0, 0x0, 0x0, 0x0,
    0x0, 0x0, 0x0, 0x0, 0x0, 0x0, 0xff, 0xff,
    0xff, 0xff, 0x0, 0x0, 0x0, 0x0, 0x0, 0x0,
    0x0, 0x0, 0x0, 0x0, 0x0, 0x0, 0xff, 0xff,
    0xff, 0xff, 0x0, 0x0, 0x0, 0x0, 0x0, 0x0,
    0x0, 0x0, 0x0, 0x0, 0x0, 0x0, 0xff, 0xff,
    0xff, 0xff, 0xff, 0xff, 0xff, 0xff, 0xff, 0xff,
    0xff, 0xff, 0xff, 0xff, 0xff, 0xff, 0xff, 0xff,
    0xef, 0xff, 0xff, 0xff, 0xff, 0xff, 0xff, 0xff,
    0xff, 0xff, 0xff, 0xff, 0xff, 0xff, 0xff, 0xfe,
    0x8f, 0xff, 0xff, 0xff, 0xff, 0xff, 0xff, 0xff,
    0xff, 0xff, 0xff, 0xff, 0xff, 0xff, 0xff, 0xf8,
    0x8, 0xef, 0xff, 0xff, 0xff, 0xff, 0xff, 0xff,
    0xff, 0xff, 0xff, 0xff, 0xff, 0xff, 0xfe, 0x80,

    /* U+F043 "" */
    0x0, 0x0, 0x0, 0x0, 0x4, 0xee, 0x40, 0x0,
    0x0, 0x0, 0x0, 0x0, 0x0, 0x0, 0x0, 0xd,
    0xff, 0xd0, 0x0, 0x0, 0x0, 0x0, 0x0, 0x0,
    0x0, 0x0, 0x3f, 0xff, 0xf3, 0x0, 0x0, 0x0,
    0x0, 0x0, 0x0, 0x0, 0x0, 0x9f, 0xff, 0xf9,
    0x0, 0x0, 0x0, 0x0, 0x0, 0x0, 0x0, 0x0,
    0xef, 0xff, 0xfe, 0x0, 0x0, 0x0, 0x0, 0x0,
    0x0, 0x0, 0x7, 0xff, 0xff, 0xff, 0x70, 0x0,
    0x0, 0x0, 0x0, 0x0, 0x0, 0xe, 0xff, 0xff,
    0xff, 0xe0, 0x0, 0x0, 0x0, 0x0, 0x0, 0x0,
    0x7f, 0xff, 0xff, 0xff, 0xf7, 0x0, 0x0, 0x0,
    0x0, 0x0, 0x1, 0xef, 0xff, 0xff, 0xff, 0xff,
    0x10, 0x0, 0x0, 0x0, 0x0, 0x9, 0xff, 0xff,
    0xff, 0xff, 0xff, 0xa0, 0x0, 0x0, 0x0, 0x0,
    0x4f, 0xff, 0xff, 0xff, 0xff, 0xff, 0xf4, 0x0,
    0x0, 0x0, 0x1, 0xef, 0xff, 0xff, 0xff, 0xff,
    0xff, 0xfe, 0x10, 0x0, 0x0, 0xb, 0xff, 0xff,
    0xff, 0xff, 0xff, 0xff, 0xff, 0xb0, 0x0, 0x0,
    0x6f, 0xff, 0xff, 0xff, 0xff, 0xff, 0xff, 0xff,
    0xf7, 0x0, 0x1, 0xff, 0xff, 0xff, 0xff, 0xff,
    0xff, 0xff, 0xff, 0xff, 0x10, 0x9, 0xff, 0xff,
    0xff, 0xff, 0xff, 0xff, 0xff, 0xff, 0xff, 0x90,
    0x1f, 0xff, 0xff, 0xff, 0xff, 0xff, 0xff, 0xff,
    0xff, 0xff, 0xf1, 0x7f, 0xff, 0xff, 0xff, 0xff,
    0xff, 0xff, 0xff, 0xff, 0xff, 0xf7, 0xbf, 0xff,
    0xff, 0xff, 0xff, 0xff, 0xff, 0xff, 0xff, 0xff,
    0xfb, 0xef, 0xff, 0xff, 0xff, 0xff, 0xff, 0xff,
    0xff, 0xff, 0xff, 0xfe, 0xff, 0xff, 0x33, 0xff,
    0xff, 0xff, 0xff, 0xff, 0xff, 0xff, 0xff, 0xff,
    0xff, 0x0, 0xff, 0xff, 0xff, 0xff, 0xff, 0xff,
    0xff, 0xff, 0xdf, 0xff, 0x20, 0xcf, 0xff, 0xff,
    0xff, 0xff, 0xff, 0xff, 0xfd, 0xaf, 0xff, 0x70,
    0x4f, 0xff, 0xff, 0xff, 0xff, 0xff, 0xff, 0xfa,
    0x6f, 0xff, 0xe0, 0x8, 0xff, 0xff, 0xff, 0xff,
    0xff, 0xff, 0xf6, 0x1f, 0xff, 0xfb, 0x0, 0x4c,
    0xff, 0xff, 0xff, 0xff, 0xff, 0xf1, 0x7, 0xff,
    0xff, 0xb0, 0x0, 0x3, 0xff, 0xff, 0xff, 0xff,
    0x70, 0x0, 0xcf, 0xff, 0xfe, 0x72, 0x3, 0xff,
    0xff, 0xff, 0xfc, 0x0, 0x0, 0x1e, 0xff, 0xff,
    0xff, 0xff, 0xff, 0xff, 0xff, 0xe1, 0x0, 0x0,
    0x1, 0xcf, 0xff, 0xff, 0xff, 0xff, 0xff, 0xfc,
    0x10, 0x0, 0x0, 0x0, 0x7, 0xff, 0xff, 0xff,
    0xff, 0xff, 0x70, 0x0, 0x0, 0x0, 0x0, 0x0,
    0x16, 0xbd, 0xff, 0xdb, 0x61, 0x0, 0x0, 0x0,

    /* U+F048 "" */
    0x0, 0x0, 0x0, 0x0, 0x0, 0x0, 0x0, 0x0,
    0x0, 0x0, 0xdf, 0xff, 0x50, 0x0, 0x0, 0x0,
    0x0, 0x0, 0x5e, 0xe5, 0xff, 0xff, 0x80, 0x0,
    0x0, 0x0, 0x0, 0x6, 0xff, 0xfe, 0xff, 0xff,
    0x80, 0x0, 0x0, 0x0, 0x0, 0x7f, 0xff, 0xff,
    0xff, 0xff, 0x80, 0x0, 0x0, 0x0, 0x8, 0xff,
    0xff, 0xff, 0xff, 0xff, 0x80, 0x0, 0x0, 0x0,
    0xaf, 0xff, 0xff, 0xff, 0xff, 0xff, 0x80, 0x0,
    0x0, 0xb, 0xff, 0xff, 0xff, 0xff, 0xff, 0xff,
    0x80, 0x0, 0x0, 0xcf, 0xff, 0xff, 0xff, 0xff,
    0xff, 0xff, 0x80, 0x0, 0x1c, 0xff, 0xff, 0xff,
    0xff, 0xff, 0xff, 0xff, 0x80, 0x2, 0xdf, 0xff,
    0xff, 0xff, 0xff, 0xff, 0xff, 0xff, 0x80, 0x2e,
    0xff, 0xff, 0xff, 0xff, 0xff, 0xff, 0xff, 0xff,
    0x83, 0xef, 0xff, 0xff, 0xff, 0xff, 0xff, 0xff,
    0xff, 0xff, 0xbf, 0xff, 0xff, 0xff, 0xff, 0xff,
    0xff, 0xff, 0xff, 0xff, 0xff, 0xff, 0xff, 0xff,
    0xff, 0xff, 0xff, 0xff, 0xff, 0xff, 0xff, 0xff,
    0xff, 0xff, 0xff, 0xff, 0xff, 0xff, 0xff, 0xff,
    0xff, 0xff, 0xff, 0xff, 0xff, 0xff, 0xff, 0xff,
    0xff, 0xff, 0xff, 0xff, 0xff, 0xff, 0xff, 0xff,
    0xff, 0xff, 0xff, 0xff, 0xcf, 0xff, 0xff, 0xff,
    0xff, 0xff, 0xff, 0xff, 0xff, 0xff, 0x84, 0xff,
    0xff, 0xff, 0xff, 0xff, 0xff, 0xff, 0xff, 0xff,
    0x80, 0x3e, 0xff, 0xff, 0xff, 0xff, 0xff, 0xff,
    0xff, 0xff, 0x80, 0x2, 0xef, 0xff, 0xff, 0xff,
    0xff, 0xff, 0xff, 0xff, 0x80, 0x0, 0x1d, 0xff,
    0xff, 0xff, 0xff, 0xff, 0xff, 0xff, 0x80, 0x0,
    0x1, 0xcf, 0xff, 0xff, 0xff, 0xff, 0xff, 0xff,
    0x80, 0x0, 0x0, 0xb, 0xff, 0xff, 0xff, 0xff,
    0xff, 0xff, 0x80, 0x0, 0x0, 0x0, 0xaf, 0xff,
    0xff, 0xff, 0xff, 0xff, 0x80, 0x0, 0x0, 0x0,
    0x9, 0xff, 0xff, 0xff, 0xff, 0xff, 0x80, 0x0,
    0x0, 0x0, 0x0, 0x7f, 0xff, 0xff, 0xff, 0xff,
    0x80, 0x0, 0x0, 0x0, 0x0, 0x6, 0xff, 0xfe,
    0xdf, 0xff, 0x50, 0x0, 0x0, 0x0, 0x0, 0x0,
    0x5e, 0xe5, 0x0, 0x0, 0x0, 0x0, 0x0, 0x0,
    0x0, 0x0, 0x0, 0x0,

    /* U+F04B "" */
    0x0, 0x0, 0x0, 0x0, 0x0, 0x0, 0x0, 0x0,
    0x0, 0x0, 0x0, 0x0, 0x0, 0x0, 0x9, 0xef,
    0x80, 0x0, 0x0, 0x0, 0x0, 0x0, 0x0, 0x0,
    0x0, 0x0, 0x0, 0x0, 0x9f, 0xff, 0xfe, 0x60,
    0x0, 0x0, 0x0, 0x0, 0x0, 0x0, 0x0, 0x0,
    0x0, 0x0, 0xff, 0xff, 0xff, 0xfc, 0x30, 0x0,
    0x0, 0x0, 0x0, 0x0, 0x0, 0x0, 0x0, 0x0,
    0xff, 0xff, 0xff, 0xff, 0xf9, 0x10, 0x0, 0x0,
    0x0, 0x0, 0x0, 0x0, 0x0, 0x0, 0xff, 0xff,
    0xff, 0xff, 0xff, 0xe6, 0x0, 0x0, 0x0, 0x0,
    0x0, 0x0, 0x0, 0x0, 0xff, 0xff, 0xff, 0xff,
    0xff, 0xff, 0xd3, 0x0, 0x0, 0x0, 0x0, 0x0,
    0x0, 0x0, 0xff, 0xff, 0xff, 0xff, 0xff, 0xff,
    0xff, 0xa1, 0x0, 0x0, 0x0, 0x0, 0x0, 0x0,
    0xff, 0xff, 0xff, 0xff, 0xff, 0xff, 0xff, 0xff,
    0x70, 0x0, 0x0, 0x0, 0x0, 0x0, 0xff, 0xff,
    0xff, 0xff, 0xff, 0xff, 0xff, 0xff, 0xfd, 0x40,
    0x0, 0x0, 0x0, 0x0, 0xff, 0xff, 0xff, 0xff,
    0xff, 0xff, 0xff, 0xff, 0xff, 0xfb, 0x20, 0x0,
    0x0, 0x0, 0xff, 0xff, 0xff, 0xff, 0xff, 0xff,
    0xff, 0xff, 0xff, 0xff, 0xf8, 0x0, 0x0, 0x0,
    0xff, 0xff, 0xff, 0xff, 0xff, 0xff, 0xff, 0xff,
    0xff, 0xff, 0xff, 0xe5, 0x0, 0x0, 0xff, 0xff,
    0xff, 0xff, 0xff, 0xff, 0xff, 0xff, 0xff, 0xff,
    0xff, 0xff, 0xb2, 0x0, 0xff, 0xff, 0xff, 0xff,
    0xff, 0xff, 0xff, 0xff, 0xff, 0xff, 0xff, 0xff,
    0xff, 0x80, 0xff, 0xff, 0xff, 0xff, 0xff, 0xff,
    0xff, 0xff, 0xff, 0xff, 0xff, 0xff, 0xff, 0xf9,
    0xff, 0xff, 0xff, 0xff, 0xff, 0xff, 0xff, 0xff,
    0xff, 0xff, 0xff, 0xff, 0xff, 0xfe, 0xff, 0xff,
    0xff, 0xff, 0xff, 0xff, 0xff, 0xff, 0xff, 0xff,
    0xff, 0xff, 0xff, 0xfe, 0xff, 0xff, 0xff, 0xff,
    0xff, 0xff, 0xff, 0xff, 0xff, 0xff, 0xff, 0xff,
    0xff, 0xf9, 0xff, 0xff, 0xff, 0xff, 0xff, 0xff,
    0xff, 0xff, 0xff, 0xff, 0xff, 0xff, 0xff, 0x80,
    0xff, 0xff, 0xff, 0xff, 0xff, 0xff, 0xff, 0xff,
    0xff, 0xff, 0xff, 0xff, 0xb2, 0x0, 0xff, 0xff,
    0xff, 0xff, 0xff, 0xff, 0xff, 0xff, 0xff, 0xff,
    0xff, 0xe5, 0x0, 0x0, 0xff, 0xff, 0xff, 0xff,
    0xff, 0xff, 0xff, 0xff, 0xff, 0xff, 0xf8, 0x0,
    0x0, 0x0, 0xff, 0xff, 0xff, 0xff, 0xff, 0xff,
    0xff, 0xff, 0xff, 0xfb, 0x20, 0x0, 0x0, 0x0,
    0xff, 0xff, 0xff, 0xff, 0xff, 0xff, 0xff, 0xff,
    0xfd, 0x40, 0x0, 0x0, 0x0, 0x0, 0xff, 0xff,
    0xff, 0xff, 0xff, 0xff, 0xff, 0xff, 0x70, 0x0,
    0x0, 0x0, 0x0, 0x0, 0xff, 0xff, 0xff, 0xff,
    0xff, 0xff, 0xff, 0xa1, 0x0, 0x0, 0x0, 0x0,
    0x0, 0x0, 0xff, 0xff, 0xff, 0xff, 0xff, 0xff,
    0xd3, 0x0, 0x0, 0x0, 0x0, 0x0, 0x0, 0x0,
    0xff, 0xff, 0xff, 0xff, 0xff, 0xe6, 0x0, 0x0,
    0x0, 0x0, 0x0, 0x0, 0x0, 0x0, 0xff, 0xff,
    0xff, 0xff, 0xf9, 0x10, 0x0, 0x0, 0x0, 0x0,
    0x0, 0x0, 0x0, 0x0, 0xff, 0xff, 0xff, 0xfc,
    0x30, 0x0, 0x0, 0x0, 0x0, 0x0, 0x0, 0x0,
    0x0, 0x0, 0x9f, 0xff, 0xfe, 0x60, 0x0, 0x0,
    0x0, 0x0, 0x0, 0x0, 0x0, 0x0, 0x0, 0x0,
    0x8, 0xee, 0x80, 0x0, 0x0, 0x0, 0x0, 0x0,
    0x0, 0x0, 0x0, 0x0, 0x0, 0x0, 0x0, 0x0,
    0x0, 0x0, 0x0, 0x0, 0x0, 0x0, 0x0, 0x0,
    0x0, 0x0, 0x0, 0x0,

    /* U+F04C "" */
    0x0, 0x0, 0x0, 0x0, 0x0, 0x0, 0x0, 0x0,
    0x0, 0x0, 0x0, 0x0, 0x0, 0x0, 0x9, 0xff,
    0xff, 0xff, 0xff, 0x90, 0x0, 0x0, 0x9, 0xff,
    0xff, 0xff, 0xff, 0x90, 0x9f, 0xff, 0xff, 0xff,
    0xff, 0xf9, 0x0, 0x0, 0x9f, 0xff, 0xff, 0xff,
    0xff, 0xf9, 0xef, 0xff, 0xff, 0xff, 0xff, 0xfe,
    0x0, 0x0, 0xef, 0xff, 0xff, 0xff, 0xff, 0xfe,
    0xff, 0xff, 0xff, 0xff, 0xff, 0xff, 0x0, 0x0,
    0xff, 0xff, 0xff, 0xff, 0xff, 0xff, 0xff, 0xff,
    0xff, 0xff, 0xff, 0xff, 0x0, 0x0, 0xff, 0xff,
    0xff, 0xff, 0xff, 0xff, 0xff, 0xff, 0xff, 0xff,
    0xff, 0xff, 0x0, 0x0, 0xff, 0xff, 0xff, 0xff,
    0xff, 0xff, 0xff, 0xff, 0xff, 0xff, 0xff, 0xff,
    0x0, 0x0, 0xff, 0xff, 0xff, 0xff, 0xff, 0xff,
    0xff, 0xff, 0xff, 0xff, 0xff, 0xff, 0x0, 0x0,
    0xff, 0xff, 0xff, 0xff, 0xff, 0xff, 0xff, 0xff,
    0xff, 0xff, 0xff, 0xff, 0x0, 0x0, 0xff, 0xff,
    0xff, 0xff, 0xff, 0xff, 0xff, 0xff, 0xff, 0xff,
    0xff, 0xff, 0x0, 0x0, 0xff, 0xff, 0xff, 0xff,
    0xff, 0xff, 0xff, 0xff, 0xff, 0xff, 0xff, 0xff,
    0x0, 0x0, 0xff, 0xff, 0xff, 0xff, 0xff, 0xff,
    0xff, 0xff, 0xff, 0xff, 0xff, 0xff, 0x0, 0x0,
    0xff, 0xff, 0xff, 0xff, 0xff, 0xff, 0xff, 0xff,
    0xff, 0xff, 0xff, 0xff, 0x0, 0x0, 0xff, 0xff,
    0xff, 0xff, 0xff, 0xff, 0xff, 0xff, 0xff, 0xff,
    0xff, 0xff, 0x0, 0x0, 0xff, 0xff, 0xff, 0xff,
    0xff, 0xff, 0xff, 0xff, 0xff, 0xff, 0xff, 0xff,
    0x0, 0x0, 0xff, 0xff, 0xff, 0xff, 0xff, 0xff,
    0xff, 0xff, 0xff, 0xff, 0xff, 0xff, 0x0, 0x0,
    0xff, 0xff, 0xff, 0xff, 0xff, 0xff, 0xff, 0xff,
    0xff, 0xff, 0xff, 0xff, 0x0, 0x0, 0xff, 0xff,
    0xff, 0xff, 0xff, 0xff, 0xff, 0xff, 0xff, 0xff,
    0xff, 0xff, 0x0, 0x0, 0xff, 0xff, 0xff, 0xff,
    0xff, 0xff, 0xff, 0xff, 0xff, 0xff, 0xff, 0xff,
    0x0, 0x0, 0xff, 0xff, 0xff, 0xff, 0xff, 0xff,
    0xff, 0xff, 0xff, 0xff, 0xff, 0xff, 0x0, 0x0,
    0xff, 0xff, 0xff, 0xff, 0xff, 0xff, 0xff, 0xff,
    0xff, 0xff, 0xff, 0xff, 0x0, 0x0, 0xff, 0xff,
    0xff, 0xff, 0xff, 0xff, 0xff, 0xff, 0xff, 0xff,
    0xff, 0xff, 0x0, 0x0, 0xff, 0xff, 0xff, 0xff,
    0xff, 0xff, 0xff, 0xff, 0xff, 0xff, 0xff, 0xff,
    0x0, 0x0, 0xff, 0xff, 0xff, 0xff, 0xff, 0xff,
    0xff, 0xff, 0xff, 0xff, 0xff, 0xff, 0x0, 0x0,
    0xff, 0xff, 0xff, 0xff, 0xff, 0xff, 0xff, 0xff,
    0xff, 0xff, 0xff, 0xff, 0x0, 0x0, 0xff, 0xff,
    0xff, 0xff, 0xff, 0xff, 0xef, 0xff, 0xff, 0xff,
    0xff, 0xfe, 0x0, 0x0, 0xef, 0xff, 0xff, 0xff,
    0xff, 0xfe, 0x8f, 0xff, 0xff, 0xff, 0xff, 0xf8,
    0x0, 0x0, 0x8f, 0xff, 0xff, 0xff, 0xff, 0xf8,
    0x7, 0xdf, 0xff, 0xff, 0xfd, 0x70, 0x0, 0x0,
    0x7, 0xdf, 0xff, 0xff, 0xfd, 0x70,

    /* U+F04D "" */
    0x8, 0xef, 0xff, 0xff, 0xff, 0xff, 0xff, 0xff,
    0xff, 0xff, 0xff, 0xff, 0xfe, 0x80, 0x8f, 0xff,
    0xff, 0xff, 0xff, 0xff, 0xff, 0xff, 0xff, 0xff,
    0xff, 0xff, 0xff, 0xf8, 0xef, 0xff, 0xff, 0xff,
    0xff, 0xff, 0xff, 0xff, 0xff, 0xff, 0xff, 0xff,
    0xff, 0xfe, 0xff, 0xff, 0xff, 0xff, 0xff, 0xff,
    0xff, 0xff, 0xff, 0xff, 0xff, 0xff, 0xff, 0xff,
    0xff, 0xff, 0xff, 0xff, 0xff, 0xff, 0xff, 0xff,
    0xff, 0xff, 0xff, 0xff, 0xff, 0xff, 0xff, 0xff,
    0xff, 0xff, 0xff, 0xff, 0xff, 0xff, 0xff, 0xff,
    0xff, 0xff, 0xff, 0xff, 0xff, 0xff, 0xff, 0xff,
    0xff, 0xff, 0xff, 0xff, 0xff, 0xff, 0xff, 0xff,
    0xff, 0xff, 0xff, 0xff, 0xff, 0xff, 0xff, 0xff,
    0xff, 0xff, 0xff, 0xff, 0xff, 0xff, 0xff, 0xff,
    0xff, 0xff, 0xff, 0xff, 0xff, 0xff, 0xff, 0xff,
    0xff, 0xff, 0xff, 0xff, 0xff, 0xff, 0xff, 0xff,
    0xff, 0xff, 0xff, 0xff, 0xff, 0xff, 0xff, 0xff,
    0xff, 0xff, 0xff, 0xff, 0xff, 0xff, 0xff, 0xff,
    0xff, 0xff, 0xff, 0xff, 0xff, 0xff, 0xff, 0xff,
    0xff, 0xff, 0xff, 0xff, 0xff, 0xff, 0xff, 0xff,
    0xff, 0xff, 0xff, 0xff, 0xff, 0xff, 0xff, 0xff,
    0xff, 0xff, 0xff, 0xff, 0xff, 0xff, 0xff, 0xff,
    0xff, 0xff, 0xff, 0xff, 0xff, 0xff, 0xff, 0xff,
    0xff, 0xff, 0xff, 0xff, 0xff, 0xff, 0xff, 0xff,
    0xff, 0xff, 0xff, 0xff, 0xff, 0xff, 0xff, 0xff,
    0xff, 0xff, 0xff, 0xff, 0xff, 0xff, 0xff, 0xff,
    0xff, 0xff, 0xff, 0xff, 0xff, 0xff, 0xff, 0xff,
    0xff, 0xff, 0xff, 0xff, 0xff, 0xff, 0xff, 0xff,
    0xff, 0xff, 0xff, 0xff, 0xff, 0xff, 0xff, 0xff,
    0xff, 0xff, 0xff, 0xff, 0xff, 0xff, 0xff, 0xff,
    0xff, 0xff, 0xff, 0xff, 0xff, 0xff, 0xff, 0xff,
    0xff, 0xff, 0xff, 0xff, 0xff, 0xff, 0xff, 0xff,
    0xff, 0xff, 0xff, 0xff, 0xff, 0xff, 0xff, 0xff,
    0xff, 0xff, 0xff, 0xff, 0xff, 0xff, 0xff, 0xff,
    0xff, 0xff, 0xff, 0xff, 0xff, 0xff, 0xff, 0xff,
    0xff, 0xff, 0xff, 0xff, 0xff, 0xff, 0xff, 0xff,
    0xff, 0xff, 0xff, 0xff, 0xff, 0xff, 0xff, 0xff,
    0xff, 0xff, 0xff, 0xff, 0xff, 0xff, 0xff, 0xff,
    0xff, 0xff, 0xff, 0xff, 0xff, 0xff, 0xff, 0xff,
    0xff, 0xff, 0xff, 0xff, 0xff, 0xff, 0xff, 0xff,
    0xff, 0xff, 0xff, 0xff, 0xff, 0xff, 0xff, 0xff,
    0xff, 0xff, 0xff, 0xff, 0xff, 0xff, 0xff, 0xff,
    0xff, 0xff, 0xff, 0xff, 0xff, 0xff, 0xff, 0xff,
    0xff, 0xff, 0xff, 0xff, 0xff, 0xff, 0xef, 0xff,
    0xff, 0xff, 0xff, 0xff, 0xff, 0xff, 0xff, 0xff,
    0xff, 0xff, 0xff, 0xfe, 0x8f, 0xff, 0xff, 0xff,
    0xff, 0xff, 0xff, 0xff, 0xff, 0xff, 0xff, 0xff,
    0xff, 0xf8, 0x8, 0xef, 0xff, 0xff, 0xff, 0xff,
    0xff, 0xff, 0xff, 0xff, 0xff, 0xff, 0xfe, 0x80,

    /* U+F051 "" */
    0x0, 0x0, 0x0, 0x0, 0x0, 0x0, 0x0, 0x0,
    0x0, 0x0, 0x5e, 0xe5, 0x0, 0x0, 0x0, 0x0,
    0x0, 0x5, 0xff, 0xfd, 0xef, 0xff, 0x60, 0x0,
    0x0, 0x0, 0x0, 0x8, 0xff, 0xff, 0xff, 0xff,
    0xf7, 0x0, 0x0, 0x0, 0x0, 0x8, 0xff, 0xff,
    0xff, 0xff, 0xff, 0x90, 0x0, 0x0, 0x0, 0x8,
    0xff, 0xff, 0xff, 0xff, 0xff, 0xfa, 0x0, 0x0,
    0x0, 0x8, 0xff, 0xff, 0xff, 0xff, 0xff, 0xff,
    0xb0, 0x0, 0x0, 0x8, 0xff, 0xff, 0xff, 0xff,
    0xff, 0xff, 0xfc, 0x10, 0x0, 0x8, 0xff, 0xff,
    0xff, 0xff, 0xff, 0xff, 0xff, 0xd1, 0x0, 0x8,
    0xff, 0xff, 0xff, 0xff, 0xff, 0xff, 0xff, 0xfe,
    0x20, 0x8, 0xff, 0xff, 0xff, 0xff, 0xff, 0xff,
    0xff, 0xff, 0xe3, 0x8, 0xff, 0xff, 0xff, 0xff,
    0xff, 0xff, 0xff, 0xff, 0xff, 0x48, 0xff, 0xff,
    0xff, 0xff, 0xff, 0xff, 0xff, 0xff, 0xff, 0xfc,
    0xff, 0xff, 0xff, 0xff, 0xff, 0xff, 0xff, 0xff,
    0xff, 0xff, 0xff, 0xff, 0xff, 0xff, 0xff, 0xff,
    0xff, 0xff, 0xff, 0xff, 0xff, 0xff, 0xff, 0xff,
    0xff, 0xff, 0xff, 0xff, 0xff, 0xff, 0xff, 0xff,
    0xff, 0xff, 0xff, 0xff, 0xff, 0xff, 0xff, 0xff,
    0xff, 0xff, 0xff, 0xff, 0xff, 0xff, 0xff, 0xff,
    0xff, 0xfb, 0xff, 0xff, 0xff, 0xff, 0xff, 0xff,
    0xff, 0xff, 0xfe, 0x38, 0xff, 0xff, 0xff, 0xff,
    0xff, 0xff, 0xff, 0xff, 0xe2, 0x8, 0xff, 0xff,
    0xff, 0xff, 0xff, 0xff, 0xff, 0xfd, 0x20, 0x8,
    0xff, 0xff, 0xff, 0xff, 0xff, 0xff, 0xff, 0xc1,
    0x0, 0x8, 0xff, 0xff, 0xff, 0xff, 0xff, 0xff,
    0xfc, 0x0, 0x0, 0x8, 0xff, 0xff, 0xff, 0xff,
    0xff, 0xff, 0xb0, 0x0, 0x0, 0x8, 0xff, 0xff,
    0xff, 0xff, 0xff, 0xfa, 0x0, 0x0, 0x0, 0x8,
    0xff, 0xff, 0xff, 0xff, 0xff, 0x80, 0x0, 0x0,
    0x0, 0x8, 0xff, 0xff, 0xff, 0xff, 0xf7, 0x0,
    0x0, 0x0, 0x0, 0x8, 0xff, 0xff, 0xef, 0xff,
    0x60, 0x0, 0x0, 0x0, 0x0, 0x8, 0xff, 0xff,
    0x5e, 0xe5, 0x0, 0x0, 0x0, 0x0, 0x0, 0x5,
    0xff, 0xfd, 0x0, 0x0, 0x0, 0x0, 0x0, 0x0,
    0x0, 0x0, 0x0, 0x0,

    /* U+F052 "" */
    0x0, 0x0, 0x0, 0x0, 0x0, 0x0, 0x8, 0xee,
    0x80, 0x0, 0x0, 0x0, 0x0, 0x0, 0x0, 0x0,
    0x0, 0x0, 0x0, 0x0, 0x0, 0xaf, 0xff, 0xfa,
    0x0, 0x0, 0x0, 0x0, 0x0, 0x0, 0x0, 0x0,
    0x0, 0x0, 0x0, 0x8, 0xff, 0xff, 0xff, 0x80,
    0x0, 0x0, 0x0, 0x0, 0x0, 0x0, 0x0, 0x0,
    0x0, 0x0, 0x7f, 0xff, 0xff, 0xff, 0xf7, 0x0,
    0x0, 0x0, 0x0, 0x0, 0x0, 0x0, 0x0, 0x0,
    0x6, 0xff, 0xff, 0xff, 0xff, 0xff, 0x60, 0x0,
    0x0, 0x0, 0x0, 0x0, 0x0, 0x0, 0x0, 0x5f,
    0xff, 0xff, 0xff, 0xff, 0xff, 0xf5, 0x0, 0x0,
    0x0, 0x0, 0x0, 0x0, 0x0, 0x4, 0xff, 0xff,
    0xff, 0xff, 0xff, 0xff, 0xff, 0x40, 0x0, 0x0,
    0x0, 0x0, 0x0, 0x0, 0x3f, 0xff, 0xff, 0xff,
    0xff, 0xff, 0xff, 0xff, 0xf3, 0x0, 0x0, 0x0,
    0x0, 0x0, 0x2, 0xef, 0xff, 0xff, 0xff, 0xff,
    0xff, 0xff, 0xff, 0xfe, 0x20, 0x0, 0x0, 0x0,
    0x0, 0x1e, 0xff, 0xff, 0xff, 0xff, 0xff, 0xff,
    0xff, 0xff, 0xff, 0xd1, 0x0, 0x0, 0x0, 0x1,
    0xdf, 0xff, 0xff, 0xff, 0xff, 0xff, 0xff, 0xff,
    0xff, 0xff, 0xfd, 0x10, 0x0, 0x0, 0xc, 0xff,
    0xff, 0xff, 0xff, 0xff, 0xff, 0xff, 0xff, 0xff,
    0xff, 0xff, 0xc0, 0x0, 0x0, 0xbf, 0xff, 0xff,
    0xff, 0xff, 0xff, 0xff, 0xff, 0xff, 0xff, 0xff,
    0xff, 0xfb, 0x0, 0x8, 0xff, 0xff, 0xff, 0xff,
    0xff, 0xff, 0xff, 0xff, 0xff, 0xff, 0xff, 0xff,
    0xff, 0x80, 0xe, 0xff, 0xff, 0xff, 0xff, 0xff,
    0xff, 0xff, 0xff, 0xff, 0xff, 0xff, 0xff, 0xff,
    0xe0, 0xe, 0xff, 0xff, 0xff, 0xff, 0xff, 0xff,
    0xff, 0xff, 0xff, 0xff, 0xff, 0xff, 0xff, 0xe0,
    0x8, 0xff, 0xff, 0xff, 0xff, 0xff, 0xff, 0xff,
    0xff, 0xff, 0xff, 0xff, 0xff, 0xff, 0x80, 0x0,
    0x9f, 0xff, 0xff, 0xff, 0xff, 0xff, 0xff, 0xff,
    0xff, 0xff, 0xff, 0xff, 0xe9, 0x0, 0x0, 0x0,
    0x0, 0x0, 0x0, 0x0, 0x0, 0x0, 0x0, 0x0,
    0x0, 0x0, 0x0, 0x0, 0x0, 0x0, 0x0, 0x0,
    0x0, 0x0, 0x0, 0x0, 0x0, 0x0, 0x0, 0x0,
    0x0, 0x0, 0x0, 0x0, 0x4, 0xef, 0xff, 0xff,
    0xff, 0xff, 0xff, 0xff, 0xff, 0xff, 0xff, 0xff,
    0xff, 0xfe, 0x40, 0xe, 0xff, 0xff, 0xff, 0xff,
    0xff, 0xff, 0xff, 0xff, 0xff, 0xff, 0xff, 0xff,
    0xff, 0xe0, 0xf, 0xff, 0xff, 0xff, 0xff, 0xff,
    0xff, 0xff, 0xff, 0xff, 0xff, 0xff, 0xff, 0xff,
    0xf0, 0xf, 0xff, 0xff, 0xff, 0xff, 0xff, 0xff,
    0xff, 0xff, 0xff, 0xff, 0xff, 0xff, 0xff, 0xf0,
    0xf, 0xff, 0xff, 0xff, 0xff, 0xff, 0xff, 0xff,
    0xff, 0xff, 0xff, 0xff, 0xff, 0xff, 0xf0, 0xf,
    0xff, 0xff, 0xff, 0xff, 0xff, 0xff, 0xff, 0xff,
    0xff, 0xff, 0xff, 0xff, 0xff, 0xf0, 0xe, 0xff,
    0xff, 0xff, 0xff, 0xff, 0xff, 0xff, 0xff, 0xff,
    0xff, 0xff, 0xff, 0xff, 0xe0, 0x4, 0xef, 0xff,
    0xff, 0xff, 0xff, 0xff, 0xff, 0xff, 0xff, 0xff,
    0xff, 0xff, 0xfe, 0x40,

    /* U+F053 "" */
    0x0, 0x0, 0x0, 0x0, 0x0, 0x0, 0x2, 0x50,
    0x0, 0x0, 0x0, 0x0, 0x0, 0x0, 0x0, 0x3f,
    0xfd, 0x10, 0x0, 0x0, 0x0, 0x0, 0x0, 0x3,
    0xff, 0xff, 0xd0, 0x0, 0x0, 0x0, 0x0, 0x0,
    0x3f, 0xff, 0xff, 0xf3, 0x0, 0x0, 0x0, 0x0,
    0x3, 0xff, 0xff, 0xff, 0xd0, 0x0, 0x0, 0x0,
    0x0, 0x3f, 0xff, 0xff, 0xfd, 0x10, 0x0, 0x0,
    0x0, 0x3, 0xff, 0xff, 0xff, 0xd1, 0x0, 0x0,
    0x0, 0x0, 0x3f, 0xff, 0xff, 0xfd, 0x10, 0x0,
    0x0, 0x0, 0x3, 0xff, 0xff, 0xff, 0xd1, 0x0,
    0x0, 0x0, 0x0, 0x3f, 0xff, 0xff, 0xfd, 0x10,
    0x0, 0x0, 0x0, 0x3, 0xff, 0xff, 0xff, 0xd1,
    0x0, 0x0, 0x0, 0x0, 0x3f, 0xff, 0xff, 0xfd,
    0x10, 0x0, 0x0, 0x0, 0x3, 0xff, 0xff, 0xff,
    0xd1, 0x0, 0x0, 0x0, 0x0, 0x1e, 0xff, 0xff,
    0xfd, 0x10, 0x0, 0x0, 0x0, 0x0, 0x3f, 0xff,
    0xff, 0xf8, 0x0, 0x0, 0x0, 0x0, 0x0, 0x9,
    0xff, 0xff, 0xff, 0x70, 0x0, 0x0, 0x0, 0x0,
    0x0, 0x9f, 0xff, 0xff, 0xf7, 0x0, 0x0, 0x0,
    0x0, 0x0, 0x9, 0xff, 0xff, 0xff, 0x70, 0x0,
    0x0, 0x0, 0x0, 0x0, 0x9f, 0xff, 0xff, 0xf7,
    0x0, 0x0, 0x0, 0x0, 0x0, 0x9, 0xff, 0xff,
    0xff, 0x70, 0x0, 0x0, 0x0, 0x0, 0x0, 0x9f,
    0xff, 0xff, 0xf7, 0x0, 0x0, 0x0, 0x0, 0x0,
    0x9, 0xff, 0xff, 0xff, 0x70, 0x0, 0x0, 0x0,
    0x0, 0x0, 0x9f, 0xff, 0xff, 0xf7, 0x0, 0x0,
    0x0, 0x0, 0x0, 0x9, 0xff, 0xff, 0xff, 0x70,
    0x0, 0x0, 0x0, 0x0, 0x0, 0x9f, 0xff, 0xff,
    0xf2, 0x0, 0x0, 0x0, 0x0, 0x0, 0x9, 0xff,
    0xff, 0xf2, 0x0, 0x0, 0x0, 0x0, 0x0, 0x0,
    0x9f, 0xff, 0x50, 0x0, 0x0, 0x0, 0x0, 0x0,
    0x0, 0x8, 0xc5, 0x0,

    /* U+F054 "" */
    0x0, 0x5, 0x20, 0x0, 0x0, 0x0, 0x0, 0x0,
    0x0, 0x1, 0xdf, 0xf3, 0x0, 0x0, 0x0, 0x0,
    0x0, 0x0, 0xd, 0xff, 0xff, 0x30, 0x0, 0x0,
    0x0, 0x0, 0x0, 0x3f, 0xff, 0xff, 0xf3, 0x0,
    0x0, 0x0, 0x0, 0x0, 0xd, 0xff, 0xff, 0xff,
    0x30, 0x0, 0x0, 0x0, 0x0, 0x1, 0xdf, 0xff,
    0xff, 0xf3, 0x0, 0x0, 0x0, 0x0, 0x0, 0x1d,
    0xff, 0xff, 0xff, 0x30, 0x0, 0x0, 0x0, 0x0,
    0x1, 0xdf, 0xff, 0xff, 0xf3, 0x0, 0x0, 0x0,
    0x0, 0x0, 0x1d, 0xff, 0xff, 0xff, 0x30, 0x0,
    0x0, 0x0, 0x0, 0x1, 0xdf, 0xff, 0xff, 0xf3,
    0x0, 0x0, 0x0, 0x0, 0x0, 0x1d, 0xff, 0xff,
    0xff, 0x30, 0x0, 0x0, 0x0, 0x0, 0x1, 0xdf,
    0xff, 0xff, 0xf3, 0x0, 0x0, 0x0, 0x0, 0x0,
    0x1d, 0xff, 0xff, 0xff, 0x30, 0x0, 0x0, 0x0,
    0x0, 0x1, 0xdf, 0xff, 0xff, 0xe1, 0x0, 0x0,
    0x0, 0x0, 0x0, 0x8f, 0xff, 0xff, 0xf3, 0x0,
    0x0, 0x0, 0x0, 0x7, 0xff, 0xff, 0xff, 0x90,
    0x0, 0x0, 0x0, 0x0, 0x7f, 0xff, 0xff, 0xf9,
    0x0, 0x0, 0x0, 0x0, 0x7, 0xff, 0xff, 0xff,
    0x90, 0x0, 0x0, 0x0, 0x0, 0x7f, 0xff, 0xff,
    0xf9, 0x0, 0x0, 0x0, 0x0, 0x7, 0xff, 0xff,
    0xff, 0x90, 0x0, 0x0, 0x0, 0x0, 0x7f, 0xff,
    0xff, 0xf9, 0x0, 0x0, 0x0, 0x0, 0x7, 0xff,
    0xff, 0xff, 0x90, 0x0, 0x0, 0x0, 0x0, 0x7f,
    0xff, 0xff, 0xf9, 0x0, 0x0, 0x0, 0x0, 0x7,
    0xff, 0xff, 0xff, 0x90, 0x0, 0x0, 0x0, 0x0,
    0x2f, 0xff, 0xff, 0xf9, 0x0, 0x0, 0x0, 0x0,
    0x0, 0x2f, 0xff, 0xff, 0x90, 0x0, 0x0, 0x0,
    0x0, 0x0, 0x5, 0xff, 0xf9, 0x0, 0x0, 0x0,
    0x0, 0x0, 0x0, 0x0, 0x5c, 0x80, 0x0, 0x0,
    0x0, 0x0, 0x0, 0x0,

    /* U+F067 "" */
    0x0, 0x0, 0x0, 0x0, 0x0, 0x4, 0xef, 0xfe,
    0x40, 0x0, 0x0, 0x0, 0x0, 0x0, 0x0, 0x0,
    0x0, 0x0, 0x0, 0xe, 0xff, 0xff, 0xe0, 0x0,
    0x0, 0x0, 0x0, 0x0, 0x0, 0x0, 0x0, 0x0,
    0x0, 0xf, 0xff, 0xff, 0xf0, 0x0, 0x0, 0x0,
    0x0, 0x0, 0x0, 0x0, 0x0, 0x0, 0x0, 0xf,
    0xff, 0xff, 0xf0, 0x0, 0x0, 0x0, 0x0, 0x0,
    0x0, 0x0, 0x0, 0x0, 0x0, 0xf, 0xff, 0xff,
    0xf0, 0x0, 0x0, 0x0, 0x0, 0x0, 0x0, 0x0,
    0x0, 0x0, 0x0, 0xf, 0xff, 0xff, 0xf0, 0x0,
    0x0, 0x0, 0x0, 0x0, 0x0, 0x0, 0x0, 0x0,
    0x0, 0xf, 0xff, 0xff, 0xf0, 0x0, 0x0, 0x0,
    0x0, 0x0, 0x0, 0x0, 0x0, 0x0, 0x0, 0xf,
    0xff, 0xff, 0xf0, 0x0, 0x0, 0x0, 0x0, 0x0,
    0x0, 0x0, 0x0, 0x0, 0x0, 0xf, 0xff, 0xff,
    0xf0, 0x0, 0x0, 0x0, 0x0, 0x0, 0x0, 0x0,
    0x0, 0x0, 0x0, 0xf, 0xff, 0xff, 0xf0, 0x0,
    0x0, 0x0, 0x0, 0x0, 0x0, 0x0, 0x0, 0x0,
    0x0, 0xf, 0xff, 0xff, 0xf0, 0x0, 0x0, 0x0,
    0x0, 0x0, 0x4e, 0xff, 0xff, 0xff, 0xff, 0xff,
    0xff, 0xff, 0xff, 0xff, 0xff, 0xff, 0xff, 0xe4,
    0xef, 0xff, 0xff, 0xff, 0xff, 0xff, 0xff, 0xff,
    0xff, 0xff, 0xff, 0xff, 0xff, 0xfe, 0xff, 0xff,
    0xff, 0xff, 0xff, 0xff, 0xff, 0xff, 0xff, 0xff,
    0xff, 0xff, 0xff, 0xff, 0xff, 0xff, 0xff, 0xff,
    0xff, 0xff, 0xff, 0xff, 0xff, 0xff, 0xff, 0xff,
    0xff, 0xff, 0xef, 0xff, 0xff, 0xff, 0xff, 0xff,
    0xff, 0xff, 0xff, 0xff, 0xff, 0xff, 0xff, 0xfe,
    0x4e, 0xff, 0xff, 0xff, 0xff, 0xff, 0xff, 0xff,
    0xff, 0xff, 0xff, 0xff, 0xff, 0xe4, 0x0, 0x0,
    0x0, 0x0, 0x0, 0xf, 0xff, 0xff, 0xf0, 0x0,
    0x0, 0x0, 0x0, 0x0, 0x0, 0x0, 0x0, 0x0,
    0x0, 0xf, 0xff, 0xff, 0xf0, 0x0, 0x0, 0x0,
    0x0, 0x0, 0x0, 0x0, 0x0, 0x0, 0x0, 0xf,
    0xff, 0xff, 0xf0, 0x0, 0x0, 0x0, 0x0, 0x0,
    0x0, 0x0, 0x0, 0x0, 0x0, 0xf, 0xff, 0xff,
    0xf0, 0x0, 0x0, 0x0, 0x0, 0x0, 0x0, 0x0,
    0x0, 0x0, 0x0, 0xf, 0xff, 0xff, 0xf0, 0x0,
    0x0, 0x0, 0x0, 0x0, 0x0, 0x0, 0x0, 0x0,
    0x0, 0xf, 0xff, 0xff, 0xf0, 0x0, 0x0, 0x0,
    0x0, 0x0, 0x0, 0x0, 0x0, 0x0, 0x0, 0xf,
    0xff, 0xff, 0xf0, 0x0, 0x0, 0x0, 0x0, 0x0,
    0x0, 0x0, 0x0, 0x0, 0x0, 0xf, 0xff, 0xff,
    0xf0, 0x0, 0x0, 0x0, 0x0, 0x0, 0x0, 0x0,
    0x0, 0x0, 0x0, 0xf, 0xff, 0xff, 0xf0, 0x0,
    0x0, 0x0, 0x0, 0x0, 0x0, 0x0, 0x0, 0x0,
    0x0, 0xe, 0xff, 0xff, 0xe0, 0x0, 0x0, 0x0,
    0x0, 0x0, 0x0, 0x0, 0x0, 0x0, 0x0, 0x4,
    0xef, 0xfe, 0x40, 0x0, 0x0, 0x0, 0x0, 0x0,

    /* U+F068 "" */
    0x4e, 0xff, 0xff, 0xff, 0xff, 0xff, 0xff, 0xff,
    0xff, 0xff, 0xff, 0xff, 0xff, 0xe4, 0xef, 0xff,
    0xff, 0xff, 0xff, 0xff, 0xff, 0xff, 0xff, 0xff,
    0xff, 0xff, 0xff, 0xfe, 0xff, 0xff, 0xff, 0xff,
    0xff, 0xff, 0xff, 0xff, 0xff, 0xff, 0xff, 0xff,
    0xff, 0xff, 0xff, 0xff, 0xff, 0xff, 0xff, 0xff,
    0xff, 0xff, 0xff, 0xff, 0xff, 0xff, 0xff, 0xff,
    0xef, 0xff, 0xff, 0xff, 0xff, 0xff, 0xff, 0xff,
    0xff, 0xff, 0xff, 0xff, 0xff, 0xfe, 0x4e, 0xff,
    0xff, 0xff, 0xff, 0xff, 0xff, 0xff, 0xff, 0xff,
    0xff, 0xff, 0xff, 0xe4,

    /* U+F06E "" */
    0x0, 0x0, 0x0, 0x0, 0x0, 0x0, 0x37, 0xad,
    0xef, 0xfe, 0xda, 0x73, 0x0, 0x0, 0x0, 0x0,
    0x0, 0x0, 0x0, 0x0, 0x0, 0x0, 0x1, 0x7d,
    0xff, 0xff, 0xff, 0xff, 0xff, 0xff, 0xd7, 0x10,
    0x0, 0x0, 0x0, 0x0, 0x0, 0x0, 0x0, 0x0,
    0x7f, 0xff, 0xff, 0xff, 0xff, 0xff, 0xff, 0xff,
    0xff, 0xf7, 0x0, 0x0, 0x0, 0x0, 0x0, 0x0,
    0x0, 0x3d, 0xff, 0xff, 0xff, 0xb5, 0x20, 0x2,
    0x5b, 0xff, 0xff, 0xff, 0xd3, 0x0, 0x0, 0x0,
    0x0, 0x0, 0x7, 0xff, 0xff, 0xff, 0xd3, 0x0,
    0x0, 0x0, 0x0, 0x3d, 0xff, 0xff, 0xff, 0x70,
    0x0, 0x0, 0x0, 0x0, 0x8f, 0xff, 0xff, 0xfb,
    0x0, 0x0, 0x0, 0x0, 0x0, 0x0, 0xbf, 0xff,
    0xff, 0xf8, 0x0, 0x0, 0x0, 0x9, 0xff, 0xff,
    0xff, 0xd0, 0x0, 0x0, 0x4e, 0xfc, 0x70, 0x0,
    0xd, 0xff, 0xff, 0xff, 0x90, 0x0, 0x0, 0x6f,
    0xff, 0xff, 0xff, 0x30, 0x0, 0x0, 0x1f, 0xff,
    0xfd, 0x10, 0x3, 0xff, 0xff, 0xff, 0xf6, 0x0,
    0x3, 0xff, 0xff, 0xff, 0xfb, 0x0, 0x0, 0x0,
    0x1f, 0xff, 0xff, 0xd0, 0x0, 0xbf, 0xff, 0xff,
    0xff, 0x30, 0xd, 0xff, 0xff, 0xff, 0xf5, 0x0,
    0x0, 0x0, 0x7f, 0xff, 0xff, 0xf7, 0x0, 0x5f,
    0xff, 0xff, 0xff, 0xd0, 0x7f, 0xff, 0xff, 0xff,
    0xf2, 0x0, 0x41, 0x17, 0xff, 0xff, 0xff, 0xfc,
    0x0, 0x2f, 0xff, 0xff, 0xff, 0xf7, 0xef, 0xff,
    0xff, 0xff, 0xf0, 0x0, 0xef, 0xff, 0xff, 0xff,
    0xff, 0xff, 0x0, 0xf, 0xff, 0xff, 0xff, 0xfe,
    0xef, 0xff, 0xff, 0xff, 0xf0, 0x0, 0xff, 0xff,
    0xff, 0xff, 0xff, 0xff, 0x0, 0xf, 0xff, 0xff,
    0xff, 0xfe, 0x7f, 0xff, 0xff, 0xff, 0xf2, 0x0,
    0xcf, 0xff, 0xff, 0xff, 0xff, 0xfc, 0x0, 0x2f,
    0xff, 0xff, 0xff, 0xf7, 0xc, 0xff, 0xff, 0xff,
    0xf5, 0x0, 0x6f, 0xff, 0xff, 0xff, 0xff, 0xf6,
    0x0, 0x5f, 0xff, 0xff, 0xff, 0xd0, 0x3, 0xff,
    0xff, 0xff, 0xfb, 0x0, 0xc, 0xff, 0xff, 0xff,
    0xff, 0xc0, 0x0, 0xbf, 0xff, 0xff, 0xff, 0x30,
    0x0, 0x6f, 0xff, 0xff, 0xff, 0x30, 0x1, 0xcf,
    0xff, 0xff, 0xfc, 0x10, 0x3, 0xff, 0xff, 0xff,
    0xf6, 0x0, 0x0, 0x7, 0xff, 0xff, 0xff, 0xd0,
    0x0, 0x6, 0xcf, 0xfc, 0x70, 0x0, 0xd, 0xff,
    0xff, 0xff, 0x90, 0x0, 0x0, 0x0, 0x9f, 0xff,
    0xff, 0xfb, 0x0, 0x0, 0x0, 0x0, 0x0, 0x0,
    0xbf, 0xff, 0xff, 0xf8, 0x0, 0x0, 0x0, 0x0,
    0x7, 0xff, 0xff, 0xff, 0xd3, 0x0, 0x0, 0x0,
    0x0, 0x3d, 0xff, 0xff, 0xff, 0x70, 0x0, 0x0,
    0x0, 0x0, 0x0, 0x3d, 0xff, 0xff, 0xff, 0xb5,
    0x20, 0x2, 0x5b, 0xff, 0xff, 0xff, 0xd3, 0x0,
    0x0, 0x0, 0x0, 0x0, 0x0, 0x0, 0x7f, 0xff,
    0xff, 0xff, 0xff, 0xff, 0xff, 0xff, 0xff, 0xf7,
    0x0, 0x0, 0x0, 0x0, 0x0, 0x0, 0x0, 0x0,
    0x0, 0x7d, 0xff, 0xff, 0xff, 0xff, 0xff, 0xff,
    0xd7, 0x10, 0x0, 0x0, 0x0, 0x0, 0x0, 0x0,
    0x0, 0x0, 0x0, 0x0, 0x37, 0xad, 0xef, 0xfe,
    0xda, 0x73, 0x0, 0x0, 0x0, 0x0, 0x0, 0x0,

    /* U+F070 "" */
    0x9, 0xe4, 0x0, 0x0, 0x0, 0x0, 0x0, 0x0,
    0x0, 0x0, 0x0, 0x0, 0x0, 0x0, 0x0, 0x0,
    0x0, 0x0, 0x0, 0x0, 0x7f, 0xff, 0x80, 0x0,
    0x0, 0x0, 0x0, 0x0, 0x0, 0x0, 0x0, 0x0,
    0x0, 0x0, 0x0, 0x0, 0x0, 0x0, 0x0, 0x0,
    0xef, 0xff, 0xfb, 0x10, 0x0, 0x0, 0x0, 0x0,
    0x0, 0x0, 0x0, 0x0, 0x0, 0x0, 0x0, 0x0,
    0x0, 0x0, 0x0, 0x0, 0x7f, 0xff, 0xff, 0xe3,
    0x0, 0x0, 0x0, 0x0, 0x0, 0x0, 0x0, 0x0,
    0x0, 0x0, 0x0, 0x0, 0x0, 0x0, 0x0, 0x0,
    0x4, 0xef, 0xff, 0xff, 0x60, 0x0, 0x0, 0x15,
    0x9c, 0xef, 0xfe, 0xda, 0x73, 0x0, 0x0, 0x0,
    0x0, 0x0, 0x0, 0x0, 0x0, 0x1c, 0xff, 0xff,
    0xfa, 0x0, 0x6c, 0xff, 0xff, 0xff, 0xff, 0xff,
    0xff, 0xd7, 0x10, 0x0, 0x0, 0x0, 0x0, 0x0,
    0x0, 0x0, 0x9f, 0xff, 0xff, 0xde, 0xff, 0xff,
    0xff, 0xff, 0xff, 0xff, 0xff, 0xff, 0xf7, 0x0,
    0x0, 0x0, 0x0, 0x0, 0x0, 0x0, 0x5, 0xff,
    0xff, 0xff, 0xff, 0xff, 0xd7, 0x30, 0x2, 0x5b,
    0xff, 0xff, 0xff, 0xd3, 0x0, 0x0, 0x0, 0x0,
    0x0, 0x0, 0x0, 0x2d, 0xff, 0xff, 0xff, 0xe4,
    0x0, 0x0, 0x0, 0x0, 0x3d, 0xff, 0xff, 0xff,
    0x70, 0x0, 0x0, 0x0, 0x0, 0x0, 0x0, 0x0,
    0xaf, 0xff, 0xff, 0xc1, 0x0, 0x0, 0x0, 0x0,
    0x0, 0xbf, 0xff, 0xff, 0xf8, 0x0, 0x0, 0x0,
    0x0, 0x0, 0x0, 0x0, 0x6, 0xff, 0xff, 0xfe,
    0x30, 0x4e, 0xfc, 0x70, 0x0, 0xd, 0xff, 0xff,
    0xff, 0x90, 0x0, 0x0, 0x0, 0x0, 0x20, 0x0,
    0x0, 0x3e, 0xff, 0xff, 0xf7, 0x1f, 0xff, 0xfd,
    0x10, 0x3, 0xff, 0xff, 0xff, 0xf6, 0x0, 0x0,
    0x0, 0x2, 0xf9, 0x0, 0x0, 0x1, 0xbf, 0xff,
    0xff, 0xbf, 0xff, 0xff, 0xd0, 0x0, 0xbf, 0xff,
    0xff, 0xff, 0x30, 0x0, 0x0, 0xd, 0xff, 0xc2,
    0x0, 0x0, 0x8, 0xff, 0xff, 0xff, 0xff, 0xff,
    0xf7, 0x0, 0x5f, 0xff, 0xff, 0xff, 0xd0, 0x0,
    0x0, 0x7f, 0xff, 0xfe, 0x40, 0x0, 0x0, 0x4e,
    0xff, 0xff, 0xff, 0xff, 0xfc, 0x0, 0x2f, 0xff,
    0xff, 0xff, 0xf7, 0x0, 0x0, 0xef, 0xff, 0xff,
    0xf8, 0x0, 0x0, 0x2, 0xcf, 0xff, 0xff, 0xff,
    0xff, 0x0, 0xf, 0xff, 0xff, 0xff, 0xfe, 0x0,
    0x0, 0xef, 0xff, 0xff, 0xff, 0xb0, 0x0, 0x0,
    0x9, 0xff, 0xff, 0xff, 0xff, 0x0, 0xf, 0xff,
    0xff, 0xff, 0xfe, 0x0, 0x0, 0x7f, 0xff, 0xff,
    0xff, 0xf2, 0x0, 0x0, 0x0, 0x6f, 0xff, 0xff,
    0xfc, 0x0, 0x2f, 0xff, 0xff, 0xff, 0xf7, 0x0,
    0x0, 0xd, 0xff, 0xff, 0xff, 0xf6, 0x0, 0x0,
    0x0, 0x2, 0xdf, 0xff, 0xff, 0x70, 0x6f, 0xff,
    0xff, 0xff, 0xd0, 0x0, 0x0, 0x3, 0xff, 0xff,
    0xff, 0xfb, 0x0, 0x0, 0x0, 0x0, 0xb, 0xff,
    0xff, 0xfb, 0xdf, 0xff, 0xff, 0xff, 0x20, 0x0,
    0x0, 0x0, 0x6f, 0xff, 0xff, 0xff, 0x30, 0x0,
    0x0, 0x0, 0x0, 0x7f, 0xff, 0xff, 0xff, 0xff,
    0xff, 0xf5, 0x0, 0x0, 0x0, 0x0, 0x9, 0xff,
    0xff, 0xff, 0xe1, 0x0, 0x0, 0x0, 0x0, 0x4,
    0xef, 0xff, 0xff, 0xff, 0xff, 0x70, 0x0, 0x0,
    0x0, 0x0, 0x0, 0x8f, 0xff, 0xff, 0xfc, 0x10,
    0x0, 0x0, 0x0, 0x0, 0x1c, 0xff, 0xff, 0xff,
    0xf8, 0x0, 0x0, 0x0, 0x0, 0x0, 0x0, 0x7,
    0xff, 0xff, 0xff, 0xe3, 0x0, 0x0, 0x0, 0x0,
    0x0, 0x8f, 0xff, 0xff, 0xe2, 0x0, 0x0, 0x0,
    0x0, 0x0, 0x0, 0x0, 0x3d, 0xff, 0xff, 0xff,
    0xb5, 0x20, 0x1, 0x0, 0x0, 0x5, 0xff, 0xff,
    0xfe, 0x40, 0x0, 0x0, 0x0, 0x0, 0x0, 0x0,
    0x0, 0x7f, 0xff, 0xff, 0xff, 0xff, 0xff, 0x70,
    0x0, 0x0, 0x2d, 0xff, 0xff, 0xf8, 0x0, 0x0,
    0x0, 0x0, 0x0, 0x0, 0x0, 0x1, 0x7d, 0xff,
    0xff, 0xff, 0xff, 0xfb, 0x0, 0x0, 0x0, 0xaf,
    0xff, 0xff, 0xc1, 0x0, 0x0, 0x0, 0x0, 0x0,
    0x0, 0x0, 0x0, 0x37, 0xad, 0xef, 0xfe, 0xda,
    0x40, 0x0, 0x0, 0x6, 0xff, 0xff, 0xfe, 0x30,
    0x0, 0x0, 0x0, 0x0, 0x0, 0x0, 0x0, 0x0,
    0x0, 0x0, 0x0, 0x0, 0x0, 0x0, 0x0, 0x0,
    0x3e, 0xff, 0xff, 0xf7, 0x0, 0x0, 0x0, 0x0,
    0x0, 0x0, 0x0, 0x0, 0x0, 0x0, 0x0, 0x0,
    0x0, 0x0, 0x0, 0x0, 0x1, 0xbf, 0xff, 0xfe,
    0x0, 0x0, 0x0, 0x0, 0x0, 0x0, 0x0, 0x0,
    0x0, 0x0, 0x0, 0x0, 0x0, 0x0, 0x0, 0x0,
    0x0, 0x8, 0xff, 0xf7, 0x0, 0x0, 0x0, 0x0,
    0x0, 0x0, 0x0, 0x0, 0x0, 0x0, 0x0, 0x0,
    0x0, 0x0, 0x0, 0x0, 0x0, 0x0, 0x4e, 0x90,

    /* U+F071 "" */
    0x0, 0x0, 0x0, 0x0, 0x0, 0x0, 0x0, 0x0,
    0x9, 0xef, 0x90, 0x0, 0x0, 0x0, 0x0, 0x0,
    0x0, 0x0, 0x0, 0x0, 0x0, 0x0, 0x0, 0x0,
    0x0, 0x0, 0x0, 0x9f, 0xff, 0xf9, 0x0, 0x0,
    0x0, 0x0, 0x0, 0x0, 0x0, 0x0, 0x0, 0x0,
    0x0, 0x0, 0x0, 0x0, 0x0, 0x3, 0xff, 0xff,
    0xff, 0x30, 0x0, 0x0, 0x0, 0x0, 0x0, 0x0,
    0x0, 0x0, 0x0, 0x0, 0x0, 0x0, 0x0, 0x0,
    0xc, 0xff, 0xff, 0xff, 0xc0, 0x0, 0x0, 0x0,
    0x0, 0x0, 0x0, 0x0, 0x0, 0x0, 0x0, 0x0,
    0x0, 0x0, 0x0, 0x5f, 0xff, 0xff, 0xff, 0xf5,
    0x0, 0x0, 0x0, 0x0, 0x0, 0x0, 0x0, 0x0,
    0x0, 0x0, 0x0, 0x0, 0x0, 0x0, 0xef, 0xff,
    0xff, 0xff, 0xfe, 0x0, 0x0, 0x0, 0x0, 0x0,
    0x0, 0x0, 0x0, 0x0, 0x0, 0x0, 0x0, 0x0,
    0x8, 0xff, 0xff, 0xff, 0xff, 0xff, 0x80, 0x0,
    0x0, 0x0, 0x0, 0x0, 0x0, 0x0, 0x0, 0x0,
    0x0, 0x0, 0x0, 0x1f, 0xff, 0xff, 0xff, 0xff,
    0xff, 0xf1, 0x0, 0x0, 0x0, 0x0, 0x0, 0x0,
    0x0, 0x0, 0x0, 0x0, 0x0, 0x0, 0xaf, 0xff,
    0xff, 0xff, 0xff, 0xff, 0xfa, 0x0, 0x0, 0x0,
    0x0, 0x0, 0x0, 0x0, 0x0, 0x0, 0x0, 0x0,
    0x3, 0xff, 0xff, 0xff, 0xff, 0xff, 0xff, 0xff,
    0x30, 0x0, 0x0, 0x0, 0x0, 0x0, 0x0, 0x0,
    0x0, 0x0, 0x0, 0xc, 0xff, 0xff, 0xff, 0xff,
    0xff, 0xff, 0xff, 0xc0, 0x0, 0x0, 0x0, 0x0,
    0x0, 0x0, 0x0, 0x0, 0x0, 0x0, 0x6f, 0xff,
    0xff, 0x60, 0x0, 0x6, 0xff, 0xff, 0xf6, 0x0,
    0x0, 0x0, 0x0, 0x0, 0x0, 0x0, 0x0, 0x0,
    0x0, 0xef, 0xff, 0xff, 0x40, 0x0, 0x4, 0xff,
    0xff, 0xfe, 0x0, 0x0, 0x0, 0x0, 0x0, 0x0,
    0x0, 0x0, 0x0, 0x8, 0xff, 0xff, 0xff, 0x50,
    0x0, 0x5, 0xff, 0xff, 0xff, 0x80, 0x0, 0x0,
    0x0, 0x0, 0x0, 0x0, 0x0, 0x0, 0x2f, 0xff,
    0xff, 0xff, 0x60, 0x0, 0x6, 0xff, 0xff, 0xff,
    0xf2, 0x0, 0x0, 0x0, 0x0, 0x0, 0x0, 0x0,
    0x0, 0xbf, 0xff, 0xff, 0xff, 0x70, 0x0, 0x7,
    0xff, 0xff, 0xff, 0xfb, 0x0, 0x0, 0x0, 0x0,
    0x0, 0x0, 0x0, 0x4, 0xff, 0xff, 0xff, 0xff,
    0x80, 0x0, 0x8, 0xff, 0xff, 0xff, 0xff, 0x40,
    0x0, 0x0, 0x0, 0x0, 0x0, 0x0, 0xd, 0xff,
    0xff, 0xff, 0xff, 0x90, 0x0, 0x9, 0xff, 0xff,
    0xff, 0xff, 0xd0, 0x0, 0x0, 0x0, 0x0, 0x0,
    0x0, 0x6f, 0xff, 0xff, 0xff, 0xff, 0xa0, 0x0,
    0xa, 0xff, 0xff, 0xff, 0xff, 0xf6, 0x0, 0x0,
    0x0, 0x0, 0x0, 0x1, 0xef, 0xff, 0xff, 0xff,
    0xff, 0xb0, 0x0, 0xb, 0xff, 0xff, 0xff, 0xff,
    0xfe, 0x10, 0x0, 0x0, 0x0, 0x0, 0x9, 0xff,
    0xff, 0xff, 0xff, 0xff, 0xd0, 0x0, 0xd, 0xff,
    0xff, 0xff, 0xff, 0xff, 0x90, 0x0, 0x0, 0x0,
    0x0, 0x2f, 0xff, 0xff, 0xff, 0xff, 0xff, 0xff,
    0xff, 0xff, 0xff, 0xff, 0xff, 0xff, 0xff, 0xf2,
    0x0, 0x0, 0x0, 0x0, 0xbf, 0xff, 0xff, 0xff,
    0xff, 0xff, 0xf9, 0x33, 0x9f, 0xff, 0xff, 0xff,
    0xff, 0xff, 0xfb, 0x0, 0x0, 0x0, 0x5, 0xff,
    0xff, 0xff, 0xff, 0xff, 0xff, 0x90, 0x0, 0x9,
    0xff, 0xff, 0xff, 0xff, 0xff, 0xff, 0x50, 0x0,
    0x0, 0xd, 0xff, 0xff, 0xff, 0xff, 0xff, 0xff,
    0x30, 0x0, 0x3, 0xff, 0xff, 0xff, 0xff, 0xff,
    0xff, 0xd0, 0x0, 0x0, 0x7f, 0xff, 0xff, 0xff,
    0xff, 0xff, 0xff, 0x30, 0x0, 0x3, 0xff, 0xff,
    0xff, 0xff, 0xff, 0xff, 0xf7, 0x0, 0x1, 0xff,
    0xff, 0xff, 0xff, 0xff, 0xff, 0xff, 0x90, 0x0,
    0x9, 0xff, 0xff, 0xff, 0xff, 0xff, 0xff, 0xff,
    0x10, 0x9, 0xff, 0xff, 0xff, 0xff, 0xff, 0xff,
    0xff, 0xf9, 0x33, 0x9f, 0xff, 0xff, 0xff, 0xff,
    0xff, 0xff, 0xff, 0x90, 0xf, 0xff, 0xff, 0xff,
    0xff, 0xff, 0xff, 0xff, 0xff, 0xff, 0xff, 0xff,
    0xff, 0xff, 0xff, 0xff, 0xff, 0xff, 0xf0, 0xf,
    0xff, 0xff, 0xff, 0xff, 0xff, 0xff, 0xff, 0xff,
    0xff, 0xff, 0xff, 0xff, 0xff, 0xff, 0xff, 0xff,
    0xff, 0xe0, 0x8, 0xff, 0xff, 0xff, 0xff, 0xff,
    0xff, 0xff, 0xff, 0xff, 0xff, 0xff, 0xff, 0xff,
    0xff, 0xff, 0xff, 0xff, 0x80, 0x0, 0x9f, 0xff,
    0xff, 0xff, 0xff, 0xff, 0xff, 0xff, 0xff, 0xff,
    0xff, 0xff, 0xff, 0xff, 0xff, 0xff, 0xf9, 0x0,

    /* U+F074 "" */
    0x0, 0x0, 0x0, 0x0, 0x0, 0x0, 0x0, 0x0,
    0x0, 0x0, 0x0, 0x0, 0x0, 0x0, 0x0, 0x0,
    0x0, 0x0, 0x0, 0x0, 0x0, 0x0, 0x0, 0x0,
    0x0, 0x0, 0x0, 0x0, 0x8f, 0x90, 0x0, 0x0,
    0x0, 0x0, 0x0, 0x0, 0x0, 0x0, 0x0, 0x0,
    0x0, 0x0, 0x0, 0x0, 0xff, 0xf9, 0x0, 0x0,
    0x0, 0x0, 0x0, 0x0, 0x0, 0x0, 0x0, 0x0,
    0x0, 0x0, 0x0, 0x0, 0xff, 0xff, 0x90, 0x0,
    0x0, 0x0, 0x0, 0x0, 0x0, 0x0, 0x0, 0x0,
    0x0, 0x0, 0x0, 0x0, 0xff, 0xff, 0xf9, 0x0,
    0xdf, 0xff, 0xff, 0xff, 0x70, 0x0, 0x0, 0x0,
    0x0, 0x7, 0xff, 0xff, 0xff, 0xff, 0xff, 0x90,
    0xff, 0xff, 0xff, 0xff, 0xf6, 0x0, 0x0, 0x0,
    0x0, 0x6f, 0xff, 0xff, 0xff, 0xff, 0xff, 0xf9,
    0xff, 0xff, 0xff, 0xff, 0xff, 0x50, 0x0, 0x0,
    0x5, 0xff, 0xff, 0xff, 0xff, 0xff, 0xff, 0xff,
    0xff, 0xff, 0xff, 0xff, 0xff, 0xf4, 0x0, 0x0,
    0x4f, 0xff, 0xff, 0xff, 0xff, 0xff, 0xff, 0xf9,
    0xdf, 0xff, 0xff, 0xff, 0xff, 0xff, 0x30, 0x3,
    0xff, 0xff, 0xff, 0xff, 0xff, 0xff, 0xff, 0x90,
    0x0, 0x0, 0x0, 0x8f, 0xff, 0xfe, 0x20, 0x3f,
    0xff, 0xff, 0xf8, 0x0, 0xff, 0xff, 0xf9, 0x0,
    0x0, 0x0, 0x0, 0x9, 0xff, 0xf3, 0x2, 0xef,
    0xff, 0xff, 0x90, 0x0, 0xff, 0xff, 0x90, 0x0,
    0x0, 0x0, 0x0, 0x0, 0xaf, 0x40, 0x1e, 0xff,
    0xff, 0xfa, 0x0, 0x0, 0xff, 0xf9, 0x0, 0x0,
    0x0, 0x0, 0x0, 0x0, 0x4, 0x1, 0xdf, 0xff,
    0xff, 0xb0, 0x0, 0x0, 0x8f, 0x90, 0x0, 0x0,
    0x0, 0x0, 0x0, 0x0, 0x0, 0xc, 0xff, 0xff,
    0xfc, 0x0, 0x0, 0x0, 0x0, 0x0, 0x0, 0x0,
    0x0, 0x0, 0x0, 0x0, 0x0, 0xcf, 0xff, 0xff,
    0xc0, 0x0, 0x0, 0x0, 0x0, 0x0, 0x0, 0x0,
    0x0, 0x0, 0x0, 0x0, 0xb, 0xff, 0xff, 0xfd,
    0x10, 0x40, 0x0, 0x0, 0x8f, 0x90, 0x0, 0x0,
    0x0, 0x0, 0x0, 0x0, 0xaf, 0xff, 0xff, 0xe1,
    0x4, 0xfa, 0x0, 0x0, 0xff, 0xf9, 0x0, 0x0,
    0x0, 0x0, 0x0, 0x9, 0xff, 0xff, 0xfe, 0x20,
    0x3f, 0xff, 0x90, 0x0, 0xff, 0xff, 0x90, 0x0,
    0x0, 0x0, 0x0, 0x8f, 0xff, 0xff, 0xf3, 0x2,
    0xef, 0xff, 0xf8, 0x0, 0xff, 0xff, 0xf9, 0x0,
    0xdf, 0xff, 0xff, 0xff, 0xff, 0xff, 0x30, 0x3,
    0xff, 0xff, 0xff, 0xff, 0xff, 0xff, 0xff, 0x90,
    0xff, 0xff, 0xff, 0xff, 0xff, 0xf4, 0x0, 0x0,
    0x4f, 0xff, 0xff, 0xff, 0xff, 0xff, 0xff, 0xf9,
    0xff, 0xff, 0xff, 0xff, 0xff, 0x50, 0x0, 0x0,
    0x5, 0xff, 0xff, 0xff, 0xff, 0xff, 0xff, 0xff,
    0xff, 0xff, 0xff, 0xff, 0xf6, 0x0, 0x0, 0x0,
    0x0, 0x6f, 0xff, 0xff, 0xff, 0xff, 0xff, 0xf9,
    0xdf, 0xff, 0xff, 0xff, 0x70, 0x0, 0x0, 0x0,
    0x0, 0x7, 0xff, 0xff, 0xff, 0xff, 0xff, 0x90,
    0x0, 0x0, 0x0, 0x0, 0x0, 0x0, 0x0, 0x0,
    0x0, 0x0, 0x0, 0x0, 0xff, 0xff, 0xf9, 0x0,
    0x0, 0x0, 0x0, 0x0, 0x0, 0x0, 0x0, 0x0,
    0x0, 0x0, 0x0, 0x0, 0xff, 0xff, 0x90, 0x0,
    0x0, 0x0, 0x0, 0x0, 0x0, 0x0, 0x0, 0x0,
    0x0, 0x0, 0x0, 0x0, 0xff, 0xf9, 0x0, 0x0,
    0x0, 0x0, 0x0, 0x0, 0x0, 0x0, 0x0, 0x0,
    0x0, 0x0, 0x0, 0x0, 0x8f, 0x90, 0x0, 0x0,
    0x0, 0x0, 0x0, 0x0, 0x0, 0x0, 0x0, 0x0,
    0x0, 0x0, 0x0, 0x0, 0x0, 0x0, 0x0, 0x0,

    /* U+F077 "" */
    0x0, 0x0, 0x0, 0x0, 0x0, 0x0, 0x3, 0x10,
    0x0, 0x0, 0x0, 0x0, 0x0, 0x0, 0x0, 0x0,
    0x0, 0x0, 0x0, 0x0, 0x8f, 0xf4, 0x0, 0x0,
    0x0, 0x0, 0x0, 0x0, 0x0, 0x0, 0x0, 0x0,
    0x0, 0x8, 0xff, 0xff, 0x40, 0x0, 0x0, 0x0,
    0x0, 0x0, 0x0, 0x0, 0x0, 0x0, 0x0, 0x8f,
    0xff, 0xff, 0xf4, 0x0, 0x0, 0x0, 0x0, 0x0,
    0x0, 0x0, 0x0, 0x0, 0x8, 0xff, 0xff, 0xff,
    0xff, 0x40, 0x0, 0x0, 0x0, 0x0, 0x0, 0x0,
    0x0, 0x0, 0x8f, 0xff, 0xff, 0xff, 0xff, 0xf4,
    0x0, 0x0, 0x0, 0x0, 0x0, 0x0, 0x0, 0x8,
    0xff, 0xff, 0xff, 0xff, 0xff, 0xff, 0x40, 0x0,
    0x0, 0x0, 0x0, 0x0, 0x0, 0x8f, 0xff, 0xff,
    0xf9, 0xcf, 0xff, 0xff, 0xf4, 0x0, 0x0, 0x0,
    0x0, 0x0, 0x8, 0xff, 0xff, 0xff, 0x80, 0xc,
    0xff, 0xff, 0xff, 0x40, 0x0, 0x0, 0x0, 0x0,
    0x8f, 0xff, 0xff, 0xf8, 0x0, 0x0, 0xcf, 0xff,
    0xff, 0xf4, 0x0, 0x0, 0x0, 0x8, 0xff, 0xff,
    0xff, 0x80, 0x0, 0x0, 0xc, 0xff, 0xff, 0xff,
    0x40, 0x0, 0x0, 0x8f, 0xff, 0xff, 0xf8, 0x0,
    0x0, 0x0, 0x0, 0xcf, 0xff, 0xff, 0xf4, 0x0,
    0x8, 0xff, 0xff, 0xff, 0x80, 0x0, 0x0, 0x0,
    0x0, 0xc, 0xff, 0xff, 0xff, 0x40, 0x6f, 0xff,
    0xff, 0xf8, 0x0, 0x0, 0x0, 0x0, 0x0, 0x0,
    0xcf, 0xff, 0xff, 0xf2, 0xbf, 0xff, 0xff, 0x80,
    0x0, 0x0, 0x0, 0x0, 0x0, 0x0, 0xc, 0xff,
    0xff, 0xf6, 0x4f, 0xff, 0xf8, 0x0, 0x0, 0x0,
    0x0, 0x0, 0x0, 0x0, 0x0, 0xcf, 0xff, 0xd1,
    0x4, 0xff, 0x80, 0x0, 0x0, 0x0, 0x0, 0x0,
    0x0, 0x0, 0x0, 0xc, 0xfd, 0x10, 0x0, 0x13,
    0x0, 0x0, 0x0, 0x0, 0x0, 0x0, 0x0, 0x0,
    0x0, 0x0, 0x30, 0x0,

    /* U+F078 "" */
    0x0, 0x13, 0x0, 0x0, 0x0, 0x0, 0x0, 0x0,
    0x0, 0x0, 0x0, 0x0, 0x30, 0x0, 0x4, 0xff,
    0x80, 0x0, 0x0, 0x0, 0x0, 0x0, 0x0, 0x0,
    0x0, 0xc, 0xfd, 0x10, 0x4f, 0xff, 0xf8, 0x0,
    0x0, 0x0, 0x0, 0x0, 0x0, 0x0, 0x0, 0xcf,
    0xff, 0xd1, 0xbf, 0xff, 0xff, 0x80, 0x0, 0x0,
    0x0, 0x0, 0x0, 0x0, 0xc, 0xff, 0xff, 0xf6,
    0x6f, 0xff, 0xff, 0xf8, 0x0, 0x0, 0x0, 0x0,
    0x0, 0x0, 0xcf, 0xff, 0xff, 0xf2, 0x8, 0xff,
    0xff, 0xff, 0x80, 0x0, 0x0, 0x0, 0x0, 0xc,
    0xff, 0xff, 0xff, 0x40, 0x0, 0x8f, 0xff, 0xff,
    0xf8, 0x0, 0x0, 0x0, 0x0, 0xcf, 0xff, 0xff,
    0xf4, 0x0, 0x0, 0x8, 0xff, 0xff, 0xff, 0x80,
    0x0, 0x0, 0xc, 0xff, 0xff, 0xff, 0x40, 0x0,
    0x0, 0x0, 0x8f, 0xff, 0xff, 0xf8, 0x0, 0x0,
    0xcf, 0xff, 0xff, 0xf4, 0x0, 0x0, 0x0, 0x0,
    0x8, 0xff, 0xff, 0xff, 0x80, 0xc, 0xff, 0xff,
    0xff, 0x40, 0x0, 0x0, 0x0, 0x0, 0x0, 0x8f,
    0xff, 0xff, 0xf9, 0xcf, 0xff, 0xff, 0xf4, 0x0,
    0x0, 0x0, 0x0, 0x0, 0x0, 0x8, 0xff, 0xff,
    0xff, 0xff, 0xff, 0xff, 0x40, 0x0, 0x0, 0x0,
    0x0, 0x0, 0x0, 0x0, 0x8f, 0xff, 0xff, 0xff,
    0xff, 0xf4, 0x0, 0x0, 0x0, 0x0, 0x0, 0x0,
    0x0, 0x0, 0x8, 0xff, 0xff, 0xff, 0xff, 0x40,
    0x0, 0x0, 0x0, 0x0, 0x0, 0x0, 0x0, 0x0,
    0x0, 0x8f, 0xff, 0xff, 0xf4, 0x0, 0x0, 0x0,
    0x0, 0x0, 0x0, 0x0, 0x0, 0x0, 0x0, 0x8,
    0xff, 0xff, 0x40, 0x0, 0x0, 0x0, 0x0, 0x0,
    0x0, 0x0, 0x0, 0x0, 0x0, 0x0, 0x8f, 0xf4,
    0x0, 0x0, 0x0, 0x0, 0x0, 0x0, 0x0, 0x0,
    0x0, 0x0, 0x0, 0x0, 0x3, 0x20, 0x0, 0x0,
    0x0, 0x0, 0x0, 0x0,

    /* U+F079 "" */
    0x0, 0x0, 0x0, 0x1, 0x10, 0x0, 0x0, 0x0,
    0x0, 0x0, 0x0, 0x0, 0x0, 0x0, 0x0, 0x0,
    0x0, 0x0, 0x0, 0x0, 0x0, 0x0, 0x0, 0x5f,
    0xf5, 0x0, 0x0, 0x0, 0x0, 0x0, 0x0, 0x0,
    0x0, 0x0, 0x0, 0x0, 0x0, 0x0, 0x0, 0x0,
    0x0, 0x0, 0x5, 0xff, 0xff, 0x50, 0x0, 0x0,
    0x0, 0x0, 0x0, 0x0, 0x0, 0x0, 0x0, 0x0,
    0x0, 0x0, 0x0, 0x0, 0x0, 0x0, 0x5f, 0xff,
    0xff, 0xf5, 0x0, 0x0, 0xbf, 0xff, 0xff, 0xff,
    0xff, 0xff, 0xff, 0xff, 0xf8, 0x0, 0x0, 0x0,
    0x0, 0x5, 0xff, 0xff, 0xff, 0xff, 0x50, 0x3,
    0xff, 0xff, 0xff, 0xff, 0xff, 0xff, 0xff, 0xff,
    0xff, 0x0, 0x0, 0x0, 0x0, 0x5f, 0xff, 0xff,
    0xff, 0xff, 0xf5, 0x0, 0xcf, 0xff, 0xff, 0xff,
    0xff, 0xff, 0xff, 0xff, 0xff, 0x0, 0x0, 0x0,
    0x5, 0xff, 0xff, 0xff, 0xff, 0xff, 0xff, 0x50,
    0x1b, 0xff, 0xff, 0xff, 0xff, 0xff, 0xff, 0xff,
    0xff, 0x0, 0x0, 0x0, 0x5f, 0xff, 0xfe, 0xff,
    0xff, 0xef, 0xff, 0xf5, 0x0, 0x0, 0x0, 0x0,
    0x0, 0x0, 0x0, 0xff, 0xff, 0x0, 0x0, 0x0,
    0xcf, 0xff, 0xf3, 0xff, 0xff, 0x3f, 0xff, 0xfc,
    0x0, 0x0, 0x0, 0x0, 0x0, 0x0, 0x0, 0xff,
    0xff, 0x0, 0x0, 0x0, 0x6f, 0xff, 0x40, 0xff,
    0xff, 0x4, 0xff, 0xf6, 0x0, 0x0, 0x0, 0x0,
    0x0, 0x0, 0x0, 0xff, 0xff, 0x0, 0x0, 0x0,
    0x6, 0xb4, 0x0, 0xff, 0xff, 0x0, 0x4b, 0x60,
    0x0, 0x0, 0x0, 0x0, 0x0, 0x0, 0x0, 0xff,
    0xff, 0x0, 0x0, 0x0, 0x0, 0x0, 0x0, 0xff,
    0xff, 0x0, 0x0, 0x0, 0x0, 0x0, 0x0, 0x0,
    0x0, 0x0, 0x0, 0xff, 0xff, 0x0, 0x0, 0x0,
    0x0, 0x0, 0x0, 0xff, 0xff, 0x0, 0x0, 0x0,
    0x0, 0x0, 0x0, 0x0, 0x0, 0x0, 0x0, 0xff,
    0xff, 0x0, 0x0, 0x0, 0x0, 0x0, 0x0, 0xff,
    0xff, 0x0, 0x0, 0x0, 0x0, 0x0, 0x0, 0x0,
    0x0, 0x0, 0x0, 0xff, 0xff, 0x0, 0x0, 0x0,
    0x0, 0x0, 0x0, 0xff, 0xff, 0x0, 0x0, 0x0,
    0x0, 0x0, 0x0, 0x0, 0x0, 0x0, 0x0, 0xff,
    0xff, 0x0, 0x0, 0x0, 0x0, 0x0, 0x0, 0xff,
    0xff, 0x0, 0x0, 0x0, 0x0, 0x0, 0x0, 0x0,
    0x6, 0xb4, 0x0, 0xff, 0xff, 0x0, 0x4b, 0x60,
    0x0, 0x0, 0x0, 0xff, 0xff, 0x0, 0x0, 0x0,
    0x0, 0x0, 0x0, 0x0, 0x6f, 0xff, 0x40, 0xff,
    0xff, 0x4, 0xff, 0xf6, 0x0, 0x0, 0x0, 0xff,
    0xff, 0x0, 0x0, 0x0, 0x0, 0x0, 0x0, 0x0,
    0xcf, 0xff, 0xf3, 0xff, 0xff, 0x3f, 0xff, 0xfc,
    0x0, 0x0, 0x0, 0xff, 0xff, 0x0, 0x0, 0x0,
    0x0, 0x0, 0x0, 0x0, 0x5f, 0xff, 0xfe, 0xff,
    0xff, 0xef, 0xff, 0xf5, 0x0, 0x0, 0x0, 0xff,
    0xff, 0xff, 0xff, 0xff, 0xff, 0xff, 0xff, 0xb1,
    0x6, 0xff, 0xff, 0xff, 0xff, 0xff, 0xff, 0x50,
    0x0, 0x0, 0x0, 0xff, 0xff, 0xff, 0xff, 0xff,
    0xff, 0xff, 0xff, 0xfc, 0x0, 0x5f, 0xff, 0xff,
    0xff, 0xff, 0xf5, 0x0, 0x0, 0x0, 0x0, 0xff,
    0xff, 0xff, 0xff, 0xff, 0xff, 0xff, 0xff, 0xff,
    0x30, 0x5, 0xff, 0xff, 0xff, 0xff, 0x50, 0x0,
    0x0, 0x0, 0x0, 0x8f, 0xff, 0xff, 0xff, 0xff,
    0xff, 0xff, 0xff, 0xfb, 0x0, 0x0, 0x5f, 0xff,
    0xff, 0xf5, 0x0, 0x0, 0x0, 0x0, 0x0, 0x0,
    0x0, 0x0, 0x0, 0x0, 0x0, 0x0, 0x0, 0x0,
    0x0, 0x0, 0x5, 0xff, 0xff, 0x50, 0x0, 0x0,
    0x0, 0x0, 0x0, 0x0, 0x0, 0x0, 0x0, 0x0,
    0x0, 0x0, 0x0, 0x0, 0x0, 0x0, 0x0, 0x5f,
    0xf5, 0x0, 0x0, 0x0, 0x0, 0x0, 0x0, 0x0,
    0x0, 0x0, 0x0, 0x0, 0x0, 0x0, 0x0, 0x0,
    0x0, 0x0, 0x0, 0x1, 0x10, 0x0, 0x0, 0x0,

    /* U+F07B "" */
    0x8, 0xef, 0xff, 0xff, 0xff, 0xff, 0xf8, 0x0,
    0x0, 0x0, 0x0, 0x0, 0x0, 0x0, 0x0, 0x0,
    0x8f, 0xff, 0xff, 0xff, 0xff, 0xff, 0xff, 0x80,
    0x0, 0x0, 0x0, 0x0, 0x0, 0x0, 0x0, 0x0,
    0xef, 0xff, 0xff, 0xff, 0xff, 0xff, 0xff, 0xf8,
    0x0, 0x0, 0x0, 0x0, 0x0, 0x0, 0x0, 0x0,
    0xff, 0xff, 0xff, 0xff, 0xff, 0xff, 0xff, 0xff,
    0x80, 0x0, 0x0, 0x0, 0x0, 0x0, 0x0, 0x0,
    0xff, 0xff, 0xff, 0xff, 0xff, 0xff, 0xff, 0xff,
    0xff, 0xff, 0xff, 0xff, 0xff, 0xff, 0xfe, 0x80,
    0xff, 0xff, 0xff, 0xff, 0xff, 0xff, 0xff, 0xff,
    0xff, 0xff, 0xff, 0xff, 0xff, 0xff, 0xff, 0xf8,
    0xff, 0xff, 0xff, 0xff, 0xff, 0xff, 0xff, 0xff,
    0xff, 0xff, 0xff, 0xff, 0xff, 0xff, 0xff, 0xfe,
    0xff, 0xff, 0xff, 0xff, 0xff, 0xff, 0xff, 0xff,
    0xff, 0xff, 0xff, 0xff, 0xff, 0xff, 0xff, 0xff,
    0xff, 0xff, 0xff, 0xff, 0xff, 0xff, 0xff, 0xff,
    0xff, 0xff, 0xff, 0xff, 0xff, 0xff, 0xff, 0xff,
    0xff, 0xff, 0xff, 0xff, 0xff, 0xff, 0xff, 0xff,
    0xff, 0xff, 0xff, 0xff, 0xff, 0xff, 0xff, 0xff,
    0xff, 0xff, 0xff, 0xff, 0xff, 0xff, 0xff, 0xff,
    0xff, 0xff, 0xff, 0xff, 0xff, 0xff, 0xff, 0xff,
    0xff, 0xff, 0xff, 0xff, 0xff, 0xff, 0xff, 0xff,
    0xff, 0xff, 0xff, 0xff, 0xff, 0xff, 0xff, 0xff,
    0xff, 0xff, 0xff, 0xff, 0xff, 0xff, 0xff, 0xff,
    0xff, 0xff, 0xff, 0xff, 0xff, 0xff, 0xff, 0xff,
    0xff, 0xff, 0xff, 0xff, 0xff, 0xff, 0xff, 0xff,
    0xff, 0xff, 0xff, 0xff, 0xff, 0xff, 0xff, 0xff,
    0xff, 0xff, 0xff, 0xff, 0xff, 0xff, 0xff, 0xff,
    0xff, 0xff, 0xff, 0xff, 0xff, 0xff, 0xff, 0xff,
    0xff, 0xff, 0xff, 0xff, 0xff, 0xff, 0xff, 0xff,
    0xff, 0xff, 0xff, 0xff, 0xff, 0xff, 0xff, 0xff,
    0xff, 0xff, 0xff, 0xff, 0xff, 0xff, 0xff, 0xff,
    0xff, 0xff, 0xff, 0xff, 0xff, 0xff, 0xff, 0xff,
    0xff, 0xff, 0xff, 0xff, 0xff, 0xff, 0xff, 0xff,
    0xff, 0xff, 0xff, 0xff, 0xff, 0xff, 0xff, 0xff,
    0xff, 0xff, 0xff, 0xff, 0xff, 0xff, 0xff, 0xff,
    0xff, 0xff, 0xff, 0xff, 0xff, 0xff, 0xff, 0xff,
    0xff, 0xff, 0xff, 0xff, 0xff, 0xff, 0xff, 0xff,
    0xff, 0xff, 0xff, 0xff, 0xff, 0xff, 0xff, 0xff,
    0xff, 0xff, 0xff, 0xff, 0xff, 0xff, 0xff, 0xff,
    0xff, 0xff, 0xff, 0xff, 0xff, 0xff, 0xff, 0xff,
    0xef, 0xff, 0xff, 0xff, 0xff, 0xff, 0xff, 0xff,
    0xff, 0xff, 0xff, 0xff, 0xff, 0xff, 0xff, 0xfe,
    0x8f, 0xff, 0xff, 0xff, 0xff, 0xff, 0xff, 0xff,
    0xff, 0xff, 0xff, 0xff, 0xff, 0xff, 0xff, 0xf8,
    0x8, 0xef, 0xff, 0xff, 0xff, 0xff, 0xff, 0xff,
    0xff, 0xff, 0xff, 0xff, 0xff, 0xff, 0xfe, 0x80,

    /* U+F093 "" */
    0x0, 0x0, 0x0, 0x0, 0x0, 0x0, 0x0, 0x1d,
    0xd1, 0x0, 0x0, 0x0, 0x0, 0x0, 0x0, 0x0,
    0x0, 0x0, 0x0, 0x0, 0x0, 0x0, 0x1, 0xef,
    0xfd, 0x10, 0x0, 0x0, 0x0, 0x0, 0x0, 0x0,
    0x0, 0x0, 0x0, 0x0, 0x0, 0x0, 0x1e, 0xff,
    0xff, 0xd1, 0x0, 0x0, 0x0, 0x0, 0x0, 0x0,
    0x0, 0x0, 0x0, 0x0, 0x0, 0x1, 0xef, 0xff,
    0xff, 0xfd, 0x10, 0x0, 0x0, 0x0, 0x0, 0x0,
    0x0, 0x0, 0x0, 0x0, 0x0, 0x1e, 0xff, 0xff,
    0xff, 0xff, 0xd1, 0x0, 0x0, 0x0, 0x0, 0x0,
    0x0, 0x0, 0x0, 0x0, 0x1, 0xef, 0xff, 0xff,
    0xff, 0xff, 0xfd, 0x10, 0x0, 0x0, 0x0, 0x0,
    0x0, 0x0, 0x0, 0x0, 0x1e, 0xff, 0xff, 0xff,
    0xff, 0xff, 0xff, 0xd1, 0x0, 0x0, 0x0, 0x0,
    0x0, 0x0, 0x0, 0x1, 0xef, 0xff, 0xff, 0xff,
    0xff, 0xff, 0xff, 0xfd, 0x10, 0x0, 0x0, 0x0,
    0x0, 0x0, 0x0, 0x1e, 0xff, 0xff, 0xff, 0xff,
    0xff, 0xff, 0xff, 0xff, 0xd1, 0x0, 0x0, 0x0,
    0x0, 0x0, 0x1, 0xef, 0xff, 0xff, 0xff, 0xff,
    0xff, 0xff, 0xff, 0xff, 0xfd, 0x10, 0x0, 0x0,
    0x0, 0x0, 0xa, 0xff, 0xff, 0xff, 0xff, 0xff,
    0xff, 0xff, 0xff, 0xff, 0xff, 0xa0, 0x0, 0x0,
    0x0, 0x0, 0x6, 0xff, 0xff, 0xff, 0xff, 0xff,
    0xff, 0xff, 0xff, 0xff, 0xff, 0x60, 0x0, 0x0,
    0x0, 0x0, 0x0, 0x0, 0x0, 0x0, 0xff, 0xff,
    0xff, 0xff, 0x0, 0x0, 0x0, 0x0, 0x0, 0x0,
    0x0, 0x0, 0x0, 0x0, 0x0, 0x0, 0xff, 0xff,
    0xff, 0xff, 0x0, 0x0, 0x0, 0x0, 0x0, 0x0,
    0x0, 0x0, 0x0, 0x0, 0x0, 0x0, 0xff, 0xff,
    0xff, 0xff, 0x0, 0x0, 0x0, 0x0, 0x0, 0x0,
    0x0, 0x0, 0x0, 0x0, 0x0, 0x0, 0xff, 0xff,
    0xff, 0xff, 0x0, 0x0, 0x0, 0x0, 0x0, 0x0,
    0x0, 0x0, 0x0, 0x0, 0x0, 0x0, 0xff, 0xff,
    0xff, 0xff, 0x0, 0x0, 0x0, 0x0, 0x0, 0x0,
    0x0, 0x0, 0x0, 0x0, 0x0, 0x0, 0xff, 0xff,
    0xff, 0xff, 0x0, 0x0, 0x0, 0x0, 0x0, 0x0,
    0x0, 0x0, 0x0, 0x0, 0x0, 0x0, 0xff, 0xff,
    0xff, 0xff, 0x0, 0x0, 0x0, 0x0, 0x0, 0x0,
    0x0, 0x0, 0x0, 0x0, 0x0, 0x0, 0xff, 0xff,
    0xff, 0xff, 0x0, 0x0, 0x0, 0x0, 0x0, 0x0,
    0x0, 0x0, 0x0, 0x0, 0x0, 0x0, 0xff, 0xff,
    0xff, 0xff, 0x0, 0x0, 0x0, 0x0, 0x0, 0x0,
    0x0, 0x0, 0x0, 0x0, 0x0, 0x0, 0xff, 0xff,
    0xff, 0xff, 0x0, 0x0, 0x0, 0x0, 0x0, 0x0,
    0x8f, 0xff, 0xff, 0xff, 0xff, 0x0, 0xff, 0xff,
    0xff, 0xff, 0x0, 0xff, 0xff, 0xff, 0xff, 0xf8,
    0xff, 0xff, 0xff, 0xff, 0xff, 0x20, 0x8f, 0xff,
    0xff, 0xf8, 0x2, 0xff, 0xff, 0xff, 0xff, 0xff,
    0xff, 0xff, 0xff, 0xff, 0xff, 0xa0, 0x0, 0x0,
    0x0, 0x0, 0xa, 0xff, 0xff, 0xff, 0xff, 0xff,
    0xff, 0xff, 0xff, 0xff, 0xff, 0xfa, 0x20, 0x0,
    0x0, 0x2, 0xaf, 0xff, 0xff, 0xff, 0xff, 0xff,
    0xff, 0xff, 0xff, 0xff, 0xff, 0xff, 0xff, 0xff,
    0xff, 0xff, 0xff, 0xff, 0xff, 0xff, 0xff, 0xff,
    0xff, 0xff, 0xff, 0xff, 0xff, 0xff, 0xff, 0xff,
    0xff, 0xff, 0xff, 0xee, 0xff, 0xee, 0xff, 0xff,
    0xff, 0xff, 0xff, 0xff, 0xff, 0xff, 0xff, 0xff,
    0xff, 0xff, 0xfe, 0x0, 0xee, 0x0, 0xef, 0xff,
    0xff, 0xff, 0xff, 0xff, 0xff, 0xff, 0xff, 0xff,
    0xff, 0xff, 0xfe, 0x0, 0xee, 0x0, 0xef, 0xff,
    0xff, 0xff, 0xff, 0xff, 0xff, 0xff, 0xff, 0xff,
    0xff, 0xff, 0xff, 0xee, 0xff, 0xee, 0xff, 0xff,
    0x8f, 0xff, 0xff, 0xff, 0xff, 0xff, 0xff, 0xff,
    0xff, 0xff, 0xff, 0xff, 0xff, 0xff, 0xff, 0xf8,

    /* U+F095 "" */
    0x0, 0x0, 0x0, 0x0, 0x0, 0x0, 0x0, 0x0,
    0x0, 0x0, 0x0, 0x0, 0x0, 0x0, 0x0, 0x0,
    0x0, 0x0, 0x0, 0x0, 0x0, 0x0, 0x0, 0x0,
    0x0, 0x0, 0x0, 0x0, 0x2e, 0xea, 0x63, 0x0,
    0x0, 0x0, 0x0, 0x0, 0x0, 0x0, 0x0, 0x0,
    0x0, 0x0, 0x0, 0x0, 0xa, 0xff, 0xff, 0xff,
    0xb8, 0x20, 0x0, 0x0, 0x0, 0x0, 0x0, 0x0,
    0x0, 0x0, 0x0, 0x0, 0x1, 0xff, 0xff, 0xff,
    0xff, 0xfe, 0x0, 0x0, 0x0, 0x0, 0x0, 0x0,
    0x0, 0x0, 0x0, 0x0, 0x0, 0x8f, 0xff, 0xff,
    0xff, 0xff, 0xf0, 0x0, 0x0, 0x0, 0x0, 0x0,
    0x0, 0x0, 0x0, 0x0, 0x0, 0xe, 0xff, 0xff,
    0xff, 0xff, 0xfe, 0x0, 0x0, 0x0, 0x0, 0x0,
    0x0, 0x0, 0x0, 0x0, 0x0, 0x5, 0xff, 0xff,
    0xff, 0xff, 0xff, 0xe0, 0x0, 0x0, 0x0, 0x0,
    0x0, 0x0, 0x0, 0x0, 0x0, 0x0, 0xcf, 0xff,
    0xff, 0xff, 0xff, 0xfc, 0x0, 0x0, 0x0, 0x0,
    0x0, 0x0, 0x0, 0x0, 0x0, 0x0, 0x3f, 0xff,
    0xff, 0xff, 0xff, 0xff, 0xa0, 0x0, 0x0, 0x0,
    0x0, 0x0, 0x0, 0x0, 0x0, 0x0, 0x7, 0xff,
    0xff, 0xff, 0xff, 0xff, 0xf8, 0x0, 0x0, 0x0,
    0x0, 0x0, 0x0, 0x0, 0x0, 0x0, 0x0, 0x2e,
    0xff, 0xff, 0xff, 0xff, 0xff, 0x40, 0x0, 0x0,
    0x0, 0x0, 0x0, 0x0, 0x0, 0x0, 0x0, 0x0,
    0x1c, 0xff, 0xff, 0xff, 0xff, 0xf0, 0x0, 0x0,
    0x0, 0x0, 0x0, 0x0, 0x0, 0x0, 0x0, 0x0,
    0x0, 0xa, 0xff, 0xff, 0xff, 0xfc, 0x0, 0x0,
    0x0, 0x0, 0x0, 0x0, 0x0, 0x0, 0x0, 0x0,
    0x0, 0x0, 0x8, 0xff, 0xff, 0xff, 0x70, 0x0,
    0x0, 0x0, 0x0, 0x0, 0x0, 0x0, 0x0, 0x0,
    0x0, 0x0, 0x0, 0x9f, 0xff, 0xff, 0xf1, 0x0,
    0x0, 0x0, 0x0, 0x0, 0x0, 0x0, 0x0, 0x0,
    0x0, 0x0, 0x0, 0x2f, 0xff, 0xff, 0xfb, 0x0,
    0x0, 0x0, 0x0, 0x0, 0x0, 0x0, 0x0, 0x0,
    0x0, 0x0, 0x0, 0xb, 0xff, 0xff, 0xff, 0x30,
    0x0, 0x0, 0x0, 0x0, 0x0, 0x0, 0x0, 0x0,
    0x0, 0x0, 0x0, 0x6, 0xff, 0xff, 0xff, 0xb0,
    0x0, 0x0, 0x0, 0x0, 0x0, 0x0, 0x0, 0x0,
    0x0, 0x0, 0x0, 0x3, 0xff, 0xff, 0xff, 0xf2,
    0x0, 0x0, 0x0, 0x0, 0x0, 0x0, 0x0, 0x0,
    0x0, 0x0, 0x0, 0x2, 0xef, 0xff, 0xff, 0xf8,
    0x0, 0x0, 0x0, 0x0, 0x0, 0x0, 0x37, 0x20,
    0x0, 0x0, 0x0, 0x2, 0xdf, 0xff, 0xff, 0xfd,
    0x0, 0x0, 0x0, 0x0, 0x0, 0x5, 0xcf, 0xfe,
    0x10, 0x0, 0x0, 0x3, 0xef, 0xff, 0xff, 0xff,
    0x20, 0x0, 0x0, 0x0, 0x1, 0x7e, 0xff, 0xff,
    0xfd, 0x0, 0x0, 0x6, 0xff, 0xff, 0xff, 0xff,
    0x50, 0x0, 0x0, 0x0, 0x29, 0xff, 0xff, 0xff,
    0xff, 0xfa, 0x0, 0x2b, 0xff, 0xff, 0xff, 0xff,
    0x60, 0x0, 0x0, 0x0, 0xe, 0xff, 0xff, 0xff,
    0xff, 0xff, 0xf8, 0x9f, 0xff, 0xff, 0xff, 0xff,
    0x70, 0x0, 0x0, 0x0, 0x0, 0xef, 0xff, 0xff,
    0xff, 0xff, 0xff, 0xff, 0xff, 0xff, 0xff, 0xff,
    0x60, 0x0, 0x0, 0x0, 0x0, 0xa, 0xff, 0xff,
    0xff, 0xff, 0xff, 0xff, 0xff, 0xff, 0xff, 0xff,
    0x50, 0x0, 0x0, 0x0, 0x0, 0x0, 0x6f, 0xff,
    0xff, 0xff, 0xff, 0xff, 0xff, 0xff, 0xff, 0xfd,
    0x20, 0x0, 0x0, 0x0, 0x0, 0x0, 0x3, 0xff,
    0xff, 0xff, 0xff, 0xff, 0xff, 0xff, 0xff, 0xf8,
    0x0, 0x0, 0x0, 0x0, 0x0, 0x0, 0x0, 0xf,
    0xff, 0xff, 0xff, 0xff, 0xff, 0xff, 0xff, 0xb2,
    0x0, 0x0, 0x0, 0x0, 0x0, 0x0, 0x0, 0x0,
    0xbf, 0xff, 0xff, 0xff, 0xff, 0xff, 0xfb, 0x30,
    0x0, 0x0, 0x0, 0x0, 0x0, 0x0, 0x0, 0x0,
    0x8, 0xff, 0xff, 0xff, 0xff, 0xfc, 0x71, 0x0,
    0x0, 0x0, 0x0, 0x0, 0x0, 0x0, 0x0, 0x0,
    0x0, 0x2e, 0xfe, 0xec, 0xa8, 0x40, 0x0, 0x0,
    0x0, 0x0, 0x0, 0x0, 0x0, 0x0, 0x0, 0x0,
    0x0,

    /* U+F0C2 "" */
    0x0, 0x0, 0x0, 0x0, 0x0, 0x0, 0x5a, 0xdf,
    0xfd, 0xa5, 0x0, 0x0, 0x0, 0x0, 0x0, 0x0,
    0x0, 0x0, 0x0, 0x0, 0x0, 0x0, 0x0, 0x0,
    0x0, 0x5d, 0xff, 0xff, 0xff, 0xff, 0xe4, 0x0,
    0x0, 0x0, 0x0, 0x0, 0x0, 0x0, 0x0, 0x0,
    0x0, 0x0, 0x0, 0x0, 0x8, 0xff, 0xff, 0xff,
    0xff, 0xff, 0xff, 0x80, 0x0, 0x0, 0x0, 0x0,
    0x0, 0x0, 0x0, 0x0, 0x0, 0x0, 0x0, 0x0,
    0x8f, 0xff, 0xff, 0xff, 0xff, 0xff, 0xff, 0xf8,
    0x0, 0x0, 0x0, 0x0, 0x0, 0x0, 0x0, 0x0,
    0x0, 0x0, 0x0, 0x5, 0xff, 0xff, 0xff, 0xff,
    0xff, 0xff, 0xff, 0xff, 0x56, 0xce, 0xfc, 0x70,
    0x0, 0x0, 0x0, 0x0, 0x0, 0x0, 0x0, 0xd,
    0xff, 0xff, 0xff, 0xff, 0xff, 0xff, 0xff, 0xff,
    0xff, 0xff, 0xff, 0xfd, 0x10, 0x0, 0x0, 0x0,
    0x0, 0x0, 0x0, 0x5f, 0xff, 0xff, 0xff, 0xff,
    0xff, 0xff, 0xff, 0xff, 0xff, 0xff, 0xff, 0xff,
    0xd0, 0x0, 0x0, 0x0, 0x0, 0x0, 0x0, 0xaf,
    0xff, 0xff, 0xff, 0xff, 0xff, 0xff, 0xff, 0xff,
    0xff, 0xff, 0xff, 0xff, 0xf7, 0x0, 0x0, 0x0,
    0x0, 0x0, 0x0, 0xdf, 0xff, 0xff, 0xff, 0xff,
    0xff, 0xff, 0xff, 0xff, 0xff, 0xff, 0xff, 0xff,
    0xfc, 0x0, 0x0, 0x0, 0x0, 0x0, 0x0, 0xff,
    0xff, 0xff, 0xff, 0xff, 0xff, 0xff, 0xff, 0xff,
    0xff, 0xff, 0xff, 0xff, 0xff, 0x0, 0x0, 0x0,
    0x0, 0x0, 0x4, 0xff, 0xff, 0xff, 0xff, 0xff,
    0xff, 0xff, 0xff, 0xff, 0xff, 0xff, 0xff, 0xff,
    0xff, 0x0, 0x0, 0x0, 0x0, 0x2, 0xcf, 0xff,
    0xff, 0xff, 0xff, 0xff, 0xff, 0xff, 0xff, 0xff,
    0xff, 0xff, 0xff, 0xff, 0xfc, 0x0, 0x0, 0x0,
    0x0, 0x3f, 0xff, 0xff, 0xff, 0xff, 0xff, 0xff,
    0xff, 0xff, 0xff, 0xff, 0xff, 0xff, 0xff, 0xff,
    0xfe, 0x83, 0x0, 0x0, 0x2, 0xff, 0xff, 0xff,
    0xff, 0xff, 0xff, 0xff, 0xff, 0xff, 0xff, 0xff,
    0xff, 0xff, 0xff, 0xff, 0xff, 0xff, 0x90, 0x0,
    0xc, 0xff, 0xff, 0xff, 0xff, 0xff, 0xff, 0xff,
    0xff, 0xff, 0xff, 0xff, 0xff, 0xff, 0xff, 0xff,
    0xff, 0xff, 0xfb, 0x0, 0x4f, 0xff, 0xff, 0xff,
    0xff, 0xff, 0xff, 0xff, 0xff, 0xff, 0xff, 0xff,
    0xff, 0xff, 0xff, 0xff, 0xff, 0xff, 0xff, 0x80,
    0xaf, 0xff, 0xff, 0xff, 0xff, 0xff, 0xff, 0xff,
    0xff, 0xff, 0xff, 0xff, 0xff, 0xff, 0xff, 0xff,
    0xff, 0xff, 0xff, 0xf2, 0xdf, 0xff, 0xff, 0xff,
    0xff, 0xff, 0xff, 0xff, 0xff, 0xff, 0xff, 0xff,
    0xff, 0xff, 0xff, 0xff, 0xff, 0xff, 0xff, 0xf8,
    0xff, 0xff, 0xff, 0xff, 0xff, 0xff, 0xff, 0xff,
    0xff, 0xff, 0xff, 0xff, 0xff, 0xff, 0xff, 0xff,
    0xff, 0xff, 0xff, 0xfd, 0xff, 0xff, 0xff, 0xff,
    0xff, 0xff, 0xff, 0xff, 0xff, 0xff, 0xff, 0xff,
    0xff, 0xff, 0xff, 0xff, 0xff, 0xff, 0xff, 0xff,
    0xdf, 0xff, 0xff, 0xff, 0xff, 0xff, 0xff, 0xff,
    0xff, 0xff, 0xff, 0xff, 0xff, 0xff, 0xff, 0xff,
    0xff, 0xff, 0xff, 0xff, 0xaf, 0xff, 0xff, 0xff,
    0xff, 0xff, 0xff, 0xff, 0xff, 0xff, 0xff, 0xff,
    0xff, 0xff, 0xff, 0xff, 0xff, 0xff, 0xff, 0xfd,
    0x4f, 0xff, 0xff, 0xff, 0xff, 0xff, 0xff, 0xff,
    0xff, 0xff, 0xff, 0xff, 0xff, 0xff, 0xff, 0xff,
    0xff, 0xff, 0xff, 0xf9, 0xc, 0xff, 0xff, 0xff,
    0xff, 0xff, 0xff, 0xff, 0xff, 0xff, 0xff, 0xff,
    0xff, 0xff, 0xff, 0xff, 0xff, 0xff, 0xff, 0xf3,
    0x2, 0xff, 0xff, 0xff, 0xff, 0xff, 0xff, 0xff,
    0xff, 0xff, 0xff, 0xff, 0xff, 0xff, 0xff, 0xff,
    0xff, 0xff, 0xff, 0x90, 0x0, 0x4f, 0xff, 0xff,
    0xff, 0xff, 0xff, 0xff, 0xff, 0xff, 0xff, 0xff,
    0xff, 0xff, 0xff, 0xff, 0xff, 0xff, 0xfb, 0x0,
    0x0, 0x2, 0xcf, 0xff, 0xff, 0xff, 0xff, 0xff,
    0xff, 0xff, 0xff, 0xff, 0xff, 0xff, 0xff, 0xff,
    0xff, 0xff, 0x90, 0x0, 0x0, 0x0, 0x4, 0xad,
    0xff, 0xff, 0xff, 0xff, 0xff, 0xff, 0xff, 0xff,
    0xff, 0xff, 0xff, 0xff, 0xfd, 0x93, 0x0, 0x0,

    /* U+F0C4 "" */
    0x0, 0x7, 0xcf, 0xfc, 0x70, 0x0, 0x0, 0x0,
    0x0, 0x0, 0x0, 0x0, 0x0, 0x0, 0x0, 0x1d,
    0xff, 0xff, 0xff, 0xd1, 0x0, 0x0, 0x0, 0x0,
    0x0, 0x4b, 0xff, 0xc5, 0x0, 0xd, 0xff, 0xff,
    0xff, 0xff, 0xd0, 0x0, 0x0, 0x0, 0x0, 0x8f,
    0xff, 0xff, 0xfa, 0x7, 0xff, 0xff, 0xff, 0xff,
    0xff, 0x70, 0x0, 0x0, 0x0, 0x9f, 0xff, 0xff,
    0xff, 0xc0, 0xcf, 0xff, 0xb1, 0x1b, 0xff, 0xfc,
    0x0, 0x0, 0x0, 0x9f, 0xff, 0xff, 0xff, 0xc1,
    0xf, 0xff, 0xf1, 0x0, 0x1f, 0xff, 0xf0, 0x0,
    0x0, 0x9f, 0xff, 0xff, 0xff, 0xc1, 0x0, 0xff,
    0xff, 0x10, 0x1, 0xff, 0xff, 0x0, 0x0, 0x9f,
    0xff, 0xff, 0xff, 0xc1, 0x0, 0xc, 0xff, 0xfb,
    0x11, 0xbf, 0xff, 0xc0, 0x0, 0x9f, 0xff, 0xff,
    0xff, 0xc1, 0x0, 0x0, 0x7f, 0xff, 0xff, 0xff,
    0xff, 0xfd, 0x10, 0x9f, 0xff, 0xff, 0xff, 0xc1,
    0x0, 0x0, 0x0, 0xdf, 0xff, 0xff, 0xff, 0xff,
    0xfc, 0xaf, 0xff, 0xff, 0xff, 0xc1, 0x0, 0x0,
    0x0, 0x1, 0xdf, 0xff, 0xff, 0xff, 0xff, 0xff,
    0xff, 0xff, 0xff, 0xc1, 0x0, 0x0, 0x0, 0x0,
    0x0, 0x7c, 0xff, 0xff, 0xff, 0xff, 0xff, 0xff,
    0xff, 0xc1, 0x0, 0x0, 0x0, 0x0, 0x0, 0x0,
    0x0, 0x9, 0xff, 0xff, 0xff, 0xff, 0xff, 0xc1,
    0x0, 0x0, 0x0, 0x0, 0x0, 0x0, 0x0, 0x0,
    0x9, 0xff, 0xff, 0xff, 0xff, 0xc1, 0x0, 0x0,
    0x0, 0x0, 0x0, 0x0, 0x0, 0x0, 0x0, 0x9f,
    0xff, 0xff, 0xff, 0xfc, 0x10, 0x0, 0x0, 0x0,
    0x0, 0x0, 0x0, 0x0, 0x0, 0x9f, 0xff, 0xff,
    0xff, 0xff, 0xfc, 0x10, 0x0, 0x0, 0x0, 0x0,
    0x0, 0x7, 0xcf, 0xff, 0xff, 0xff, 0xff, 0xff,
    0xff, 0xfc, 0x10, 0x0, 0x0, 0x0, 0x0, 0x1d,
    0xff, 0xff, 0xff, 0xff, 0xff, 0xff, 0xff, 0xff,
    0xfc, 0x10, 0x0, 0x0, 0x0, 0xd, 0xff, 0xff,
    0xff, 0xff, 0xff, 0xca, 0xff, 0xff, 0xff, 0xfc,
    0x10, 0x0, 0x0, 0x7, 0xff, 0xff, 0xff, 0xff,
    0xff, 0xd1, 0x9, 0xff, 0xff, 0xff, 0xfc, 0x10,
    0x0, 0x0, 0xcf, 0xff, 0xb1, 0x1b, 0xff, 0xfc,
    0x0, 0x9, 0xff, 0xff, 0xff, 0xfc, 0x10, 0x0,
    0xf, 0xff, 0xf1, 0x0, 0x1f, 0xff, 0xf0, 0x0,
    0x9, 0xff, 0xff, 0xff, 0xfc, 0x10, 0x0, 0xff,
    0xff, 0x10, 0x1, 0xff, 0xff, 0x0, 0x0, 0x9,
    0xff, 0xff, 0xff, 0xfc, 0x10, 0xc, 0xff, 0xfb,
    0x11, 0xbf, 0xff, 0xc0, 0x0, 0x0, 0x9, 0xff,
    0xff, 0xff, 0xfc, 0x10, 0x7f, 0xff, 0xff, 0xff,
    0xff, 0xf7, 0x0, 0x0, 0x0, 0x9, 0xff, 0xff,
    0xff, 0xfc, 0x0, 0xdf, 0xff, 0xff, 0xff, 0xfd,
    0x0, 0x0, 0x0, 0x0, 0x8, 0xff, 0xff, 0xff,
    0xa0, 0x1, 0xdf, 0xff, 0xff, 0xfd, 0x10, 0x0,
    0x0, 0x0, 0x0, 0x4, 0xbf, 0xfc, 0x50, 0x0,
    0x0, 0x7c, 0xff, 0xc7, 0x0, 0x0, 0x0, 0x0,
    0x0, 0x0, 0x0, 0x0, 0x0, 0x0,

    /* U+F0C5 "" */
    0x0, 0x0, 0x0, 0x0, 0x8f, 0xff, 0xff, 0xff,
    0xff, 0xff, 0x0, 0xf7, 0x0, 0x0, 0x0, 0x0,
    0x0, 0x0, 0xff, 0xff, 0xff, 0xff, 0xff, 0xff,
    0x0, 0xff, 0x80, 0x0, 0x0, 0x0, 0x0, 0x0,
    0xff, 0xff, 0xff, 0xff, 0xff, 0xff, 0x0, 0xff,
    0xf8, 0x0, 0x0, 0x0, 0x0, 0x0, 0xff, 0xff,
    0xff, 0xff, 0xff, 0xff, 0x0, 0xff, 0xff, 0x80,
    0x0, 0x0, 0x0, 0x0, 0xff, 0xff, 0xff, 0xff,
    0xff, 0xff, 0x0, 0xff, 0xff, 0xf7, 0x0, 0x0,
    0x0, 0x0, 0xff, 0xff, 0xff, 0xff, 0xff, 0xff,
    0x0, 0xff, 0xff, 0xff, 0x8f, 0xff, 0xff, 0x0,
    0xff, 0xff, 0xff, 0xff, 0xff, 0xff, 0x0, 0x0,
    0x0, 0x0, 0xff, 0xff, 0xff, 0x0, 0xff, 0xff,
    0xff, 0xff, 0xff, 0xff, 0x70, 0x0, 0x0, 0x0,
    0xff, 0xff, 0xff, 0x0, 0xff, 0xff, 0xff, 0xff,
    0xff, 0xff, 0xff, 0xff, 0xff, 0xff, 0xff, 0xff,
    0xff, 0x0, 0xff, 0xff, 0xff, 0xff, 0xff, 0xff,
    0xff, 0xff, 0xff, 0xff, 0xff, 0xff, 0xff, 0x0,
    0xff, 0xff, 0xff, 0xff, 0xff, 0xff, 0xff, 0xff,
    0xff, 0xff, 0xff, 0xff, 0xff, 0x0, 0xff, 0xff,
    0xff, 0xff, 0xff, 0xff, 0xff, 0xff, 0xff, 0xff,
    0xff, 0xff, 0xff, 0x0, 0xff, 0xff, 0xff, 0xff,
    0xff, 0xff, 0xff, 0xff, 0xff, 0xff, 0xff, 0xff,
    0xff, 0x0, 0xff, 0xff, 0xff, 0xff, 0xff, 0xff,
    0xff, 0xff, 0xff, 0xff, 0xff, 0xff, 0xff, 0x0,
    0xff, 0xff, 0xff, 0xff, 0xff, 0xff, 0xff, 0xff,
    0xff, 0xff, 0xff, 0xff, 0xff, 0x0, 0xff, 0xff,
    0xff, 0xff, 0xff, 0xff, 0xff, 0xff, 0xff, 0xff,
    0xff, 0xff, 0xff, 0x0, 0xff, 0xff, 0xff, 0xff,
    0xff, 0xff, 0xff, 0xff, 0xff, 0xff, 0xff, 0xff,
    0xff, 0x0, 0xff, 0xff, 0xff, 0xff, 0xff, 0xff,
    0xff, 0xff, 0xff, 0xff, 0xff, 0xff, 0xff, 0x0,
    0xff, 0xff, 0xff, 0xff, 0xff, 0xff, 0xff, 0xff,
    0xff, 0xff, 0xff, 0xff, 0xff, 0x0, 0xff, 0xff,
    0xff, 0xff, 0xff, 0xff, 0xff, 0xff, 0xff, 0xff,
    0xff, 0xff, 0xff, 0x0, 0xff, 0xff, 0xff, 0xff,
    0xff, 0xff, 0xff, 0xff, 0xff, 0xff, 0xff, 0xff,
    0xff, 0x0, 0xff, 0xff, 0xff, 0xff, 0xff, 0xff,
    0xff, 0xff, 0xff, 0xff, 0xff, 0xff, 0xff, 0x0,
    0xff, 0xff, 0xff, 0xff, 0xff, 0xff, 0xff, 0xff,
    0xff, 0xff, 0xff, 0xff, 0xff, 0x0, 0xff, 0xff,
    0xff, 0xff, 0xff, 0xff, 0xff, 0xff, 0xff, 0xff,
    0xff, 0xff, 0xff, 0x0, 0xff, 0xff, 0xff, 0xff,
    0xff, 0xff, 0xff, 0xff, 0xff, 0xff, 0xff, 0xff,
    0xff, 0x20, 0x8f, 0xff, 0xff, 0xff, 0xff, 0xff,
    0xff, 0xff, 0xff, 0xf8, 0xff, 0xff, 0xff, 0xa0,
    0x0, 0x0, 0x0, 0x0, 0x0, 0x0, 0x0, 0x0,
    0x0, 0x0, 0xff, 0xff, 0xff, 0xfa, 0x20, 0x0,
    0x0, 0x0, 0x0, 0x0, 0x0, 0x0, 0x0, 0x0,
    0xff, 0xff, 0xff, 0xff, 0xff, 0xff, 0xff, 0xff,
    0xff, 0xff, 0x0, 0x0, 0x0, 0x0, 0xff, 0xff,
    0xff, 0xff, 0xff, 0xff, 0xff, 0xff, 0xff, 0xff,
    0x0, 0x0, 0x0, 0x0, 0xff, 0xff, 0xff, 0xff,
    0xff, 0xff, 0xff, 0xff, 0xff, 0xff, 0x0, 0x0,
    0x0, 0x0, 0x8f, 0xff, 0xff, 0xff, 0xff, 0xff,
    0xff, 0xff, 0xff, 0xf8, 0x0, 0x0, 0x0, 0x0,

    /* U+F0C7 "" */
    0x8, 0xef, 0xff, 0xff, 0xff, 0xff, 0xff, 0xff,
    0xff, 0xff, 0xd6, 0x0, 0x0, 0x0, 0x8f, 0xff,
    0xff, 0xff, 0xff, 0xff, 0xff, 0xff, 0xff, 0xff,
    0xff, 0x80, 0x0, 0x0, 0xef, 0xff, 0xff, 0xff,
    0xff, 0xff, 0xff, 0xff, 0xff, 0xff, 0xff, 0xf8,
    0x0, 0x0, 0xff, 0xff, 0xff, 0xff, 0xff, 0xff,
    0xff, 0xff, 0xff, 0xff, 0xff, 0xff, 0x80, 0x0,
    0xff, 0xff, 0x20, 0x0, 0x0, 0x0, 0x0, 0x0,
    0x0, 0x4, 0xff, 0xff, 0xf8, 0x0, 0xff, 0xff,
    0x0, 0x0, 0x0, 0x0, 0x0, 0x0, 0x0, 0x0,
    0xff, 0xff, 0xff, 0x80, 0xff, 0xff, 0x0, 0x0,
    0x0, 0x0, 0x0, 0x0, 0x0, 0x0, 0xff, 0xff,
    0xff, 0xf6, 0xff, 0xff, 0x0, 0x0, 0x0, 0x0,
    0x0, 0x0, 0x0, 0x0, 0xff, 0xff, 0xff, 0xfd,
    0xff, 0xff, 0x0, 0x0, 0x0, 0x0, 0x0, 0x0,
    0x0, 0x0, 0xff, 0xff, 0xff, 0xff, 0xff, 0xff,
    0x0, 0x0, 0x0, 0x0, 0x0, 0x0, 0x0, 0x0,
    0xff, 0xff, 0xff, 0xff, 0xff, 0xff, 0x0, 0x0,
    0x0, 0x0, 0x0, 0x0, 0x0, 0x0, 0xff, 0xff,
    0xff, 0xff, 0xff, 0xff, 0x20, 0x0, 0x0, 0x0,
    0x0, 0x0, 0x0, 0x2, 0xff, 0xff, 0xff, 0xff,
    0xff, 0xff, 0xff, 0xff, 0xff, 0xff, 0xff, 0xff,
    0xff, 0xff, 0xff, 0xff, 0xff, 0xff, 0xff, 0xff,
    0xff, 0xff, 0xff, 0xff, 0xff, 0xff, 0xff, 0xff,
    0xff, 0xff, 0xff, 0xff, 0xff, 0xff, 0xff, 0xff,
    0xff, 0xff, 0xff, 0xff, 0xff, 0xff, 0xff, 0xff,
    0xff, 0xff, 0xff, 0xff, 0xff, 0xff, 0xff, 0xff,
    0xff, 0xff, 0xff, 0xff, 0xff, 0xff, 0xff, 0xff,
    0xff, 0xff, 0xff, 0xff, 0xff, 0xfd, 0x40, 0x4,
    0xdf, 0xff, 0xff, 0xff, 0xff, 0xff, 0xff, 0xff,
    0xff, 0xff, 0xff, 0xd0, 0x0, 0x0, 0xd, 0xff,
    0xff, 0xff, 0xff, 0xff, 0xff, 0xff, 0xff, 0xff,
    0xff, 0x40, 0x0, 0x0, 0x4, 0xff, 0xff, 0xff,
    0xff, 0xff, 0xff, 0xff, 0xff, 0xff, 0xff, 0x0,
    0x0, 0x0, 0x0, 0xff, 0xff, 0xff, 0xff, 0xff,
    0xff, 0xff, 0xff, 0xff, 0xff, 0x0, 0x0, 0x0,
    0x0, 0xff, 0xff, 0xff, 0xff, 0xff, 0xff, 0xff,
    0xff, 0xff, 0xff, 0x40, 0x0, 0x0, 0x4, 0xff,
    0xff, 0xff, 0xff, 0xff, 0xff, 0xff, 0xff, 0xff,
    0xff, 0xd0, 0x0, 0x0, 0xd, 0xff, 0xff, 0xff,
    0xff, 0xff, 0xff, 0xff, 0xff, 0xff, 0xff, 0xfd,
    0x40, 0x4, 0xdf, 0xff, 0xff, 0xff, 0xff, 0xff,
    0xff, 0xff, 0xff, 0xff, 0xff, 0xff, 0xff, 0xff,
    0xff, 0xff, 0xff, 0xff, 0xff, 0xff, 0xef, 0xff,
    0xff, 0xff, 0xff, 0xff, 0xff, 0xff, 0xff, 0xff,
    0xff, 0xff, 0xff, 0xfe, 0x8f, 0xff, 0xff, 0xff,
    0xff, 0xff, 0xff, 0xff, 0xff, 0xff, 0xff, 0xff,
    0xff, 0xf8, 0x8, 0xef, 0xff, 0xff, 0xff, 0xff,
    0xff, 0xff, 0xff, 0xff, 0xff, 0xff, 0xfe, 0x80,

    /* U+F0C9 "" */
    0x47, 0x77, 0x77, 0x77, 0x77, 0x77, 0x77, 0x77,
    0x77, 0x77, 0x77, 0x77, 0x77, 0x74, 0xff, 0xff,
    0xff, 0xff, 0xff, 0xff, 0xff, 0xff, 0xff, 0xff,
    0xff, 0xff, 0xff, 0xff, 0xff, 0xff, 0xff, 0xff,
    0xff, 0xff, 0xff, 0xff, 0xff, 0xff, 0xff, 0xff,
    0xff, 0xff, 0xff, 0xff, 0xff, 0xff, 0xff, 0xff,
    0xff, 0xff, 0xff, 0xff, 0xff, 0xff, 0xff, 0xff,
    0xdf, 0xff, 0xff, 0xff, 0xff, 0xff, 0xff, 0xff,
    0xff, 0xff, 0xff, 0xff, 0xff, 0xfd, 0x0, 0x0,
    0x0, 0x0, 0x0, 0x0, 0x0, 0x0, 0x0, 0x0,
    0x0, 0x0, 0x0, 0x0, 0x0, 0x0, 0x0, 0x0,
    0x0, 0x0, 0x0, 0x0, 0x0, 0x0, 0x0, 0x0,
    0x0, 0x0, 0x0, 0x0, 0x0, 0x0, 0x0, 0x0,
    0x0, 0x0, 0x0, 0x0, 0x0, 0x0, 0x0, 0x0,
    0x0, 0x0, 0x0, 0x0, 0x0, 0x0, 0x0, 0x0,
    0x0, 0x0, 0x0, 0x0, 0x0, 0x0, 0x0, 0x0,
    0x0, 0x0, 0x0, 0x0, 0x0, 0x0, 0x0, 0x0,
    0x0, 0x0, 0x0, 0x0, 0x47, 0x77, 0x77, 0x77,
    0x77, 0x77, 0x77, 0x77, 0x77, 0x77, 0x77, 0x77,
    0x77, 0x74, 0xff, 0xff, 0xff, 0xff, 0xff, 0xff,
    0xff, 0xff, 0xff, 0xff, 0xff, 0xff, 0xff, 0xff,
    0xff, 0xff, 0xff, 0xff, 0xff, 0xff, 0xff, 0xff,
    0xff, 0xff, 0xff, 0xff, 0xff, 0xff, 0xff, 0xff,
    0xff, 0xff, 0xff, 0xff, 0xff, 0xff, 0xff, 0xff,
    0xff, 0xff, 0xff, 0xff, 0xdf, 0xff, 0xff, 0xff,
    0xff, 0xff, 0xff, 0xff, 0xff, 0xff, 0xff, 0xff,
    0xff, 0xfd, 0x0, 0x0, 0x0, 0x0, 0x0, 0x0,
    0x0, 0x0, 0x0, 0x0, 0x0, 0x0, 0x0, 0x0,
    0x0, 0x0, 0x0, 0x0, 0x0, 0x0, 0x0, 0x0,
    0x0, 0x0, 0x0, 0x0, 0x0, 0x0, 0x0, 0x0,
    0x0, 0x0, 0x0, 0x0, 0x0, 0x0, 0x0, 0x0,
    0x0, 0x0, 0x0, 0x0, 0x0, 0x0, 0x0, 0x0,
    0x0, 0x0, 0x0, 0x0, 0x0, 0x0, 0x0, 0x0,
    0x0, 0x0, 0x0, 0x0, 0x0, 0x0, 0x0, 0x0,
    0x0, 0x0, 0x0, 0x0, 0x0, 0x0, 0x0, 0x0,
    0x47, 0x77, 0x77, 0x77, 0x77, 0x77, 0x77, 0x77,
    0x77, 0x77, 0x77, 0x77, 0x77, 0x74, 0xff, 0xff,
    0xff, 0xff, 0xff, 0xff, 0xff, 0xff, 0xff, 0xff,
    0xff, 0xff, 0xff, 0xff, 0xff, 0xff, 0xff, 0xff,
    0xff, 0xff, 0xff, 0xff, 0xff, 0xff, 0xff, 0xff,
    0xff, 0xff, 0xff, 0xff, 0xff, 0xff, 0xff, 0xff,
    0xff, 0xff, 0xff, 0xff, 0xff, 0xff, 0xff, 0xff,
    0xdf, 0xff, 0xff, 0xff, 0xff, 0xff, 0xff, 0xff,
    0xff, 0xff, 0xff, 0xff, 0xff, 0xfd, 0x0, 0x0,
    0x0, 0x0, 0x0, 0x0, 0x0, 0x0, 0x0, 0x0,
    0x0, 0x0, 0x0, 0x0,

    /* U+F0E0 "" */
    0x8, 0xef, 0xff, 0xff, 0xff, 0xff, 0xff, 0xff,
    0xff, 0xff, 0xff, 0xff, 0xff, 0xff, 0xfe, 0x80,
    0x8f, 0xff, 0xff, 0xff, 0xff, 0xff, 0xff, 0xff,
    0xff, 0xff, 0xff, 0xff, 0xff, 0xff, 0xff, 0xf8,
    0xef, 0xff, 0xff, 0xff, 0xff, 0xff, 0xff, 0xff,
    0xff, 0xff, 0xff, 0xff, 0xff, 0xff, 0xff, 0xfe,
    0xff, 0xff, 0xff, 0xff, 0xff, 0xff, 0xff, 0xff,
    0xff, 0xff, 0xff, 0xff, 0xff, 0xff, 0xff, 0xff,
    0xef, 0xff, 0xff, 0xff, 0xff, 0xff, 0xff, 0xff,
    0xff, 0xff, 0xff, 0xff, 0xff, 0xff, 0xff, 0xfe,
    0x4f, 0xff, 0xff, 0xff, 0xff, 0xff, 0xff, 0xff,
    0xff, 0xff, 0xff, 0xff, 0xff, 0xff, 0xff, 0xf4,
    0x2, 0xdf, 0xff, 0xff, 0xff, 0xff, 0xff, 0xff,
    0xff, 0xff, 0xff, 0xff, 0xff, 0xff, 0xfd, 0x20,
    0x0, 0x9, 0xff, 0xff, 0xff, 0xff, 0xff, 0xff,
    0xff, 0xff, 0xff, 0xff, 0xff, 0xff, 0x90, 0x0,
    0xf6, 0x0, 0x5f, 0xff, 0xff, 0xff, 0xff, 0xff,
    0xff, 0xff, 0xff, 0xff, 0xff, 0xf5, 0x0, 0x6f,
    0xff, 0xa0, 0x2, 0xcf, 0xff, 0xff, 0xff, 0xff,
    0xff, 0xff, 0xff, 0xff, 0xfc, 0x20, 0xa, 0xff,
    0xff, 0xfd, 0x30, 0x8, 0xff, 0xff, 0xff, 0xff,
    0xff, 0xff, 0xff, 0xff, 0x80, 0x3, 0xdf, 0xff,
    0xff, 0xff, 0xf7, 0x0, 0x4e, 0xff, 0xff, 0xff,
    0xff, 0xff, 0xff, 0xe4, 0x0, 0x7f, 0xff, 0xff,
    0xff, 0xff, 0xff, 0xb1, 0x1, 0xbf, 0xff, 0xff,
    0xff, 0xff, 0xfb, 0x10, 0x1b, 0xff, 0xff, 0xff,
    0xff, 0xff, 0xff, 0xfe, 0x40, 0x7, 0xff, 0xff,
    0xff, 0xff, 0x70, 0x4, 0xef, 0xff, 0xff, 0xff,
    0xff, 0xff, 0xff, 0xff, 0xf8, 0x0, 0x3e, 0xff,
    0xff, 0xe3, 0x0, 0x8f, 0xff, 0xff, 0xff, 0xff,
    0xff, 0xff, 0xff, 0xff, 0xff, 0xc1, 0x0, 0x8e,
    0xe8, 0x0, 0x1c, 0xff, 0xff, 0xff, 0xff, 0xff,
    0xff, 0xff, 0xff, 0xff, 0xff, 0xfe, 0x50, 0x0,
    0x0, 0x4, 0xef, 0xff, 0xff, 0xff, 0xff, 0xff,
    0xff, 0xff, 0xff, 0xff, 0xff, 0xff, 0xfb, 0x41,
    0x14, 0xbf, 0xff, 0xff, 0xff, 0xff, 0xff, 0xff,
    0xff, 0xff, 0xff, 0xff, 0xff, 0xff, 0xff, 0xff,
    0xff, 0xff, 0xff, 0xff, 0xff, 0xff, 0xff, 0xff,
    0xff, 0xff, 0xff, 0xff, 0xff, 0xff, 0xff, 0xff,
    0xff, 0xff, 0xff, 0xff, 0xff, 0xff, 0xff, 0xff,
    0xff, 0xff, 0xff, 0xff, 0xff, 0xff, 0xff, 0xff,
    0xff, 0xff, 0xff, 0xff, 0xff, 0xff, 0xff, 0xff,
    0xef, 0xff, 0xff, 0xff, 0xff, 0xff, 0xff, 0xff,
    0xff, 0xff, 0xff, 0xff, 0xff, 0xff, 0xff, 0xfe,
    0x8f, 0xff, 0xff, 0xff, 0xff, 0xff, 0xff, 0xff,
    0xff, 0xff, 0xff, 0xff, 0xff, 0xff, 0xff, 0xf8,
    0x8, 0xef, 0xff, 0xff, 0xff, 0xff, 0xff, 0xff,
    0xff, 0xff, 0xff, 0xff, 0xff, 0xff, 0xfe, 0x80,

    /* U+F0E7 "" */
    0x0, 0x8, 0xff, 0xff, 0xff, 0xff, 0xff, 0x80,
    0x0, 0x0, 0x0, 0x0, 0xf, 0xff, 0xff, 0xff,
    0xff, 0xff, 0xf0, 0x0, 0x0, 0x0, 0x0, 0x2f,
    0xff, 0xff, 0xff, 0xff, 0xff, 0xb0, 0x0, 0x0,
    0x0, 0x0, 0x4f, 0xff, 0xff, 0xff, 0xff, 0xff,
    0x60, 0x0, 0x0, 0x0, 0x0, 0x6f, 0xff, 0xff,
    0xff, 0xff, 0xff, 0x10, 0x0, 0x0, 0x0, 0x0,
    0x8f, 0xff, 0xff, 0xff, 0xff, 0xfc, 0x0, 0x0,
    0x0, 0x0, 0x0, 0xbf, 0xff, 0xff, 0xff, 0xff,
    0xf7, 0x0, 0x0, 0x0, 0x0, 0x0, 0xdf, 0xff,
    0xff, 0xff, 0xff, 0xf1, 0x0, 0x0, 0x0, 0x0,
    0x0, 0xff, 0xff, 0xff, 0xff, 0xff, 0xc0, 0x0,
    0x0, 0x0, 0x0, 0x1, 0xff, 0xff, 0xff, 0xff,
    0xff, 0x70, 0x0, 0x0, 0x0, 0x0, 0x3, 0xff,
    0xff, 0xff, 0xff, 0xff, 0xff, 0xff, 0xff, 0xff,
    0x80, 0x5, 0xff, 0xff, 0xff, 0xff, 0xff, 0xff,
    0xff, 0xff, 0xff, 0xf0, 0x7, 0xff, 0xff, 0xff,
    0xff, 0xff, 0xff, 0xff, 0xff, 0xff, 0xa0, 0xa,
    0xff, 0xff, 0xff, 0xff, 0xff, 0xff, 0xff, 0xff,
    0xff, 0x10, 0xc, 0xff, 0xff, 0xff, 0xff, 0xff,
    0xff, 0xff, 0xff, 0xf8, 0x0, 0xe, 0xff, 0xff,
    0xff, 0xff, 0xff, 0xff, 0xff, 0xff, 0xe0, 0x0,
    0xf, 0xff, 0xff, 0xff, 0xff, 0xff, 0xff, 0xff,
    0xff, 0x50, 0x0, 0x7, 0xff, 0xff, 0xff, 0xff,
    0xff, 0xff, 0xff, 0xfc, 0x0, 0x0, 0x0, 0x0,
    0x0, 0x0, 0x2, 0xff, 0xff, 0xff, 0xf3, 0x0,
    0x0, 0x0, 0x0, 0x0, 0x0, 0x6, 0xff, 0xff,
    0xff, 0x90, 0x0, 0x0, 0x0, 0x0, 0x0, 0x0,
    0xa, 0xff, 0xff, 0xff, 0x10, 0x0, 0x0, 0x0,
    0x0, 0x0, 0x0, 0xe, 0xff, 0xff, 0xf7, 0x0,
    0x0, 0x0, 0x0, 0x0, 0x0, 0x0, 0x2f, 0xff,
    0xff, 0xd0, 0x0, 0x0, 0x0, 0x0, 0x0, 0x0,
    0x0, 0x5f, 0xff, 0xff, 0x40, 0x0, 0x0, 0x0,
    0x0, 0x0, 0x0, 0x0, 0x9f, 0xff, 0xfb, 0x0,
    0x0, 0x0, 0x0, 0x0, 0x0, 0x0, 0x0, 0xdf,
    0xff, 0xf2, 0x0, 0x0, 0x0, 0x0, 0x0, 0x0,
    0x0, 0x1, 0xff, 0xff, 0x80, 0x0, 0x0, 0x0,
    0x0, 0x0, 0x0, 0x0, 0x5, 0xff, 0xfe, 0x10,
    0x0, 0x0, 0x0, 0x0, 0x0, 0x0, 0x0, 0x8,
    0xff, 0xf6, 0x0, 0x0, 0x0, 0x0, 0x0, 0x0,
    0x0, 0x0, 0xc, 0xff, 0xd0, 0x0, 0x0, 0x0,
    0x0, 0x0, 0x0, 0x0, 0x0, 0xf, 0xff, 0x30,
    0x0, 0x0, 0x0, 0x0, 0x0, 0x0, 0x0, 0x0,
    0x8, 0xf8, 0x0, 0x0, 0x0, 0x0, 0x0, 0x0,

    /* U+F0E9 "" */
    0x0, 0x0, 0x0, 0x0, 0x0, 0x0, 0x0, 0x0,
    0x4, 0xee, 0x40, 0x0, 0x0, 0x0, 0x0, 0x0,
    0x0, 0x0, 0x0, 0x0, 0x0, 0x0, 0x0, 0x0,
    0x0, 0x0, 0x0, 0xe, 0xff, 0xe0, 0x0, 0x0,
    0x0, 0x0, 0x0, 0x0, 0x0, 0x0, 0x0, 0x0,
    0x0, 0x0, 0x0, 0x0, 0x0, 0x0, 0xf, 0xff,
    0xf0, 0x0, 0x0, 0x0, 0x0, 0x0, 0x0, 0x0,
    0x0, 0x0, 0x0, 0x0, 0x0, 0x0, 0x0, 0x1,
    0x69, 0xcf, 0xff, 0xfc, 0x96, 0x10, 0x0, 0x0,
    0x0, 0x0, 0x0, 0x0, 0x0, 0x0, 0x0, 0x0,
    0x0, 0x6, 0xcf, 0xff, 0xff, 0xff, 0xff, 0xff,
    0xfc, 0x60, 0x0, 0x0, 0x0, 0x0, 0x0, 0x0,
    0x0, 0x0, 0x0, 0x5, 0xdf, 0xff, 0xff, 0xff,
    0xff, 0xff, 0xff, 0xff, 0xfd, 0x50, 0x0, 0x0,
    0x0, 0x0, 0x0, 0x0, 0x0, 0x1, 0xbf, 0xff,
    0xff, 0xff, 0xff, 0xff, 0xff, 0xff, 0xff, 0xff,
    0xfb, 0x10, 0x0, 0x0, 0x0, 0x0, 0x0, 0x0,
    0x3e, 0xff, 0xff, 0xff, 0xff, 0xff, 0xff, 0xff,
    0xff, 0xff, 0xff, 0xff, 0xe3, 0x0, 0x0, 0x0,
    0x0, 0x0, 0x3, 0xff, 0xff, 0xff, 0xff, 0xff,
    0xff, 0xff, 0xff, 0xff, 0xff, 0xff, 0xff, 0xff,
    0x30, 0x0, 0x0, 0x0, 0x0, 0x2e, 0xff, 0xff,
    0xff, 0xff, 0xff, 0xff, 0xff, 0xff, 0xff, 0xff,
    0xff, 0xff, 0xff, 0xe2, 0x0, 0x0, 0x0, 0x0,
    0xdf, 0xff, 0xff, 0xff, 0xff, 0xff, 0xff, 0xff,
    0xff, 0xff, 0xff, 0xff, 0xff, 0xff, 0xfd, 0x0,
    0x0, 0x0, 0x9, 0xff, 0xff, 0xff, 0xff, 0xff,
    0xff, 0xff, 0xff, 0xff, 0xff, 0xff, 0xff, 0xff,
    0xff, 0xff, 0x90, 0x0, 0x0, 0x2f, 0xff, 0xff,
    0xff, 0xff, 0xff, 0xff, 0xff, 0xff, 0xff, 0xff,
    0xff, 0xff, 0xff, 0xff, 0xff, 0xf2, 0x0, 0x0,
    0x9f, 0xff, 0xff, 0xff, 0xff, 0xff, 0xff, 0xff,
    0xff, 0xff, 0xff, 0xff, 0xff, 0xff, 0xff, 0xff,
    0xf9, 0x0, 0x1, 0xff, 0xff, 0xff, 0xff, 0xff,
    0xff, 0xff, 0xff, 0xff, 0xff, 0xff, 0xff, 0xff,
    0xff, 0xff, 0xff, 0xff, 0x10, 0x6, 0xff, 0xff,
    0xff, 0xff, 0xff, 0xff, 0xff, 0xff, 0xff, 0xff,
    0xff, 0xff, 0xff, 0xff, 0xff, 0xff, 0xff, 0x60,
    0xb, 0xff, 0x71, 0x2, 0x9f, 0xff, 0xff, 0xff,
    0xb3, 0x1, 0x4c, 0xff, 0xff, 0xff, 0xf9, 0x20,
    0x17, 0xff, 0xb0, 0xf, 0xd2, 0x0, 0x0, 0x4,
    0xff, 0xff, 0xf9, 0x0, 0x0, 0x0, 0x8f, 0xff,
    0xff, 0x40, 0x0, 0x0, 0x2d, 0xf0, 0x5, 0x10,
    0x0, 0x0, 0x0, 0x4f, 0xff, 0xb0, 0x7, 0xee,
    0x70, 0x9, 0xff, 0xf5, 0x0, 0x0, 0x0, 0x1,
    0x50, 0x0, 0x0, 0x0, 0x0, 0x0, 0x8, 0xfe,
    0x10, 0xf, 0xff, 0xf0, 0x0, 0xef, 0x80, 0x0,
    0x0, 0x0, 0x0, 0x0, 0x0, 0x0, 0x0, 0x0,
    0x0, 0x0, 0xd5, 0x0, 0xf, 0xff, 0xf0, 0x0,
    0x5d, 0x0, 0x0, 0x0, 0x0, 0x0, 0x0, 0x0,
    0x0, 0x0, 0x0, 0x0, 0x0, 0x0, 0x0, 0xf,
    0xff, 0xf0, 0x0, 0x0, 0x0, 0x0, 0x0, 0x0,
    0x0, 0x0, 0x0, 0x0, 0x0, 0x0, 0x0, 0x0,
    0x0, 0x0, 0xf, 0xff, 0xf0, 0x0, 0x0, 0x0,
    0x0, 0x0, 0x0, 0x0, 0x0, 0x0, 0x0, 0x0,
    0x0, 0x0, 0x0, 0x0, 0x0, 0xf, 0xff, 0xf0,
    0x0, 0x0, 0x0, 0x0, 0x0, 0x0, 0x0, 0x0,
    0x0, 0x0, 0x0, 0x0, 0x0, 0x0, 0x0, 0x0,
    0xf, 0xff, 0xf0, 0x0, 0x0, 0x0, 0x0, 0x0,
    0x0, 0x0, 0x0, 0x0, 0x0, 0x0, 0x0, 0x0,
    0x0, 0x0, 0x0, 0xf, 0xff, 0xf0, 0x0, 0x0,
    0x0, 0x0, 0x0, 0x0, 0x0, 0x0, 0x0, 0x0,
    0x0, 0x0, 0x0, 0x2, 0xdf, 0x60, 0xf, 0xff,
    0xf0, 0x0, 0x0, 0x0, 0x0, 0x0, 0x0, 0x0,
    0x0, 0x0, 0x0, 0x0, 0x0, 0x0, 0xb, 0xff,
    0xf4, 0x3f, 0xff, 0xf0, 0x0, 0x0, 0x0, 0x0,
    0x0, 0x0, 0x0, 0x0, 0x0, 0x0, 0x0, 0x0,
    0x0, 0xb, 0xff, 0xff, 0xff, 0xff, 0xc0, 0x0,
    0x0, 0x0, 0x0, 0x0, 0x0, 0x0, 0x0, 0x0,
    0x0, 0x0, 0x0, 0x0, 0x4, 0xff, 0xff, 0xff,
    0xff, 0x40, 0x0, 0x0, 0x0, 0x0, 0x0, 0x0,
    0x0, 0x0, 0x0, 0x0, 0x0, 0x0, 0x0, 0x0,
    0x8f, 0xff, 0xff, 0xf8, 0x0, 0x0, 0x0, 0x0,
    0x0, 0x0, 0x0, 0x0, 0x0, 0x0, 0x0, 0x0,
    0x0, 0x0, 0x0, 0x4, 0xbe, 0xfc, 0x40, 0x0,
    0x0, 0x0, 0x0, 0x0, 0x0, 0x0, 0x0, 0x0,

    /* U+F0EA "" */
    0x0, 0x0, 0x0, 0x2, 0xbf, 0xfb, 0x20, 0x0,
    0x0, 0x0, 0x0, 0x0, 0x0, 0x0, 0x0, 0x0,
    0x0, 0x2f, 0xff, 0xff, 0xe2, 0x0, 0x0, 0x0,
    0x0, 0x0, 0x0, 0x0, 0x8f, 0xff, 0xff, 0xff,
    0xfa, 0xaf, 0xff, 0xff, 0xff, 0xf8, 0x0, 0x0,
    0x0, 0x0, 0xff, 0xff, 0xff, 0xff, 0xa0, 0xa,
    0xff, 0xff, 0xff, 0xff, 0x0, 0x0, 0x0, 0x0,
    0xff, 0xff, 0xff, 0xff, 0xa0, 0xa, 0xff, 0xff,
    0xff, 0xff, 0x0, 0x0, 0x0, 0x0, 0xff, 0xff,
    0xff, 0xff, 0xfa, 0xaf, 0xff, 0xff, 0xff, 0xff,
    0x0, 0x0, 0x0, 0x0, 0xff, 0xff, 0xff, 0xff,
    0xff, 0xff, 0xff, 0xff, 0xff, 0xff, 0x0, 0x0,
    0x0, 0x0, 0xff, 0xff, 0xff, 0xff, 0xff, 0xff,
    0xff, 0xff, 0xff, 0xff, 0x0, 0x0, 0x0, 0x0,
    0xff, 0xff, 0xff, 0xff, 0xfa, 0x20, 0x0, 0x0,
    0x0, 0x0, 0x0, 0x0, 0x0, 0x0, 0xff, 0xff,
    0xff, 0xff, 0xa0, 0x0, 0x0, 0x0, 0x0, 0x0,
    0x0, 0x0, 0x0, 0x0, 0xff, 0xff, 0xff, 0xff,
    0x20, 0x8f, 0xff, 0xff, 0xff, 0xff, 0x0, 0xf7,
    0x0, 0x0, 0xff, 0xff, 0xff, 0xff, 0x0, 0xff,
    0xff, 0xff, 0xff, 0xff, 0x0, 0xff, 0x80, 0x0,
    0xff, 0xff, 0xff, 0xff, 0x0, 0xff, 0xff, 0xff,
    0xff, 0xff, 0x0, 0xff, 0xf8, 0x0, 0xff, 0xff,
    0xff, 0xff, 0x0, 0xff, 0xff, 0xff, 0xff, 0xff,
    0x0, 0xff, 0xff, 0x80, 0xff, 0xff, 0xff, 0xff,
    0x0, 0xff, 0xff, 0xff, 0xff, 0xff, 0x0, 0xff,
    0xff, 0xf7, 0xff, 0xff, 0xff, 0xff, 0x0, 0xff,
    0xff, 0xff, 0xff, 0xff, 0x0, 0xff, 0xff, 0xff,
    0xff, 0xff, 0xff, 0xff, 0x0, 0xff, 0xff, 0xff,
    0xff, 0xff, 0x0, 0x0, 0x0, 0x0, 0xff, 0xff,
    0xff, 0xff, 0x0, 0xff, 0xff, 0xff, 0xff, 0xff,
    0x70, 0x0, 0x0, 0x0, 0xff, 0xff, 0xff, 0xff,
    0x0, 0xff, 0xff, 0xff, 0xff, 0xff, 0xff, 0xff,
    0xff, 0xff, 0xff, 0xff, 0xff, 0xff, 0x0, 0xff,
    0xff, 0xff, 0xff, 0xff, 0xff, 0xff, 0xff, 0xff,
    0xff, 0xff, 0xff, 0xff, 0x0, 0xff, 0xff, 0xff,
    0xff, 0xff, 0xff, 0xff, 0xff, 0xff, 0xff, 0xff,
    0xff, 0xff, 0x0, 0xff, 0xff, 0xff, 0xff, 0xff,
    0xff, 0xff, 0xff, 0xff, 0xff, 0xff, 0xff, 0xff,
    0x0, 0xff, 0xff, 0xff, 0xff, 0xff, 0xff, 0xff,
    0xff, 0xff, 0xff, 0xff, 0xff, 0xff, 0x0, 0xff,
    0xff, 0xff, 0xff, 0xff, 0xff, 0xff, 0xff, 0xff,
    0xff, 0xff, 0xff, 0xff, 0x0, 0xff, 0xff, 0xff,
    0xff, 0xff, 0xff, 0xff, 0xff, 0xff, 0x8f, 0xff,
    0xff, 0xff, 0x0, 0xff, 0xff, 0xff, 0xff, 0xff,
    0xff, 0xff, 0xff, 0xff, 0x0, 0x0, 0x0, 0x0,
    0x0, 0xff, 0xff, 0xff, 0xff, 0xff, 0xff, 0xff,
    0xff, 0xff, 0x0, 0x0, 0x0, 0x0, 0x0, 0xff,
    0xff, 0xff, 0xff, 0xff, 0xff, 0xff, 0xff, 0xff,
    0x0, 0x0, 0x0, 0x0, 0x0, 0xff, 0xff, 0xff,
    0xff, 0xff, 0xff, 0xff, 0xff, 0xff, 0x0, 0x0,
    0x0, 0x0, 0x0, 0xff, 0xff, 0xff, 0xff, 0xff,
    0xff, 0xff, 0xff, 0xff, 0x0, 0x0, 0x0, 0x0,
    0x0, 0xff, 0xff, 0xff, 0xff, 0xff, 0xff, 0xff,
    0xff, 0xff, 0x0, 0x0, 0x0, 0x0, 0x0, 0x8f,
    0xff, 0xff, 0xff, 0xff, 0xff, 0xff, 0xff, 0xf8,

    /* U+F0F3 "" */
    0x0, 0x0, 0x0, 0x0, 0x0, 0x0, 0x4e, 0xe4,
    0x0, 0x0, 0x0, 0x0, 0x0, 0x0, 0x0, 0x0,
    0x0, 0x0, 0x0, 0x0, 0xef, 0xfe, 0x0, 0x0,
    0x0, 0x0, 0x0, 0x0, 0x0, 0x0, 0x0, 0x0,
    0x0, 0x0, 0xff, 0xff, 0x0, 0x0, 0x0, 0x0,
    0x0, 0x0, 0x0, 0x0, 0x0, 0x0, 0x0, 0x48,
    0xff, 0xff, 0x83, 0x0, 0x0, 0x0, 0x0, 0x0,
    0x0, 0x0, 0x0, 0x0, 0x4d, 0xff, 0xff, 0xff,
    0xff, 0xd3, 0x0, 0x0, 0x0, 0x0, 0x0, 0x0,
    0x0, 0x8, 0xff, 0xff, 0xff, 0xff, 0xff, 0xff,
    0x80, 0x0, 0x0, 0x0, 0x0, 0x0, 0x0, 0x8f,
    0xff, 0xff, 0xff, 0xff, 0xff, 0xff, 0xf8, 0x0,
    0x0, 0x0, 0x0, 0x0, 0x5, 0xff, 0xff, 0xff,
    0xff, 0xff, 0xff, 0xff, 0xff, 0x40, 0x0, 0x0,
    0x0, 0x0, 0xe, 0xff, 0xff, 0xff, 0xff, 0xff,
    0xff, 0xff, 0xff, 0xe0, 0x0, 0x0, 0x0, 0x0,
    0x5f, 0xff, 0xff, 0xff, 0xff, 0xff, 0xff, 0xff,
    0xff, 0xf5, 0x0, 0x0, 0x0, 0x0, 0xaf, 0xff,
    0xff, 0xff, 0xff, 0xff, 0xff, 0xff, 0xff, 0xfa,
    0x0, 0x0, 0x0, 0x0, 0xef, 0xff, 0xff, 0xff,
    0xff, 0xff, 0xff, 0xff, 0xff, 0xfd, 0x0, 0x0,
    0x0, 0x0, 0xff, 0xff, 0xff, 0xff, 0xff, 0xff,
    0xff, 0xff, 0xff, 0xff, 0x0, 0x0, 0x0, 0x0,
    0xff, 0xff, 0xff, 0xff, 0xff, 0xff, 0xff, 0xff,
    0xff, 0xff, 0x0, 0x0, 0x0, 0x1, 0xff, 0xff,
    0xff, 0xff, 0xff, 0xff, 0xff, 0xff, 0xff, 0xff,
    0x10, 0x0, 0x0, 0x2, 0xff, 0xff, 0xff, 0xff,
    0xff, 0xff, 0xff, 0xff, 0xff, 0xff, 0x20, 0x0,
    0x0, 0x5, 0xff, 0xff, 0xff, 0xff, 0xff, 0xff,
    0xff, 0xff, 0xff, 0xff, 0x50, 0x0, 0x0, 0x8,
    0xff, 0xff, 0xff, 0xff, 0xff, 0xff, 0xff, 0xff,
    0xff, 0xff, 0x80, 0x0, 0x0, 0xd, 0xff, 0xff,
    0xff, 0xff, 0xff, 0xff, 0xff, 0xff, 0xff, 0xff,
    0xd0, 0x0, 0x0, 0x3f, 0xff, 0xff, 0xff, 0xff,
    0xff, 0xff, 0xff, 0xff, 0xff, 0xff, 0xf3, 0x0,
    0x0, 0xaf, 0xff, 0xff, 0xff, 0xff, 0xff, 0xff,
    0xff, 0xff, 0xff, 0xff, 0xfa, 0x0, 0x7, 0xff,
    0xff, 0xff, 0xff, 0xff, 0xff, 0xff, 0xff, 0xff,
    0xff, 0xff, 0xff, 0x70, 0x5f, 0xff, 0xff, 0xff,
    0xff, 0xff, 0xff, 0xff, 0xff, 0xff, 0xff, 0xff,
    0xff, 0xf5, 0xef, 0xff, 0xff, 0xff, 0xff, 0xff,
    0xff, 0xff, 0xff, 0xff, 0xff, 0xff, 0xff, 0xfe,
    0xdf, 0xff, 0xff, 0xff, 0xff, 0xff, 0xff, 0xff,
    0xff, 0xff, 0xff, 0xff, 0xff, 0xfe, 0x4e, 0xff,
    0xff, 0xff, 0xff, 0xff, 0xff, 0xff, 0xff, 0xff,
    0xff, 0xff, 0xff, 0xe4, 0x0, 0x0, 0x0, 0x0,
    0x0, 0x0, 0x0, 0x0, 0x0, 0x0, 0x0, 0x0,
    0x0, 0x0, 0x0, 0x0, 0x0, 0x0, 0x0, 0x0,
    0x0, 0x0, 0x0, 0x0, 0x0, 0x0, 0x0, 0x0,
    0x0, 0x0, 0x0, 0x0, 0x0, 0xff, 0xff, 0xff,
    0xff, 0x0, 0x0, 0x0, 0x0, 0x0, 0x0, 0x0,
    0x0, 0x0, 0x0, 0xbf, 0xff, 0xff, 0xfb, 0x0,
    0x0, 0x0, 0x0, 0x0, 0x0, 0x0, 0x0, 0x0,
    0x0, 0x2e, 0xff, 0xff, 0xe2, 0x0, 0x0, 0x0,
    0x0, 0x0, 0x0, 0x0, 0x0, 0x0, 0x0, 0x2,
    0xbf, 0xfb, 0x20, 0x0, 0x0, 0x0, 0x0, 0x0,

    /* U+F11C "" */
    0x8, 0xef, 0xff, 0xff, 0xff, 0xff, 0xff, 0xff,
    0xff, 0xff, 0xff, 0xff, 0xff, 0xff, 0xff, 0xff,
    0xfe, 0x80, 0x8f, 0xff, 0xff, 0xff, 0xff, 0xff,
    0xff, 0xff, 0xff, 0xff, 0xff, 0xff, 0xff, 0xff,
    0xff, 0xff, 0xff, 0xf8, 0xef, 0xff, 0xff, 0xff,
    0xff, 0xff, 0xff, 0xff, 0xff, 0xff, 0xff, 0xff,
    0xff, 0xff, 0xff, 0xff, 0xff, 0xfe, 0xff, 0xff,
    0xff, 0xff, 0xff, 0xff, 0xff, 0xff, 0xff, 0xff,
    0xff, 0xff, 0xff, 0xff, 0xff, 0xff, 0xff, 0xff,
    0xff, 0xff, 0x20, 0x2, 0xff, 0x20, 0x2, 0xff,
    0x20, 0x2, 0xff, 0x20, 0x2, 0xff, 0x20, 0x2,
    0xff, 0xff, 0xff, 0xff, 0x0, 0x0, 0xff, 0x0,
    0x0, 0xff, 0x0, 0x0, 0xff, 0x0, 0x0, 0xff,
    0x0, 0x0, 0xff, 0xff, 0xff, 0xff, 0x0, 0x0,
    0xff, 0x0, 0x0, 0xff, 0x0, 0x0, 0xff, 0x0,
    0x0, 0xff, 0x0, 0x0, 0xff, 0xff, 0xff, 0xff,
    0x20, 0x2, 0xff, 0x20, 0x2, 0xff, 0x20, 0x2,
    0xff, 0x20, 0x2, 0xff, 0x20, 0x2, 0xff, 0xff,
    0xff, 0xff, 0xff, 0xff, 0xff, 0xff, 0xff, 0xff,
    0xff, 0xff, 0xff, 0xff, 0xff, 0xff, 0xff, 0xff,
    0xff, 0xff, 0xff, 0xff, 0xff, 0xff, 0xff, 0xff,
    0xff, 0xff, 0xff, 0xff, 0xff, 0xff, 0xff, 0xff,
    0xff, 0xff, 0xff, 0xff, 0xff, 0xff, 0xff, 0xf2,
    0x0, 0x2f, 0xf2, 0x0, 0x2f, 0xf2, 0x0, 0x2f,
    0xf2, 0x0, 0x2f, 0xff, 0xff, 0xff, 0xff, 0xff,
    0xff, 0xf0, 0x0, 0xf, 0xf0, 0x0, 0xf, 0xf0,
    0x0, 0xf, 0xf0, 0x0, 0xf, 0xff, 0xff, 0xff,
    0xff, 0xff, 0xff, 0xf0, 0x0, 0xf, 0xf0, 0x0,
    0xf, 0xf0, 0x0, 0xf, 0xf0, 0x0, 0xf, 0xff,
    0xff, 0xff, 0xff, 0xff, 0xff, 0xf2, 0x0, 0x2f,
    0xf2, 0x0, 0x2f, 0xf2, 0x0, 0x2f, 0xf2, 0x0,
    0x2f, 0xff, 0xff, 0xff, 0xff, 0xff, 0xff, 0xff,
    0xff, 0xff, 0xff, 0xff, 0xff, 0xff, 0xff, 0xff,
    0xff, 0xff, 0xff, 0xff, 0xff, 0xff, 0xff, 0xff,
    0xff, 0xff, 0xff, 0xff, 0xff, 0xff, 0xff, 0xff,
    0xff, 0xff, 0xff, 0xff, 0xff, 0xff, 0xff, 0xff,
    0xff, 0xff, 0x20, 0x2, 0xff, 0x20, 0x0, 0x0,
    0x0, 0x0, 0x0, 0x0, 0x2, 0xff, 0x20, 0x2,
    0xff, 0xff, 0xff, 0xff, 0x0, 0x0, 0xff, 0x0,
    0x0, 0x0, 0x0, 0x0, 0x0, 0x0, 0x0, 0xff,
    0x0, 0x0, 0xff, 0xff, 0xff, 0xff, 0x0, 0x0,
    0xff, 0x0, 0x0, 0x0, 0x0, 0x0, 0x0, 0x0,
    0x0, 0xff, 0x0, 0x0, 0xff, 0xff, 0xff, 0xff,
    0x20, 0x2, 0xff, 0x20, 0x0, 0x0, 0x0, 0x0,
    0x0, 0x0, 0x2, 0xff, 0x20, 0x2, 0xff, 0xff,
    0xff, 0xff, 0xff, 0xff, 0xff, 0xff, 0xff, 0xff,
    0xff, 0xff, 0xff, 0xff, 0xff, 0xff, 0xff, 0xff,
    0xff, 0xff, 0xef, 0xff, 0xff, 0xff, 0xff, 0xff,
    0xff, 0xff, 0xff, 0xff, 0xff, 0xff, 0xff, 0xff,
    0xff, 0xff, 0xff, 0xfe, 0x8f, 0xff, 0xff, 0xff,
    0xff, 0xff, 0xff, 0xff, 0xff, 0xff, 0xff, 0xff,
    0xff, 0xff, 0xff, 0xff, 0xff, 0xf8, 0x8, 0xef,
    0xff, 0xff, 0xff, 0xff, 0xff, 0xff, 0xff, 0xff,
    0xff, 0xff, 0xff, 0xff, 0xff, 0xff, 0xfe, 0x80,

    /* U+F124 "" */
    0x0, 0x0, 0x0, 0x0, 0x0, 0x0, 0x0, 0x0,
    0x0, 0x0, 0x0, 0x0, 0x0, 0x0, 0x0, 0x0,
    0x0, 0x0, 0x0, 0x0, 0x0, 0x0, 0x0, 0x0,
    0x0, 0x0, 0x0, 0x0, 0x0, 0x0, 0x2, 0x9e,
    0xe6, 0x0, 0x0, 0x0, 0x0, 0x0, 0x0, 0x0,
    0x0, 0x0, 0x0, 0x0, 0x0, 0x0, 0x3, 0xaf,
    0xff, 0xff, 0x60, 0x0, 0x0, 0x0, 0x0, 0x0,
    0x0, 0x0, 0x0, 0x0, 0x0, 0x0, 0x4, 0xcf,
    0xff, 0xff, 0xff, 0xe0, 0x0, 0x0, 0x0, 0x0,
    0x0, 0x0, 0x0, 0x0, 0x0, 0x0, 0x6, 0xdf,
    0xff, 0xff, 0xff, 0xff, 0xe0, 0x0, 0x0, 0x0,
    0x0, 0x0, 0x0, 0x0, 0x0, 0x0, 0x17, 0xef,
    0xff, 0xff, 0xff, 0xff, 0xff, 0x90, 0x0, 0x0,
    0x0, 0x0, 0x0, 0x0, 0x0, 0x0, 0x18, 0xff,
    0xff, 0xff, 0xff, 0xff, 0xff, 0xff, 0x20, 0x0,
    0x0, 0x0, 0x0, 0x0, 0x0, 0x0, 0x2a, 0xff,
    0xff, 0xff, 0xff, 0xff, 0xff, 0xff, 0xfa, 0x0,
    0x0, 0x0, 0x0, 0x0, 0x0, 0x0, 0x4b, 0xff,
    0xff, 0xff, 0xff, 0xff, 0xff, 0xff, 0xff, 0xf3,
    0x0, 0x0, 0x0, 0x0, 0x0, 0x0, 0x5c, 0xff,
    0xff, 0xff, 0xff, 0xff, 0xff, 0xff, 0xff, 0xff,
    0xc0, 0x0, 0x0, 0x0, 0x0, 0x0, 0x6d, 0xff,
    0xff, 0xff, 0xff, 0xff, 0xff, 0xff, 0xff, 0xff,
    0xff, 0x40, 0x0, 0x0, 0x0, 0x1, 0x8e, 0xff,
    0xff, 0xff, 0xff, 0xff, 0xff, 0xff, 0xff, 0xff,
    0xff, 0xfd, 0x0, 0x0, 0x0, 0x2, 0x9f, 0xff,
    0xff, 0xff, 0xff, 0xff, 0xff, 0xff, 0xff, 0xff,
    0xff, 0xff, 0xf6, 0x0, 0x0, 0x0, 0x9f, 0xff,
    0xff, 0xff, 0xff, 0xff, 0xff, 0xff, 0xff, 0xff,
    0xff, 0xff, 0xff, 0xe0, 0x0, 0x0, 0x9, 0xff,
    0xff, 0xff, 0xff, 0xff, 0xff, 0xff, 0xff, 0xff,
    0xff, 0xff, 0xff, 0xff, 0x70, 0x0, 0x0, 0xf,
    0xff, 0xff, 0xff, 0xff, 0xff, 0xff, 0xff, 0xff,
    0xff, 0xff, 0xff, 0xff, 0xff, 0x10, 0x0, 0x0,
    0xf, 0xff, 0xff, 0xff, 0xff, 0xff, 0xff, 0xff,
    0xff, 0xff, 0xff, 0xff, 0xff, 0xf8, 0x0, 0x0,
    0x0, 0x9, 0xff, 0xff, 0xff, 0xff, 0xff, 0xff,
    0xff, 0xff, 0xff, 0xff, 0xff, 0xff, 0xf1, 0x0,
    0x0, 0x0, 0x0, 0x9f, 0xff, 0xff, 0xff, 0xff,
    0xff, 0xff, 0xff, 0xff, 0xff, 0xff, 0xff, 0xa0,
    0x0, 0x0, 0x0, 0x0, 0x0, 0x0, 0x0, 0x0,
    0x0, 0x0, 0xf, 0xff, 0xff, 0xff, 0xff, 0xff,
    0x20, 0x0, 0x0, 0x0, 0x0, 0x0, 0x0, 0x0,
    0x0, 0x0, 0x0, 0xf, 0xff, 0xff, 0xff, 0xff,
    0xfb, 0x0, 0x0, 0x0, 0x0, 0x0, 0x0, 0x0,
    0x0, 0x0, 0x0, 0x0, 0xf, 0xff, 0xff, 0xff,
    0xff, 0xf4, 0x0, 0x0, 0x0, 0x0, 0x0, 0x0,
    0x0, 0x0, 0x0, 0x0, 0x0, 0xf, 0xff, 0xff,
    0xff, 0xff, 0xc0, 0x0, 0x0, 0x0, 0x0, 0x0,
    0x0, 0x0, 0x0, 0x0, 0x0, 0x0, 0xf, 0xff,
    0xff, 0xff, 0xff, 0x50, 0x0, 0x0, 0x0, 0x0,
    0x0, 0x0, 0x0, 0x0, 0x0, 0x0, 0x0, 0xf,
    0xff, 0xff, 0xff, 0xfd, 0x0, 0x0, 0x0, 0x0,
    0x0, 0x0, 0x0, 0x0, 0x0, 0x0, 0x0, 0x0,
    0xf, 0xff, 0xff, 0xff, 0xf6, 0x0, 0x0, 0x0,
    0x0, 0x0, 0x0, 0x0, 0x0, 0x0, 0x0, 0x0,
    0x0, 0xf, 0xff, 0xff, 0xff, 0xe0, 0x0, 0x0,
    0x0, 0x0, 0x0, 0x0, 0x0, 0x0, 0x0, 0x0,
    0x0, 0x0, 0xf, 0xff, 0xff, 0xff, 0x80, 0x0,
    0x0, 0x0, 0x0, 0x0, 0x0, 0x0, 0x0, 0x0,
    0x0, 0x0, 0x0, 0xf, 0xff, 0xff, 0xff, 0x10,
    0x0, 0x0, 0x0, 0x0, 0x0, 0x0, 0x0, 0x0,
    0x0, 0x0, 0x0, 0x0, 0xf, 0xff, 0xff, 0xf9,
    0x0, 0x0, 0x0, 0x0, 0x0, 0x0, 0x0, 0x0,
    0x0, 0x0, 0x0, 0x0, 0x0, 0xe, 0xff, 0xff,
    0xf2, 0x0, 0x0, 0x0, 0x0, 0x0, 0x0, 0x0,
    0x0, 0x0, 0x0, 0x0, 0x0, 0x0, 0x8, 0xff,
    0xff, 0x90, 0x0, 0x0, 0x0, 0x0, 0x0, 0x0,
    0x0, 0x0, 0x0, 0x0, 0x0, 0x0, 0x0, 0x0,
    0x8e, 0xe8, 0x0, 0x0, 0x0, 0x0, 0x0, 0x0,
    0x0, 0x0, 0x0, 0x0, 0x0, 0x0, 0x0, 0x0,
    0x0, 0x0, 0x0, 0x0, 0x0, 0x0, 0x0, 0x0,
    0x0, 0x0,

    /* U+F15B "" */
    0x8f, 0xff, 0xff, 0xff, 0xff, 0xff, 0xff, 0x0,
    0xf7, 0x0, 0x0, 0x0, 0xff, 0xff, 0xff, 0xff,
    0xff, 0xff, 0xff, 0x0, 0xff, 0x80, 0x0, 0x0,
    0xff, 0xff, 0xff, 0xff, 0xff, 0xff, 0xff, 0x0,
    0xff, 0xf8, 0x0, 0x0, 0xff, 0xff, 0xff, 0xff,
    0xff, 0xff, 0xff, 0x0, 0xff, 0xff, 0x80, 0x0,
    0xff, 0xff, 0xff, 0xff, 0xff, 0xff, 0xff, 0x0,
    0xff, 0xff, 0xf8, 0x0, 0xff, 0xff, 0xff, 0xff,
    0xff, 0xff, 0xff, 0x0, 0xff, 0xff, 0xff, 0x80,
    0xff, 0xff, 0xff, 0xff, 0xff, 0xff, 0xff, 0x0,
    0xff, 0xff, 0xff, 0xf7, 0xff, 0xff, 0xff, 0xff,
    0xff, 0xff, 0xff, 0x0, 0xff, 0xff, 0xff, 0xff,
    0xff, 0xff, 0xff, 0xff, 0xff, 0xff, 0xff, 0x0,
    0x0, 0x0, 0x0, 0x0, 0xff, 0xff, 0xff, 0xff,
    0xff, 0xff, 0xff, 0x70, 0x0, 0x0, 0x0, 0x0,
    0xff, 0xff, 0xff, 0xff, 0xff, 0xff, 0xff, 0xff,
    0xff, 0xff, 0xff, 0xff, 0xff, 0xff, 0xff, 0xff,
    0xff, 0xff, 0xff, 0xff, 0xff, 0xff, 0xff, 0xff,
    0xff, 0xff, 0xff, 0xff, 0xff, 0xff, 0xff, 0xff,
    0xff, 0xff, 0xff, 0xff, 0xff, 0xff, 0xff, 0xff,
    0xff, 0xff, 0xff, 0xff, 0xff, 0xff, 0xff, 0xff,
    0xff, 0xff, 0xff, 0xff, 0xff, 0xff, 0xff, 0xff,
    0xff, 0xff, 0xff, 0xff, 0xff, 0xff, 0xff, 0xff,
    0xff, 0xff, 0xff, 0xff, 0xff, 0xff, 0xff, 0xff,
    0xff, 0xff, 0xff, 0xff, 0xff, 0xff, 0xff, 0xff,
    0xff, 0xff, 0xff, 0xff, 0xff, 0xff, 0xff, 0xff,
    0xff, 0xff, 0xff, 0xff, 0xff, 0xff, 0xff, 0xff,
    0xff, 0xff, 0xff, 0xff, 0xff, 0xff, 0xff, 0xff,
    0xff, 0xff, 0xff, 0xff, 0xff, 0xff, 0xff, 0xff,
    0xff, 0xff, 0xff, 0xff, 0xff, 0xff, 0xff, 0xff,
    0xff, 0xff, 0xff, 0xff, 0xff, 0xff, 0xff, 0xff,
    0xff, 0xff, 0xff, 0xff, 0xff, 0xff, 0xff, 0xff,
    0xff, 0xff, 0xff, 0xff, 0xff, 0xff, 0xff, 0xff,
    0xff, 0xff, 0xff, 0xff, 0xff, 0xff, 0xff, 0xff,
    0xff, 0xff, 0xff, 0xff, 0xff, 0xff, 0xff, 0xff,
    0xff, 0xff, 0xff, 0xff, 0xff, 0xff, 0xff, 0xff,
    0xff, 0xff, 0xff, 0xff, 0xff, 0xff, 0xff, 0xff,
    0xff, 0xff, 0xff, 0xff, 0xff, 0xff, 0xff, 0xff,
    0xff, 0xff, 0xff, 0xff, 0xff, 0xff, 0xff, 0xff,
    0xff, 0xff, 0xff, 0xff, 0xff, 0xff, 0xff, 0xff,
    0xff, 0xff, 0xff, 0xff, 0xff, 0xff, 0xff, 0xff,
    0xff, 0xff, 0xff, 0xff, 0xff, 0xff, 0xff, 0xff,
    0xff, 0xff, 0xff, 0xff, 0xff, 0xff, 0xff, 0xff,
    0xff, 0xff, 0xff, 0xff, 0xff, 0xff, 0xff, 0xff,
    0xff, 0xff, 0xff, 0xff, 0xff, 0xff, 0xff, 0xff,
    0xff, 0xff, 0xff, 0xff, 0xff, 0xff, 0xff, 0xff,
    0xff, 0xff, 0xff, 0xff, 0x8f, 0xff, 0xff, 0xff,
    0xff, 0xff, 0xff, 0xff, 0xff, 0xff, 0xff, 0xf8,

    /* U+F185 "" */
    0x0, 0x0, 0x0, 0x0, 0x0, 0x0, 0x0, 0xc,
    0xc0, 0x0, 0x0, 0x0, 0x0, 0x0, 0x0, 0x0,
    0x0, 0x0, 0x0, 0x0, 0x0, 0x0, 0x0, 0x7f,
    0xf6, 0x0, 0x0, 0x0, 0x0, 0x0, 0x0, 0x0,
    0x0, 0x0, 0x0, 0x0, 0x0, 0x0, 0x0, 0xef,
    0xfe, 0x0, 0x0, 0x0, 0x0, 0x0, 0x0, 0x0,
    0x0, 0x0, 0x0, 0x0, 0x0, 0x0, 0x7, 0xff,
    0xff, 0x60, 0x0, 0x0, 0x0, 0x0, 0x0, 0x0,
    0x0, 0x0, 0x29, 0x50, 0x0, 0x0, 0xe, 0xff,
    0xff, 0xe0, 0x0, 0x0, 0x5, 0x92, 0x0, 0x0,
    0x0, 0x0, 0x9f, 0xff, 0xa5, 0x0, 0x7f, 0xff,
    0xff, 0xf6, 0x0, 0x5a, 0xff, 0xf9, 0x0, 0x0,
    0x0, 0x0, 0x5f, 0xff, 0xff, 0xfa, 0xef, 0xff,
    0xff, 0xfe, 0xaf, 0xff, 0xff, 0xf5, 0x0, 0x0,
    0x0, 0x0, 0xf, 0xff, 0xff, 0xff, 0xff, 0xff,
    0xff, 0xff, 0xff, 0xff, 0xff, 0xf0, 0x0, 0x0,
    0x0, 0x0, 0xa, 0xff, 0xff, 0xff, 0xc6, 0x20,
    0x2, 0x6d, 0xff, 0xff, 0xff, 0xa0, 0x0, 0x0,
    0x0, 0x0, 0x5, 0xff, 0xff, 0xf6, 0x0, 0x0,
    0x0, 0x0, 0x6f, 0xff, 0xff, 0x50, 0x0, 0x0,
    0x0, 0x0, 0x0, 0xff, 0xff, 0x40, 0x7, 0xcf,
    0xfc, 0x70, 0x4, 0xff, 0xff, 0x0, 0x0, 0x0,
    0x0, 0x0, 0x0, 0xbf, 0xf6, 0x1, 0xdf, 0xff,
    0xff, 0xfd, 0x10, 0x6f, 0xfa, 0x0, 0x0, 0x0,
    0x0, 0x0, 0x6, 0xef, 0xc0, 0xd, 0xff, 0xff,
    0xff, 0xff, 0xd0, 0xd, 0xfe, 0x60, 0x0, 0x0,
    0x0, 0x6, 0xef, 0xff, 0x60, 0x7f, 0xff, 0xff,
    0xff, 0xff, 0xf7, 0x6, 0xff, 0xfe, 0x60, 0x0,
    0x6, 0xef, 0xff, 0xff, 0x20, 0xcf, 0xff, 0xff,
    0xff, 0xff, 0xfc, 0x2, 0xff, 0xff, 0xfe, 0x60,
    0xcf, 0xff, 0xff, 0xff, 0x0, 0xff, 0xff, 0xff,
    0xff, 0xff, 0xff, 0x0, 0xff, 0xff, 0xff, 0xfc,
    0xcf, 0xff, 0xff, 0xff, 0x0, 0xff, 0xff, 0xff,
    0xff, 0xff, 0xff, 0x0, 0xff, 0xff, 0xff, 0xfc,
    0x7, 0xef, 0xff, 0xff, 0x20, 0xcf, 0xff, 0xff,
    0xff, 0xff, 0xfc, 0x2, 0xff, 0xff, 0xfe, 0x70,
    0x0, 0x7, 0xef, 0xff, 0x60, 0x7f, 0xff, 0xff,
    0xff, 0xff, 0xf7, 0x6, 0xff, 0xfe, 0x70, 0x0,
    0x0, 0x0, 0x7, 0xef, 0xc0, 0xd, 0xff, 0xff,
    0xff, 0xff, 0xd0, 0xc, 0xfe, 0x70, 0x0, 0x0,
    0x0, 0x0, 0x0, 0xbf, 0xf6, 0x1, 0xdf, 0xff,
    0xff, 0xfd, 0x10, 0x6f, 0xfa, 0x0, 0x0, 0x0,
    0x0, 0x0, 0x0, 0xff, 0xff, 0x40, 0x7, 0xcf,
    0xfc, 0x70, 0x4, 0xff, 0xff, 0x0, 0x0, 0x0,
    0x0, 0x0, 0x5, 0xff, 0xff, 0xf6, 0x0, 0x0,
    0x0, 0x0, 0x6f, 0xff, 0xff, 0x50, 0x0, 0x0,
    0x0, 0x0, 0xa, 0xff, 0xff, 0xff, 0xc6, 0x20,
    0x2, 0x6c, 0xff, 0xff, 0xff, 0xa0, 0x0, 0x0,
    0x0, 0x0, 0xf, 0xff, 0xff, 0xff, 0xff, 0xff,
    0xff, 0xff, 0xff, 0xff, 0xff, 0xf0, 0x0, 0x0,
    0x0, 0x0, 0x5f, 0xff, 0xff, 0xfb, 0xef, 0xff,
    0xff, 0xfe, 0xbf, 0xff, 0xff, 0xf5, 0x0, 0x0,
    0x0, 0x0, 0x9f, 0xff, 0xa5, 0x0, 0x7f, 0xff,
    0xff, 0xf6, 0x0, 0x5a, 0xff, 0xf8, 0x0, 0x0,
    0x0, 0x0, 0x29, 0x50, 0x0, 0x0, 0xe, 0xff,
    0xff, 0xe0, 0x0, 0x0, 0x5, 0x92, 0x0, 0x0,
    0x0, 0x0, 0x0, 0x0, 0x0, 0x0, 0x7, 0xff,
    0xff, 0x60, 0x0, 0x0, 0x0, 0x0, 0x0, 0x0,
    0x0, 0x0, 0x0, 0x0, 0x0, 0x0, 0x0, 0xef,
    0xfd, 0x0, 0x0, 0x0, 0x0, 0x0, 0x0, 0x0,
    0x0, 0x0, 0x0, 0x0, 0x0, 0x0, 0x0, 0x7f,
    0xf6, 0x0, 0x0, 0x0, 0x0, 0x0, 0x0, 0x0,
    0x0, 0x0, 0x0, 0x0, 0x0, 0x0, 0x0, 0xc,
    0xc0, 0x0, 0x0, 0x0, 0x0, 0x0, 0x0, 0x0,

    /* U+F186 "" */
    0x0, 0x0, 0x0, 0x0, 0x0, 0x2, 0x7a, 0xdf,
    0xfe, 0xdb, 0x10, 0x0, 0x0, 0x0, 0x0, 0x0,
    0x0, 0x0, 0x0, 0x4, 0xcf, 0xff, 0xff, 0xff,
    0xfe, 0x20, 0x0, 0x0, 0x0, 0x0, 0x0, 0x0,
    0x0, 0x1, 0xbf, 0xff, 0xff, 0xff, 0xff, 0xa1,
    0x0, 0x0, 0x0, 0x0, 0x0, 0x0, 0x0, 0x0,
    0x4e, 0xff, 0xff, 0xff, 0xff, 0xf8, 0x0, 0x0,
    0x0, 0x0, 0x0, 0x0, 0x0, 0x0, 0x5, 0xff,
    0xff, 0xff, 0xff, 0xff, 0x80, 0x0, 0x0, 0x0,
    0x0, 0x0, 0x0, 0x0, 0x0, 0x4f, 0xff, 0xff,
    0xff, 0xff, 0xfc, 0x0, 0x0, 0x0, 0x0, 0x0,
    0x0, 0x0, 0x0, 0x2, 0xff, 0xff, 0xff, 0xff,
    0xff, 0xf2, 0x0, 0x0, 0x0, 0x0, 0x0, 0x0,
    0x0, 0x0, 0xc, 0xff, 0xff, 0xff, 0xff, 0xff,
    0xa0, 0x0, 0x0, 0x0, 0x0, 0x0, 0x0, 0x0,
    0x0, 0x6f, 0xff, 0xff, 0xff, 0xff, 0xff, 0x40,
    0x0, 0x0, 0x0, 0x0, 0x0, 0x0, 0x0, 0x0,
    0xdf, 0xff, 0xff, 0xff, 0xff, 0xff, 0x0, 0x0,
    0x0, 0x0, 0x0, 0x0, 0x0, 0x0, 0x4, 0xff,
    0xff, 0xff, 0xff, 0xff, 0xfc, 0x0, 0x0, 0x0,
    0x0, 0x0, 0x0, 0x0, 0x0, 0x9, 0xff, 0xff,
    0xff, 0xff, 0xff, 0xfa, 0x0, 0x0, 0x0, 0x0,
    0x0, 0x0, 0x0, 0x0, 0xd, 0xff, 0xff, 0xff,
    0xff, 0xff, 0xf9, 0x0, 0x0, 0x0, 0x0, 0x0,
    0x0, 0x0, 0x0, 0xf, 0xff, 0xff, 0xff, 0xff,
    0xff, 0xf9, 0x0, 0x0, 0x0, 0x0, 0x0, 0x0,
    0x0, 0x0, 0x2f, 0xff, 0xff, 0xff, 0xff, 0xff,
    0xfb, 0x0, 0x0, 0x0, 0x0, 0x0, 0x0, 0x0,
    0x0, 0x3f, 0xff, 0xff, 0xff, 0xff, 0xff, 0xfe,
    0x0, 0x0, 0x0, 0x0, 0x0, 0x0, 0x0, 0x0,
    0x3f, 0xff, 0xff, 0xff, 0xff, 0xff, 0xff, 0x20,
    0x0, 0x0, 0x0, 0x0, 0x0, 0x0, 0x0, 0x2f,
    0xff, 0xff, 0xff, 0xff, 0xff, 0xff, 0x80, 0x0,
    0x0, 0x0, 0x0, 0x0, 0x0, 0x0, 0xf, 0xff,
    0xff, 0xff, 0xff, 0xff, 0xff, 0xf1, 0x0, 0x0,
    0x0, 0x0, 0x0, 0x0, 0x0, 0xd, 0xff, 0xff,
    0xff, 0xff, 0xff, 0xff, 0xfa, 0x0, 0x0, 0x0,
    0x0, 0x0, 0x0, 0x0, 0x9, 0xff, 0xff, 0xff,
    0xff, 0xff, 0xff, 0xff, 0x60, 0x0, 0x0, 0x0,
    0x0, 0x0, 0x0, 0x4, 0xff, 0xff, 0xff, 0xff,
    0xff, 0xff, 0xff, 0xf5, 0x0, 0x0, 0x0, 0x0,
    0x0, 0x0, 0x0, 0xdf, 0xff, 0xff, 0xff, 0xff,
    0xff, 0xff, 0xff, 0x80, 0x0, 0x0, 0x0, 0x0,
    0x0, 0x0, 0x5f, 0xff, 0xff, 0xff, 0xff, 0xff,
    0xff, 0xff, 0xfc, 0x30, 0x0, 0x0, 0x0, 0x0,
    0x0, 0xc, 0xff, 0xff, 0xff, 0xff, 0xff, 0xff,
    0xff, 0xff, 0xfb, 0x62, 0x0, 0x0, 0x10, 0x0,
    0x2, 0xff, 0xff, 0xff, 0xff, 0xff, 0xff, 0xff,
    0xff, 0xff, 0xff, 0xfe, 0xef, 0xf4, 0x0, 0x0,
    0x4f, 0xff, 0xff, 0xff, 0xff, 0xff, 0xff, 0xff,
    0xff, 0xff, 0xff, 0xff, 0xc0, 0x0, 0x0, 0x5,
    0xff, 0xff, 0xff, 0xff, 0xff, 0xff, 0xff, 0xff,
    0xff, 0xff, 0xfc, 0x0, 0x0, 0x0, 0x0, 0x3e,
    0xff, 0xff, 0xff, 0xff, 0xff, 0xff, 0xff, 0xff,
    0xff, 0xa0, 0x0, 0x0, 0x0, 0x0, 0x1, 0xaf,
    0xff, 0xff, 0xff, 0xff, 0xff, 0xff, 0xff, 0xe6,
    0x0, 0x0, 0x0, 0x0, 0x0, 0x0, 0x3, 0xbf,
    0xff, 0xff, 0xff, 0xff, 0xff, 0xe8, 0x0, 0x0,
    0x0, 0x0, 0x0, 0x0, 0x0, 0x0, 0x1, 0x6a,
    0xde, 0xff, 0xdb, 0x84, 0x0, 0x0, 0x0, 0x0,

    /* U+F1EB "" */
    0x0, 0x0, 0x0, 0x0, 0x0, 0x0, 0x0, 0x0,
    0x0, 0x0, 0x0, 0x0, 0x0, 0x0, 0x0, 0x0,
    0x0, 0x0, 0x0, 0x0, 0x0, 0x0, 0x0, 0x0,
    0x0, 0x0, 0x4, 0x7a, 0xde, 0xff, 0xff, 0xed,
    0xa7, 0x40, 0x0, 0x0, 0x0, 0x0, 0x0, 0x0,
    0x0, 0x0, 0x0, 0x0, 0x1, 0x6b, 0xff, 0xff,
    0xff, 0xff, 0xff, 0xff, 0xff, 0xff, 0xb6, 0x10,
    0x0, 0x0, 0x0, 0x0, 0x0, 0x0, 0x0, 0x2,
    0xaf, 0xff, 0xff, 0xff, 0xff, 0xff, 0xff, 0xff,
    0xff, 0xff, 0xff, 0xfa, 0x20, 0x0, 0x0, 0x0,
    0x0, 0x0, 0x2, 0xbf, 0xff, 0xff, 0xff, 0xff,
    0xff, 0xff, 0xff, 0xff, 0xff, 0xff, 0xff, 0xff,
    0xfb, 0x20, 0x0, 0x0, 0x0, 0x0, 0x7f, 0xff,
    0xff, 0xff, 0xff, 0xff, 0xff, 0xff, 0xff, 0xff,
    0xff, 0xff, 0xff, 0xff, 0xff, 0xf7, 0x0, 0x0,
    0x0, 0x2d, 0xff, 0xff, 0xff, 0xff, 0xfd, 0x96,
    0x42, 0x10, 0x1, 0x24, 0x69, 0xdf, 0xff, 0xff,
    0xff, 0xff, 0xd2, 0x0, 0x4, 0xff, 0xff, 0xff,
    0xff, 0xe8, 0x20, 0x0, 0x0, 0x0, 0x0, 0x0,
    0x0, 0x2, 0x8e, 0xff, 0xff, 0xff, 0xff, 0x40,
    0x7f, 0xff, 0xff, 0xff, 0xd5, 0x0, 0x0, 0x0,
    0x0, 0x0, 0x0, 0x0, 0x0, 0x0, 0x0, 0x5d,
    0xff, 0xff, 0xff, 0xf7, 0xef, 0xff, 0xff, 0xf7,
    0x0, 0x0, 0x0, 0x0, 0x0, 0x0, 0x0, 0x0,
    0x0, 0x0, 0x0, 0x0, 0x7f, 0xff, 0xff, 0xfe,
    0x5f, 0xff, 0xfd, 0x20, 0x0, 0x0, 0x0, 0x0,
    0x0, 0x0, 0x0, 0x0, 0x0, 0x0, 0x0, 0x0,
    0x2, 0xdf, 0xff, 0xf5, 0x5, 0xff, 0xa0, 0x0,
    0x0, 0x0, 0x0, 0x37, 0xbd, 0xef, 0xfe, 0xdb,
    0x73, 0x0, 0x0, 0x0, 0x0, 0xa, 0xff, 0x50,
    0x0, 0x46, 0x0, 0x0, 0x0, 0x1, 0x8e, 0xff,
    0xff, 0xff, 0xff, 0xff, 0xff, 0xe8, 0x10, 0x0,
    0x0, 0x0, 0x64, 0x0, 0x0, 0x0, 0x0, 0x0,
    0x0, 0x8f, 0xff, 0xff, 0xff, 0xff, 0xff, 0xff,
    0xff, 0xff, 0xf8, 0x0, 0x0, 0x0, 0x0, 0x0,
    0x0, 0x0, 0x0, 0x0, 0x3d, 0xff, 0xff, 0xff,
    0xff, 0xff, 0xff, 0xff, 0xff, 0xff, 0xff, 0xd3,
    0x0, 0x0, 0x0, 0x0, 0x0, 0x0, 0x0, 0x6,
    0xff, 0xff, 0xff, 0xff, 0xff, 0xff, 0xff, 0xff,
    0xff, 0xff, 0xff, 0xff, 0x60, 0x0, 0x0, 0x0,
    0x0, 0x0, 0x0, 0xf, 0xff, 0xff, 0xff, 0xfb,
    0x73, 0x20, 0x2, 0x37, 0xbf, 0xff, 0xff, 0xff,
    0xf0, 0x0, 0x0, 0x0, 0x0, 0x0, 0x0, 0x6,
    0xff, 0xff, 0xf9, 0x20, 0x0, 0x0, 0x0, 0x0,
    0x2, 0x9f, 0xff, 0xff, 0x60, 0x0, 0x0, 0x0,
    0x0, 0x0, 0x0, 0x0, 0x7f, 0xfd, 0x30, 0x0,
    0x0, 0x0, 0x0, 0x0, 0x0, 0x3, 0xdf, 0xf7,
    0x0, 0x0, 0x0, 0x0, 0x0, 0x0, 0x0, 0x0,
    0x6, 0x80, 0x0, 0x0, 0x0, 0x0, 0x0, 0x0,
    0x0, 0x0, 0x8, 0x60, 0x0, 0x0, 0x0, 0x0,
    0x0, 0x0, 0x0, 0x0, 0x0, 0x0, 0x0, 0x0,
    0x0, 0x0, 0x0, 0x0, 0x0, 0x0, 0x0, 0x0,
    0x0, 0x0, 0x0, 0x0, 0x0, 0x0, 0x0, 0x0,
    0x0, 0x0, 0x0, 0x0, 0x2, 0xbf, 0xfb, 0x20,
    0x0, 0x0, 0x0, 0x0, 0x0, 0x0, 0x0, 0x0,
    0x0, 0x0, 0x0, 0x0, 0x0, 0x0, 0x0, 0x0,
    0x2f, 0xff, 0xff, 0xf2, 0x0, 0x0, 0x0, 0x0,
    0x0, 0x0, 0x0, 0x0, 0x0, 0x0, 0x0, 0x0,
    0x0, 0x0, 0x0, 0x0, 0xbf, 0xff, 0xff, 0xfb,
    0x0, 0x0, 0x0, 0x0, 0x0, 0x0, 0x0, 0x0,
    0x0, 0x0, 0x0, 0x0, 0x0, 0x0, 0x0, 0x0,
    0xff, 0xff, 0xff, 0xff, 0x0, 0x0, 0x0, 0x0,
    0x0, 0x0, 0x0, 0x0, 0x0, 0x0, 0x0, 0x0,
    0x0, 0x0, 0x0, 0x0, 0xff, 0xff, 0xff, 0xff,
    0x0, 0x0, 0x0, 0x0, 0x0, 0x0, 0x0, 0x0,
    0x0, 0x0, 0x0, 0x0, 0x0, 0x0, 0x0, 0x0,
    0xbf, 0xff, 0xff, 0xfb, 0x0, 0x0, 0x0, 0x0,
    0x0, 0x0, 0x0, 0x0, 0x0, 0x0, 0x0, 0x0,
    0x0, 0x0, 0x0, 0x0, 0x2f, 0xff, 0xff, 0xf2,
    0x0, 0x0, 0x0, 0x0, 0x0, 0x0, 0x0, 0x0,
    0x0, 0x0, 0x0, 0x0, 0x0, 0x0, 0x0, 0x0,
    0x2, 0xbf, 0xfb, 0x20, 0x0, 0x0, 0x0, 0x0,
    0x0, 0x0, 0x0, 0x0,

    /* U+F240 "" */
    0x8, 0xef, 0xff, 0xff, 0xff, 0xff, 0xff, 0xff,
    0xff, 0xff, 0xff, 0xff, 0xff, 0xff, 0xff, 0xff,
    0xff, 0xfe, 0x80, 0x0, 0x8f, 0xff, 0xff, 0xff,
    0xff, 0xff, 0xff, 0xff, 0xff, 0xff, 0xff, 0xff,
    0xff, 0xff, 0xff, 0xff, 0xff, 0xff, 0xf8, 0x0,
    0xef, 0xff, 0xff, 0xff, 0xff, 0xff, 0xff, 0xff,
    0xff, 0xff, 0xff, 0xff, 0xff, 0xff, 0xff, 0xff,
    0xff, 0xff, 0xfe, 0x0, 0xff, 0xff, 0xff, 0xff,
    0xff, 0xff, 0xff, 0xff, 0xff, 0xff, 0xff, 0xff,
    0xff, 0xff, 0xff, 0xff, 0xff, 0xff, 0xff, 0x0,
    0xff, 0xff, 0x0, 0x0, 0x0, 0x0, 0x0, 0x0,
    0x0, 0x0, 0x0, 0x0, 0x0, 0x0, 0x0, 0x0,
    0x0, 0xff, 0xff, 0xf8, 0xff, 0xff, 0x0, 0x0,
    0x0, 0x0, 0x0, 0x0, 0x0, 0x0, 0x0, 0x0,
    0x0, 0x0, 0x0, 0x0, 0x0, 0xff, 0xff, 0xff,
    0xff, 0xff, 0x0, 0xff, 0xff, 0xff, 0xff, 0xff,
    0xff, 0xff, 0xff, 0xff, 0xff, 0xff, 0xff, 0xff,
    0x0, 0xff, 0xff, 0xff, 0xff, 0xff, 0x0, 0xff,
    0xff, 0xff, 0xff, 0xff, 0xff, 0xff, 0xff, 0xff,
    0xff, 0xff, 0xff, 0xff, 0x0, 0xff, 0xff, 0xff,
    0xff, 0xff, 0x0, 0xff, 0xff, 0xff, 0xff, 0xff,
    0xff, 0xff, 0xff, 0xff, 0xff, 0xff, 0xff, 0xff,
    0x0, 0x0, 0xff, 0xff, 0xff, 0xff, 0x0, 0xff,
    0xff, 0xff, 0xff, 0xff, 0xff, 0xff, 0xff, 0xff,
    0xff, 0xff, 0xff, 0xff, 0x0, 0x0, 0xff, 0xff,
    0xff, 0xff, 0x0, 0xff, 0xff, 0xff, 0xff, 0xff,
    0xff, 0xff, 0xff, 0xff, 0xff, 0xff, 0xff, 0xff,
    0x0, 0x0, 0xff, 0xff, 0xff, 0xff, 0x0, 0xff,
    0xff, 0xff, 0xff, 0xff, 0xff, 0xff, 0xff, 0xff,
    0xff, 0xff, 0xff, 0xff, 0x0, 0x0, 0xff, 0xff,
    0xff, 0xff, 0x0, 0xff, 0xff, 0xff, 0xff, 0xff,
    0xff, 0xff, 0xff, 0xff, 0xff, 0xff, 0xff, 0xff,
    0x0, 0xff, 0xff, 0xff, 0xff, 0xff, 0x0, 0xff,
    0xff, 0xff, 0xff, 0xff, 0xff, 0xff, 0xff, 0xff,
    0xff, 0xff, 0xff, 0xff, 0x0, 0xff, 0xff, 0xff,
    0xff, 0xff, 0x0, 0x0, 0x0, 0x0, 0x0, 0x0,
    0x0, 0x0, 0x0, 0x0, 0x0, 0x0, 0x0, 0x0,
    0x0, 0xff, 0xff, 0xff, 0xff, 0xff, 0x0, 0x0,
    0x0, 0x0, 0x0, 0x0, 0x0, 0x0, 0x0, 0x0,
    0x0, 0x0, 0x0, 0x0, 0x0, 0xff, 0xff, 0xf8,
    0xff, 0xff, 0xff, 0xff, 0xff, 0xff, 0xff, 0xff,
    0xff, 0xff, 0xff, 0xff, 0xff, 0xff, 0xff, 0xff,
    0xff, 0xff, 0xff, 0x0, 0xef, 0xff, 0xff, 0xff,
    0xff, 0xff, 0xff, 0xff, 0xff, 0xff, 0xff, 0xff,
    0xff, 0xff, 0xff, 0xff, 0xff, 0xff, 0xfe, 0x0,
    0x8f, 0xff, 0xff, 0xff, 0xff, 0xff, 0xff, 0xff,
    0xff, 0xff, 0xff, 0xff, 0xff, 0xff, 0xff, 0xff,
    0xff, 0xff, 0xf8, 0x0, 0x8, 0xef, 0xff, 0xff,
    0xff, 0xff, 0xff, 0xff, 0xff, 0xff, 0xff, 0xff,
    0xff, 0xff, 0xff, 0xff, 0xff, 0xfe, 0x80, 0x0,

    /* U+F241 "" */
    0x8, 0xef, 0xff, 0xff, 0xff, 0xff, 0xff, 0xff,
    0xff, 0xff, 0xff, 0xff, 0xff, 0xff, 0xff, 0xff,
    0xff, 0xfe, 0x80, 0x0, 0x8f, 0xff, 0xff, 0xff,
    0xff, 0xff, 0xff, 0xff, 0xff, 0xff, 0xff, 0xff,
    0xff, 0xff, 0xff, 0xff, 0xff, 0xff, 0xf8, 0x0,
    0xef, 0xff, 0xff, 0xff, 0xff, 0xff, 0xff, 0xff,
    0xff, 0xff, 0xff, 0xff, 0xff, 0xff, 0xff, 0xff,
    0xff, 0xff, 0xfe, 0x0, 0xff, 0xff, 0xff, 0xff,
    0xff, 0xff, 0xff, 0xff, 0xff, 0xff, 0xff, 0xff,
    0xff, 0xff, 0xff, 0xff, 0xff, 0xff, 0xff, 0x0,
    0xff, 0xff, 0x0, 0x0, 0x0, 0x0, 0x0, 0x0,
    0x0, 0x0, 0x0, 0x0, 0x0, 0x0, 0x0, 0x0,
    0x0, 0xff, 0xff, 0xf8, 0xff, 0xff, 0x0, 0x0,
    0x0, 0x0, 0x0, 0x0, 0x0, 0x0, 0x0, 0x0,
    0x0, 0x0, 0x0, 0x0, 0x0, 0xff, 0xff, 0xff,
    0xff, 0xff, 0x0, 0xff, 0xff, 0xff, 0xff, 0xff,
    0xff, 0xff, 0xff, 0xff, 0xff, 0x0, 0x0, 0x0,
    0x0, 0xff, 0xff, 0xff, 0xff, 0xff, 0x0, 0xff,
    0xff, 0xff, 0xff, 0xff, 0xff, 0xff, 0xff, 0xff,
    0xff, 0x0, 0x0, 0x0, 0x0, 0xff, 0xff, 0xff,
    0xff, 0xff, 0x0, 0xff, 0xff, 0xff, 0xff, 0xff,
    0xff, 0xff, 0xff, 0xff, 0xff, 0x0, 0x0, 0x0,
    0x0, 0x0, 0xff, 0xff, 0xff, 0xff, 0x0, 0xff,
    0xff, 0xff, 0xff, 0xff, 0xff, 0xff, 0xff, 0xff,
    0xff, 0x0, 0x0, 0x0, 0x0, 0x0, 0xff, 0xff,
    0xff, 0xff, 0x0, 0xff, 0xff, 0xff, 0xff, 0xff,
    0xff, 0xff, 0xff, 0xff, 0xff, 0x0, 0x0, 0x0,
    0x0, 0x0, 0xff, 0xff, 0xff, 0xff, 0x0, 0xff,
    0xff, 0xff, 0xff, 0xff, 0xff, 0xff, 0xff, 0xff,
    0xff, 0x0, 0x0, 0x0, 0x0, 0x0, 0xff, 0xff,
    0xff, 0xff, 0x0, 0xff, 0xff, 0xff, 0xff, 0xff,
    0xff, 0xff, 0xff, 0xff, 0xff, 0x0, 0x0, 0x0,
    0x0, 0xff, 0xff, 0xff, 0xff, 0xff, 0x0, 0xff,
    0xff, 0xff, 0xff, 0xff, 0xff, 0xff, 0xff, 0xff,
    0xff, 0x0, 0x0, 0x0, 0x0, 0xff, 0xff, 0xff,
    0xff, 0xff, 0x0, 0x0, 0x0, 0x0, 0x0, 0x0,
    0x0, 0x0, 0x0, 0x0, 0x0, 0x0, 0x0, 0x0,
    0x0, 0xff, 0xff, 0xff, 0xff, 0xff, 0x0, 0x0,
    0x0, 0x0, 0x0, 0x0, 0x0, 0x0, 0x0, 0x0,
    0x0, 0x0, 0x0, 0x0, 0x0, 0xff, 0xff, 0xf8,
    0xff, 0xff, 0xff, 0xff, 0xff, 0xff, 0xff, 0xff,
    0xff, 0xff, 0xff, 0xff, 0xff, 0xff, 0xff, 0xff,
    0xff, 0xff, 0xff, 0x0, 0xef, 0xff, 0xff, 0xff,
    0xff, 0xff, 0xff, 0xff, 0xff, 0xff, 0xff, 0xff,
    0xff, 0xff, 0xff, 0xff, 0xff, 0xff, 0xfe, 0x0,
    0x8f, 0xff, 0xff, 0xff, 0xff, 0xff, 0xff, 0xff,
    0xff, 0xff, 0xff, 0xff, 0xff, 0xff, 0xff, 0xff,
    0xff, 0xff, 0xf8, 0x0, 0x8, 0xef, 0xff, 0xff,
    0xff, 0xff, 0xff, 0xff, 0xff, 0xff, 0xff, 0xff,
    0xff, 0xff, 0xff, 0xff, 0xff, 0xfe, 0x80, 0x0,

    /* U+F242 "" */
    0x8, 0xef, 0xff, 0xff, 0xff, 0xff, 0xff, 0xff,
    0xff, 0xff, 0xff, 0xff, 0xff, 0xff, 0xff, 0xff,
    0xff, 0xfe, 0x80, 0x0, 0x8f, 0xff, 0xff, 0xff,
    0xff, 0xff, 0xff, 0xff, 0xff, 0xff, 0xff, 0xff,
    0xff, 0xff, 0xff, 0xff, 0xff, 0xff, 0xf8, 0x0,
    0xef, 0xff, 0xff, 0xff, 0xff, 0xff, 0xff, 0xff,
    0xff, 0xff, 0xff, 0xff, 0xff, 0xff, 0xff, 0xff,
    0xff, 0xff, 0xfe, 0x0, 0xff, 0xff, 0xff, 0xff,
    0xff, 0xff, 0xff, 0xff, 0xff, 0xff, 0xff, 0xff,
    0xff, 0xff, 0xff, 0xff, 0xff, 0xff, 0xff, 0x0,
    0xff, 0xff, 0x0, 0x0, 0x0, 0x0, 0x0, 0x0,
    0x0, 0x0, 0x0, 0x0, 0x0, 0x0, 0x0, 0x0,
    0x0, 0xff, 0xff, 0xf8, 0xff, 0xff, 0x0, 0x0,
    0x0, 0x0, 0x0, 0x0, 0x0, 0x0, 0x0, 0x0,
    0x0, 0x0, 0x0, 0x0, 0x0, 0xff, 0xff, 0xff,
    0xff, 0xff, 0x0, 0xff, 0xff, 0xff, 0xff, 0xff,
    0xff, 0xff, 0x0, 0x0, 0x0, 0x0, 0x0, 0x0,
    0x0, 0xff, 0xff, 0xff, 0xff, 0xff, 0x0, 0xff,
    0xff, 0xff, 0xff, 0xff, 0xff, 0xff, 0x0, 0x0,
    0x0, 0x0, 0x0, 0x0, 0x0, 0xff, 0xff, 0xff,
    0xff, 0xff, 0x0, 0xff, 0xff, 0xff, 0xff, 0xff,
    0xff, 0xff, 0x0, 0x0, 0x0, 0x0, 0x0, 0x0,
    0x0, 0x0, 0xff, 0xff, 0xff, 0xff, 0x0, 0xff,
    0xff, 0xff, 0xff, 0xff, 0xff, 0xff, 0x0, 0x0,
    0x0, 0x0, 0x0, 0x0, 0x0, 0x0, 0xff, 0xff,
    0xff, 0xff, 0x0, 0xff, 0xff, 0xff, 0xff, 0xff,
    0xff, 0xff, 0x0, 0x0, 0x0, 0x0, 0x0, 0x0,
    0x0, 0x0, 0xff, 0xff, 0xff, 0xff, 0x0, 0xff,
    0xff, 0xff, 0xff, 0xff, 0xff, 0xff, 0x0, 0x0,
    0x0, 0x0, 0x0, 0x0, 0x0, 0x0, 0xff, 0xff,
    0xff, 0xff, 0x0, 0xff, 0xff, 0xff, 0xff, 0xff,
    0xff, 0xff, 0x0, 0x0, 0x0, 0x0, 0x0, 0x0,
    0x0, 0xff, 0xff, 0xff, 0xff, 0xff, 0x0, 0xff,
    0xff, 0xff, 0xff, 0xff, 0xff, 0xff, 0x0, 0x0,
    0x0, 0x0, 0x0, 0x0, 0x0, 0xff, 0xff, 0xff,
    0xff, 0xff, 0x0, 0x0, 0x0, 0x0, 0x0, 0x0,
    0x0, 0x0, 0x0, 0x0, 0x0, 0x0, 0x0, 0x0,
    0x0, 0xff, 0xff, 0xff, 0xff, 0xff, 0x0, 0x0,
    0x0, 0x0, 0x0, 0x0, 0x0, 0x0, 0x0, 0x0,
    0x0, 0x0, 0x0, 0x0, 0x0, 0xff, 0xff, 0xf8,
    0xff, 0xff, 0xff, 0xff, 0xff, 0xff, 0xff, 0xff,
    0xff, 0xff, 0xff, 0xff, 0xff, 0xff, 0xff, 0xff,
    0xff, 0xff, 0xff, 0x0, 0xef, 0xff, 0xff, 0xff,
    0xff, 0xff, 0xff, 0xff, 0xff, 0xff, 0xff, 0xff,
    0xff, 0xff, 0xff, 0xff, 0xff, 0xff, 0xfe, 0x0,
    0x8f, 0xff, 0xff, 0xff, 0xff, 0xff, 0xff, 0xff,
    0xff, 0xff, 0xff, 0xff, 0xff, 0xff, 0xff, 0xff,
    0xff, 0xff, 0xf8, 0x0, 0x8, 0xef, 0xff, 0xff,
    0xff, 0xff, 0xff, 0xff, 0xff, 0xff, 0xff, 0xff,
    0xff, 0xff, 0xff, 0xff, 0xff, 0xfe, 0x80, 0x0,

    /* U+F243 "" */
    0x8, 0xef, 0xff, 0xff, 0xff, 0xff, 0xff, 0xff,
    0xff, 0xff, 0xff, 0xff, 0xff, 0xff, 0xff, 0xff,
    0xff, 0xfe, 0x80, 0x0, 0x8f, 0xff, 0xff, 0xff,
    0xff, 0xff, 0xff, 0xff, 0xff, 0xff, 0xff, 0xff,
    0xff, 0xff, 0xff, 0xff, 0xff, 0xff, 0xf8, 0x0,
    0xef, 0xff, 0xff, 0xff, 0xff, 0xff, 0xff, 0xff,
    0xff, 0xff, 0xff, 0xff, 0xff, 0xff, 0xff, 0xff,
    0xff, 0xff, 0xfe, 0x0, 0xff, 0xff, 0xff, 0xff,
    0xff, 0xff, 0xff, 0xff, 0xff, 0xff, 0xff, 0xff,
    0xff, 0xff, 0xff, 0xff, 0xff, 0xff, 0xff, 0x0,
    0xff, 0xff, 0x0, 0x0, 0x0, 0x0, 0x0, 0x0,
    0x0, 0x0, 0x0, 0x0, 0x0, 0x0, 0x0, 0x0,
    0x0, 0xff, 0xff, 0xf8, 0xff, 0xff, 0x0, 0x0,
    0x0, 0x0, 0x0, 0x0, 0x0, 0x0, 0x0, 0x0,
    0x0, 0x0, 0x0, 0x0, 0x0, 0xff, 0xff, 0xff,
    0xff, 0xff, 0x0, 0xff, 0xff, 0xff, 0xff, 0x0,
    0x0, 0x0, 0x0, 0x0, 0x0, 0x0, 0x0, 0x0,
    0x0, 0xff, 0xff, 0xff, 0xff, 0xff, 0x0, 0xff,
    0xff, 0xff, 0xff, 0x0, 0x0, 0x0, 0x0, 0x0,
    0x0, 0x0, 0x0, 0x0, 0x0, 0xff, 0xff, 0xff,
    0xff, 0xff, 0x0, 0xff, 0xff, 0xff, 0xff, 0x0,
    0x0, 0x0, 0x0, 0x0, 0x0, 0x0, 0x0, 0x0,
    0x0, 0x0, 0xff, 0xff, 0xff, 0xff, 0x0, 0xff,
    0xff, 0xff, 0xff, 0x0, 0x0, 0x0, 0x0, 0x0,
    0x0, 0x0, 0x0, 0x0, 0x0, 0x0, 0xff, 0xff,
    0xff, 0xff, 0x0, 0xff, 0xff, 0xff, 0xff, 0x0,
    0x0, 0x0, 0x0, 0x0, 0x0, 0x0, 0x0, 0x0,
    0x0, 0x0, 0xff, 0xff, 0xff, 0xff, 0x0, 0xff,
    0xff, 0xff, 0xff, 0x0, 0x0, 0x0, 0x0, 0x0,
    0x0, 0x0, 0x0, 0x0, 0x0, 0x0, 0xff, 0xff,
    0xff, 0xff, 0x0, 0xff, 0xff, 0xff, 0xff, 0x0,
    0x0, 0x0, 0x0, 0x0, 0x0, 0x0, 0x0, 0x0,
    0x0, 0xff, 0xff, 0xff, 0xff, 0xff, 0x0, 0xff,
    0xff, 0xff, 0xff, 0x0, 0x0, 0x0, 0x0, 0x0,
    0x0, 0x0, 0x0, 0x0, 0x0, 0xff, 0xff, 0xff,
    0xff, 0xff, 0x0, 0x0, 0x0, 0x0, 0x0, 0x0,
    0x0, 0x0, 0x0, 0x0, 0x0, 0x0, 0x0, 0x0,
    0x0, 0xff, 0xff, 0xff, 0xff, 0xff, 0x0, 0x0,
    0x0, 0x0, 0x0, 0x0, 0x0, 0x0, 0x0, 0x0,
    0x0, 0x0, 0x0, 0x0, 0x0, 0xff, 0xff, 0xf8,
    0xff, 0xff, 0xff, 0xff, 0xff, 0xff, 0xff, 0xff,
    0xff, 0xff, 0xff, 0xff, 0xff, 0xff, 0xff, 0xff,
    0xff, 0xff, 0xff, 0x0, 0xef, 0xff, 0xff, 0xff,
    0xff, 0xff, 0xff, 0xff, 0xff, 0xff, 0xff, 0xff,
    0xff, 0xff, 0xff, 0xff, 0xff, 0xff, 0xfe, 0x0,
    0x8f, 0xff, 0xff, 0xff, 0xff, 0xff, 0xff, 0xff,
    0xff, 0xff, 0xff, 0xff, 0xff, 0xff, 0xff, 0xff,
    0xff, 0xff, 0xf8, 0x0, 0x8, 0xef, 0xff, 0xff,
    0xff, 0xff, 0xff, 0xff, 0xff, 0xff, 0xff, 0xff,
    0xff, 0xff, 0xff, 0xff, 0xff, 0xfe, 0x80, 0x0,

    /* U+F244 "" */
    0x8, 0xef, 0xff, 0xff, 0xff, 0xff, 0xff, 0xff,
    0xff, 0xff, 0xff, 0xff, 0xff, 0xff, 0xff, 0xff,
    0xff, 0xfe, 0x80, 0x0, 0x8f, 0xff, 0xff, 0xff,
    0xff, 0xff, 0xff, 0xff, 0xff, 0xff, 0xff, 0xff,
    0xff, 0xff, 0xff, 0xff, 0xff, 0xff, 0xf8, 0x0,
    0xef, 0xff, 0xff, 0xff, 0xff, 0xff, 0xff, 0xff,
    0xff, 0xff, 0xff, 0xff, 0xff, 0xff, 0xff, 0xff,
    0xff, 0xff, 0xfe, 0x0, 0xff, 0xff, 0xff, 0xff,
    0xff, 0xff, 0xff, 0xff, 0xff, 0xff, 0xff, 0xff,
    0xff, 0xff, 0xff, 0xff, 0xff, 0xff, 0xff, 0x0,
    0xff, 0xff, 0x0, 0x0, 0x0, 0x0, 0x0, 0x0,
    0x0, 0x0, 0x0, 0x0, 0x0, 0x0, 0x0, 0x0,
    0x0, 0xff, 0xff, 0xf8, 0xff, 0xff, 0x0, 0x0,
    0x0, 0x0, 0x0, 0x0, 0x0, 0x0, 0x0, 0x0,
    0x0, 0x0, 0x0, 0x0, 0x0, 0xff, 0xff, 0xff,
    0xff, 0xff, 0x0, 0x0, 0x0, 0x0, 0x0, 0x0,
    0x0, 0x0, 0x0, 0x0, 0x0, 0x0, 0x0, 0x0,
    0x0, 0xff, 0xff, 0xff, 0xff, 0xff, 0x0, 0x0,
    0x0, 0x0, 0x0, 0x0, 0x0, 0x0, 0x0, 0x0,
    0x0, 0x0, 0x0, 0x0, 0x0, 0xff, 0xff, 0xff,
    0xff, 0xff, 0x0, 0x0, 0x0, 0x0, 0x0, 0x0,
    0x0, 0x0, 0x0, 0x0, 0x0, 0x0, 0x0, 0x0,
    0x0, 0x0, 0xff, 0xff, 0xff, 0xff, 0x0, 0x0,
    0x0, 0x0, 0x0, 0x0, 0x0, 0x0, 0x0, 0x0,
    0x0, 0x0, 0x0, 0x0, 0x0, 0x0, 0xff, 0xff,
    0xff, 0xff, 0x0, 0x0, 0x0, 0x0, 0x0, 0x0,
    0x0, 0x0, 0x0, 0x0, 0x0, 0x0, 0x0, 0x0,
    0x0, 0x0, 0xff, 0xff, 0xff, 0xff, 0x0, 0x0,
    0x0, 0x0, 0x0, 0x0, 0x0, 0x0, 0x0, 0x0,
    0x0, 0x0, 0x0, 0x0, 0x0, 0x0, 0xff, 0xff,
    0xff, 0xff, 0x0, 0x0, 0x0, 0x0, 0x0, 0x0,
    0x0, 0x0, 0x0, 0x0, 0x0, 0x0, 0x0, 0x0,
    0x0, 0xff, 0xff, 0xff, 0xff, 0xff, 0x0, 0x0,
    0x0, 0x0, 0x0, 0x0, 0x0, 0x0, 0x0, 0x0,
    0x0, 0x0, 0x0, 0x0, 0x0, 0xff, 0xff, 0xff,
    0xff, 0xff, 0x0, 0x0, 0x0, 0x0, 0x0, 0x0,
    0x0, 0x0, 0x0, 0x0, 0x0, 0x0, 0x0, 0x0,
    0x0, 0xff, 0xff, 0xff, 0xff, 0xff, 0x0, 0x0,
    0x0, 0x0, 0x0, 0x0, 0x0, 0x0, 0x0, 0x0,
    0x0, 0x0, 0x0, 0x0, 0x0, 0xff, 0xff, 0xf8,
    0xff, 0xff, 0xff, 0xff, 0xff, 0xff, 0xff, 0xff,
    0xff, 0xff, 0xff, 0xff, 0xff, 0xff, 0xff, 0xff,
    0xff, 0xff, 0xff, 0x0, 0xef, 0xff, 0xff, 0xff,
    0xff, 0xff, 0xff, 0xff, 0xff, 0xff, 0xff, 0xff,
    0xff, 0xff, 0xff, 0xff, 0xff, 0xff, 0xfe, 0x0,
    0x8f, 0xff, 0xff, 0xff, 0xff, 0xff, 0xff, 0xff,
    0xff, 0xff, 0xff, 0xff, 0xff, 0xff, 0xff, 0xff,
    0xff, 0xff, 0xf8, 0x0, 0x8, 0xef, 0xff, 0xff,
    0xff, 0xff, 0xff, 0xff, 0xff, 0xff, 0xff, 0xff,
    0xff, 0xff, 0xff, 0xff, 0xff, 0xfe, 0x80, 0x0,

    /* U+F287 "" */
    0x0, 0x0, 0x0, 0x0, 0x0, 0x0, 0x0, 0x0,
    0x0, 0x0, 0x0, 0x1, 0x0, 0x0, 0x0, 0x0,
    0x0, 0x0, 0x0, 0x0, 0x0, 0x0, 0x0, 0x0,
    0x0, 0x0, 0x0, 0x0, 0x0, 0x0, 0x0, 0x7f,
    0xfe, 0x40, 0x0, 0x0, 0x0, 0x0, 0x0, 0x0,
    0x0, 0x0, 0x0, 0x0, 0x0, 0x0, 0x0, 0x0,
    0x0, 0x0, 0x0, 0x6f, 0xff, 0xff, 0x30, 0x0,
    0x0, 0x0, 0x0, 0x0, 0x0, 0x0, 0x0, 0x0,
    0x0, 0x0, 0x0, 0x0, 0x0, 0x5, 0xce, 0xef,
    0xff, 0xff, 0xfa, 0x0, 0x0, 0x0, 0x0, 0x0,
    0x0, 0x0, 0x0, 0x0, 0x0, 0x0, 0x0, 0x0,
    0x0, 0x7, 0xff, 0xff, 0xff, 0xff, 0xff, 0xb0,
    0x0, 0x0, 0x0, 0x0, 0x0, 0x0, 0x0, 0x0,
    0x0, 0x0, 0x0, 0x0, 0x0, 0x3, 0xff, 0xb5,
    0x5b, 0xff, 0xff, 0xf7, 0x0, 0x0, 0x0, 0x0,
    0x0, 0x0, 0x0, 0x0, 0x0, 0x0, 0x0, 0x0,
    0x0, 0x0, 0xbf, 0xc0, 0x0, 0x1d, 0xff, 0xfb,
    0x0, 0x0, 0x0, 0x0, 0x0, 0x0, 0x0, 0x0,
    0x0, 0x0, 0x0, 0x0, 0x0, 0x0, 0x3f, 0xf3,
    0x0, 0x0, 0x6, 0x85, 0x0, 0x0, 0x0, 0x0,
    0x0, 0x0, 0x0, 0x0, 0x0, 0x5, 0x64, 0x0,
    0x0, 0x0, 0xb, 0xfb, 0x0, 0x0, 0x0, 0x0,
    0x0, 0x0, 0x0, 0x0, 0x0, 0x0, 0x0, 0x0,
    0x0, 0x4e, 0xff, 0xfd, 0x30, 0x0, 0x3, 0xff,
    0x40, 0x0, 0x0, 0x0, 0x0, 0x0, 0x0, 0x0,
    0x0, 0x7a, 0x10, 0x0, 0x0, 0x3f, 0xff, 0xff,
    0xfe, 0x20, 0x0, 0xbf, 0xc0, 0x0, 0x0, 0x0,
    0x0, 0x0, 0x0, 0x0, 0x0, 0xa, 0xff, 0x70,
    0x0, 0xb, 0xff, 0xff, 0xff, 0xf9, 0x12, 0x8f,
    0xf5, 0x22, 0x22, 0x22, 0x22, 0x22, 0x22, 0x22,
    0x22, 0x22, 0xaf, 0xff, 0xd3, 0x0, 0xff, 0xff,
    0xff, 0xff, 0xff, 0xff, 0xff, 0xff, 0xff, 0xff,
    0xff, 0xff, 0xff, 0xff, 0xff, 0xff, 0xff, 0xff,
    0xff, 0xf9, 0xf, 0xff, 0xff, 0xff, 0xff, 0xff,
    0xff, 0xff, 0xff, 0xff, 0xff, 0xff, 0xff, 0xff,
    0xff, 0xff, 0xff, 0xff, 0xff, 0xff, 0xa0, 0xbf,
    0xff, 0xff, 0xff, 0x92, 0x22, 0x22, 0x24, 0xef,
    0xc2, 0x22, 0x22, 0x22, 0x22, 0x22, 0x22, 0x2a,
    0xff, 0xfd, 0x40, 0x3, 0xff, 0xff, 0xff, 0xe2,
    0x0, 0x0, 0x0, 0x4, 0xff, 0x30, 0x0, 0x0,
    0x0, 0x0, 0x0, 0x0, 0xaf, 0xf7, 0x0, 0x0,
    0x4, 0xef, 0xff, 0xd3, 0x0, 0x0, 0x0, 0x0,
    0xb, 0xfb, 0x0, 0x0, 0x0, 0x0, 0x0, 0x0,
    0x7, 0xa1, 0x0, 0x0, 0x0, 0x0, 0x56, 0x40,
    0x0, 0x0, 0x0, 0x0, 0x0, 0x3f, 0xf2, 0x0,
    0x0, 0x0, 0x0, 0x0, 0x0, 0x0, 0x0, 0x0,
    0x0, 0x0, 0x0, 0x0, 0x0, 0x0, 0x0, 0x0,
    0x0, 0x0, 0xcf, 0xa0, 0x0, 0x3a, 0xaa, 0xaa,
    0x91, 0x0, 0x0, 0x0, 0x0, 0x0, 0x0, 0x0,
    0x0, 0x0, 0x0, 0x0, 0x0, 0x0, 0x4, 0xff,
    0x40, 0x8, 0xff, 0xff, 0xff, 0x30, 0x0, 0x0,
    0x0, 0x0, 0x0, 0x0, 0x0, 0x0, 0x0, 0x0,
    0x0, 0x0, 0x0, 0xa, 0xff, 0x76, 0xbf, 0xff,
    0xff, 0xf3, 0x0, 0x0, 0x0, 0x0, 0x0, 0x0,
    0x0, 0x0, 0x0, 0x0, 0x0, 0x0, 0x0, 0x0,
    0x1d, 0xff, 0xff, 0xff, 0xff, 0xff, 0x30, 0x0,
    0x0, 0x0, 0x0, 0x0, 0x0, 0x0, 0x0, 0x0,
    0x0, 0x0, 0x0, 0x0, 0x0, 0x8, 0xcc, 0xef,
    0xff, 0xff, 0xf3, 0x0, 0x0, 0x0, 0x0, 0x0,
    0x0, 0x0, 0x0, 0x0, 0x0, 0x0, 0x0, 0x0,
    0x0, 0x0, 0x0, 0x8, 0xff, 0xff, 0xff, 0x30,
    0x0, 0x0, 0x0, 0x0, 0x0, 0x0, 0x0, 0x0,
    0x0, 0x0, 0x0, 0x0, 0x0, 0x0, 0x0, 0x0,
    0x7f, 0xff, 0xff, 0xf2, 0x0, 0x0, 0x0, 0x0,
    0x0, 0x0, 0x0, 0x0, 0x0, 0x0, 0x0, 0x0,
    0x0, 0x0, 0x0, 0x0, 0x0, 0x0, 0x0, 0x0,
    0x0, 0x0, 0x0, 0x0, 0x0,

    /* U+F293 "" */
    0x0, 0x0, 0x0, 0x4, 0x8c, 0xdf, 0xfe, 0xda,
    0x61, 0x0, 0x0, 0x0, 0x0, 0x0, 0x4, 0xdf,
    0xff, 0xff, 0xff, 0xff, 0xff, 0x90, 0x0, 0x0,
    0x0, 0x0, 0x8f, 0xff, 0xff, 0xfb, 0xff, 0xff,
    0xff, 0xfd, 0x10, 0x0, 0x0, 0xa, 0xff, 0xff,
    0xff, 0xf4, 0x9f, 0xff, 0xff, 0xff, 0xd1, 0x0,
    0x0, 0x7f, 0xff, 0xff, 0xff, 0xf4, 0xa, 0xff,
    0xff, 0xff, 0xfa, 0x0, 0x1, 0xff, 0xff, 0xff,
    0xff, 0xf4, 0x0, 0xbf, 0xff, 0xff, 0xff, 0x30,
    0x7, 0xff, 0xff, 0xff, 0xff, 0xf4, 0x0, 0xc,
    0xff, 0xff, 0xff, 0x90, 0xd, 0xff, 0xff, 0xff,
    0xff, 0xf4, 0x0, 0x1, 0xdf, 0xff, 0xff, 0xe0,
    0x2f, 0xff, 0xff, 0xef, 0xff, 0xf4, 0x5, 0x20,
    0x1d, 0xff, 0xff, 0xf3, 0x6f, 0xff, 0xfc, 0x19,
    0xff, 0xf4, 0x6, 0xe2, 0x2, 0xef, 0xff, 0xf7,
    0x9f, 0xff, 0xf3, 0x0, 0x9f, 0xf4, 0x6, 0xfe,
    0x10, 0x3f, 0xff, 0xf9, 0xbf, 0xff, 0xfe, 0x20,
    0x9, 0xf4, 0x6, 0xf7, 0x0, 0xaf, 0xff, 0xfb,
    0xdf, 0xff, 0xff, 0xe2, 0x0, 0x94, 0x6, 0x70,
    0x9, 0xff, 0xff, 0xfd, 0xef, 0xff, 0xff, 0xfe,
    0x20, 0x0, 0x1, 0x0, 0x7f, 0xff, 0xff, 0xfe,
    0xff, 0xff, 0xff, 0xff, 0xe2, 0x0, 0x0, 0x5,
    0xff, 0xff, 0xff, 0xff, 0xff, 0xff, 0xff, 0xff,
    0xfe, 0x20, 0x0, 0x4f, 0xff, 0xff, 0xff, 0xff,
    0xff, 0xff, 0xff, 0xff, 0xff, 0x60, 0x0, 0x8f,
    0xff, 0xff, 0xff, 0xff, 0xff, 0xff, 0xff, 0xff,
    0xf7, 0x0, 0x0, 0xa, 0xff, 0xff, 0xff, 0xff,
    0xef, 0xff, 0xff, 0xff, 0x70, 0x0, 0x0, 0x0,
    0xbf, 0xff, 0xff, 0xfe, 0xdf, 0xff, 0xff, 0xf7,
    0x0, 0x33, 0x4, 0x20, 0xc, 0xff, 0xff, 0xfe,
    0xcf, 0xff, 0xff, 0x70, 0x3, 0xe4, 0x6, 0xe2,
    0x0, 0xcf, 0xff, 0xfc, 0xaf, 0xff, 0xf7, 0x0,
    0x3f, 0xf4, 0x6, 0xfe, 0x10, 0x1e, 0xff, 0xfb,
    0x7f, 0xff, 0xf6, 0x3, 0xff, 0xf4, 0x6, 0xf7,
    0x0, 0x6f, 0xff, 0xf8, 0x3f, 0xff, 0xff, 0x9f,
    0xff, 0xf4, 0x6, 0x70, 0x6, 0xff, 0xff, 0xf5,
    0xe, 0xff, 0xff, 0xff, 0xff, 0xf4, 0x1, 0x0,
    0x6f, 0xff, 0xff, 0xf1, 0x9, 0xff, 0xff, 0xff,
    0xff, 0xf5, 0x0, 0x6, 0xff, 0xff, 0xff, 0xb0,
    0x2, 0xff, 0xff, 0xff, 0xff, 0xf5, 0x0, 0x6f,
    0xff, 0xff, 0xff, 0x50, 0x0, 0x9f, 0xff, 0xff,
    0xff, 0xf5, 0x6, 0xff, 0xff, 0xff, 0xfc, 0x0,
    0x0, 0xc, 0xff, 0xff, 0xff, 0xf5, 0x6f, 0xff,
    0xff, 0xff, 0xf3, 0x0, 0x0, 0x0, 0xaf, 0xff,
    0xff, 0xfb, 0xff, 0xff, 0xff, 0xff, 0x50, 0x0,
    0x0, 0x0, 0x5, 0xdf, 0xff, 0xff, 0xff, 0xff,
    0xff, 0xc3, 0x0, 0x0, 0x0, 0x0, 0x0, 0x4,
    0x8c, 0xef, 0xff, 0xec, 0x83, 0x0, 0x0, 0x0,

    /* U+F2DC "" */
    0x0, 0x0, 0x0, 0x0, 0x0, 0x0, 0xc, 0xff,
    0xc0, 0x0, 0x0, 0x0, 0x0, 0x0, 0x0, 0x0,
    0x0, 0x0, 0x0, 0x0, 0x0, 0xf, 0xff, 0xf0,
    0x0, 0x0, 0x0, 0x0, 0x0, 0x0, 0x0, 0x0,
    0x0, 0x0, 0x1, 0xcd, 0x1f, 0xff, 0xf1, 0xdb,
    0x10, 0x0, 0x0, 0x0, 0x0, 0x0, 0x0, 0x0,
    0x0, 0x8, 0xff, 0xdf, 0xff, 0xfd, 0xff, 0x80,
    0x0, 0x0, 0x0, 0x0, 0x0, 0x0, 0x0, 0x0,
    0x4, 0xff, 0xff, 0xff, 0xff, 0xff, 0x40, 0x0,
    0x0, 0x0, 0x0, 0x0, 0x0, 0x4, 0xa7, 0x0,
    0x5f, 0xff, 0xff, 0xff, 0xf5, 0x0, 0x8b, 0x40,
    0x0, 0x0, 0x0, 0x0, 0xd, 0xff, 0x0, 0x4,
    0xff, 0xff, 0xff, 0x40, 0x0, 0xff, 0xd0, 0x0,
    0x0, 0x0, 0xdd, 0x4b, 0xff, 0x40, 0x0, 0x4f,
    0xff, 0xf4, 0x0, 0x4, 0xff, 0xa4, 0xdd, 0x0,
    0x8, 0xff, 0xfe, 0xff, 0x80, 0x0, 0xf, 0xff,
    0xf0, 0x0, 0x9, 0xff, 0xef, 0xff, 0x80, 0xf,
    0xff, 0xff, 0xff, 0xd0, 0x0, 0xf, 0xff, 0xf0,
    0x0, 0xd, 0xff, 0xff, 0xff, 0xf0, 0x6, 0xef,
    0xff, 0xff, 0xf6, 0x0, 0xf, 0xff, 0xf0, 0x0,
    0x6f, 0xff, 0xff, 0xfe, 0x60, 0x0, 0x2d, 0xff,
    0xff, 0xff, 0xc3, 0xf, 0xff, 0xf0, 0x3c, 0xff,
    0xff, 0xff, 0xd2, 0x0, 0x7, 0xff, 0xff, 0xff,
    0xff, 0xff, 0xaf, 0xff, 0xfa, 0xff, 0xff, 0xff,
    0xff, 0xff, 0x70, 0x9, 0xff, 0xff, 0xde, 0xff,
    0xff, 0xff, 0xff, 0xff, 0xff, 0xff, 0xed, 0xff,
    0xff, 0x90, 0x4, 0xda, 0x62, 0x0, 0x7f, 0xff,
    0xff, 0xff, 0xff, 0xff, 0xf7, 0x0, 0x26, 0xad,
    0x40, 0x0, 0x0, 0x0, 0x0, 0x1, 0xaf, 0xff,
    0xff, 0xff, 0xfa, 0x10, 0x0, 0x0, 0x0, 0x0,
    0x0, 0x0, 0x0, 0x0, 0x1, 0xaf, 0xff, 0xff,
    0xff, 0xfa, 0x10, 0x0, 0x0, 0x0, 0x0, 0x4,
    0xda, 0x62, 0x0, 0x7f, 0xff, 0xff, 0xff, 0xff,
    0xff, 0xf7, 0x0, 0x26, 0xad, 0x40, 0x9, 0xff,
    0xff, 0xde, 0xff, 0xff, 0xff, 0xff, 0xff, 0xff,
    0xff, 0xed, 0xff, 0xff, 0x90, 0x7, 0xff, 0xff,
    0xff, 0xff, 0xff, 0xaf, 0xff, 0xfa, 0xff, 0xff,
    0xff, 0xff, 0xff, 0x70, 0x0, 0x2d, 0xff, 0xff,
    0xff, 0xc3, 0xf, 0xff, 0xf0, 0x3c, 0xff, 0xff,
    0xff, 0xd2, 0x0, 0x6, 0xef, 0xff, 0xff, 0xf6,
    0x0, 0xf, 0xff, 0xf0, 0x0, 0x6f, 0xff, 0xff,
    0xfe, 0x60, 0xf, 0xff, 0xff, 0xff, 0xd0, 0x0,
    0xf, 0xff, 0xf0, 0x0, 0xd, 0xff, 0xff, 0xff,
    0xf0, 0x8, 0xff, 0xfe, 0xff, 0x80, 0x0, 0xf,
    0xff, 0xf0, 0x0, 0x9, 0xff, 0xef, 0xff, 0x80,
    0x0, 0xdd, 0x4b, 0xff, 0x40, 0x0, 0x4f, 0xff,
    0xf4, 0x0, 0x4, 0xff, 0xa4, 0xdd, 0x0, 0x0,
    0x0, 0xe, 0xff, 0x0, 0x4, 0xff, 0xff, 0xff,
    0x40, 0x0, 0xff, 0xd0, 0x0, 0x0, 0x0, 0x0,
    0x5, 0xb7, 0x0, 0x4f, 0xff, 0xff, 0xff, 0xf4,
    0x0, 0x8b, 0x40, 0x0, 0x0, 0x0, 0x0, 0x0,
    0x0, 0x4, 0xff, 0xff, 0xff, 0xff, 0xff, 0x30,
    0x0, 0x0, 0x0, 0x0, 0x0, 0x0, 0x0, 0x0,
    0x9, 0xff, 0xdf, 0xff, 0xfd, 0xff, 0x80, 0x0,
    0x0, 0x0, 0x0, 0x0, 0x0, 0x0, 0x0, 0x1,
    0xbc, 0x1f, 0xff, 0xf1, 0xdb, 0x0, 0x0, 0x0,
    0x0, 0x0, 0x0, 0x0, 0x0, 0x0, 0x0, 0x0,
    0xf, 0xff, 0xf0, 0x0, 0x0, 0x0, 0x0, 0x0,
    0x0, 0x0, 0x0, 0x0, 0x0, 0x0, 0x0, 0xc,
    0xff, 0xc0, 0x0, 0x0, 0x0, 0x0, 0x0, 0x0,

    /* U+F2ED "" */
    0x0, 0x0, 0x0, 0x0, 0x9, 0xff, 0xff, 0xff,
    0xff, 0x90, 0x0, 0x0, 0x0, 0x0, 0x0, 0x0,
    0x0, 0x0, 0x4f, 0xff, 0xff, 0xff, 0xff, 0xf4,
    0x0, 0x0, 0x0, 0x0, 0xcf, 0xff, 0xff, 0xff,
    0xff, 0xff, 0xff, 0xff, 0xff, 0xff, 0xff, 0xff,
    0xff, 0xfc, 0xff, 0xff, 0xff, 0xff, 0xff, 0xff,
    0xff, 0xff, 0xff, 0xff, 0xff, 0xff, 0xff, 0xff,
    0xff, 0xff, 0xff, 0xff, 0xff, 0xff, 0xff, 0xff,
    0xff, 0xff, 0xff, 0xff, 0xff, 0xff, 0xcf, 0xff,
    0xff, 0xff, 0xff, 0xff, 0xff, 0xff, 0xff, 0xff,
    0xff, 0xff, 0xff, 0xfc, 0x0, 0x0, 0x0, 0x0,
    0x0, 0x0, 0x0, 0x0, 0x0, 0x0, 0x0, 0x0,
    0x0, 0x0, 0x0, 0x0, 0x0, 0x0, 0x0, 0x0,
    0x0, 0x0, 0x0, 0x0, 0x0, 0x0, 0x0, 0x0,
    0x0, 0xff, 0xff, 0xff, 0xff, 0xff, 0xff, 0xff,
    0xff, 0xff, 0xff, 0xff, 0xff, 0x0, 0x0, 0xff,
    0xff, 0xff, 0xff, 0xff, 0xff, 0xff, 0xff, 0xff,
    0xff, 0xff, 0xff, 0x0, 0x0, 0xff, 0xff, 0xff,
    0xff, 0xff, 0xff, 0xff, 0xff, 0xff, 0xff, 0xff,
    0xff, 0x0, 0x0, 0xff, 0xff, 0xff, 0xff, 0xff,
    0xff, 0xff, 0xff, 0xff, 0xff, 0xff, 0xff, 0x0,
    0x0, 0xff, 0xff, 0xf3, 0x3f, 0xff, 0xf3, 0x3f,
    0xff, 0xf3, 0x3f, 0xff, 0xff, 0x0, 0x0, 0xff,
    0xff, 0xf0, 0xf, 0xff, 0xf0, 0xf, 0xff, 0xf0,
    0xf, 0xff, 0xff, 0x0, 0x0, 0xff, 0xff, 0xf0,
    0xf, 0xff, 0xf0, 0xf, 0xff, 0xf0, 0xf, 0xff,
    0xff, 0x0, 0x0, 0xff, 0xff, 0xf0, 0xf, 0xff,
    0xf0, 0xf, 0xff, 0xf0, 0xf, 0xff, 0xff, 0x0,
    0x0, 0xff, 0xff, 0xf0, 0xf, 0xff, 0xf0, 0xf,
    0xff, 0xf0, 0xf, 0xff, 0xff, 0x0, 0x0, 0xff,
    0xff, 0xf0, 0xf, 0xff, 0xf0, 0xf, 0xff, 0xf0,
    0xf, 0xff, 0xff, 0x0, 0x0, 0xff, 0xff, 0xf0,
    0xf, 0xff, 0xf0, 0xf, 0xff, 0xf0, 0xf, 0xff,
    0xff, 0x0, 0x0, 0xff, 0xff, 0xf0, 0xf, 0xff,
    0xf0, 0xf, 0xff, 0xf0, 0xf, 0xff, 0xff, 0x0,
    0x0, 0xff, 0xff, 0xf0, 0xf, 0xff, 0xf0, 0xf,
    0xff, 0xf0, 0xf, 0xff, 0xff, 0x0, 0x0, 0xff,
    0xff, 0xf0, 0xf, 0xff, 0xf0, 0xf, 0xff, 0xf0,
    0xf, 0xff, 0xff, 0x0, 0x0, 0xff, 0xff, 0xf0,
    0xf, 0xff, 0xf0, 0xf, 0xff, 0xf0, 0xf, 0xff,
    0xff, 0x0, 0x0, 0xff, 0xff, 0xf0, 0xf, 0xff,
    0xf0, 0xf, 0xff, 0xf0, 0xf, 0xff, 0xff, 0x0,
    0x0, 0xff, 0xff, 0xf0, 0xf, 0xff, 0xf0, 0xf,
    0xff, 0xf0, 0xf, 0xff, 0xff, 0x0, 0x0, 0xff,
    0xff, 0xf0, 0xf, 0xff, 0xf0, 0xf, 0xff, 0xf0,
    0xf, 0xff, 0xff, 0x0, 0x0, 0xff, 0xff, 0xf0,
    0xf, 0xff, 0xf0, 0xf, 0xff, 0xf0, 0xf, 0xff,
    0xff, 0x0, 0x0, 0xff, 0xff, 0xf3, 0x3f, 0xff,
    0xf3, 0x3f, 0xff, 0xf3, 0x3f, 0xff, 0xff, 0x0,
    0x0, 0xff, 0xff, 0xff, 0xff, 0xff, 0xff, 0xff,
    0xff, 0xff, 0xff, 0xff, 0xff, 0x0, 0x0, 0xef,
    0xff, 0xff, 0xff, 0xff, 0xff, 0xff, 0xff, 0xff,
    0xff, 0xff, 0xfe, 0x0, 0x0, 0x8f, 0xff, 0xff,
    0xff, 0xff, 0xff, 0xff, 0xff, 0xff, 0xff, 0xff,
    0xf8, 0x0, 0x0, 0x8, 0xef, 0xff, 0xff, 0xff,
    0xff, 0xff, 0xff, 0xff, 0xff, 0xfe, 0x80, 0x0,

    /* U+F304 "" */
    0x0, 0x0, 0x0, 0x0, 0x0, 0x0, 0x0, 0x0,
    0x0, 0x0, 0x0, 0x0, 0x6d, 0xfa, 0x10, 0x0,
    0x0, 0x0, 0x0, 0x0, 0x0, 0x0, 0x0, 0x0,
    0x0, 0x0, 0x0, 0x0, 0x7f, 0xff, 0xfd, 0x10,
    0x0, 0x0, 0x0, 0x0, 0x0, 0x0, 0x0, 0x0,
    0x0, 0x0, 0x0, 0x0, 0x7f, 0xff, 0xff, 0xfd,
    0x10, 0x0, 0x0, 0x0, 0x0, 0x0, 0x0, 0x0,
    0x0, 0x0, 0x0, 0x0, 0x7f, 0xff, 0xff, 0xff,
    0xfd, 0x10, 0x0, 0x0, 0x0, 0x0, 0x0, 0x0,
    0x0, 0x0, 0x0, 0x0, 0x3f, 0xff, 0xff, 0xff,
    0xff, 0xfd, 0x10, 0x0, 0x0, 0x0, 0x0, 0x0,
    0x0, 0x0, 0x0, 0x0, 0x0, 0x6f, 0xff, 0xff,
    0xff, 0xff, 0xfa, 0x0, 0x0, 0x0, 0x0, 0x0,
    0x0, 0x0, 0x0, 0x0, 0x7c, 0x10, 0x6f, 0xff,
    0xff, 0xff, 0xff, 0xf0, 0x0, 0x0, 0x0, 0x0,
    0x0, 0x0, 0x0, 0x0, 0x7f, 0xfc, 0x10, 0x6f,
    0xff, 0xff, 0xff, 0xfd, 0x0, 0x0, 0x0, 0x0,
    0x0, 0x0, 0x0, 0x0, 0x7f, 0xff, 0xfc, 0x10,
    0x6f, 0xff, 0xff, 0xff, 0x60, 0x0, 0x0, 0x0,
    0x0, 0x0, 0x0, 0x0, 0x7f, 0xff, 0xff, 0xfc,
    0x10, 0x6f, 0xff, 0xff, 0x70, 0x0, 0x0, 0x0,
    0x0, 0x0, 0x0, 0x0, 0x7f, 0xff, 0xff, 0xff,
    0xfc, 0x10, 0x6f, 0xff, 0x70, 0x0, 0x0, 0x0,
    0x0, 0x0, 0x0, 0x0, 0x7f, 0xff, 0xff, 0xff,
    0xff, 0xfc, 0x10, 0x6f, 0x70, 0x0, 0x0, 0x0,
    0x0, 0x0, 0x0, 0x0, 0x7f, 0xff, 0xff, 0xff,
    0xff, 0xff, 0xfc, 0x10, 0x30, 0x0, 0x0, 0x0,
    0x0, 0x0, 0x0, 0x0, 0x7f, 0xff, 0xff, 0xff,
    0xff, 0xff, 0xff, 0xfc, 0x0, 0x0, 0x0, 0x0,
    0x0, 0x0, 0x0, 0x0, 0x7f, 0xff, 0xff, 0xff,
    0xff, 0xff, 0xff, 0xff, 0x70, 0x0, 0x0, 0x0,
    0x0, 0x0, 0x0, 0x0, 0x7f, 0xff, 0xff, 0xff,
    0xff, 0xff, 0xff, 0xff, 0x70, 0x0, 0x0, 0x0,
    0x0, 0x0, 0x0, 0x0, 0x7f, 0xff, 0xff, 0xff,
    0xff, 0xff, 0xff, 0xff, 0x70, 0x0, 0x0, 0x0,
    0x0, 0x0, 0x0, 0x0, 0x7f, 0xff, 0xff, 0xff,
    0xff, 0xff, 0xff, 0xff, 0x70, 0x0, 0x0, 0x0,
    0x0, 0x0, 0x0, 0x0, 0x7f, 0xff, 0xff, 0xff,
    0xff, 0xff, 0xff, 0xff, 0x70, 0x0, 0x0, 0x0,
    0x0, 0x0, 0x0, 0x0, 0x7f, 0xff, 0xff, 0xff,
    0xff, 0xff, 0xff, 0xff, 0x70, 0x0, 0x0, 0x0,
    0x0, 0x0, 0x0, 0x0, 0x7f, 0xff, 0xff, 0xff,
    0xff, 0xff, 0xff, 0xff, 0x70, 0x0, 0x0, 0x0,
    0x0, 0x0, 0x0, 0x0, 0x7f, 0xff, 0xff, 0xff,
    0xff, 0xff, 0xff, 0xff, 0x70, 0x0, 0x0, 0x0,
    0x0, 0x0, 0x0, 0x0, 0x7f, 0xff, 0xff, 0xff,
    0xff, 0xff, 0xff, 0xff, 0x70, 0x0, 0x0, 0x0,
    0x0, 0x0, 0x0, 0x0, 0x3f, 0xff, 0xff, 0xff,
    0xff, 0xff, 0xff, 0xff, 0x70, 0x0, 0x0, 0x0,
    0x0, 0x0, 0x0, 0x0, 0x5, 0xff, 0xff, 0xff,
    0xff, 0xff, 0xff, 0xff, 0x70, 0x0, 0x0, 0x0,
    0x0, 0x0, 0x0, 0x0, 0x0, 0x7f, 0xff, 0xff,
    0xff, 0xff, 0xff, 0xff, 0x70, 0x0, 0x0, 0x0,
    0x0, 0x0, 0x0, 0x0, 0x0, 0x9, 0xff, 0xff,
    0xff, 0xff, 0xff, 0xff, 0x70, 0x0, 0x0, 0x0,
    0x0, 0x0, 0x0, 0x0, 0x0, 0x0, 0xaf, 0xff,
    0xff, 0xff, 0xff, 0xff, 0x70, 0x0, 0x0, 0x0,
    0x0, 0x0, 0x0, 0x0, 0x0, 0x0, 0xc, 0xff,
    0xff, 0xff, 0xff, 0xff, 0x70, 0x0, 0x0, 0x0,
    0x0, 0x0, 0x0, 0x0, 0x0, 0x0, 0x0, 0xef,
    0xff, 0xff, 0xff, 0xff, 0x70, 0x0, 0x0, 0x0,
    0x0, 0x0, 0x0, 0x0, 0x0, 0x0, 0x0, 0xf,
    0xff, 0xff, 0xff, 0xff, 0x70, 0x0, 0x0, 0x0,
    0x0, 0x0, 0x0, 0x0, 0x0, 0x0, 0x0, 0x0,
    0x8f, 0xec, 0xa9, 0x75, 0x30, 0x0, 0x0, 0x0,
    0x0, 0x0, 0x0, 0x0, 0x0, 0x0, 0x0, 0x0,
    0x0, 0x0, 0x0, 0x0, 0x0, 0x0, 0x0, 0x0,
    0x0, 0x0, 0x0, 0x0, 0x0, 0x0, 0x0, 0x0,
    0x0,

    /* U+F55A "" */
    0x0, 0x0, 0x0, 0x0, 0x0, 0x3c, 0xff, 0xff,
    0xff, 0xff, 0xff, 0xff, 0xff, 0xff, 0xff, 0xff,
    0xff, 0xff, 0xfb, 0x20, 0x0, 0x0, 0x0, 0x0,
    0x5, 0xff, 0xff, 0xff, 0xff, 0xff, 0xff, 0xff,
    0xff, 0xff, 0xff, 0xff, 0xff, 0xff, 0xff, 0xf2,
    0x0, 0x0, 0x0, 0x0, 0x5f, 0xff, 0xff, 0xff,
    0xff, 0xff, 0xff, 0xff, 0xff, 0xff, 0xff, 0xff,
    0xff, 0xff, 0xff, 0xfb, 0x0, 0x0, 0x0, 0x5,
    0xff, 0xff, 0xff, 0xff, 0xff, 0xff, 0xff, 0xff,
    0xff, 0xff, 0xff, 0xff, 0xff, 0xff, 0xff, 0xff,
    0x0, 0x0, 0x0, 0x5f, 0xff, 0xff, 0xff, 0xff,
    0xff, 0xff, 0xff, 0xff, 0xff, 0xff, 0xff, 0xff,
    0xff, 0xff, 0xff, 0xff, 0x0, 0x0, 0x5, 0xff,
    0xff, 0xff, 0xff, 0xff, 0xff, 0x80, 0xaf, 0xff,
    0xff, 0xfa, 0x8, 0xff, 0xff, 0xff, 0xff, 0xff,
    0x0, 0x0, 0x5f, 0xff, 0xff, 0xff, 0xff, 0xff,
    0xf8, 0x0, 0xa, 0xff, 0xff, 0xa0, 0x0, 0x8f,
    0xff, 0xff, 0xff, 0xff, 0x0, 0x5, 0xff, 0xff,
    0xff, 0xff, 0xff, 0xff, 0xf0, 0x0, 0x0, 0xaf,
    0xfa, 0x0, 0x0, 0xf, 0xff, 0xff, 0xff, 0xff,
    0x0, 0x5f, 0xff, 0xff, 0xff, 0xff, 0xff, 0xff,
    0xfa, 0x0, 0x0, 0xa, 0xa0, 0x0, 0x0, 0xaf,
    0xff, 0xff, 0xff, 0xff, 0x6, 0xff, 0xff, 0xff,
    0xff, 0xff, 0xff, 0xff, 0xff, 0xa0, 0x0, 0x0,
    0x0, 0x0, 0xa, 0xff, 0xff, 0xff, 0xff, 0xff,
    0x5f, 0xff, 0xff, 0xff, 0xff, 0xff, 0xff, 0xff,
    0xff, 0xfa, 0x0, 0x0, 0x0, 0x0, 0xaf, 0xff,
    0xff, 0xff, 0xff, 0xff, 0xef, 0xff, 0xff, 0xff,
    0xff, 0xff, 0xff, 0xff, 0xff, 0xff, 0xa0, 0x0,
    0x0, 0xa, 0xff, 0xff, 0xff, 0xff, 0xff, 0xff,
    0xef, 0xff, 0xff, 0xff, 0xff, 0xff, 0xff, 0xff,
    0xff, 0xff, 0xa0, 0x0, 0x0, 0xa, 0xff, 0xff,
    0xff, 0xff, 0xff, 0xff, 0x5f, 0xff, 0xff, 0xff,
    0xff, 0xff, 0xff, 0xff, 0xff, 0xfa, 0x0, 0x0,
    0x0, 0x0, 0xaf, 0xff, 0xff, 0xff, 0xff, 0xff,
    0x6, 0xff, 0xff, 0xff, 0xff, 0xff, 0xff, 0xff,
    0xff, 0xa0, 0x0, 0x0, 0x0, 0x0, 0xa, 0xff,
    0xff, 0xff, 0xff, 0xff, 0x0, 0x5f, 0xff, 0xff,
    0xff, 0xff, 0xff, 0xff, 0xfa, 0x0, 0x0, 0xa,
    0xa0, 0x0, 0x0, 0xaf, 0xff, 0xff, 0xff, 0xff,
    0x0, 0x5, 0xff, 0xff, 0xff, 0xff, 0xff, 0xff,
    0xf0, 0x0, 0x0, 0xaf, 0xfa, 0x0, 0x0, 0xf,
    0xff, 0xff, 0xff, 0xff, 0x0, 0x0, 0x5f, 0xff,
    0xff, 0xff, 0xff, 0xff, 0xf8, 0x0, 0xa, 0xff,
    0xff, 0xa0, 0x0, 0x8f, 0xff, 0xff, 0xff, 0xff,
    0x0, 0x0, 0x5, 0xff, 0xff, 0xff, 0xff, 0xff,
    0xff, 0x80, 0xaf, 0xff, 0xff, 0xfa, 0x8, 0xff,
    0xff, 0xff, 0xff, 0xff, 0x0, 0x0, 0x0, 0x5f,
    0xff, 0xff, 0xff, 0xff, 0xff, 0xff, 0xff, 0xff,
    0xff, 0xff, 0xff, 0xff, 0xff, 0xff, 0xff, 0xff,
    0x0, 0x0, 0x0, 0x5, 0xff, 0xff, 0xff, 0xff,
    0xff, 0xff, 0xff, 0xff, 0xff, 0xff, 0xff, 0xff,
    0xff, 0xff, 0xff, 0xff, 0x0, 0x0, 0x0, 0x0,
    0x5f, 0xff, 0xff, 0xff, 0xff, 0xff, 0xff, 0xff,
    0xff, 0xff, 0xff, 0xff, 0xff, 0xff, 0xff, 0xfb,
    0x0, 0x0, 0x0, 0x0, 0x5, 0xff, 0xff, 0xff,
    0xff, 0xff, 0xff, 0xff, 0xff, 0xff, 0xff, 0xff,
    0xff, 0xff, 0xff, 0xf2, 0x0, 0x0, 0x0, 0x0,
    0x0, 0x3c, 0xff, 0xff, 0xff, 0xff, 0xff, 0xff,
    0xff, 0xff, 0xff, 0xff, 0xff, 0xff, 0xfb, 0x20,

    /* U+F6C3 "" */
    0x0, 0x0, 0x0, 0x0, 0x0, 0x0, 0x0, 0x0,
    0x0, 0x0, 0x0, 0x49, 0xce, 0xfe, 0xd1, 0x0,
    0x0, 0x0, 0x0, 0x0, 0x0, 0x0, 0x0, 0x0,
    0x0, 0x0, 0x0, 0x0, 0x5, 0xdf, 0xff, 0xff,
    0xf9, 0x0, 0x0, 0x0, 0x0, 0x0, 0x0, 0x0,
    0x0, 0x0, 0x0, 0x0, 0x0, 0x0, 0xa, 0xff,
    0xff, 0xff, 0xf5, 0x0, 0x0, 0x0, 0x0, 0x0,
    0x0, 0x0, 0x0, 0x0, 0x0, 0x0, 0x0, 0x0,
    0x1c, 0xff, 0xff, 0xff, 0xf6, 0x0, 0x0, 0x0,
    0x0, 0x0, 0x0, 0x0, 0x0, 0x0, 0x0, 0x0,
    0x0, 0x0, 0xb, 0xff, 0xff, 0xff, 0xfa, 0x0,
    0x0, 0x0, 0x0, 0x0, 0x0, 0x0, 0x0, 0x0,
    0x0, 0x0, 0x0, 0x0, 0x8, 0xff, 0xff, 0xff,
    0xff, 0x10, 0x0, 0x0, 0x0, 0x0, 0x0, 0x0,
    0x0, 0x0, 0x0, 0x0, 0x0, 0x0, 0x1, 0xff,
    0xff, 0xff, 0xff, 0xa0, 0x0, 0x0, 0x0, 0x0,
    0x0, 0x0, 0x0, 0x0, 0x0, 0x0, 0x0, 0x0,
    0x0, 0x9f, 0xff, 0xff, 0xff, 0xf6, 0x0, 0x0,
    0x0, 0x0, 0x0, 0x0, 0x0, 0x0, 0x0, 0x0,
    0x0, 0x0, 0x0, 0xe, 0xff, 0xff, 0xff, 0xff,
    0x30, 0x0, 0x0, 0x0, 0x0, 0x0, 0x0, 0x0,
    0x0, 0x0, 0x0, 0x0, 0x0, 0x2, 0xff, 0xff,
    0xff, 0xff, 0xf3, 0x0, 0x0, 0x0, 0x0, 0x0,
    0x0, 0x0, 0x0, 0x0, 0x0, 0x0, 0x0, 0x0,
    0x4f, 0xff, 0xff, 0xff, 0xff, 0x40, 0x0, 0x0,
    0x0, 0x0, 0x0, 0x0, 0x0, 0x0, 0x0, 0x0,
    0x0, 0x0, 0x6, 0xff, 0xff, 0xff, 0xff, 0xf6,
    0x0, 0x0, 0x0, 0x0, 0x0, 0x0, 0x0, 0x0,
    0x0, 0x0, 0x0, 0x0, 0x0, 0x6f, 0xff, 0xff,
    0xff, 0xff, 0xb0, 0x0, 0x0, 0x0, 0x0, 0x0,
    0x0, 0x0, 0x0, 0x0, 0x0, 0x0, 0x0, 0x3,
    0xff, 0xff, 0xff, 0xff, 0xff, 0x10, 0x0, 0x0,
    0x0, 0x0, 0x0, 0x0, 0x0, 0x0, 0x7, 0xcf,
    0xec, 0x60, 0x3, 0x30, 0x3, 0x8f, 0xff, 0xfb,
    0x0, 0x0, 0x0, 0x0, 0x0, 0x0, 0x0, 0x0,
    0x1d, 0xff, 0xff, 0xff, 0xc1, 0x0, 0x0, 0x0,
    0x2e, 0xff, 0xf7, 0x0, 0x0, 0x0, 0x0, 0x0,
    0x0, 0x0, 0xd, 0xff, 0xff, 0xff, 0xff, 0xc2,
    0xbf, 0xfa, 0x20, 0x2f, 0xff, 0xf7, 0x0, 0x0,
    0x0, 0x0, 0x0, 0x0, 0x7, 0xff, 0xff, 0xff,
    0xff, 0xff, 0xff, 0xff, 0xfe, 0x20, 0x8f, 0xff,
    0xfb, 0x10, 0x0, 0x0, 0x0, 0x0, 0x0, 0xcf,
    0xff, 0xff, 0xff, 0xff, 0xff, 0xff, 0xff, 0xfa,
    0x3, 0xff, 0xff, 0xff, 0xb6, 0x43, 0x44, 0x0,
    0x0, 0xf, 0xff, 0xff, 0xff, 0xff, 0xff, 0xff,
    0xff, 0xff, 0xf0, 0xf, 0xff, 0xff, 0xff, 0xff,
    0xff, 0xd0, 0x0, 0x5, 0xff, 0xff, 0xff, 0xff,
    0xff, 0xff, 0xff, 0xff, 0xfe, 0x0, 0xef, 0xff,
    0xff, 0xff, 0xff, 0xd1, 0x0, 0xc, 0xff, 0xff,
    0xff, 0xff, 0xff, 0xff, 0xff, 0xff, 0xff, 0xa0,
    0x0, 0xaf, 0xff, 0xff, 0xff, 0xb1, 0x0, 0xc,
    0xff, 0xff, 0xff, 0xff, 0xff, 0xff, 0xff, 0xff,
    0xff, 0xff, 0xb4, 0x0, 0xaf, 0xff, 0xfe, 0x60,
    0x0, 0x6, 0xff, 0xff, 0xff, 0xff, 0xff, 0xff,
    0xff, 0xff, 0xff, 0xff, 0xff, 0xf8, 0x0, 0xdc,
    0x94, 0x0, 0x0, 0x0, 0xcf, 0xff, 0xff, 0xff,
    0xff, 0xff, 0xff, 0xff, 0xff, 0xff, 0xff, 0xff,
    0xf4, 0x0, 0x0, 0x0, 0x0, 0x0, 0xf, 0xff,
    0xff, 0xff, 0xff, 0xff, 0xff, 0xff, 0xff, 0xff,
    0xff, 0xff, 0xff, 0xc0, 0x0, 0x0, 0x0, 0x0,
    0x0, 0xff, 0xff, 0xff, 0xff, 0xff, 0xff, 0xff,
    0xff, 0xff, 0xff, 0xff, 0xff, 0xff, 0x0, 0x0,
    0x0, 0x0, 0x0, 0xc, 0xff, 0xff, 0xff, 0xff,
    0xff, 0xff, 0xff, 0xff, 0xff, 0xff, 0xff, 0xff,
    0xf0, 0x0, 0x0, 0x0, 0x0, 0x0, 0x7f, 0xff,
    0xff, 0xff, 0xff, 0xff, 0xff, 0xff, 0xff, 0xff,
    0xff, 0xff, 0xfc, 0x0, 0x0, 0x0, 0x0, 0x0,
    0x0, 0xdf, 0xff, 0xff, 0xff, 0xff, 0xff, 0xff,
    0xff, 0xff, 0xff, 0xff, 0xff, 0x40, 0x0, 0x0,
    0x0, 0x0, 0x0, 0x1, 0xdf, 0xff, 0xff, 0xff,
    0xff, 0xff, 0xff, 0xff, 0xff, 0xff, 0xff, 0x80,
    0x0, 0x0, 0x0, 0x0, 0x0, 0x0, 0x0, 0x7c,
    0xff, 0xff, 0xff, 0xff, 0xff, 0xff, 0xff, 0xff,
    0xfc, 0x40, 0x0, 0x0, 0x0, 0x0, 0x0, 0x0,

    /* U+F6C4 "" */
    0x0, 0x0, 0x0, 0x0, 0x0, 0x0, 0xc, 0xc0,
    0x0, 0x0, 0x0, 0x0, 0x0, 0x0, 0x0, 0x0,
    0x0, 0x0, 0x0, 0x0, 0x0, 0x0, 0x0, 0x0,
    0x0, 0x0, 0x5f, 0xf5, 0x0, 0x0, 0x0, 0x0,
    0x0, 0x0, 0x0, 0x0, 0x0, 0x0, 0x0, 0x0,
    0x0, 0x0, 0x0, 0x0, 0x0, 0x0, 0xdf, 0xfd,
    0x0, 0x0, 0x0, 0x0, 0x0, 0x0, 0x0, 0x0,
    0x0, 0x0, 0x0, 0x0, 0x0, 0x0, 0x10, 0x0,
    0x0, 0x5, 0xff, 0xff, 0x50, 0x0, 0x0, 0x1,
    0x0, 0x0, 0x0, 0x0, 0x0, 0x0, 0x0, 0x0,
    0x0, 0x1, 0xff, 0xa5, 0x0, 0xd, 0xff, 0xff,
    0xd0, 0x0, 0x5a, 0xff, 0x10, 0x0, 0x0, 0x0,
    0x0, 0x0, 0x0, 0x0, 0x0, 0x0, 0xff, 0xff,
    0xfa, 0x8f, 0xff, 0xff, 0xf8, 0xaf, 0xff, 0xff,
    0x0, 0x0, 0x0, 0x0, 0x0, 0x0, 0x0, 0x0,
    0x0, 0x0, 0xaf, 0xff, 0xff, 0xff, 0xff, 0xff,
    0xff, 0xff, 0xff, 0xfa, 0x0, 0x0, 0x0, 0x0,
    0x0, 0x0, 0x0, 0x0, 0x0, 0x0, 0x5f, 0xff,
    0xff, 0xe7, 0x20, 0x2, 0x7e, 0xff, 0xff, 0xf4,
    0x0, 0x0, 0x0, 0x0, 0x0, 0x0, 0x0, 0x0,
    0x0, 0x0, 0xf, 0xff, 0xfb, 0x0, 0x3, 0x20,
    0x0, 0xbf, 0xff, 0xf0, 0x0, 0x0, 0x0, 0x0,
    0x0, 0x0, 0x0, 0x0, 0x0, 0x0, 0xa, 0xff,
    0xb0, 0x9, 0xff, 0xff, 0x80, 0xa, 0xff, 0xa0,
    0x0, 0x0, 0x0, 0x0, 0x0, 0x0, 0x0, 0x0,
    0x0, 0x0, 0x8, 0xfe, 0x0, 0xdf, 0xff, 0xff,
    0xfc, 0x0, 0xed, 0x30, 0x0, 0x0, 0x0, 0x0,
    0x0, 0x0, 0x0, 0x0, 0x0, 0x5, 0xdf, 0xf7,
    0x9, 0xff, 0xff, 0xff, 0xff, 0x80, 0x0, 0x0,
    0x0, 0x0, 0x0, 0x0, 0x0, 0x0, 0x0, 0x0,
    0x5, 0xdf, 0xff, 0xf2, 0xf, 0xff, 0xff, 0xff,
    0xfc, 0x20, 0x2, 0x67, 0x63, 0x0, 0x0, 0x0,
    0x0, 0x0, 0x0, 0x0, 0xcf, 0xff, 0xff, 0xf0,
    0x3f, 0xff, 0xff, 0xff, 0xc0, 0x3, 0xcf, 0xff,
    0xff, 0xd3, 0x0, 0x0, 0x0, 0x0, 0x0, 0x0,
    0xcf, 0xff, 0xff, 0xf0, 0x3f, 0xff, 0xff, 0xfe,
    0x10, 0x5f, 0xff, 0xff, 0xff, 0xff, 0x50, 0x0,
    0x0, 0x0, 0x0, 0x0, 0x5, 0xdf, 0xff, 0xf2,
    0xf, 0xff, 0xff, 0xf6, 0x3, 0xff, 0xff, 0xff,
    0xff, 0xff, 0xf2, 0x0, 0x0, 0x0, 0x0, 0x0,
    0x0, 0x5, 0xdf, 0xf7, 0x9, 0xff, 0xff, 0xf0,
    0xc, 0xff, 0xff, 0xff, 0xff, 0xff, 0xfc, 0xae,
    0xfa, 0x20, 0x0, 0x0, 0x0, 0x0, 0x8, 0xfe,
    0x0, 0xcf, 0xff, 0xc0, 0x3f, 0xff, 0xff, 0xff,
    0xff, 0xff, 0xff, 0xff, 0xff, 0xe2, 0x0, 0x0,
    0x0, 0x0, 0xa, 0xff, 0xb0, 0x9, 0xfd, 0x40,
    0x6f, 0xff, 0xff, 0xff, 0xff, 0xff, 0xff, 0xff,
    0xff, 0xfa, 0x0, 0x0, 0x0, 0x0, 0xf, 0xff,
    0xfa, 0x0, 0x0, 0x0, 0x7f, 0xff, 0xff, 0xff,
    0xff, 0xff, 0xff, 0xff, 0xff, 0xff, 0x0, 0x0,
    0x0, 0x0, 0x5f, 0xff, 0xff, 0xe1, 0x0, 0x6b,
    0xff, 0xff, 0xff, 0xff, 0xff, 0xff, 0xff, 0xff,
    0xff, 0xff, 0x50, 0x0, 0x0, 0x0, 0xaf, 0xff,
    0xff, 0x70, 0x1c, 0xff, 0xff, 0xff, 0xff, 0xff,
    0xff, 0xff, 0xff, 0xff, 0xff, 0xff, 0xfc, 0x0,
    0x0, 0x0, 0xff, 0xff, 0xfa, 0x0, 0xcf, 0xff,
    0xff, 0xff, 0xff, 0xff, 0xff, 0xff, 0xff, 0xff,
    0xff, 0xff, 0xff, 0xc0, 0x0, 0x1, 0xff, 0xa5,
    0x0, 0x6, 0xff, 0xff, 0xff, 0xff, 0xff, 0xff,
    0xff, 0xff, 0xff, 0xff, 0xff, 0xff, 0xff, 0xf6,
    0x0, 0x0, 0x10, 0x0, 0x0, 0xc, 0xff, 0xff,
    0xff, 0xff, 0xff, 0xff, 0xff, 0xff, 0xff, 0xff,
    0xff, 0xff, 0xff, 0xfc, 0x0, 0x0, 0x0, 0x0,
    0x0, 0xf, 0xff, 0xff, 0xff, 0xff, 0xff, 0xff,
    0xff, 0xff, 0xff, 0xff, 0xff, 0xff, 0xff, 0xff,
    0x0, 0x0, 0x0, 0x0, 0x0, 0xf, 0xff, 0xff,
    0xff, 0xff, 0xff, 0xff, 0xff, 0xff, 0xff, 0xff,
    0xff, 0xff, 0xff, 0xff, 0x0, 0x0, 0x0, 0x0,
    0x0, 0xc, 0xff, 0xff, 0xff, 0xff, 0xff, 0xff,
    0xff, 0xff, 0xff, 0xff, 0xff, 0xff, 0xff, 0xfc,
    0x0, 0x0, 0x0, 0x0, 0x0, 0x7, 0xff, 0xff,
    0xff, 0xff, 0xff, 0xff, 0xff, 0xff, 0xff, 0xff,
    0xff, 0xff, 0xff, 0xf7, 0x0, 0x0, 0x0, 0x0,
    0x0, 0x0, 0xdf, 0xff, 0xff, 0xff, 0xff, 0xff,
    0xff, 0xff, 0xff, 0xff, 0xff, 0xff, 0xff, 0xd0,
    0x0, 0x0, 0x0, 0x0, 0x0, 0x0, 0x1d, 0xff,
    0xff, 0xff, 0xff, 0xff, 0xff, 0xff, 0xff, 0xff,
    0xff, 0xff, 0xfd, 0x10, 0x0, 0x0, 0x0, 0x0,
    0x0, 0x0, 0x0, 0x7c, 0xff, 0xff, 0xff, 0xff,
    0xff, 0xff, 0xff, 0xff, 0xff, 0xfc, 0x70, 0x0,

    /* U+F72E "" */
    0x0, 0x0, 0x0, 0x0, 0x0, 0x0, 0x0, 0x0,
    0x0, 0x0, 0x0, 0x0, 0x0, 0x0, 0x0, 0x0,
    0x0, 0x0, 0x0, 0x0, 0x0, 0x0, 0x0, 0x0,
    0x0, 0x0, 0x6b, 0xee, 0xc6, 0x0, 0x0, 0x0,
    0x0, 0x0, 0x0, 0x0, 0x0, 0x0, 0x0, 0x0,
    0x0, 0x1, 0xcf, 0xff, 0xff, 0xfc, 0x10, 0x0,
    0x0, 0x0, 0x0, 0x0, 0x0, 0x0, 0x0, 0x0,
    0x0, 0x0, 0xcf, 0xff, 0xff, 0xff, 0xfc, 0x0,
    0x0, 0x0, 0x0, 0x0, 0x0, 0x0, 0x0, 0x0,
    0x0, 0x0, 0x6f, 0xff, 0xff, 0xff, 0xff, 0xf6,
    0x0, 0x0, 0x0, 0x0, 0x0, 0x0, 0x0, 0x0,
    0x0, 0x0, 0xb, 0xff, 0xfa, 0x11, 0xbf, 0xff,
    0xc0, 0x0, 0x0, 0x0, 0x0, 0x0, 0x0, 0x0,
    0x0, 0x0, 0x0, 0xaf, 0xfd, 0x10, 0x1, 0xff,
    0xff, 0x0, 0x0, 0x0, 0x0, 0x0, 0x0, 0x0,
    0x0, 0x0, 0x0, 0x0, 0x0, 0x0, 0x0, 0x1f,
    0xff, 0xf0, 0x0, 0x0, 0x0, 0x0, 0x0, 0x0,
    0x0, 0x0, 0x0, 0x0, 0x0, 0x0, 0x0, 0x2b,
    0xff, 0xfc, 0x0, 0x0, 0xc, 0xff, 0xff, 0xff,
    0xff, 0xff, 0xff, 0xff, 0xff, 0xff, 0xff, 0xff,
    0xff, 0xff, 0x60, 0x0, 0x0, 0xff, 0xff, 0xff,
    0xff, 0xff, 0xff, 0xff, 0xff, 0xff, 0xff, 0xff,
    0xff, 0xff, 0xc0, 0x0, 0x0, 0xf, 0xff, 0xff,
    0xff, 0xff, 0xff, 0xff, 0xff, 0xff, 0xff, 0xff,
    0xff, 0xff, 0xc1, 0x0, 0x0, 0x0, 0xcf, 0xff,
    0xff, 0xff, 0xff, 0xff, 0xff, 0xff, 0xff, 0xff,
    0xff, 0xfc, 0x70, 0x0, 0x0, 0x0, 0x0, 0x0,
    0x0, 0x0, 0x0, 0x0, 0x0, 0x0, 0x0, 0x0,
    0x0, 0x0, 0x0, 0x0, 0x0, 0x0, 0x0, 0x0,
    0x0, 0x0, 0x0, 0x0, 0x0, 0x0, 0x0, 0x0,
    0x0, 0x0, 0x0, 0x0, 0x0, 0x0, 0x0, 0xc,
    0xff, 0xff, 0xff, 0xff, 0xff, 0xc6, 0x0, 0x4f,
    0xff, 0xff, 0xff, 0xff, 0xfd, 0x81, 0x0, 0x0,
    0xff, 0xff, 0xff, 0xff, 0xff, 0xff, 0xfc, 0x10,
    0x7f, 0xff, 0xff, 0xff, 0xff, 0xff, 0xf5, 0x0,
    0xf, 0xff, 0xff, 0xff, 0xff, 0xff, 0xff, 0xfd,
    0x0, 0xdf, 0xff, 0xff, 0xff, 0xff, 0xff, 0xf5,
    0x0, 0xcf, 0xff, 0xff, 0xff, 0xff, 0xff, 0xff,
    0xf7, 0x6, 0xff, 0xff, 0xff, 0xff, 0xff, 0xff,
    0xf1, 0x0, 0x0, 0x0, 0x0, 0x0, 0x2, 0xbf,
    0xff, 0xc0, 0x0, 0x0, 0x0, 0x0, 0x17, 0xff,
    0xff, 0x80, 0x0, 0x0, 0x0, 0x0, 0x0, 0x1,
    0xff, 0xff, 0x0, 0x0, 0x0, 0x0, 0x0, 0x7,
    0xff, 0xfd, 0x0, 0x0, 0xa, 0xff, 0xd1, 0x0,
    0x1f, 0xff, 0xf0, 0x0, 0x0, 0x0, 0x0, 0x0,
    0x1f, 0xff, 0xf0, 0x0, 0x0, 0xcf, 0xff, 0xa1,
    0x1b, 0xff, 0xfc, 0x0, 0x0, 0x0, 0x0, 0x0,
    0x1, 0xff, 0xff, 0x0, 0x0, 0x7, 0xff, 0xff,
    0xff, 0xff, 0xff, 0x70, 0x6, 0xff, 0xf5, 0x0,
    0x0, 0x7f, 0xff, 0xd0, 0x0, 0x0, 0xd, 0xff,
    0xff, 0xff, 0xff, 0xc0, 0x0, 0x7f, 0xff, 0xf6,
    0x1, 0x7f, 0xff, 0xf8, 0x0, 0x0, 0x0, 0x1d,
    0xff, 0xff, 0xff, 0xd1, 0x0, 0x1, 0xef, 0xff,
    0xff, 0xff, 0xff, 0xff, 0x10, 0x0, 0x0, 0x0,
    0x7, 0xcf, 0xfc, 0x70, 0x0, 0x0, 0x4, 0xff,
    0xff, 0xff, 0xff, 0xff, 0x50, 0x0, 0x0, 0x0,
    0x0, 0x0, 0x0, 0x0, 0x0, 0x0, 0x0, 0x5,
    0xef, 0xff, 0xff, 0xff, 0x50, 0x0, 0x0, 0x0,
    0x0, 0x0, 0x0, 0x0, 0x0, 0x0, 0x0, 0x0,
    0x1, 0x8d, 0xff, 0xc8, 0x10, 0x0, 0x0, 0x0,
    0x0, 0x0, 0x0, 0x0, 0x0, 0x0, 0x0, 0x0,
    0x0, 0x0, 0x0, 0x0, 0x0, 0x0, 0x0,

    /* U+F73D "" */
    0x0, 0x0, 0x0, 0x1, 0x8d, 0xff, 0xd8, 0x10,
    0x0, 0x0, 0x0, 0x0, 0x0, 0x0, 0x0, 0x0,
    0x0, 0x0, 0x0, 0x4f, 0xff, 0xff, 0xff, 0xf4,
    0x0, 0x0, 0x0, 0x0, 0x0, 0x0, 0x0, 0x0,
    0x0, 0x0, 0x4, 0xff, 0xff, 0xff, 0xff, 0xff,
    0x40, 0x4c, 0xff, 0xc4, 0x0, 0x0, 0x0, 0x0,
    0x0, 0x0, 0x1f, 0xff, 0xff, 0xff, 0xff, 0xff,
    0xe8, 0xff, 0xff, 0xff, 0x80, 0x0, 0x0, 0x0,
    0x0, 0x0, 0x8f, 0xff, 0xff, 0xff, 0xff, 0xff,
    0xff, 0xff, 0xff, 0xff, 0xf4, 0x0, 0x0, 0x0,
    0x0, 0x0, 0xdf, 0xff, 0xff, 0xff, 0xff, 0xff,
    0xff, 0xff, 0xff, 0xff, 0xfc, 0x0, 0x0, 0x0,
    0x0, 0x0, 0xff, 0xff, 0xff, 0xff, 0xff, 0xff,
    0xff, 0xff, 0xff, 0xff, 0xff, 0x0, 0x0, 0x0,
    0x0, 0x0, 0xff, 0xff, 0xff, 0xff, 0xff, 0xff,
    0xff, 0xff, 0xff, 0xff, 0xfe, 0x0, 0x0, 0x0,
    0x0, 0x5, 0xff, 0xff, 0xff, 0xff, 0xff, 0xff,
    0xff, 0xff, 0xff, 0xff, 0xff, 0xfc, 0x70, 0x0,
    0x0, 0xcf, 0xff, 0xff, 0xff, 0xff, 0xff, 0xff,
    0xff, 0xff, 0xff, 0xff, 0xff, 0xff, 0xfd, 0x10,
    0xc, 0xff, 0xff, 0xff, 0xff, 0xff, 0xff, 0xff,
    0xff, 0xff, 0xff, 0xff, 0xff, 0xff, 0xff, 0xd0,
    0x6f, 0xff, 0xff, 0xff, 0xff, 0xff, 0xff, 0xff,
    0xff, 0xff, 0xff, 0xff, 0xff, 0xff, 0xff, 0xf7,
    0xcf, 0xff, 0xff, 0xff, 0xff, 0xff, 0xff, 0xff,
    0xff, 0xff, 0xff, 0xff, 0xff, 0xff, 0xff, 0xfc,
    0xff, 0xff, 0xff, 0xff, 0xff, 0xff, 0xff, 0xff,
    0xff, 0xff, 0xff, 0xff, 0xff, 0xff, 0xff, 0xff,
    0xff, 0xff, 0xff, 0xff, 0xff, 0xff, 0xff, 0xff,
    0xff, 0xff, 0xff, 0xff, 0xff, 0xff, 0xff, 0xff,
    0xcf, 0xff, 0xff, 0xff, 0xff, 0xff, 0xff, 0xff,
    0xff, 0xff, 0xff, 0xff, 0xff, 0xff, 0xff, 0xfc,
    0x7f, 0xff, 0xff, 0xff, 0xff, 0xff, 0xff, 0xff,
    0xff, 0xff, 0xff, 0xff, 0xff, 0xff, 0xff, 0xf7,
    0xd, 0xff, 0xff, 0xff, 0xff, 0xff, 0xff, 0xff,
    0xff, 0xff, 0xff, 0xff, 0xff, 0xff, 0xff, 0xd0,
    0x1, 0xdf, 0xff, 0xff, 0xff, 0xff, 0xff, 0xff,
    0xff, 0xff, 0xff, 0xff, 0xff, 0xff, 0xfd, 0x10,
    0x0, 0x7, 0xcf, 0xff, 0xff, 0xff, 0xff, 0xff,
    0xff, 0xff, 0xff, 0xff, 0xff, 0xfc, 0x70, 0x0,
    0x0, 0x0, 0x0, 0x0, 0x0, 0x0, 0x0, 0x0,
    0x0, 0x0, 0x0, 0x0, 0x0, 0x0, 0x0, 0x0,
    0x0, 0x0, 0x0, 0x0, 0x0, 0x0, 0x0, 0x0,
    0x0, 0x0, 0x0, 0x0, 0x0, 0x0, 0x0, 0x0,
    0x0, 0x0, 0x0, 0x0, 0x0, 0x0, 0x0, 0x0,
    0x0, 0x0, 0x0, 0x0, 0x0, 0x0, 0x0, 0x0,
    0x0, 0x0, 0x8, 0x80, 0x0, 0x0, 0x0, 0x8,
    0x80, 0x0, 0x0, 0x0, 0x8, 0x80, 0x0, 0x0,
    0x0, 0x0, 0xe, 0xe0, 0x0, 0x0, 0x0, 0xe,
    0xe0, 0x0, 0x0, 0x0, 0xe, 0xe0, 0x0, 0x0,
    0x0, 0x0, 0x7f, 0xf7, 0x0, 0x0, 0x0, 0x7f,
    0xf7, 0x0, 0x0, 0x0, 0x7f, 0xf7, 0x0, 0x0,
    0x0, 0x1, 0xff, 0xff, 0x20, 0x0, 0x1, 0xff,
    0xff, 0x20, 0x0, 0x1, 0xff, 0xff, 0x20, 0x0,
    0x0, 0x9, 0xff, 0xff, 0xa0, 0x0, 0x9, 0xff,
    0xff, 0xa0, 0x0, 0xa, 0xff, 0xff, 0xa0, 0x0,
    0x0, 0xf, 0xff, 0xff, 0xf0, 0x0, 0xf, 0xff,
    0xff, 0xf0, 0x0, 0xf, 0xff, 0xff, 0xf0, 0x0,
    0x0, 0xe, 0xff, 0xff, 0xe0, 0x0, 0xe, 0xff,
    0xff, 0xe0, 0x0, 0xe, 0xff, 0xff, 0xe0, 0x0,
    0x0, 0x8, 0xff, 0xff, 0x80, 0x0, 0x8, 0xff,
    0xff, 0x80, 0x0, 0x8, 0xff, 0xff, 0x80, 0x0,
    0x0, 0x0, 0x8e, 0xe8, 0x0, 0x0, 0x0, 0x8e,
    0xe8, 0x0, 0x0, 0x0, 0x8e, 0xe8, 0x0, 0x0,

    /* U+F75F "" */
    0x0, 0x0, 0x4, 0xad, 0xff, 0xd9, 0x40, 0x0,
    0x0, 0x49, 0xdf, 0xfd, 0x94, 0x0, 0x0, 0x0,
    0x0, 0x0, 0x0, 0x0, 0x0, 0x2, 0xcf, 0xff,
    0xff, 0xff, 0xfb, 0x20, 0x2b, 0xff, 0xff, 0xff,
    0xff, 0xb1, 0x0, 0x0, 0x0, 0x0, 0x0, 0x0,
    0x0, 0x4f, 0xff, 0xff, 0xff, 0xff, 0xff, 0xe6,
    0xef, 0xff, 0xff, 0xff, 0xff, 0xfe, 0x30, 0x0,
    0x0, 0x0, 0x0, 0x0, 0x2, 0xff, 0xff, 0xff,
    0xff, 0xff, 0xff, 0xff, 0xff, 0xff, 0xff, 0xff,
    0xff, 0xff, 0xe1, 0x0, 0x0, 0x0, 0x0, 0x0,
    0xc, 0xff, 0xff, 0xff, 0xff, 0xff, 0xff, 0xff,
    0xff, 0xff, 0xff, 0xff, 0xff, 0xff, 0xfb, 0x7c,
    0xff, 0xd8, 0x10, 0x0, 0x4f, 0xff, 0xff, 0xff,
    0xff, 0xff, 0xff, 0xff, 0xff, 0xff, 0xff, 0xff,
    0xff, 0xff, 0xff, 0xff, 0xff, 0xff, 0xf4, 0x0,
    0xaf, 0xff, 0xff, 0xff, 0xff, 0xff, 0xff, 0xff,
    0xff, 0xff, 0xff, 0xff, 0xff, 0xff, 0xff, 0xff,
    0xff, 0xff, 0xff, 0x40, 0xdf, 0xff, 0xff, 0xff,
    0xff, 0xff, 0xff, 0xff, 0xff, 0xff, 0xff, 0xff,
    0xff, 0xff, 0xff, 0xff, 0xff, 0xff, 0xff, 0xf1,
    0xff, 0xff, 0xff, 0xff, 0xff, 0xff, 0xff, 0xff,
    0xff, 0xff, 0xff, 0xff, 0xff, 0xff, 0xff, 0xff,
    0xff, 0xff, 0xff, 0xf8, 0xff, 0xff, 0xff, 0xff,
    0xff, 0xff, 0xff, 0xff, 0xff, 0xff, 0xff, 0xff,
    0xff, 0xff, 0xff, 0xff, 0xff, 0xff, 0xff, 0xfd,
    0xdf, 0xff, 0xff, 0xff, 0xff, 0xff, 0xff, 0xff,
    0xff, 0xff, 0xff, 0xff, 0xff, 0xff, 0xff, 0xff,
    0xff, 0xff, 0xff, 0xff, 0xaf, 0xff, 0xff, 0xff,
    0xff, 0xff, 0xff, 0xff, 0xff, 0xff, 0xff, 0xff,
    0xff, 0xff, 0xff, 0xff, 0xff, 0xff, 0xff, 0xff,
    0x4f, 0xff, 0xff, 0xff, 0xff, 0xff, 0xff, 0xff,
    0xff, 0xff, 0xff, 0xff, 0xff, 0xff, 0xff, 0xff,
    0xff, 0xff, 0xff, 0xfd, 0xc, 0xff, 0xff, 0xff,
    0xff, 0xff, 0xff, 0xff, 0xff, 0xff, 0xff, 0xff,
    0xff, 0xff, 0xff, 0xff, 0xff, 0xff, 0xff, 0xf8,
    0x2, 0xff, 0xff, 0xff, 0xff, 0xff, 0xff, 0xff,
    0xff, 0xff, 0xff, 0xff, 0xff, 0xff, 0xff, 0xff,
    0xff, 0xff, 0xff, 0xf1, 0x0, 0x4f, 0xff, 0xff,
    0xff, 0xff, 0xff, 0xff, 0xff, 0xff, 0xff, 0xff,
    0xff, 0xff, 0xff, 0xff, 0xff, 0xff, 0xff, 0x40,
    0x0, 0x2, 0xcf, 0xff, 0xff, 0xff, 0xff, 0xff,
    0xff, 0xff, 0xff, 0xff, 0xff, 0xff, 0xff, 0xff,
    0xff, 0xff, 0xf4, 0x0, 0x0, 0x0, 0x4, 0xad,
    0xff, 0xff, 0xff, 0xff, 0xff, 0xff, 0xff, 0xff,
    0xff, 0xff, 0xff, 0xff, 0xff, 0xd8, 0x10, 0x0,
    0x0, 0x0, 0x0, 0x0, 0x0, 0x0, 0x0, 0x0,
    0x0, 0x8, 0xff, 0xff, 0xff, 0xff, 0x80, 0x0,
    0x0, 0x0, 0x0, 0x0, 0x0, 0x0, 0x0, 0x0,
    0x0, 0x0, 0x0, 0x0, 0x0, 0x0, 0x29, 0xdf,
    0xfd, 0x92, 0x0, 0x0, 0x0, 0x0, 0x0, 0x0,
    0x0, 0x0, 0x0, 0x0, 0x0, 0x0, 0x0, 0x0,
    0x0, 0x0, 0x0, 0x0, 0x0, 0x0, 0x0, 0x0,
    0x0, 0x0, 0x0, 0x0, 0x0, 0x0, 0x0, 0x0,
    0x0, 0x0, 0x0, 0x0, 0x0, 0x0, 0x0, 0x0,
    0x0, 0x0, 0x0, 0x0, 0x0, 0x0, 0x0, 0x0,
    0x0, 0x0, 0x0, 0x0, 0x0, 0x0, 0x0, 0x0,
    0x0, 0x0, 0x0, 0x0, 0x0, 0x0, 0x0, 0x0,
    0x0, 0x0, 0x0, 0x0, 0x0, 0x0, 0xcf, 0xff,
    0xff, 0xff, 0xff, 0xff, 0xff, 0xff, 0xff, 0xff,
    0xff, 0xff, 0xff, 0xff, 0xff, 0xff, 0xff, 0xfc,
    0x0, 0x0, 0xff, 0xff, 0xff, 0xff, 0xff, 0xff,
    0xff, 0xff, 0xff, 0xff, 0xff, 0xff, 0xff, 0xff,
    0xff, 0xff, 0xff, 0xff, 0x0, 0x0, 0xcf, 0xff,
    0xff, 0xff, 0xff, 0xff, 0xff, 0xff, 0xff, 0xff,
    0xff, 0xff, 0xff, 0xff, 0xff, 0xff, 0xff, 0xfc,
    0x0, 0x0, 0x0, 0x0, 0x0, 0x0, 0x0, 0x0,
    0x0, 0x0, 0x0, 0x0, 0x0, 0x0, 0x0, 0x0,
    0x0, 0x0, 0x0, 0x0, 0x0, 0x0, 0x0, 0x0,
    0x0, 0x0, 0x0, 0x0, 0x0, 0x0, 0x0, 0x0,
    0x0, 0x0, 0x0, 0x0, 0x0, 0x0, 0x0, 0x0,
    0x0, 0x0, 0x0, 0x0, 0x0, 0x0, 0x0, 0x0,
    0x0, 0x0, 0x0, 0x0, 0x0, 0x0, 0x0, 0x0,
    0x0, 0x0, 0x0, 0x0, 0xcf, 0xff, 0xff, 0xff,
    0xfc, 0x0, 0xc, 0xff, 0xff, 0xff, 0xff, 0xff,
    0xff, 0xff, 0xff, 0xff, 0xff, 0xfc, 0x0, 0x0,
    0xff, 0xff, 0xff, 0xff, 0xff, 0x0, 0xf, 0xff,
    0xff, 0xff, 0xff, 0xff, 0xff, 0xff, 0xff, 0xff,
    0xff, 0xff, 0x0, 0x0, 0xcf, 0xff, 0xff, 0xff,
    0xfc, 0x0, 0xc, 0xff, 0xff, 0xff, 0xff, 0xff,
    0xff, 0xff, 0xff, 0xff, 0xff, 0xfc, 0x0, 0x0,

    /* U+F7C2 "" */
    0x0, 0x0, 0x0, 0x7, 0xff, 0xff, 0xff, 0xff,
    0xff, 0xff, 0xfa, 0x20, 0x0, 0x0, 0x0, 0x7f,
    0xff, 0xff, 0xff, 0xff, 0xff, 0xff, 0xff, 0xe2,
    0x0, 0x0, 0x7, 0xff, 0xff, 0xff, 0xff, 0xff,
    0xff, 0xff, 0xff, 0xfa, 0x0, 0x0, 0x7f, 0xff,
    0xff, 0xff, 0xff, 0xff, 0xff, 0xff, 0xff, 0xff,
    0x0, 0x7, 0xff, 0xf0, 0x0, 0xff, 0x0, 0xf,
    0xf0, 0x0, 0xff, 0xff, 0x0, 0x7f, 0xff, 0xf0,
    0x0, 0xff, 0x0, 0xf, 0xf0, 0x0, 0xff, 0xff,
    0x7, 0xff, 0xff, 0xf0, 0x0, 0xff, 0x0, 0xf,
    0xf0, 0x0, 0xff, 0xff, 0x7f, 0xff, 0xff, 0xf0,
    0x0, 0xff, 0x0, 0xf, 0xf0, 0x0, 0xff, 0xff,
    0xff, 0xff, 0xff, 0xf0, 0x0, 0xff, 0x0, 0xf,
    0xf0, 0x0, 0xff, 0xff, 0xff, 0xff, 0xff, 0xf0,
    0x0, 0xff, 0x0, 0xf, 0xf0, 0x0, 0xff, 0xff,
    0xff, 0xff, 0xff, 0xff, 0xff, 0xff, 0xff, 0xff,
    0xff, 0xff, 0xff, 0xff, 0xff, 0xff, 0xff, 0xff,
    0xff, 0xff, 0xff, 0xff, 0xff, 0xff, 0xff, 0xff,
    0xff, 0xff, 0xff, 0xff, 0xff, 0xff, 0xff, 0xff,
    0xff, 0xff, 0xff, 0xff, 0xff, 0xff, 0xff, 0xff,
    0xff, 0xff, 0xff, 0xff, 0xff, 0xff, 0xff, 0xff,
    0xff, 0xff, 0xff, 0xff, 0xff, 0xff, 0xff, 0xff,
    0xff, 0xff, 0xff, 0xff, 0xff, 0xff, 0xff, 0xff,
    0xff, 0xff, 0xff, 0xff, 0xff, 0xff, 0xff, 0xff,
    0xff, 0xff, 0xff, 0xff, 0xff, 0xff, 0xff, 0xff,
    0xff, 0xff, 0xff, 0xff, 0xff, 0xff, 0xff, 0xff,
    0xff, 0xff, 0xff, 0xff, 0xff, 0xff, 0xff, 0xff,
    0xff, 0xff, 0xff, 0xff, 0xff, 0xff, 0xff, 0xff,
    0xff, 0xff, 0xff, 0xff, 0xff, 0xff, 0xff, 0xff,
    0xff, 0xff, 0xff, 0xff, 0xff, 0xff, 0xff, 0xff,
    0xff, 0xff, 0xff, 0xff, 0xff, 0xff, 0xff, 0xff,
    0xff, 0xff, 0xff, 0xff, 0xff, 0xff, 0xff, 0xff,
    0xff, 0xff, 0xff, 0xff, 0xff, 0xff, 0xff, 0xff,
    0xff, 0xff, 0xff, 0xff, 0xff, 0xff, 0xff, 0xff,
    0xff, 0xff, 0xff, 0xff, 0xff, 0xff, 0xff, 0xff,
    0xff, 0xff, 0xff, 0xff, 0xff, 0xff, 0xff, 0xff,
    0xff, 0xff, 0xff, 0xff, 0xff, 0xff, 0xff, 0xff,
    0xff, 0xff, 0xff, 0xff, 0xff, 0xff, 0xff, 0xff,
    0xff, 0xff, 0xff, 0xff, 0xff, 0xff, 0xff, 0xff,
    0xff, 0xff, 0xff, 0xff, 0xff, 0xff, 0xff, 0xff,
    0xff, 0xff, 0xff, 0xff, 0xff, 0xff, 0xff, 0xff,
    0xff, 0xff, 0xff, 0xff, 0xff, 0xff, 0xff, 0xff,
    0xff, 0xff, 0xff, 0xff, 0xff, 0xff, 0xff, 0xff,
    0xff, 0xff, 0xff, 0xff, 0xaf, 0xff, 0xff, 0xff,
    0xff, 0xff, 0xff, 0xff, 0xff, 0xff, 0xff, 0xfa,
    0x2e, 0xff, 0xff, 0xff, 0xff, 0xff, 0xff, 0xff,
    0xff, 0xff, 0xff, 0xe2, 0x2, 0xaf, 0xff, 0xff,
    0xff, 0xff, 0xff, 0xff, 0xff, 0xff, 0xfa, 0x20,

    /* U+F8A2 "" */
    0x0, 0x0, 0x0, 0x0, 0x0, 0x0, 0x0, 0x0,
    0x0, 0x0, 0x0, 0x0, 0x0, 0x0, 0x0, 0x0,
    0x0, 0x0, 0x0, 0x0, 0x0, 0x0, 0x0, 0x0,
    0x0, 0x0, 0x0, 0x0, 0x0, 0x0, 0x0, 0x6,
    0xe0, 0x0, 0x0, 0x0, 0x0, 0x0, 0x0, 0x0,
    0x0, 0x0, 0x0, 0x0, 0x0, 0x0, 0x0, 0x6,
    0xff, 0x10, 0x0, 0x0, 0x0, 0x0, 0x0, 0x0,
    0x0, 0x0, 0x0, 0x0, 0x0, 0x0, 0x0, 0x6,
    0xff, 0xf1, 0x0, 0x0, 0x0, 0x0, 0x0, 0x0,
    0x0, 0x0, 0x0, 0x0, 0x0, 0x0, 0x0, 0x6,
    0xff, 0xff, 0x10, 0x0, 0x0, 0x0, 0x8f, 0x90,
    0x0, 0x0, 0x0, 0x0, 0x0, 0x0, 0x0, 0x0,
    0xef, 0xff, 0xf1, 0x0, 0x0, 0x0, 0x9f, 0xff,
    0x0, 0x0, 0x0, 0x0, 0x0, 0x0, 0x0, 0x0,
    0xe, 0xff, 0xff, 0x10, 0x0, 0x0, 0xaf, 0xff,
    0xf1, 0x0, 0x0, 0x0, 0x0, 0x0, 0x0, 0x0,
    0x0, 0xef, 0xff, 0xf1, 0x0, 0x0, 0xbf, 0xff,
    0xff, 0x10, 0x0, 0x0, 0x0, 0x0, 0x0, 0x0,
    0x0, 0xe, 0xff, 0xff, 0x10, 0x1, 0xcf, 0xff,
    0xff, 0xf1, 0x0, 0x0, 0x0, 0x0, 0x0, 0x0,
    0x0, 0x0, 0xef, 0xff, 0xf1, 0x1, 0xdf, 0xff,
    0xff, 0xff, 0x88, 0x88, 0x88, 0x88, 0x88, 0x88,
    0x88, 0x88, 0x8f, 0xff, 0xff, 0x12, 0xdf, 0xff,
    0xff, 0xff, 0xff, 0xff, 0xff, 0xff, 0xff, 0xff,
    0xff, 0xff, 0xff, 0xff, 0xff, 0xf1, 0xcf, 0xff,
    0xff, 0xff, 0xff, 0xff, 0xff, 0xff, 0xff, 0xff,
    0xff, 0xff, 0xff, 0xff, 0xff, 0xff, 0x1c, 0xff,
    0xff, 0xff, 0xff, 0xff, 0xff, 0xff, 0xff, 0xff,
    0xff, 0xff, 0xff, 0xff, 0xff, 0xff, 0xf1, 0x2e,
    0xff, 0xff, 0xff, 0xff, 0xff, 0xff, 0xff, 0xff,
    0xff, 0xff, 0xff, 0xff, 0xff, 0xff, 0xfe, 0x0,
    0x1d, 0xff, 0xff, 0xff, 0xf8, 0x88, 0x88, 0x88,
    0x88, 0x88, 0x88, 0x88, 0x88, 0x88, 0x87, 0x20,
    0x0, 0x1c, 0xff, 0xff, 0xff, 0x10, 0x0, 0x0,
    0x0, 0x0, 0x0, 0x0, 0x0, 0x0, 0x0, 0x0,
    0x0, 0x0, 0xb, 0xff, 0xff, 0xf1, 0x0, 0x0,
    0x0, 0x0, 0x0, 0x0, 0x0, 0x0, 0x0, 0x0,
    0x0, 0x0, 0x0, 0xa, 0xff, 0xff, 0x10, 0x0,
    0x0, 0x0, 0x0, 0x0, 0x0, 0x0, 0x0, 0x0,
    0x0, 0x0, 0x0, 0x0, 0x9, 0xff, 0xf0, 0x0,
    0x0, 0x0, 0x0, 0x0, 0x0, 0x0, 0x0, 0x0,
    0x0, 0x0, 0x0, 0x0, 0x0, 0x8, 0xf9, 0x0,
    0x0, 0x0, 0x0, 0x0, 0x0, 0x0, 0x0, 0x0,
    0x0, 0x0, 0x0
};


/*---------------------
 *  GLYPH DESCRIPTION
 *--------------------*/

static const lv_font_fmt_txt_glyph_dsc_t glyph_dsc[] = {
    {.bitmap_index = 0, .adv_w = 0, .box_w = 0, .box_h = 0, .ofs_x = 0, .ofs_y = 0} /* id = 0 reserved */,
    {.bitmap_index = 0, .adv_w = 129, .box_w = 0, .box_h = 0, .ofs_x = 0, .ofs_y = 0},
    {.bitmap_index = 0, .adv_w = 165, .box_w = 6, .box_h = 24, .ofs_x = 2, .ofs_y = 0},
    {.bitmap_index = 72, .adv_w = 268, .box_w = 11, .box_h = 10, .ofs_x = 3, .ofs_y = 14},
    {.bitmap_index = 127, .adv_w = 330, .box_w = 21, .box_h = 24, .ofs_x = 0, .ofs_y = 0},
    {.bitmap_index = 379, .adv_w = 333, .box_w = 19, .box_h = 31, .ofs_x = 1, .ofs_y = -3},
    {.bitmap_index = 674, .adv_w = 514, .box_w = 26, .box_h = 24, .ofs_x = 3, .ofs_y = 0},
    {.bitmap_index = 986, .adv_w = 339, .box_w = 20, .box_h = 24, .ofs_x = 1, .ofs_y = 0},
    {.bitmap_index = 1226, .adv_w = 167, .box_w = 5, .box_h = 10, .ofs_x = 3, .ofs_y = 14},
    {.bitmap_index = 1251, .adv_w = 191, .box_w = 9, .box_h = 30, .ofs_x = 2, .ofs_y = -4},
    {.bitmap_index = 1386, .adv_w = 191, .box_w = 9, .box_h = 30, .ofs_x = 1, .ofs_y = -4},
    {.bitmap_index = 1521, .adv_w = 276, .box_w = 13, .box_h = 14, .ofs_x = 2, .ofs_y = 10},
    {.bitmap_index = 1612, .adv_w = 345, .box_w = 17, .box_h = 16, .ofs_x = 2, .ofs_y = 2},
    {.bitmap_index = 1748, .adv_w = 163, .box_w = 7, .box_h = 10, .ofs_x = 1, .ofs_y = -6},
    {.bitmap_index = 1783, .adv_w = 238, .box_w = 11, .box_h = 4, .ofs_x = 2, .ofs_y = 8},
    {.bitmap_index = 1805, .adv_w = 163, .box_w = 6, .box_h = 6, .ofs_x = 2, .ofs_y = 0},
    {.bitmap_index = 1823, .adv_w = 194, .box_w = 12, .box_h = 29, .ofs_x = 0, .ofs_y = -4},
    {.bitmap_index = 1997, .adv_w = 338, .box_w = 19, .box_h = 24, .ofs_x = 1, .ofs_y = 0},
    {.bitmap_index = 2225, .adv_w = 217, .box_w = 11, .box_h = 24, .ofs_x = 1, .ofs_y = 0},
    {.bitmap_index = 2357, .adv_w = 319, .box_w = 18, .box_h = 24, .ofs_x = 1, .ofs_y = 0},
    {.bitmap_index = 2573, .adv_w = 326, .box_w = 18, .box_h = 24, .ofs_x = 1, .ofs_y = 0},
    {.bitmap_index = 2789, .adv_w = 341, .box_w = 19, .box_h = 24, .ofs_x = 1, .ofs_y = 0},
    {.bitmap_index = 3017, .adv_w = 314, .box_w = 17, .box_h = 24, .ofs_x = 1, .ofs_y = 0},
    {.bitmap_index = 3221, .adv_w = 328, .box_w = 18, .box_h = 24, .ofs_x = 1, .ofs_y = 0},
    {.bitmap_index = 3437, .adv_w = 295, .box_w = 17, .box_h = 24, .ofs_x = 1, .ofs_y = 0},
    {.bitmap_index = 3641, .adv_w = 328, .box_w = 18, .box_h = 24, .ofs_x = 1, .ofs_y = 0},
    {.bitmap_index = 3857, .adv_w = 328, .box_w = 18, .box_h = 24, .ofs_x = 1, .ofs_y = 0},
    {.bitmap_index = 4073, .adv_w = 163, .box_w = 6, .box_h = 18, .ofs_x = 2, .ofs_y = 0},
    {.bitmap_index = 4127, .adv_w = 169, .box_w = 7, .box_h = 24, .ofs_x = 1, .ofs_y = -6},
    {.bitmap_index = 4211, .adv_w = 345, .box_w = 17, .box_h = 19, .ofs_x = 2, .ofs_y = 0},
    {.bitmap_index = 4373, .adv_w = 345, .box_w = 16, .box_h = 11, .ofs_x = 3, .ofs_y = 4},
    {.bitmap_index = 4461, .adv_w = 345, .box_w = 16, .box_h = 19, .ofs_x = 3, .ofs_y = 0},
    {.bitmap_index = 4613, .adv_w = 278, .box_w = 15, .box_h = 24, .ofs_x = 1, .ofs_y = 0},
    {.bitmap_index = 4793, .adv_w = 512, .box_w = 30, .box_h = 31, .ofs_x = 1, .ofs_y = -7},
    {.bitmap_index = 5258, .adv_w = 373, .box_w = 23, .box_h = 24, .ofs_x = 0, .ofs_y = 0},
    {.bitmap_index = 5534, .adv_w = 338, .box_w = 18, .box_h = 24, .ofs_x = 2, .ofs_y = 0},
    {.bitmap_index = 5750, .adv_w = 377, .box_w = 22, .box_h = 24, .ofs_x = 1, .ofs_y = 0},
    {.bitmap_index = 6014, .adv_w = 370, .box_w = 20, .box_h = 24, .ofs_x = 2, .ofs_y = 0},
    {.bitmap_index = 6254, .adv_w = 310, .box_w = 16, .box_h = 24, .ofs_x = 2, .ofs_y = 0},
    {.bitmap_index = 6446, .adv_w = 301, .box_w = 16, .box_h = 24, .ofs_x = 2, .ofs_y = 0},
    {.bitmap_index = 6638, .adv_w = 384, .box_w = 22, .box_h = 24, .ofs_x = 1, .ofs_y = 0},
    {.bitmap_index = 6902, .adv_w = 382, .box_w = 20, .box_h = 24, .ofs_x = 2, .ofs_y = 0},
    {.bitmap_index = 7142, .adv_w = 142, .box_w = 5, .box_h = 24, .ofs_x = 2, .ofs_y = 0},
    {.bitmap_index = 7202, .adv_w = 297, .box_w = 16, .box_h = 24, .ofs_x = 1, .ofs_y = 0},
    {.bitmap_index = 7394, .adv_w = 360, .box_w = 20, .box_h = 24, .ofs_x = 2, .ofs_y = 0},
    {.bitmap_index = 7634, .adv_w = 290, .box_w = 15, .box_h = 24, .ofs_x = 2, .ofs_y = 0},
    {.bitmap_index = 7814, .adv_w = 472, .box_w = 26, .box_h = 24, .ofs_x = 2, .ofs_y = 0},
    {.bitmap_index = 8126, .adv_w = 389, .box_w = 20, .box_h = 24, .ofs_x = 2, .ofs_y = 0},
    {.bitmap_index = 8366, .adv_w = 394, .box_w = 22, .box_h = 24, .ofs_x = 1, .ofs_y = 0},
    {.bitmap_index = 8630, .adv_w = 330, .box_w = 18, .box_h = 24, .ofs_x = 2, .ofs_y = 0},
    {.bitmap_index = 8846, .adv_w = 396, .box_w = 22, .box_h = 26, .ofs_x = 1, .ofs_y = -2},
    {.bitmap_index = 9132, .adv_w = 334, .box_w = 19, .box_h = 24, .ofs_x = 2, .ofs_y = 0},
    {.bitmap_index = 9360, .adv_w = 333, .box_w = 19, .box_h = 24, .ofs_x = 1, .ofs_y = 0},
    {.bitmap_index = 9588, .adv_w = 338, .box_w = 19, .box_h = 24, .ofs_x = 1, .ofs_y = 0},
    {.bitmap_index = 9816, .adv_w = 377, .box_w = 20, .box_h = 24, .ofs_x = 2, .ofs_y = 0},
    {.bitmap_index = 10056, .adv_w = 373, .box_w = 23, .box_h = 24, .ofs_x = 0, .ofs_y = 0},
    {.bitmap_index = 10332, .adv_w = 522, .box_w = 32, .box_h = 24, .ofs_x = 0, .ofs_y = 0},
    {.bitmap_index = 10716, .adv_w = 369, .box_w = 23, .box_h = 24, .ofs_x = 0, .ofs_y = 0},
    {.bitmap_index = 10992, .adv_w = 365, .box_w = 23, .box_h = 24, .ofs_x = 0, .ofs_y = 0},
    {.bitmap_index = 11268, .adv_w = 334, .box_w = 19, .box_h = 24, .ofs_x = 1, .ofs_y = 0},
    {.bitmap_index = 11496, .adv_w = 191, .box_w = 8, .box_h = 30, .ofs_x = 3, .ofs_y = -4},
    {.bitmap_index = 11616, .adv_w = 194, .box_w = 12, .box_h = 29, .ofs_x = 0, .ofs_y = -4},
    {.bitmap_index = 11790, .adv_w = 191, .box_w = 8, .box_h = 30, .ofs_x = 1, .ofs_y = -4},
    {.bitmap_index = 11910, .adv_w = 247, .box_w = 14, .box_h = 10, .ofs_x = 1, .ofs_y = 13},
    {.bitmap_index = 11980, .adv_w = 240, .box_w = 16, .box_h = 4, .ofs_x = 0, .ofs_y = -3},
    {.bitmap_index = 12012, .adv_w = 180, .box_w = 7, .box_h = 5, .ofs_x = 2, .ofs_y = 20},
    {.bitmap_index = 12030, .adv_w = 294, .box_w = 16, .box_h = 18, .ofs_x = 1, .ofs_y = 0},
    {.bitmap_index = 12174, .adv_w = 320, .box_w = 17, .box_h = 24, .ofs_x = 2, .ofs_y = 0},
    {.bitmap_index = 12378, .adv_w = 298, .box_w = 17, .box_h = 18, .ofs_x = 1, .ofs_y = 0},
    {.bitmap_index = 12531, .adv_w = 320, .box_w = 17, .box_h = 24, .ofs_x = 1, .ofs_y = 0},
    {.bitmap_index = 12735, .adv_w = 303, .box_w = 17, .box_h = 18, .ofs_x = 1, .ofs_y = 0},
    {.bitmap_index = 12888, .adv_w = 199, .box_w = 13, .box_h = 25, .ofs_x = 0, .ofs_y = 0},
    {.bitmap_index = 13051, .adv_w = 320, .box_w = 17, .box_h = 25, .ofs_x = 1, .ofs_y = -7},
    {.bitmap_index = 13264, .adv_w = 314, .box_w = 16, .box_h = 24, .ofs_x = 2, .ofs_y = 0},
    {.bitmap_index = 13456, .adv_w = 134, .box_w = 6, .box_h = 25, .ofs_x = 1, .ofs_y = 0},
    {.bitmap_index = 13531, .adv_w = 134, .box_w = 8, .box_h = 32, .ofs_x = -1, .ofs_y = -7},
    {.bitmap_index = 13659, .adv_w = 292, .box_w = 16, .box_h = 24, .ofs_x = 2, .ofs_y = 0},
    {.bitmap_index = 13851, .adv_w = 134, .box_w = 5, .box_h = 24, .ofs_x = 2, .ofs_y = 0},
    {.bitmap_index = 13911, .adv_w = 461, .box_w = 25, .box_h = 18, .ofs_x = 2, .ofs_y = 0},
    {.bitmap_index = 14136, .adv_w = 313, .box_w = 16, .box_h = 18, .ofs_x = 2, .ofs_y = 0},
    {.bitmap_index = 14280, .adv_w = 312, .box_w = 18, .box_h = 18, .ofs_x = 1, .ofs_y = 0},
    {.bitmap_index = 14442, .adv_w = 320, .box_w = 17, .box_h = 25, .ofs_x = 2, .ofs_y = -7},
    {.bitmap_index = 14655, .adv_w = 320, .box_w = 17, .box_h = 25, .ofs_x = 1, .ofs_y = -7},
    {.bitmap_index = 14868, .adv_w = 203, .box_w = 11, .box_h = 19, .ofs_x = 2, .ofs_y = 0},
    {.bitmap_index = 14973, .adv_w = 281, .box_w = 16, .box_h = 18, .ofs_x = 1, .ofs_y = 0},
    {.bitmap_index = 15117, .adv_w = 181, .box_w = 11, .box_h = 22, .ofs_x = 0, .ofs_y = 0},
    {.bitmap_index = 15238, .adv_w = 314, .box_w = 16, .box_h = 18, .ofs_x = 2, .ofs_y = 0},
    {.bitmap_index = 15382, .adv_w = 301, .box_w = 19, .box_h = 18, .ofs_x = 0, .ofs_y = 0},
    {.bitmap_index = 15553, .adv_w = 430, .box_w = 27, .box_h = 18, .ofs_x = 0, .ofs_y = 0},
    {.bitmap_index = 15796, .adv_w = 291, .box_w = 18, .box_h = 18, .ofs_x = 0, .ofs_y = 0},
    {.bitmap_index = 15958, .adv_w = 301, .box_w = 19, .box_h = 25, .ofs_x = 0, .ofs_y = -7},
    {.bitmap_index = 16196, .adv_w = 290, .box_w = 16, .box_h = 18, .ofs_x = 1, .ofs_y = 0},
    {.bitmap_index = 16340, .adv_w = 233, .box_w = 11, .box_h = 30, .ofs_x = 2, .ofs_y = -4},
    {.bitmap_index = 16505, .adv_w = 184, .box_w = 5, .box_h = 39, .ofs_x = 3, .ofs_y = -8},
    {.bitmap_index = 16603, .adv_w = 233, .box_w = 12, .box_h = 30, .ofs_x = 1, .ofs_y = -4},
    {.bitmap_index = 16783, .adv_w = 345, .box_w = 18, .box_h = 7, .ofs_x = 2, .ofs_y = 6},
    {.bitmap_index = 16846, .adv_w = 129, .box_w = 0, .box_h = 0, .ofs_x = 0, .ofs_y = 0},
    {.bitmap_index = 16846, .adv_w = 165, .box_w = 6, .box_h = 24, .ofs_x = 2, .ofs_y = -6},
    {.bitmap_index = 16918, .adv_w = 298, .box_w = 17, .box_h = 24, .ofs_x = 1, .ofs_y = 0},
    {.bitmap_index = 17122, .adv_w = 322, .box_w = 18, .box_h = 24, .ofs_x = 1, .ofs_y = 0},
    {.bitmap_index = 17338, .adv_w = 384, .box_w = 20, .box_h = 22, .ofs_x = 2, .ofs_y = -1},
    {.bitmap_index = 17558, .adv_w = 289, .box_w = 18, .box_h = 24, .ofs_x = 0, .ofs_y = 0},
    {.bitmap_index = 17774, .adv_w = 162, .box_w = 4, .box_h = 28, .ofs_x = 3, .ofs_y = -4},
    {.bitmap_index = 17830, .adv_w = 291, .box_w = 16, .box_h = 29, .ofs_x = 1, .ofs_y = -5},
    {.bitmap_index = 18062, .adv_w = 313, .box_w = 12, .box_h = 5, .ofs_x = 4, .ofs_y = 20},
    {.bitmap_index = 18092, .adv_w = 468, .box_w = 25, .box_h = 25, .ofs_x = 2, .ofs_y = 0},
    {.bitmap_index = 18405, .adv_w = 236, .box_w = 14, .box_h = 14, .ofs_x = 0, .ofs_y = 10},
    {.bitmap_index = 18503, .adv_w = 325, .box_w = 19, .box_h = 15, .ofs_x = 1, .ofs_y = 3},
    {.bitmap_index = 18646, .adv_w = 345, .box_w = 15, .box_h = 8, .ofs_x = 3, .ofs_y = 5},
    {.bitmap_index = 18706, .adv_w = 340, .box_w = 19, .box_h = 19, .ofs_x = 1, .ofs_y = 6},
    {.bitmap_index = 18887, .adv_w = 231, .box_w = 10, .box_h = 3, .ofs_x = 2, .ofs_y = 21},
    {.bitmap_index = 18902, .adv_w = 235, .box_w = 12, .box_h = 11, .ofs_x = 1, .ofs_y = 13},
    {.bitmap_index = 18968, .adv_w = 345, .box_w = 16, .box_h = 17, .ofs_x = 3, .ofs_y = 1},
    {.bitmap_index = 19104, .adv_w = 232, .box_w = 12, .box_h = 13, .ofs_x = 1, .ofs_y = 14},
    {.bitmap_index = 19182, .adv_w = 237, .box_w = 13, .box_h = 13, .ofs_x = 1, .ofs_y = 14},
    {.bitmap_index = 19267, .adv_w = 180, .box_w = 7, .box_h = 5, .ofs_x = 2, .ofs_y = 20},
    {.bitmap_index = 19285, .adv_w = 315, .box_w = 18, .box_h = 25, .ofs_x = 2, .ofs_y = -7},
    {.bitmap_index = 19510, .adv_w = 307, .box_w = 16, .box_h = 24, .ofs_x = 1, .ofs_y = 0},
    {.bitmap_index = 19702, .adv_w = 163, .box_w = 6, .box_h = 6, .ofs_x = 2, .ofs_y = 9},
    {.bitmap_index = 19720, .adv_w = 170, .box_w = 7, .box_h = 8, .ofs_x = 3, .ofs_y = -7},
    {.bitmap_index = 19748, .adv_w = 166, .box_w = 8, .box_h = 13, .ofs_x = 1, .ofs_y = 14},
    {.bitmap_index = 19800, .adv_w = 250, .box_w = 14, .box_h = 14, .ofs_x = 1, .ofs_y = 10},
    {.bitmap_index = 19898, .adv_w = 325, .box_w = 18, .box_h = 15, .ofs_x = 1, .ofs_y = 3},
    {.bitmap_index = 20033, .adv_w = 426, .box_w = 25, .box_h = 24, .ofs_x = 1, .ofs_y = 0},
    {.bitmap_index = 20333, .adv_w = 445, .box_w = 26, .box_h = 24, .ofs_x = 1, .ofs_y = 0},
    {.bitmap_index = 20645, .adv_w = 465, .box_w = 27, .box_h = 24, .ofs_x = 1, .ofs_y = 0},
    {.bitmap_index = 20969, .adv_w = 278, .box_w = 16, .box_h = 25, .ofs_x = 1, .ofs_y = -7},
    {.bitmap_index = 21169, .adv_w = 373, .box_w = 23, .box_h = 31, .ofs_x = 0, .ofs_y = 0},
    {.bitmap_index = 21526, .adv_w = 373, .box_w = 23, .box_h = 31, .ofs_x = 0, .ofs_y = 0},
    {.bitmap_index = 21883, .adv_w = 373, .box_w = 23, .box_h = 31, .ofs_x = 0, .ofs_y = 0},
    {.bitmap_index = 22240, .adv_w = 373, .box_w = 23, .box_h = 31, .ofs_x = 0, .ofs_y = 0},
    {.bitmap_index = 22597, .adv_w = 373, .box_w = 23, .box_h = 31, .ofs_x = 0, .ofs_y = 0},
    {.bitmap_index = 22954, .adv_w = 373, .box_w = 23, .box_h = 33, .ofs_x = 0, .ofs_y = 0},
    {.bitmap_index = 23334, .adv_w = 519, .box_w = 31, .box_h = 24, .ofs_x = 0, .ofs_y = 0},
    {.bitmap_index = 23706, .adv_w = 377, .box_w = 22, .box_h = 31, .ofs_x = 1, .ofs_y = -7},
    {.bitmap_index = 24047, .adv_w = 310, .box_w = 16, .box_h = 31, .ofs_x = 2, .ofs_y = 0},
    {.bitmap_index = 24295, .adv_w = 310, .box_w = 16, .box_h = 31, .ofs_x = 2, .ofs_y = 0},
    {.bitmap_index = 24543, .adv_w = 310, .box_w = 16, .box_h = 31, .ofs_x = 2, .ofs_y = 0},
    {.bitmap_index = 24791, .adv_w = 310, .box_w = 16, .box_h = 31, .ofs_x = 2, .ofs_y = 0},
    {.bitmap_index = 25039, .adv_w = 142, .box_w = 8, .box_h = 31, .ofs_x = -1, .ofs_y = 0},
    {.bitmap_index = 25163, .adv_w = 142, .box_w = 7, .box_h = 31, .ofs_x = 2, .ofs_y = 0},
    {.bitmap_index = 25272, .adv_w = 142, .box_w = 13, .box_h = 31, .ofs_x = -2, .ofs_y = 0},
    {.bitmap_index = 25474, .adv_w = 142, .box_w = 13, .box_h = 31, .ofs_x = -2, .ofs_y = 0},
    {.bitmap_index = 25676, .adv_w = 385, .box_w = 23, .box_h = 24, .ofs_x = 0, .ofs_y = 0},
    {.bitmap_index = 25952, .adv_w = 389, .box_w = 20, .box_h = 31, .ofs_x = 2, .ofs_y = 0},
    {.bitmap_index = 26262, .adv_w = 394, .box_w = 22, .box_h = 31, .ofs_x = 1, .ofs_y = 0},
    {.bitmap_index = 26603, .adv_w = 394, .box_w = 22, .box_h = 31, .ofs_x = 1, .ofs_y = 0},
    {.bitmap_index = 26944, .adv_w = 394, .box_w = 22, .box_h = 31, .ofs_x = 1, .ofs_y = 0},
    {.bitmap_index = 27285, .adv_w = 394, .box_w = 22, .box_h = 31, .ofs_x = 1, .ofs_y = 0},
    {.bitmap_index = 27626, .adv_w = 394, .box_w = 22, .box_h = 31, .ofs_x = 1, .ofs_y = 0},
    {.bitmap_index = 27967, .adv_w = 345, .box_w = 17, .box_h = 17, .ofs_x = 2, .ofs_y = 1},
    {.bitmap_index = 28112, .adv_w = 394, .box_w = 22, .box_h = 26, .ofs_x = 1, .ofs_y = -1},
    {.bitmap_index = 28398, .adv_w = 377, .box_w = 20, .box_h = 31, .ofs_x = 2, .ofs_y = 0},
    {.bitmap_index = 28708, .adv_w = 377, .box_w = 20, .box_h = 31, .ofs_x = 2, .ofs_y = 0},
    {.bitmap_index = 29018, .adv_w = 377, .box_w = 20, .box_h = 31, .ofs_x = 2, .ofs_y = 0},
    {.bitmap_index = 29328, .adv_w = 377, .box_w = 20, .box_h = 31, .ofs_x = 2, .ofs_y = 0},
    {.bitmap_index = 29638, .adv_w = 365, .box_w = 23, .box_h = 31, .ofs_x = 0, .ofs_y = 0},
    {.bitmap_index = 29995, .adv_w = 337, .box_w = 17, .box_h = 24, .ofs_x = 2, .ofs_y = 0},
    {.bitmap_index = 30199, .adv_w = 330, .box_w = 18, .box_h = 24, .ofs_x = 2, .ofs_y = 0},
    {.bitmap_index = 30415, .adv_w = 294, .box_w = 16, .box_h = 25, .ofs_x = 1, .ofs_y = 0},
    {.bitmap_index = 30615, .adv_w = 294, .box_w = 16, .box_h = 25, .ofs_x = 1, .ofs_y = 0},
    {.bitmap_index = 30815, .adv_w = 294, .box_w = 16, .box_h = 26, .ofs_x = 1, .ofs_y = 0},
    {.bitmap_index = 31023, .adv_w = 294, .box_w = 16, .box_h = 25, .ofs_x = 1, .ofs_y = 0},
    {.bitmap_index = 31223, .adv_w = 294, .box_w = 16, .box_h = 25, .ofs_x = 1, .ofs_y = 0},
    {.bitmap_index = 31423, .adv_w = 294, .box_w = 16, .box_h = 28, .ofs_x = 1, .ofs_y = 0},
    {.bitmap_index = 31647, .adv_w = 467, .box_w = 27, .box_h = 18, .ofs_x = 1, .ofs_y = 0},
    {.bitmap_index = 31890, .adv_w = 298, .box_w = 17, .box_h = 25, .ofs_x = 1, .ofs_y = -7},
    {.bitmap_index = 32103, .adv_w = 303, .box_w = 17, .box_h = 25, .ofs_x = 1, .ofs_y = 0},
    {.bitmap_index = 32316, .adv_w = 303, .box_w = 17, .box_h = 25, .ofs_x = 1, .ofs_y = 0},
    {.bitmap_index = 32529, .adv_w = 303, .box_w = 17, .box_h = 26, .ofs_x = 1, .ofs_y = 0},
    {.bitmap_index = 32750, .adv_w = 303, .box_w = 17, .box_h = 25, .ofs_x = 1, .ofs_y = 0},
    {.bitmap_index = 32963, .adv_w = 134, .box_w = 8, .box_h = 25, .ofs_x = -1, .ofs_y = 0},
    {.bitmap_index = 33063, .adv_w = 134, .box_w = 7, .box_h = 25, .ofs_x = 2, .ofs_y = 0},
    {.bitmap_index = 33151, .adv_w = 134, .box_w = 13, .box_h = 25, .ofs_x = -2, .ofs_y = 0},
    {.bitmap_index = 33314, .adv_w = 134, .box_w = 12, .box_h = 25, .ofs_x = -2, .ofs_y = 0},
    {.bitmap_index = 33464, .adv_w = 304, .box_w = 17, .box_h = 26, .ofs_x = 1, .ofs_y = 0},
    {.bitmap_index = 33685, .adv_w = 313, .box_w = 16, .box_h = 25, .ofs_x = 2, .ofs_y = 0},
    {.bitmap_index = 33885, .adv_w = 312, .box_w = 18, .box_h = 25, .ofs_x = 1, .ofs_y = 0},
    {.bitmap_index = 34110, .adv_w = 312, .box_w = 18, .box_h = 25, .ofs_x = 1, .ofs_y = 0},
    {.bitmap_index = 34335, .adv_w = 312, .box_w = 18, .box_h = 26, .ofs_x = 1, .ofs_y = 0},
    {.bitmap_index = 34569, .adv_w = 312, .box_w = 18, .box_h = 25, .ofs_x = 1, .ofs_y = 0},
    {.bitmap_index = 34794, .adv_w = 312, .box_w = 18, .box_h = 25, .ofs_x = 1, .ofs_y = 0},
    {.bitmap_index = 35019, .adv_w = 345, .box_w = 16, .box_h = 18, .ofs_x = 3, .ofs_y = 0},
    {.bitmap_index = 35163, .adv_w = 312, .box_w = 18, .box_h = 20, .ofs_x = 1, .ofs_y = -1},
    {.bitmap_index = 35343, .adv_w = 314, .box_w = 16, .box_h = 25, .ofs_x = 2, .ofs_y = 0},
    {.bitmap_index = 35543, .adv_w = 314, .box_w = 16, .box_h = 25, .ofs_x = 2, .ofs_y = 0},
    {.bitmap_index = 35743, .adv_w = 314, .box_w = 16, .box_h = 25, .ofs_x = 2, .ofs_y = 0},
    {.bitmap_index = 35943, .adv_w = 314, .box_w = 16, .box_h = 25, .ofs_x = 2, .ofs_y = 0},
    {.bitmap_index = 36143, .adv_w = 301, .box_w = 19, .box_h = 32, .ofs_x = 0, .ofs_y = -7},
    {.bitmap_index = 36447, .adv_w = 320, .box_w = 17, .box_h = 31, .ofs_x = 2, .ofs_y = -7},
    {.bitmap_index = 36711, .adv_w = 301, .box_w = 19, .box_h = 32, .ofs_x = 0, .ofs_y = -7},
    {.bitmap_index = 37015, .adv_w = 373, .box_w = 23, .box_h = 30, .ofs_x = 0, .ofs_y = 0},
    {.bitmap_index = 37360, .adv_w = 294, .box_w = 16, .box_h = 24, .ofs_x = 1, .ofs_y = 0},
    {.bitmap_index = 37552, .adv_w = 373, .box_w = 23, .box_h = 31, .ofs_x = 0, .ofs_y = 0},
    {.bitmap_index = 37909, .adv_w = 294, .box_w = 16, .box_h = 25, .ofs_x = 1, .ofs_y = 0},
    {.bitmap_index = 38109, .adv_w = 373, .box_w = 24, .box_h = 31, .ofs_x = 0, .ofs_y = -7},
    {.bitmap_index = 38481, .adv_w = 294, .box_w = 17, .box_h = 25, .ofs_x = 1, .ofs_y = -7},
    {.bitmap_index = 38694, .adv_w = 377, .box_w = 22, .box_h = 31, .ofs_x = 1, .ofs_y = 0},
    {.bitmap_index = 39035, .adv_w = 298, .box_w = 17, .box_h = 25, .ofs_x = 1, .ofs_y = 0},
    {.bitmap_index = 39248, .adv_w = 377, .box_w = 22, .box_h = 31, .ofs_x = 1, .ofs_y = 0},
    {.bitmap_index = 39589, .adv_w = 298, .box_w = 17, .box_h = 26, .ofs_x = 1, .ofs_y = 0},
    {.bitmap_index = 39810, .adv_w = 377, .box_w = 22, .box_h = 31, .ofs_x = 1, .ofs_y = 0},
    {.bitmap_index = 40151, .adv_w = 298, .box_w = 17, .box_h = 25, .ofs_x = 1, .ofs_y = 0},
    {.bitmap_index = 40364, .adv_w = 377, .box_w = 22, .box_h = 32, .ofs_x = 1, .ofs_y = 0},
    {.bitmap_index = 40716, .adv_w = 298, .box_w = 17, .box_h = 26, .ofs_x = 1, .ofs_y = 0},
    {.bitmap_index = 40937, .adv_w = 370, .box_w = 20, .box_h = 31, .ofs_x = 2, .ofs_y = 0},
    {.bitmap_index = 41247, .adv_w = 379, .box_w = 23, .box_h = 26, .ofs_x = 1, .ofs_y = 0},
    {.bitmap_index = 41546, .adv_w = 385, .box_w = 23, .box_h = 24, .ofs_x = 0, .ofs_y = 0},
    {.bitmap_index = 41822, .adv_w = 320, .box_w = 19, .box_h = 24, .ofs_x = 1, .ofs_y = 0},
    {.bitmap_index = 42050, .adv_w = 310, .box_w = 16, .box_h = 30, .ofs_x = 2, .ofs_y = 0},
    {.bitmap_index = 42290, .adv_w = 303, .box_w = 17, .box_h = 24, .ofs_x = 1, .ofs_y = 0},
    {.bitmap_index = 42494, .adv_w = 310, .box_w = 16, .box_h = 31, .ofs_x = 2, .ofs_y = 0},
    {.bitmap_index = 42742, .adv_w = 303, .box_w = 17, .box_h = 25, .ofs_x = 1, .ofs_y = 0},
    {.bitmap_index = 42955, .adv_w = 310, .box_w = 16, .box_h = 31, .ofs_x = 2, .ofs_y = 0},
    {.bitmap_index = 43203, .adv_w = 303, .box_w = 17, .box_h = 25, .ofs_x = 1, .ofs_y = 0},
    {.bitmap_index = 43416, .adv_w = 310, .box_w = 17, .box_h = 31, .ofs_x = 2, .ofs_y = -7},
    {.bitmap_index = 43680, .adv_w = 303, .box_w = 17, .box_h = 25, .ofs_x = 1, .ofs_y = -7},
    {.bitmap_index = 43893, .adv_w = 310, .box_w = 16, .box_h = 31, .ofs_x = 2, .ofs_y = 0},
    {.bitmap_index = 44141, .adv_w = 303, .box_w = 17, .box_h = 26, .ofs_x = 1, .ofs_y = 0},
    {.bitmap_index = 44362, .adv_w = 384, .box_w = 22, .box_h = 31, .ofs_x = 1, .ofs_y = 0},
    {.bitmap_index = 44703, .adv_w = 320, .box_w = 17, .box_h = 32, .ofs_x = 1, .ofs_y = -7},
    {.bitmap_index = 44975, .adv_w = 384, .box_w = 22, .box_h = 31, .ofs_x = 1, .ofs_y = 0},
    {.bitmap_index = 45316, .adv_w = 320, .box_w = 17, .box_h = 32, .ofs_x = 1, .ofs_y = -7},
    {.bitmap_index = 45588, .adv_w = 384, .box_w = 22, .box_h = 31, .ofs_x = 1, .ofs_y = 0},
    {.bitmap_index = 45929, .adv_w = 320, .box_w = 17, .box_h = 32, .ofs_x = 1, .ofs_y = -7},
    {.bitmap_index = 46201, .adv_w = 384, .box_w = 22, .box_h = 31, .ofs_x = 1, .ofs_y = -7},
    {.bitmap_index = 46542, .adv_w = 320, .box_w = 17, .box_h = 34, .ofs_x = 1, .ofs_y = -7},
    {.bitmap_index = 46831, .adv_w = 382, .box_w = 20, .box_h = 31, .ofs_x = 2, .ofs_y = 0},
    {.bitmap_index = 47141, .adv_w = 314, .box_w = 20, .box_h = 31, .ofs_x = -2, .ofs_y = 0},
    {.bitmap_index = 47451, .adv_w = 408, .box_w = 24, .box_h = 24, .ofs_x = 1, .ofs_y = 0},
    {.bitmap_index = 47739, .adv_w = 314, .box_w = 19, .box_h = 24, .ofs_x = -1, .ofs_y = 0},
    {.bitmap_index = 47967, .adv_w = 142, .box_w = 11, .box_h = 31, .ofs_x = -1, .ofs_y = 0},
    {.bitmap_index = 48138, .adv_w = 134, .box_w = 11, .box_h = 25, .ofs_x = -1, .ofs_y = 0},
    {.bitmap_index = 48276, .adv_w = 142, .box_w = 10, .box_h = 30, .ofs_x = -1, .ofs_y = 0},
    {.bitmap_index = 48426, .adv_w = 134, .box_w = 10, .box_h = 24, .ofs_x = -1, .ofs_y = 0},
    {.bitmap_index = 48546, .adv_w = 142, .box_w = 11, .box_h = 31, .ofs_x = -1, .ofs_y = 0},
    {.bitmap_index = 48717, .adv_w = 134, .box_w = 11, .box_h = 25, .ofs_x = -1, .ofs_y = 0},
    {.bitmap_index = 48855, .adv_w = 142, .box_w = 8, .box_h = 31, .ofs_x = 0, .ofs_y = -7},
    {.bitmap_index = 48979, .adv_w = 134, .box_w = 9, .box_h = 32, .ofs_x = -1, .ofs_y = -7},
    {.bitmap_index = 49123, .adv_w = 142, .box_w = 5, .box_h = 31, .ofs_x = 2, .ofs_y = 0},
    {.bitmap_index = 49201, .adv_w = 134, .box_w = 5, .box_h = 18, .ofs_x = 2, .ofs_y = 0},
    {.bitmap_index = 49246, .adv_w = 439, .box_w = 24, .box_h = 24, .ofs_x = 2, .ofs_y = 0},
    {.bitmap_index = 49534, .adv_w = 268, .box_w = 14, .box_h = 32, .ofs_x = 1, .ofs_y = -7},
    {.bitmap_index = 49758, .adv_w = 297, .box_w = 20, .box_h = 31, .ofs_x = 1, .ofs_y = 0},
    {.bitmap_index = 50068, .adv_w = 134, .box_w = 13, .box_h = 32, .ofs_x = -2, .ofs_y = -7},
    {.bitmap_index = 50276, .adv_w = 360, .box_w = 20, .box_h = 32, .ofs_x = 2, .ofs_y = -8},
    {.bitmap_index = 50596, .adv_w = 292, .box_w = 16, .box_h = 32, .ofs_x = 2, .ofs_y = -8},
    {.bitmap_index = 50852, .adv_w = 290, .box_w = 16, .box_h = 18, .ofs_x = 2, .ofs_y = 0},
    {.bitmap_index = 50996, .adv_w = 290, .box_w = 15, .box_h = 31, .ofs_x = 2, .ofs_y = 0},
    {.bitmap_index = 51229, .adv_w = 134, .box_w = 7, .box_h = 31, .ofs_x = 2, .ofs_y = 0},
    {.bitmap_index = 51338, .adv_w = 290, .box_w = 15, .box_h = 32, .ofs_x = 2, .ofs_y = -8},
    {.bitmap_index = 51578, .adv_w = 134, .box_w = 7, .box_h = 32, .ofs_x = 0, .ofs_y = -8},
    {.bitmap_index = 51690, .adv_w = 290, .box_w = 15, .box_h = 25, .ofs_x = 2, .ofs_y = 0},
    {.bitmap_index = 51878, .adv_w = 193, .box_w = 10, .box_h = 25, .ofs_x = 2, .ofs_y = 0},
    {.bitmap_index = 52003, .adv_w = 293, .box_w = 15, .box_h = 24, .ofs_x = 2, .ofs_y = 0},
    {.bitmap_index = 52183, .adv_w = 215, .box_w = 12, .box_h = 24, .ofs_x = 2, .ofs_y = 0},
    {.bitmap_index = 52327, .adv_w = 308, .box_w = 18, .box_h = 24, .ofs_x = 0, .ofs_y = 0},
    {.bitmap_index = 52543, .adv_w = 134, .box_w = 10, .box_h = 24, .ofs_x = -1, .ofs_y = 0},
    {.bitmap_index = 52663, .adv_w = 389, .box_w = 20, .box_h = 31, .ofs_x = 2, .ofs_y = 0},
    {.bitmap_index = 52973, .adv_w = 313, .box_w = 16, .box_h = 25, .ofs_x = 2, .ofs_y = 0},
    {.bitmap_index = 53173, .adv_w = 389, .box_w = 20, .box_h = 32, .ofs_x = 2, .ofs_y = -8},
    {.bitmap_index = 53493, .adv_w = 313, .box_w = 16, .box_h = 26, .ofs_x = 2, .ofs_y = -8},
    {.bitmap_index = 53701, .adv_w = 389, .box_w = 20, .box_h = 31, .ofs_x = 2, .ofs_y = 0},
    {.bitmap_index = 54011, .adv_w = 313, .box_w = 16, .box_h = 25, .ofs_x = 2, .ofs_y = 0},
    {.bitmap_index = 54211, .adv_w = 389, .box_w = 21, .box_h = 31, .ofs_x = 2, .ofs_y = -7},
    {.bitmap_index = 54537, .adv_w = 313, .box_w = 16, .box_h = 25, .ofs_x = 2, .ofs_y = -7},
    {.bitmap_index = 54737, .adv_w = 394, .box_w = 22, .box_h = 30, .ofs_x = 1, .ofs_y = 0},
    {.bitmap_index = 55067, .adv_w = 312, .box_w = 18, .box_h = 24, .ofs_x = 1, .ofs_y = 0},
    {.bitmap_index = 55283, .adv_w = 394, .box_w = 22, .box_h = 31, .ofs_x = 1, .ofs_y = 0},
    {.bitmap_index = 55624, .adv_w = 312, .box_w = 18, .box_h = 25, .ofs_x = 1, .ofs_y = 0},
    {.bitmap_index = 55849, .adv_w = 394, .box_w = 22, .box_h = 31, .ofs_x = 1, .ofs_y = 0},
    {.bitmap_index = 56190, .adv_w = 312, .box_w = 18, .box_h = 25, .ofs_x = 1, .ofs_y = 0},
    {.bitmap_index = 56415, .adv_w = 519, .box_w = 30, .box_h = 24, .ofs_x = 1, .ofs_y = 0},
    {.bitmap_index = 56775, .adv_w = 508, .box_w = 30, .box_h = 18, .ofs_x = 1, .ofs_y = 0},
    {.bitmap_index = 57045, .adv_w = 334, .box_w = 19, .box_h = 31, .ofs_x = 2, .ofs_y = 0},
    {.bitmap_index = 57340, .adv_w = 203, .box_w = 11, .box_h = 25, .ofs_x = 2, .ofs_y = 0},
    {.bitmap_index = 57478, .adv_w = 334, .box_w = 19, .box_h = 32, .ofs_x = 2, .ofs_y = -8},
    {.bitmap_index = 57782, .adv_w = 203, .box_w = 13, .box_h = 27, .ofs_x = 0, .ofs_y = -8},
    {.bitmap_index = 57958, .adv_w = 334, .box_w = 19, .box_h = 31, .ofs_x = 2, .ofs_y = 0},
    {.bitmap_index = 58253, .adv_w = 203, .box_w = 12, .box_h = 25, .ofs_x = 1, .ofs_y = 0},
    {.bitmap_index = 58403, .adv_w = 333, .box_w = 19, .box_h = 31, .ofs_x = 1, .ofs_y = 0},
    {.bitmap_index = 58698, .adv_w = 281, .box_w = 16, .box_h = 25, .ofs_x = 1, .ofs_y = 0},
    {.bitmap_index = 58898, .adv_w = 333, .box_w = 19, .box_h = 31, .ofs_x = 1, .ofs_y = 0},
    {.bitmap_index = 59193, .adv_w = 281, .box_w = 16, .box_h = 26, .ofs_x = 1, .ofs_y = 0},
    {.bitmap_index = 59401, .adv_w = 333, .box_w = 19, .box_h = 31, .ofs_x = 1, .ofs_y = -7},
    {.bitmap_index = 59696, .adv_w = 281, .box_w = 16, .box_h = 25, .ofs_x = 1, .ofs_y = -7},
    {.bitmap_index = 59896, .adv_w = 333, .box_w = 19, .box_h = 31, .ofs_x = 1, .ofs_y = 0},
    {.bitmap_index = 60191, .adv_w = 281, .box_w = 16, .box_h = 26, .ofs_x = 1, .ofs_y = 0},
    {.bitmap_index = 60399, .adv_w = 338, .box_w = 19, .box_h = 31, .ofs_x = 1, .ofs_y = -7},
    {.bitmap_index = 60694, .adv_w = 181, .box_w = 11, .box_h = 29, .ofs_x = 0, .ofs_y = -7},
    {.bitmap_index = 60854, .adv_w = 338, .box_w = 19, .box_h = 31, .ofs_x = 1, .ofs_y = 0},
    {.bitmap_index = 61149, .adv_w = 215, .box_w = 13, .box_h = 27, .ofs_x = 0, .ofs_y = 0},
    {.bitmap_index = 61325, .adv_w = 338, .box_w = 19, .box_h = 24, .ofs_x = 1, .ofs_y = 0},
    {.bitmap_index = 61553, .adv_w = 181, .box_w = 11, .box_h = 22, .ofs_x = 0, .ofs_y = 0},
    {.bitmap_index = 61674, .adv_w = 377, .box_w = 20, .box_h = 31, .ofs_x = 2, .ofs_y = 0},
    {.bitmap_index = 61984, .adv_w = 314, .box_w = 16, .box_h = 25, .ofs_x = 2, .ofs_y = 0},
    {.bitmap_index = 62184, .adv_w = 377, .box_w = 20, .box_h = 30, .ofs_x = 2, .ofs_y = 0},
    {.bitmap_index = 62484, .adv_w = 314, .box_w = 16, .box_h = 24, .ofs_x = 2, .ofs_y = 0},
    {.bitmap_index = 62676, .adv_w = 377, .box_w = 20, .box_h = 31, .ofs_x = 2, .ofs_y = 0},
    {.bitmap_index = 62986, .adv_w = 314, .box_w = 16, .box_h = 25, .ofs_x = 2, .ofs_y = 0},
    {.bitmap_index = 63186, .adv_w = 377, .box_w = 20, .box_h = 33, .ofs_x = 2, .ofs_y = 0},
    {.bitmap_index = 63516, .adv_w = 314, .box_w = 16, .box_h = 28, .ofs_x = 2, .ofs_y = 0},
    {.bitmap_index = 63740, .adv_w = 377, .box_w = 20, .box_h = 31, .ofs_x = 2, .ofs_y = 0},
    {.bitmap_index = 64050, .adv_w = 314, .box_w = 16, .box_h = 25, .ofs_x = 2, .ofs_y = 0},
    {.bitmap_index = 64250, .adv_w = 377, .box_w = 20, .box_h = 31, .ofs_x = 2, .ofs_y = -7},
    {.bitmap_index = 64560, .adv_w = 314, .box_w = 17, .box_h = 25, .ofs_x = 2, .ofs_y = -7},
    {.bitmap_index = 64773, .adv_w = 522, .box_w = 32, .box_h = 31, .ofs_x = 0, .ofs_y = 0},
    {.bitmap_index = 65269, .adv_w = 430, .box_w = 27, .box_h = 25, .ofs_x = 0, .ofs_y = 0},
    {.bitmap_index = 65607, .adv_w = 365, .box_w = 23, .box_h = 31, .ofs_x = 0, .ofs_y = 0},
    {.bitmap_index = 65964, .adv_w = 301, .box_w = 19, .box_h = 32, .ofs_x = 0, .ofs_y = -7},
    {.bitmap_index = 66268, .adv_w = 365, .box_w = 23, .box_h = 31, .ofs_x = 0, .ofs_y = 0},
    {.bitmap_index = 66625, .adv_w = 334, .box_w = 19, .box_h = 31, .ofs_x = 1, .ofs_y = 0},
    {.bitmap_index = 66920, .adv_w = 290, .box_w = 16, .box_h = 25, .ofs_x = 1, .ofs_y = 0},
    {.bitmap_index = 67120, .adv_w = 334, .box_w = 19, .box_h = 31, .ofs_x = 1, .ofs_y = 0},
    {.bitmap_index = 67415, .adv_w = 290, .box_w = 16, .box_h = 25, .ofs_x = 1, .ofs_y = 0},
    {.bitmap_index = 67615, .adv_w = 334, .box_w = 19, .box_h = 31, .ofs_x = 1, .ofs_y = 0},
    {.bitmap_index = 67910, .adv_w = 290, .box_w = 16, .box_h = 25, .ofs_x = 1, .ofs_y = 0},
    {.bitmap_index = 68110, .adv_w = 171, .box_w = 9, .box_h = 25, .ofs_x = 2, .ofs_y = 0},
    {.bitmap_index = 68223, .adv_w = 163, .box_w = 5, .box_h = 5, .ofs_x = 3, .ofs_y = 20},
    {.bitmap_index = 68236, .adv_w = 361, .box_w = 15, .box_h = 8, .ofs_x = 4, .ofs_y = 20},
    {.bitmap_index = 68296, .adv_w = 373, .box_w = 23, .box_h = 24, .ofs_x = 0, .ofs_y = 0},
    {.bitmap_index = 68572, .adv_w = 163, .box_w = 6, .box_h = 6, .ofs_x = 2, .ofs_y = 12},
    {.bitmap_index = 68590, .adv_w = 397, .box_w = 22, .box_h = 24, .ofs_x = 1, .ofs_y = 0},
    {.bitmap_index = 68854, .adv_w = 469, .box_w = 26, .box_h = 24, .ofs_x = 1, .ofs_y = 0},
    {.bitmap_index = 69166, .adv_w = 229, .box_w = 11, .box_h = 24, .ofs_x = 1, .ofs_y = 0},
    {.bitmap_index = 69298, .adv_w = 461, .box_w = 26, .box_h = 24, .ofs_x = 1, .ofs_y = 0},
    {.bitmap_index = 69610, .adv_w = 478, .box_w = 29, .box_h = 24, .ofs_x = 1, .ofs_y = 0},
    {.bitmap_index = 69958, .adv_w = 464, .box_w = 27, .box_h = 24, .ofs_x = 1, .ofs_y = 0},
    {.bitmap_index = 70282, .adv_w = 153, .box_w = 12, .box_h = 30, .ofs_x = -2, .ofs_y = 0},
    {.bitmap_index = 70462, .adv_w = 373, .box_w = 23, .box_h = 24, .ofs_x = 0, .ofs_y = 0},
    {.bitmap_index = 70738, .adv_w = 338, .box_w = 18, .box_h = 24, .ofs_x = 2, .ofs_y = 0},
    {.bitmap_index = 70954, .adv_w = 298, .box_w = 16, .box_h = 24, .ofs_x = 2, .ofs_y = 0},
    {.bitmap_index = 71146, .adv_w = 370, .box_w = 23, .box_h = 24, .ofs_x = 0, .ofs_y = 0},
    {.bitmap_index = 71422, .adv_w = 310, .box_w = 16, .box_h = 24, .ofs_x = 2, .ofs_y = 0},
    {.bitmap_index = 71614, .adv_w = 334, .box_w = 19, .box_h = 24, .ofs_x = 1, .ofs_y = 0},
    {.bitmap_index = 71842, .adv_w = 382, .box_w = 20, .box_h = 24, .ofs_x = 2, .ofs_y = 0},
    {.bitmap_index = 72082, .adv_w = 394, .box_w = 22, .box_h = 24, .ofs_x = 1, .ofs_y = 0},
    {.bitmap_index = 72346, .adv_w = 142, .box_w = 5, .box_h = 24, .ofs_x = 2, .ofs_y = 0},
    {.bitmap_index = 72406, .adv_w = 360, .box_w = 20, .box_h = 24, .ofs_x = 2, .ofs_y = 0},
    {.bitmap_index = 72646, .adv_w = 373, .box_w = 23, .box_h = 24, .ofs_x = 0, .ofs_y = 0},
    {.bitmap_index = 72922, .adv_w = 472, .box_w = 26, .box_h = 24, .ofs_x = 2, .ofs_y = 0},
    {.bitmap_index = 73234, .adv_w = 389, .box_w = 20, .box_h = 24, .ofs_x = 2, .ofs_y = 0},
    {.bitmap_index = 73474, .adv_w = 347, .box_w = 19, .box_h = 24, .ofs_x = 1, .ofs_y = 0},
    {.bitmap_index = 73702, .adv_w = 394, .box_w = 22, .box_h = 24, .ofs_x = 1, .ofs_y = 0},
    {.bitmap_index = 73966, .adv_w = 382, .box_w = 20, .box_h = 24, .ofs_x = 2, .ofs_y = 0},
    {.bitmap_index = 74206, .adv_w = 330, .box_w = 18, .box_h = 24, .ofs_x = 2, .ofs_y = 0},
    {.bitmap_index = 74422, .adv_w = 354, .box_w = 20, .box_h = 24, .ofs_x = 1, .ofs_y = 0},
    {.bitmap_index = 74662, .adv_w = 338, .box_w = 19, .box_h = 24, .ofs_x = 1, .ofs_y = 0},
    {.bitmap_index = 74890, .adv_w = 365, .box_w = 23, .box_h = 24, .ofs_x = 0, .ofs_y = 0},
    {.bitmap_index = 75166, .adv_w = 455, .box_w = 26, .box_h = 26, .ofs_x = 1, .ofs_y = -1},
    {.bitmap_index = 75504, .adv_w = 369, .box_w = 23, .box_h = 24, .ofs_x = 0, .ofs_y = 0},
    {.bitmap_index = 75780, .adv_w = 455, .box_w = 25, .box_h = 24, .ofs_x = 2, .ofs_y = 0},
    {.bitmap_index = 76080, .adv_w = 398, .box_w = 23, .box_h = 24, .ofs_x = 1, .ofs_y = 0},
    {.bitmap_index = 76356, .adv_w = 142, .box_w = 13, .box_h = 31, .ofs_x = -2, .ofs_y = 0},
    {.bitmap_index = 76558, .adv_w = 365, .box_w = 23, .box_h = 31, .ofs_x = 0, .ofs_y = 0},
    {.bitmap_index = 76915, .adv_w = 350, .box_w = 20, .box_h = 25, .ofs_x = 1, .ofs_y = 0},
    {.bitmap_index = 77165, .adv_w = 282, .box_w = 16, .box_h = 25, .ofs_x = 1, .ofs_y = 0},
    {.bitmap_index = 77365, .adv_w = 314, .box_w = 16, .box_h = 32, .ofs_x = 2, .ofs_y = -7},
    {.bitmap_index = 77621, .adv_w = 153, .box_w = 8, .box_h = 25, .ofs_x = 2, .ofs_y = 0},
    {.bitmap_index = 77721, .adv_w = 313, .box_w = 16, .box_h = 29, .ofs_x = 2, .ofs_y = 0},
    {.bitmap_index = 77953, .adv_w = 350, .box_w = 20, .box_h = 18, .ofs_x = 1, .ofs_y = 0},
    {.bitmap_index = 78133, .adv_w = 310, .box_w = 16, .box_h = 31, .ofs_x = 2, .ofs_y = -7},
    {.bitmap_index = 78381, .adv_w = 301, .box_w = 19, .box_h = 25, .ofs_x = 0, .ofs_y = -7},
    {.bitmap_index = 78619, .adv_w = 306, .box_w = 17, .box_h = 24, .ofs_x = 1, .ofs_y = 0},
    {.bitmap_index = 78823, .adv_w = 282, .box_w = 16, .box_h = 18, .ofs_x = 1, .ofs_y = 0},
    {.bitmap_index = 78967, .adv_w = 269, .box_w = 15, .box_h = 29, .ofs_x = 1, .ofs_y = -5},
    {.bitmap_index = 79185, .adv_w = 314, .box_w = 16, .box_h = 25, .ofs_x = 2, .ofs_y = -7},
    {.bitmap_index = 79385, .adv_w = 320, .box_w = 18, .box_h = 24, .ofs_x = 1, .ofs_y = 0},
    {.bitmap_index = 79601, .adv_w = 153, .box_w = 8, .box_h = 18, .ofs_x = 2, .ofs_y = 0},
    {.bitmap_index = 79673, .adv_w = 290, .box_w = 16, .box_h = 18, .ofs_x = 2, .ofs_y = 0},
    {.bitmap_index = 79817, .adv_w = 343, .box_w = 22, .box_h = 24, .ofs_x = 0, .ofs_y = 0},
    {.bitmap_index = 80081, .adv_w = 315, .box_w = 18, .box_h = 25, .ofs_x = 2, .ofs_y = -7},
    {.bitmap_index = 80306, .adv_w = 310, .box_w = 19, .box_h = 18, .ofs_x = 0, .ofs_y = 0},
    {.bitmap_index = 80477, .adv_w = 286, .box_w = 16, .box_h = 29, .ofs_x = 1, .ofs_y = -5},
    {.bitmap_index = 80709, .adv_w = 312, .box_w = 18, .box_h = 18, .ofs_x = 1, .ofs_y = 0},
    {.bitmap_index = 80871, .adv_w = 321, .box_w = 20, .box_h = 18, .ofs_x = 0, .ofs_y = 0},
    {.bitmap_index = 81051, .adv_w = 320, .box_w = 17, .box_h = 25, .ofs_x = 2, .ofs_y = -7},
    {.bitmap_index = 81264, .adv_w = 298, .box_w = 17, .box_h = 23, .ofs_x = 1, .ofs_y = -5},
    {.bitmap_index = 81460, .adv_w = 329, .box_w = 19, .box_h = 18, .ofs_x = 1, .ofs_y = 0},
    {.bitmap_index = 81631, .adv_w = 254, .box_w = 16, .box_h = 18, .ofs_x = 0, .ofs_y = 0},
    {.bitmap_index = 81775, .adv_w = 313, .box_w = 16, .box_h = 18, .ofs_x = 2, .ofs_y = 0},
    {.bitmap_index = 81919, .adv_w = 396, .box_w = 23, .box_h = 25, .ofs_x = 1, .ofs_y = -7},
    {.bitmap_index = 82207, .adv_w = 303, .box_w = 19, .box_h = 25, .ofs_x = 0, .ofs_y = -7},
    {.bitmap_index = 82445, .adv_w = 416, .box_w = 22, .box_h = 29, .ofs_x = 2, .ofs_y = -7},
    {.bitmap_index = 82764, .adv_w = 422, .box_w = 24, .box_h = 18, .ofs_x = 1, .ofs_y = 0},
    {.bitmap_index = 82980, .adv_w = 153, .box_w = 12, .box_h = 25, .ofs_x = -2, .ofs_y = 0},
    {.bitmap_index = 83130, .adv_w = 313, .box_w = 16, .box_h = 25, .ofs_x = 2, .ofs_y = 0},
    {.bitmap_index = 83330, .adv_w = 312, .box_w = 18, .box_h = 25, .ofs_x = 1, .ofs_y = 0},
    {.bitmap_index = 83555, .adv_w = 313, .box_w = 16, .box_h = 25, .ofs_x = 2, .ofs_y = 0},
    {.bitmap_index = 83755, .adv_w = 422, .box_w = 24, .box_h = 25, .ofs_x = 1, .ofs_y = 0},
    {.bitmap_index = 84055, .adv_w = 310, .box_w = 16, .box_h = 31, .ofs_x = 2, .ofs_y = 0},
    {.bitmap_index = 84303, .adv_w = 310, .box_w = 16, .box_h = 31, .ofs_x = 2, .ofs_y = 0},
    {.bitmap_index = 84551, .adv_w = 437, .box_w = 25, .box_h = 26, .ofs_x = 1, .ofs_y = -2},
    {.bitmap_index = 84876, .adv_w = 298, .box_w = 16, .box_h = 31, .ofs_x = 2, .ofs_y = 0},
    {.bitmap_index = 85124, .adv_w = 377, .box_w = 22, .box_h = 24, .ofs_x = 1, .ofs_y = 0},
    {.bitmap_index = 85388, .adv_w = 333, .box_w = 19, .box_h = 24, .ofs_x = 1, .ofs_y = 0},
    {.bitmap_index = 85616, .adv_w = 142, .box_w = 5, .box_h = 24, .ofs_x = 2, .ofs_y = 0},
    {.bitmap_index = 85676, .adv_w = 142, .box_w = 13, .box_h = 31, .ofs_x = -2, .ofs_y = 0},
    {.bitmap_index = 85878, .adv_w = 297, .box_w = 16, .box_h = 24, .ofs_x = 1, .ofs_y = 0},
    {.bitmap_index = 86070, .adv_w = 572, .box_w = 34, .box_h = 24, .ofs_x = 1, .ofs_y = 0},
    {.bitmap_index = 86478, .adv_w = 577, .box_w = 33, .box_h = 24, .ofs_x = 2, .ofs_y = 0},
    {.bitmap_index = 86874, .adv_w = 456, .box_w = 26, .box_h = 24, .ofs_x = 1, .ofs_y = 0},
    {.bitmap_index = 87186, .adv_w = 360, .box_w = 20, .box_h = 31, .ofs_x = 2, .ofs_y = 0},
    {.bitmap_index = 87496, .adv_w = 389, .box_w = 20, .box_h = 31, .ofs_x = 2, .ofs_y = 0},
    {.bitmap_index = 87806, .adv_w = 344, .box_w = 21, .box_h = 31, .ofs_x = 0, .ofs_y = 0},
    {.bitmap_index = 88132, .adv_w = 372, .box_w = 19, .box_h = 29, .ofs_x = 2, .ofs_y = -5},
    {.bitmap_index = 88408, .adv_w = 373, .box_w = 23, .box_h = 24, .ofs_x = 0, .ofs_y = 0},
    {.bitmap_index = 88684, .adv_w = 331, .box_w = 18, .box_h = 24, .ofs_x = 2, .ofs_y = 0},
    {.bitmap_index = 88900, .adv_w = 338, .box_w = 18, .box_h = 24, .ofs_x = 2, .ofs_y = 0},
    {.bitmap_index = 89116, .adv_w = 298, .box_w = 16, .box_h = 24, .ofs_x = 2, .ofs_y = 0},
    {.bitmap_index = 89308, .adv_w = 436, .box_w = 25, .box_h = 30, .ofs_x = 1, .ofs_y = -6},
    {.bitmap_index = 89683, .adv_w = 310, .box_w = 16, .box_h = 24, .ofs_x = 2, .ofs_y = 0},
    {.bitmap_index = 89875, .adv_w = 529, .box_w = 33, .box_h = 24, .ofs_x = 0, .ofs_y = 0},
    {.bitmap_index = 90271, .adv_w = 326, .box_w = 18, .box_h = 24, .ofs_x = 1, .ofs_y = 0},
    {.bitmap_index = 90487, .adv_w = 389, .box_w = 20, .box_h = 24, .ofs_x = 2, .ofs_y = 0},
    {.bitmap_index = 90727, .adv_w = 389, .box_w = 20, .box_h = 31, .ofs_x = 2, .ofs_y = 0},
    {.bitmap_index = 91037, .adv_w = 360, .box_w = 20, .box_h = 24, .ofs_x = 2, .ofs_y = 0},
    {.bitmap_index = 91277, .adv_w = 384, .box_w = 21, .box_h = 24, .ofs_x = 1, .ofs_y = 0},
    {.bitmap_index = 91529, .adv_w = 472, .box_w = 26, .box_h = 24, .ofs_x = 2, .ofs_y = 0},
    {.bitmap_index = 91841, .adv_w = 382, .box_w = 20, .box_h = 24, .ofs_x = 2, .ofs_y = 0},
    {.bitmap_index = 92081, .adv_w = 394, .box_w = 22, .box_h = 24, .ofs_x = 1, .ofs_y = 0},
    {.bitmap_index = 92345, .adv_w = 382, .box_w = 20, .box_h = 24, .ofs_x = 2, .ofs_y = 0},
    {.bitmap_index = 92585, .adv_w = 330, .box_w = 18, .box_h = 24, .ofs_x = 2, .ofs_y = 0},
    {.bitmap_index = 92801, .adv_w = 377, .box_w = 22, .box_h = 24, .ofs_x = 1, .ofs_y = 0},
    {.bitmap_index = 93065, .adv_w = 338, .box_w = 19, .box_h = 24, .ofs_x = 1, .ofs_y = 0},
    {.bitmap_index = 93293, .adv_w = 344, .box_w = 21, .box_h = 24, .ofs_x = 0, .ofs_y = 0},
    {.bitmap_index = 93545, .adv_w = 427, .box_w = 25, .box_h = 27, .ofs_x = 1, .ofs_y = -1},
    {.bitmap_index = 93883, .adv_w = 369, .box_w = 23, .box_h = 24, .ofs_x = 0, .ofs_y = 0},
    {.bitmap_index = 94159, .adv_w = 385, .box_w = 22, .box_h = 29, .ofs_x = 2, .ofs_y = -5},
    {.bitmap_index = 94478, .adv_w = 361, .box_w = 19, .box_h = 24, .ofs_x = 2, .ofs_y = 0},
    {.bitmap_index = 94706, .adv_w = 501, .box_w = 27, .box_h = 24, .ofs_x = 2, .ofs_y = 0},
    {.bitmap_index = 95030, .adv_w = 513, .box_w = 30, .box_h = 29, .ofs_x = 2, .ofs_y = -5},
    {.bitmap_index = 95465, .adv_w = 423, .box_w = 25, .box_h = 24, .ofs_x = 1, .ofs_y = 0},
    {.bitmap_index = 95765, .adv_w = 464, .box_w = 25, .box_h = 24, .ofs_x = 2, .ofs_y = 0},
    {.bitmap_index = 96065, .adv_w = 337, .box_w = 18, .box_h = 24, .ofs_x = 2, .ofs_y = 0},
    {.bitmap_index = 96281, .adv_w = 377, .box_w = 21, .box_h = 24, .ofs_x = 1, .ofs_y = 0},
    {.bitmap_index = 96533, .adv_w = 529, .box_w = 30, .box_h = 24, .ofs_x = 2, .ofs_y = 0},
    {.bitmap_index = 96893, .adv_w = 334, .box_w = 19, .box_h = 24, .ofs_x = 0, .ofs_y = 0},
    {.bitmap_index = 97121, .adv_w = 294, .box_w = 16, .box_h = 18, .ofs_x = 1, .ofs_y = 0},
    {.bitmap_index = 97265, .adv_w = 310, .box_w = 17, .box_h = 24, .ofs_x = 1, .ofs_y = 0},
    {.bitmap_index = 97469, .adv_w = 293, .box_w = 16, .box_h = 18, .ofs_x = 2, .ofs_y = 0},
    {.bitmap_index = 97613, .adv_w = 229, .box_w = 12, .box_h = 18, .ofs_x = 2, .ofs_y = 0},
    {.bitmap_index = 97721, .adv_w = 330, .box_w = 21, .box_h = 24, .ofs_x = 0, .ofs_y = -6},
    {.bitmap_index = 97973, .adv_w = 303, .box_w = 17, .box_h = 18, .ofs_x = 1, .ofs_y = 0},
    {.bitmap_index = 98126, .adv_w = 433, .box_w = 27, .box_h = 18, .ofs_x = 0, .ofs_y = 0},
    {.bitmap_index = 98369, .adv_w = 262, .box_w = 15, .box_h = 18, .ofs_x = 1, .ofs_y = 0},
    {.bitmap_index = 98504, .adv_w = 314, .box_w = 16, .box_h = 18, .ofs_x = 2, .ofs_y = 0},
    {.bitmap_index = 98648, .adv_w = 314, .box_w = 16, .box_h = 25, .ofs_x = 2, .ofs_y = 0},
    {.bitmap_index = 98848, .adv_w = 292, .box_w = 16, .box_h = 18, .ofs_x = 2, .ofs_y = 0},
    {.bitmap_index = 98992, .adv_w = 304, .box_w = 17, .box_h = 18, .ofs_x = 0, .ofs_y = 0},
    {.bitmap_index = 99145, .adv_w = 409, .box_w = 22, .box_h = 18, .ofs_x = 2, .ofs_y = 0},
    {.bitmap_index = 99343, .adv_w = 313, .box_w = 16, .box_h = 18, .ofs_x = 2, .ofs_y = 0},
    {.bitmap_index = 99487, .adv_w = 312, .box_w = 18, .box_h = 18, .ofs_x = 1, .ofs_y = 0},
    {.bitmap_index = 99649, .adv_w = 310, .box_w = 16, .box_h = 18, .ofs_x = 2, .ofs_y = 0},
    {.bitmap_index = 99793, .adv_w = 320, .box_w = 17, .box_h = 25, .ofs_x = 2, .ofs_y = -7},
    {.bitmap_index = 100006, .adv_w = 298, .box_w = 17, .box_h = 18, .ofs_x = 1, .ofs_y = 0},
    {.bitmap_index = 100159, .adv_w = 254, .box_w = 16, .box_h = 18, .ofs_x = 0, .ofs_y = 0},
    {.bitmap_index = 100303, .adv_w = 301, .box_w = 19, .box_h = 25, .ofs_x = 0, .ofs_y = -7},
    {.bitmap_index = 100541, .adv_w = 383, .box_w = 22, .box_h = 31, .ofs_x = 1, .ofs_y = -7},
    {.bitmap_index = 100882, .adv_w = 291, .box_w = 18, .box_h = 18, .ofs_x = 0, .ofs_y = 0},
    {.bitmap_index = 101044, .adv_w = 326, .box_w = 18, .box_h = 23, .ofs_x = 2, .ofs_y = -5},
    {.bitmap_index = 101251, .adv_w = 304, .box_w = 15, .box_h = 18, .ofs_x = 2, .ofs_y = 0},
    {.bitmap_index = 101386, .adv_w = 434, .box_w = 23, .box_h = 18, .ofs_x = 2, .ofs_y = 0},
    {.bitmap_index = 101593, .adv_w = 446, .box_w = 26, .box_h = 23, .ofs_x = 2, .ofs_y = -5},
    {.bitmap_index = 101892, .adv_w = 342, .box_w = 20, .box_h = 18, .ofs_x = 0, .ofs_y = 0},
    {.bitmap_index = 102072, .adv_w = 401, .box_w = 21, .box_h = 18, .ofs_x = 2, .ofs_y = 0},
    {.bitmap_index = 102261, .adv_w = 297, .box_w = 16, .box_h = 18, .ofs_x = 2, .ofs_y = 0},
    {.bitmap_index = 102405, .adv_w = 298, .box_w = 17, .box_h = 18, .ofs_x = 1, .ofs_y = 0},
    {.bitmap_index = 102558, .adv_w = 440, .box_w = 25, .box_h = 18, .ofs_x = 2, .ofs_y = 0},
    {.bitmap_index = 102783, .adv_w = 292, .box_w = 17, .box_h = 18, .ofs_x = 0, .ofs_y = 0},
    {.bitmap_index = 102936, .adv_w = 303, .box_w = 17, .box_h = 25, .ofs_x = 1, .ofs_y = 0},
    {.bitmap_index = 103149, .adv_w = 303, .box_w = 17, .box_h = 25, .ofs_x = 1, .ofs_y = 0},
    {.bitmap_index = 103362, .adv_w = 314, .box_w = 19, .box_h = 31, .ofs_x = -1, .ofs_y = -7},
    {.bitmap_index = 103657, .adv_w = 229, .box_w = 12, .box_h = 25, .ofs_x = 2, .ofs_y = 0},
    {.bitmap_index = 103807, .adv_w = 298, .box_w = 17, .box_h = 18, .ofs_x = 1, .ofs_y = 0},
    {.bitmap_index = 103960, .adv_w = 281, .box_w = 16, .box_h = 18, .ofs_x = 1, .ofs_y = 0},
    {.bitmap_index = 104104, .adv_w = 134, .box_w = 6, .box_h = 25, .ofs_x = 1, .ofs_y = 0},
    {.bitmap_index = 104179, .adv_w = 134, .box_w = 12, .box_h = 25, .ofs_x = -2, .ofs_y = 0},
    {.bitmap_index = 104329, .adv_w = 134, .box_w = 8, .box_h = 32, .ofs_x = -1, .ofs_y = -7},
    {.bitmap_index = 104457, .adv_w = 480, .box_w = 29, .box_h = 18, .ofs_x = 0, .ofs_y = 0},
    {.bitmap_index = 104718, .adv_w = 469, .box_w = 26, .box_h = 18, .ofs_x = 2, .ofs_y = 0},
    {.bitmap_index = 104952, .adv_w = 314, .box_w = 19, .box_h = 24, .ofs_x = -1, .ofs_y = 0},
    {.bitmap_index = 105180, .adv_w = 292, .box_w = 16, .box_h = 25, .ofs_x = 2, .ofs_y = 0},
    {.bitmap_index = 105380, .adv_w = 314, .box_w = 16, .box_h = 25, .ofs_x = 2, .ofs_y = 0},
    {.bitmap_index = 105580, .adv_w = 301, .box_w = 19, .box_h = 32, .ofs_x = 0, .ofs_y = -7},
    {.bitmap_index = 105884, .adv_w = 310, .box_w = 16, .box_h = 23, .ofs_x = 2, .ofs_y = -5},
    {.bitmap_index = 106068, .adv_w = 216, .box_w = 12, .box_h = 4, .ofs_x = 1, .ofs_y = 8},
    {.bitmap_index = 106092, .adv_w = 216, .box_w = 12, .box_h = 4, .ofs_x = 1, .ofs_y = 8},
    {.bitmap_index = 106116, .adv_w = 331, .box_w = 19, .box_h = 4, .ofs_x = 1, .ofs_y = 9},
    {.bitmap_index = 106154, .adv_w = 256, .box_w = 16, .box_h = 4, .ofs_x = 0, .ofs_y = 8},
    {.bitmap_index = 106186, .adv_w = 512, .box_w = 32, .box_h = 4, .ofs_x = 0, .ofs_y = 8},
    {.bitmap_index = 106250, .adv_w = 512, .box_w = 32, .box_h = 4, .ofs_x = 0, .ofs_y = 8},
    {.bitmap_index = 106314, .adv_w = 275, .box_w = 11, .box_h = 39, .ofs_x = 3, .ofs_y = -8},
    {.bitmap_index = 106529, .adv_w = 240, .box_w = 15, .box_h = 7, .ofs_x = 0, .ofs_y = -7},
    {.bitmap_index = 106582, .adv_w = 151, .box_w = 7, .box_h = 10, .ofs_x = 2, .ofs_y = 14},
    {.bitmap_index = 106617, .adv_w = 151, .box_w = 7, .box_h = 10, .ofs_x = 2, .ofs_y = 14},
    {.bitmap_index = 106652, .adv_w = 140, .box_w = 7, .box_h = 10, .ofs_x = 1, .ofs_y = -6},
    {.bitmap_index = 106687, .adv_w = 151, .box_w = 6, .box_h = 10, .ofs_x = 1, .ofs_y = 14},
    {.bitmap_index = 106717, .adv_w = 260, .box_w = 13, .box_h = 10, .ofs_x = 2, .ofs_y = 14},
    {.bitmap_index = 106782, .adv_w = 257, .box_w = 13, .box_h = 10, .ofs_x = 2, .ofs_y = 14},
    {.bitmap_index = 106847, .adv_w = 246, .box_w = 14, .box_h = 10, .ofs_x = 1, .ofs_y = -6},
    {.bitmap_index = 106917, .adv_w = 257, .box_w = 13, .box_h = 10, .ofs_x = 1, .ofs_y = 14},
    {.bitmap_index = 106982, .adv_w = 283, .box_w = 14, .box_h = 18, .ofs_x = 2, .ofs_y = 6},
    {.bitmap_index = 107108, .adv_w = 283, .box_w = 14, .box_h = 24, .ofs_x = 2, .ofs_y = 0},
    {.bitmap_index = 107276, .adv_w = 258, .box_w = 11, .box_h = 11, .ofs_x = 3, .ofs_y = 4},
    {.bitmap_index = 107337, .adv_w = 258, .box_w = 9, .box_h = 11, .ofs_x = 4, .ofs_y = 4},
    {.bitmap_index = 107387, .adv_w = 163, .box_w = 6, .box_h = 6, .ofs_x = 2, .ofs_y = 0},
    {.bitmap_index = 107405, .adv_w = 326, .box_w = 16, .box_h = 6, .ofs_x = 2, .ofs_y = 0},
    {.bitmap_index = 107453, .adv_w = 490, .box_w = 26, .box_h = 6, .ofs_x = 2, .ofs_y = 0},
    {.bitmap_index = 107531, .adv_w = 163, .box_w = 6, .box_h = 6, .ofs_x = 2, .ofs_y = 9},
    {.bitmap_index = 107549, .adv_w = 702, .box_w = 38, .box_h = 24, .ofs_x = 3, .ofs_y = 0},
    {.bitmap_index = 108005, .adv_w = 348, .box_w = 20, .box_h = 24, .ofs_x = 0, .ofs_y = 0},
    {.bitmap_index = 108245, .adv_w = 512, .box_w = 32, .box_h = 33, .ofs_x = 0, .ofs_y = -4},
    {.bitmap_index = 108773, .adv_w = 512, .box_w = 32, .box_h = 24, .ofs_x = 0, .ofs_y = 0},
    {.bitmap_index = 109157, .adv_w = 512, .box_w = 32, .box_h = 28, .ofs_x = 0, .ofs_y = -2},
    {.bitmap_index = 109605, .adv_w = 512, .box_w = 32, .box_h = 24, .ofs_x = 0, .ofs_y = 0},
    {.bitmap_index = 109989, .adv_w = 352, .box_w = 22, .box_h = 22, .ofs_x = 0, .ofs_y = 1},
    {.bitmap_index = 110231, .adv_w = 512, .box_w = 31, .box_h = 32, .ofs_x = 0, .ofs_y = -4},
    {.bitmap_index = 110727, .adv_w = 512, .box_w = 30, .box_h = 32, .ofs_x = 1, .ofs_y = -4},
    {.bitmap_index = 111207, .adv_w = 576, .box_w = 36, .box_h = 28, .ofs_x = 0, .ofs_y = -2},
    {.bitmap_index = 111711, .adv_w = 512, .box_w = 32, .box_h = 32, .ofs_x = 0, .ofs_y = -4},
    {.bitmap_index = 112223, .adv_w = 576, .box_w = 36, .box_h = 24, .ofs_x = 0, .ofs_y = 0},
    {.bitmap_index = 112655, .adv_w = 512, .box_w = 32, .box_h = 32, .ofs_x = 0, .ofs_y = -4},
    {.bitmap_index = 113167, .adv_w = 256, .box_w = 16, .box_h = 26, .ofs_x = 0, .ofs_y = -1},
    {.bitmap_index = 113375, .adv_w = 384, .box_w = 24, .box_h = 26, .ofs_x = 0, .ofs_y = -1},
    {.bitmap_index = 113687, .adv_w = 576, .box_w = 36, .box_h = 32, .ofs_x = 0, .ofs_y = -4},
    {.bitmap_index = 114263, .adv_w = 512, .box_w = 32, .box_h = 24, .ofs_x = 0, .ofs_y = 0},
    {.bitmap_index = 114647, .adv_w = 352, .box_w = 22, .box_h = 32, .ofs_x = 0, .ofs_y = -4},
    {.bitmap_index = 114999, .adv_w = 448, .box_w = 20, .box_h = 30, .ofs_x = 4, .ofs_y = -3},
    {.bitmap_index = 115299, .adv_w = 448, .box_w = 28, .box_h = 34, .ofs_x = 0, .ofs_y = -5},
    {.bitmap_index = 115775, .adv_w = 448, .box_w = 28, .box_h = 29, .ofs_x = 0, .ofs_y = -2},
    {.bitmap_index = 116181, .adv_w = 448, .box_w = 28, .box_h = 28, .ofs_x = 0, .ofs_y = -2},
    {.bitmap_index = 116573, .adv_w = 448, .box_w = 20, .box_h = 30, .ofs_x = 4, .ofs_y = -3},
    {.bitmap_index = 116873, .adv_w = 448, .box_w = 30, .box_h = 28, .ofs_x = -1, .ofs_y = -2},
    {.bitmap_index = 117293, .adv_w = 320, .box_w = 18, .box_h = 28, .ofs_x = 1, .ofs_y = -2},
    {.bitmap_index = 117545, .adv_w = 320, .box_w = 18, .box_h = 28, .ofs_x = 1, .ofs_y = -2},
    {.bitmap_index = 117797, .adv_w = 448, .box_w = 28, .box_h = 28, .ofs_x = 0, .ofs_y = -2},
    {.bitmap_index = 118189, .adv_w = 448, .box_w = 28, .box_h = 6, .ofs_x = 0, .ofs_y = 9},
    {.bitmap_index = 118273, .adv_w = 576, .box_w = 36, .box_h = 24, .ofs_x = 0, .ofs_y = 0},
    {.bitmap_index = 118705, .adv_w = 640, .box_w = 40, .box_h = 32, .ofs_x = 0, .ofs_y = -4},
    {.bitmap_index = 119345, .adv_w = 576, .box_w = 38, .box_h = 32, .ofs_x = -1, .ofs_y = -4},
    {.bitmap_index = 119953, .adv_w = 512, .box_w = 32, .box_h = 30, .ofs_x = 0, .ofs_y = -3},
    {.bitmap_index = 120433, .adv_w = 448, .box_w = 28, .box_h = 18, .ofs_x = 0, .ofs_y = 3},
    {.bitmap_index = 120685, .adv_w = 448, .box_w = 28, .box_h = 18, .ofs_x = 0, .ofs_y = 3},
    {.bitmap_index = 120937, .adv_w = 640, .box_w = 40, .box_h = 26, .ofs_x = 0, .ofs_y = -1},
    {.bitmap_index = 121457, .adv_w = 512, .box_w = 32, .box_h = 24, .ofs_x = 0, .ofs_y = 0},
    {.bitmap_index = 121841, .adv_w = 512, .box_w = 32, .box_h = 32, .ofs_x = 0, .ofs_y = -4},
    {.bitmap_index = 122353, .adv_w = 512, .box_w = 33, .box_h = 33, .ofs_x = -1, .ofs_y = -4},
    {.bitmap_index = 122898, .adv_w = 640, .box_w = 40, .box_h = 28, .ofs_x = 0, .ofs_y = -2},
    {.bitmap_index = 123458, .adv_w = 448, .box_w = 29, .box_h = 28, .ofs_x = 0, .ofs_y = -2},
    {.bitmap_index = 123864, .adv_w = 448, .box_w = 28, .box_h = 32, .ofs_x = 0, .ofs_y = -4},
    {.bitmap_index = 124312, .adv_w = 448, .box_w = 28, .box_h = 28, .ofs_x = 0, .ofs_y = -2},
    {.bitmap_index = 124704, .adv_w = 448, .box_w = 28, .box_h = 26, .ofs_x = 0, .ofs_y = -1},
    {.bitmap_index = 125068, .adv_w = 512, .box_w = 32, .box_h = 24, .ofs_x = 0, .ofs_y = 0},
    {.bitmap_index = 125452, .adv_w = 320, .box_w = 22, .box_h = 32, .ofs_x = -1, .ofs_y = -4},
    {.bitmap_index = 125804, .adv_w = 576, .box_w = 38, .box_h = 32, .ofs_x = -1, .ofs_y = -4},
    {.bitmap_index = 126412, .adv_w = 448, .box_w = 28, .box_h = 32, .ofs_x = 0, .ofs_y = -4},
    {.bitmap_index = 126860, .adv_w = 448, .box_w = 28, .box_h = 32, .ofs_x = 0, .ofs_y = -4},
    {.bitmap_index = 127308, .adv_w = 576, .box_w = 36, .box_h = 24, .ofs_x = 0, .ofs_y = 0},
    {.bitmap_index = 127740, .adv_w = 512, .box_w = 34, .box_h = 34, .ofs_x = -1, .ofs_y = -5},
    {.bitmap_index = 128318, .adv_w = 384, .box_w = 24, .box_h = 32, .ofs_x = 0, .ofs_y = -4},
    {.bitmap_index = 128702, .adv_w = 512, .box_w = 32, .box_h = 32, .ofs_x = 0, .ofs_y = -4},
    {.bitmap_index = 129214, .adv_w = 512, .box_w = 30, .box_h = 32, .ofs_x = 1, .ofs_y = -4},
    {.bitmap_index = 129694, .adv_w = 640, .box_w = 40, .box_h = 29, .ofs_x = 0, .ofs_y = -2},
    {.bitmap_index = 130274, .adv_w = 640, .box_w = 40, .box_h = 20, .ofs_x = 0, .ofs_y = 2},
    {.bitmap_index = 130674, .adv_w = 640, .box_w = 40, .box_h = 20, .ofs_x = 0, .ofs_y = 2},
    {.bitmap_index = 131074, .adv_w = 640, .box_w = 40, .box_h = 20, .ofs_x = 0, .ofs_y = 2},
    {.bitmap_index = 131474, .adv_w = 640, .box_w = 40, .box_h = 20, .ofs_x = 0, .ofs_y = 2},
    {.bitmap_index = 131874, .adv_w = 640, .box_w = 40, .box_h = 20, .ofs_x = 0, .ofs_y = 2},
    {.bitmap_index = 132274, .adv_w = 640, .box_w = 41, .box_h = 26, .ofs_x = 0, .ofs_y = -1},
    {.bitmap_index = 132807, .adv_w = 448, .box_w = 24, .box_h = 32, .ofs_x = 2, .ofs_y = -4},
    {.bitmap_index = 133191, .adv_w = 448, .box_w = 30, .box_h = 32, .ofs_x = -1, .ofs_y = -4},
    {.bitmap_index = 133671, .adv_w = 448, .box_w = 28, .box_h = 32, .ofs_x = 0, .ofs_y = -4},
    {.bitmap_index = 134119, .adv_w = 512, .box_w = 33, .box_h = 33, .ofs_x = -1, .ofs_y = -5},
    {.bitmap_index = 134664, .adv_w = 640, .box_w = 40, .box_h = 24, .ofs_x = 0, .ofs_y = 0},
    {.bitmap_index = 135144, .adv_w = 576, .box_w = 37, .box_h = 32, .ofs_x = 0, .ofs_y = -4},
    {.bitmap_index = 135736, .adv_w = 640, .box_w = 40, .box_h = 32, .ofs_x = 0, .ofs_y = -4},
    {.bitmap_index = 136376, .adv_w = 512, .box_w = 33, .box_h = 30, .ofs_x = 0, .ofs_y = -3},
    {.bitmap_index = 136871, .adv_w = 512, .box_w = 32, .box_h = 32, .ofs_x = 0, .ofs_y = -4},
    {.bitmap_index = 137383, .adv_w = 640, .box_w = 40, .box_h = 32, .ofs_x = 0, .ofs_y = -4},
    {.bitmap_index = 138023, .adv_w = 384, .box_w = 24, .box_h = 32, .ofs_x = 0, .ofs_y = -4},
    {.bitmap_index = 138407, .adv_w = 515, .box_w = 33, .box_h = 21, .ofs_x = 0, .ofs_y = 2}
};

/*---------------------
 *  CHARACTER MAPPING
 *--------------------*/

static const uint8_t glyph_id_ofs_list_4[] = {
    0, 1, 2, 3, 4, 5, 6, 0,
    7
};

static const uint16_t unicode_list_9[] = {
    0x0, 0x7c, 0xcfd1, 0xcfd8, 0xcfdb, 0xcfdc, 0xcfdd, 0xcfe1,
    0xcfe3, 0xcfe5, 0xcfe9, 0xcfec, 0xcff1, 0xcff6, 0xcff7, 0xcff8,
    0xd00e, 0xd013, 0xd018, 0xd01b, 0xd01c, 0xd01d, 0xd021, 0xd022,
    0xd023, 0xd024, 0xd037, 0xd038, 0xd03e, 0xd040, 0xd041, 0xd044,
    0xd047, 0xd048, 0xd049, 0xd04b, 0xd063, 0xd065, 0xd092, 0xd094,
    0xd095, 0xd097, 0xd099, 0xd0b0, 0xd0b7, 0xd0b9, 0xd0ba, 0xd0c3,
    0xd0ec, 0xd0f4, 0xd12b, 0xd155, 0xd156, 0xd1bb, 0xd210, 0xd211,
    0xd212, 0xd213, 0xd214, 0xd257, 0xd263, 0xd2ac, 0xd2bd, 0xd2d4,
    0xd52a, 0xd693, 0xd694, 0xd6fe, 0xd70d, 0xd72f, 0xd792, 0xd872
};

/*Collect the unicode lists and glyph_id offsets*/
static const lv_font_fmt_txt_cmap_t cmaps[] =
{
    {
        .range_start = 32, .range_length = 95, .glyph_id_start = 1,
        .unicode_list = NULL, .glyph_id_ofs_list = NULL, .list_length = 0, .type = LV_FONT_FMT_TXT_CMAP_FORMAT0_TINY
    },
    {
        .range_start = 160, .range_length = 13, .glyph_id_start = 96,
        .unicode_list = NULL, .glyph_id_ofs_list = NULL, .list_length = 0, .type = LV_FONT_FMT_TXT_CMAP_FORMAT0_TINY
    },
    {
        .range_start = 174, .range_length = 155, .glyph_id_start = 109,
        .unicode_list = NULL, .glyph_id_ofs_list = NULL, .list_length = 0, .type = LV_FONT_FMT_TXT_CMAP_FORMAT0_TINY
    },
    {
        .range_start = 330, .range_length = 54, .glyph_id_start = 264,
        .unicode_list = NULL, .glyph_id_ofs_list = NULL, .list_length = 0, .type = LV_FONT_FMT_TXT_CMAP_FORMAT0_TINY
    },
    {
        .range_start = 900, .range_length = 9, .glyph_id_start = 318,
        .unicode_list = NULL, .glyph_id_ofs_list = glyph_id_ofs_list_4, .list_length = 9, .type = LV_FONT_FMT_TXT_CMAP_FORMAT0_FULL
    },
    {
        .range_start = 910, .range_length = 20, .glyph_id_start = 326,
        .unicode_list = NULL, .glyph_id_ofs_list = NULL, .list_length = 0, .type = LV_FONT_FMT_TXT_CMAP_FORMAT0_TINY
    },
    {
        .range_start = 931, .range_length = 44, .glyph_id_start = 346,
        .unicode_list = NULL, .glyph_id_ofs_list = NULL, .list_length = 0, .type = LV_FONT_FMT_TXT_CMAP_FORMAT0_TINY
    },
    {
        .range_start = 1024, .range_length = 96, .glyph_id_start = 390,
        .unicode_list = NULL, .glyph_id_ofs_list = NULL, .list_length = 0, .type = LV_FONT_FMT_TXT_CMAP_FORMAT0_TINY
    },
    {
        .range_start = 8208, .range_length = 24, .glyph_id_start = 486,
        .unicode_list = NULL, .glyph_id_ofs_list = NULL, .list_length = 0, .type = LV_FONT_FMT_TXT_CMAP_FORMAT0_TINY
    },
    {
        .range_start = 8240, .range_length = 55411, .glyph_id_start = 510,
        .unicode_list = unicode_list_9, .glyph_id_ofs_list = NULL, .list_length = 72, .type = LV_FONT_FMT_TXT_CMAP_SPARSE_TINY
    }
};

/*-----------------
 *    KERNING
 *----------------*/


/*Map glyph_ids to kern left classes*/
static const uint8_t kern_left_class_mapping[] =
{
    0, 0, 0, 1, 0, 2, 3, 4,
    1, 5, 6, 7, 8, 9, 8, 9,
    10, 11, 12, 13, 14, 15, 16, 17,
    18, 14, 11, 19, 19, 0, 20, 21,
    22, 23, 0, 0, 0, 0, 0, 0,
    0, 0, 0, 0, 0, 0, 0, 0,
    0, 0, 0, 0, 0, 0, 0, 0,
    0, 0, 0, 0, 5, 24, 6, 7,
    25, 0, 0, 0, 0, 0, 0, 0,
    0, 0, 0, 0, 0, 0, 0, 0,
    0, 0, 0, 0, 0, 0, 0, 0,
    0, 0, 0, 0, 5, 12, 6, 8,
    0, 26, 27, 0, 0, 0, 0, 0,
    0, 23, 0, 28, 0, 29, 0, 7,
    20, 0, 0, 0, 30, 12, 31, 0,
    0, 0, 32, 0, 0, 0, 33, 0,
    0, 0, 0, 0, 0, 0, 0, 0,
    0, 0, 0, 0, 0, 0, 0, 0,
    0, 0, 0, 0, 0, 0, 34, 0,
    0, 0, 0, 0, 0, 0, 0, 0,
    0, 0, 0, 0, 0, 0, 0, 0,
    0, 0, 0, 0, 0, 0, 0, 0,
    0, 0, 0, 0, 0, 0, 8, 0,
    0, 0, 0, 0, 0, 0, 0, 0,
    0, 0, 0, 0, 0, 0, 0, 0,
    0, 0, 0, 0, 0, 0, 0, 0,
    0, 0, 0, 0, 0, 0, 0, 0,
    0, 0, 0, 0, 0, 0, 0, 0,
    0, 0, 0, 0, 0, 0, 0, 0,
    0, 0, 0, 0, 0, 0, 0, 0,
    0, 0, 0, 0, 0, 0, 0, 0,
    0, 0, 0, 0, 0, 0, 0, 0,
    0, 0, 0, 0, 0, 0, 0, 0,
    0, 0, 0, 0, 0, 0, 0, 0,
    0, 0, 0, 0, 0, 0, 0, 0,
    0, 0, 0, 0, 0, 0, 0, 0,
    0, 0, 0, 0, 0, 0, 0, 0,
    0, 0, 0, 0, 0, 0, 0, 0,
    0, 0, 0, 0, 0, 0, 0, 0,
    0, 0, 0, 0, 0, 0, 0, 0,
    0, 1, 0, 0, 0, 0, 0, 0,
    0, 0, 0, 0, 35, 0, 0, 0,
    0, 0, 0, 0, 0, 0, 0, 0,
    0, 0, 0, 0, 0, 0, 0, 0,
    0, 0, 0, 0, 0, 0, 0, 0,
    0, 0, 0, 0, 0, 0, 0, 0,
    0, 0, 0, 0, 0, 0, 0, 0,
    0, 0, 0, 0, 0, 0, 0, 0,
    0, 0, 0, 0, 0, 0, 0, 0,
    0, 0, 0, 0, 0, 0, 0, 0,
    0, 0, 0, 0, 0, 0, 0, 0,
    0, 0, 0, 0, 0, 0, 0, 0,
    0, 0, 0, 0, 0, 0, 0, 0,
    0, 0, 0, 0, 0, 0, 0, 0,
    0, 0, 0, 0, 0, 0, 0, 0,
    0, 0, 0, 0, 0, 0, 0, 0,
    0, 0, 0, 0, 0, 0, 0, 0,
    0, 0, 0, 0, 0, 0, 0, 0,
    0, 0, 0, 0, 0, 0, 0, 0,
    0, 0, 0, 0, 0, 0, 0, 0,
    0, 0, 0, 0, 0, 0, 0, 0,
    0, 0, 0, 0, 0, 0, 36, 37,
    38, 0, 36, 37, 38, 0, 39, 39,
    34, 34, 0, 0, 40, 0, 0, 0,
    0, 0, 0, 0, 0, 0, 0, 0,
    0, 0, 0, 0, 0, 0, 0, 0,
    0, 0, 0, 0, 0, 0, 0, 0,
    0, 0, 0, 0, 0, 0, 0, 0,
    0, 0, 0, 0, 0, 0, 0, 0,
    0, 0, 0, 0, 0, 0, 0, 0,
    0, 0, 0, 0, 0, 0, 0, 0,
    0, 0, 0, 0, 0, 0, 0, 0,
    0, 0, 0, 0, 0, 0
};

/*Map glyph_ids to kern right classes*/
static const uint8_t kern_right_class_mapping[] =
{
    0, 1, 2, 3, 4, 5, 0, 6,
    3, 0, 7, 8, 9, 10, 9, 10,
    11, 12, 13, 14, 15, 16, 17, 12,
    18, 19, 20, 21, 21, 22, 23, 0,
    24, 25, 0, 0, 0, 0, 0, 0,
    0, 0, 0, 0, 0, 0, 0, 0,
    0, 0, 0, 0, 0, 0, 0, 0,
    0, 0, 0, 0, 0, 26, 7, 8,
    27, 0, 0, 0, 0, 0, 0, 0,
    0, 0, 0, 0, 0, 0, 0, 0,
    0, 0, 0, 0, 0, 0, 0, 0,
    0, 0, 0, 0, 0, 28, 7, 29,
    0, 0, 30, 0, 0, 0, 0, 0,
    0, 25, 0, 31, 32, 33, 0, 8,
    23, 0, 0, 0, 34, 35, 9, 0,
    0, 0, 36, 0, 0, 0, 37, 0,
    0, 0, 0, 0, 0, 0, 0, 0,
    0, 0, 0, 0, 0, 0, 0, 0,
    0, 0, 0, 0, 0, 0, 36, 0,
    0, 0, 0, 0, 0, 0, 0, 0,
    0, 0, 0, 0, 0, 0, 0, 0,
    0, 0, 0, 0, 0, 0, 0, 0,
    0, 0, 0, 0, 0, 0, 9, 0,
    0, 0, 0, 0, 0, 0, 0, 0,
    0, 0, 0, 0, 0, 0, 0, 0,
    0, 0, 0, 0, 0, 0, 0, 0,
    0, 0, 0, 0, 0, 0, 0, 0,
    0, 0, 0, 0, 0, 0, 0, 0,
    0, 0, 0, 0, 0, 0, 0, 0,
    0, 0, 0, 0, 0, 0, 0, 0,
    0, 0, 0, 0, 0, 0, 0, 0,
    0, 0, 0, 0, 0, 0, 0, 0,
    0, 0, 0, 0, 0, 0, 0, 0,
    0, 0, 0, 0, 0, 0, 0, 0,
    0, 0, 0, 0, 0, 0, 0, 0,
    0, 0, 0, 0, 0, 0, 0, 0,
    0, 0, 0, 0, 0, 0, 0, 0,
    0, 0, 0, 0, 0, 0, 0, 0,
    0, 0, 0, 0, 0, 0, 0, 0,
    0, 0, 0, 0, 0, 0, 0, 0,
    0, 3, 0, 0, 0, 0, 0, 0,
    0, 0, 0, 0, 38, 0, 0, 0,
    0, 0, 0, 0, 0, 0, 0, 0,
    0, 0, 0, 0, 0, 0, 0, 0,
    0, 0, 0, 0, 0, 0, 0, 0,
    0, 0, 0, 0, 0, 0, 0, 0,
    0, 0, 0, 0, 0, 0, 0, 0,
    0, 0, 0, 0, 0, 0, 0, 0,
    0, 0, 0, 0, 0, 0, 0, 0,
    0, 0, 0, 0, 0, 0, 0, 0,
    0, 0, 0, 0, 0, 0, 0, 0,
    0, 0, 0, 0, 0, 0, 0, 0,
    0, 0, 0, 0, 0, 0, 0, 0,
    0, 0, 0, 0, 0, 0, 0, 0,
    0, 0, 0, 0, 0, 0, 0, 0,
    0, 0, 0, 0, 0, 0, 0, 0,
    0, 0, 0, 0, 0, 0, 0, 0,
    0, 0, 0, 0, 0, 0, 0, 0,
    0, 0, 0, 0, 0, 0, 0, 0,
    0, 0, 0, 0, 0, 0, 0, 0,
    0, 0, 0, 0, 0, 0, 0, 0,
    0, 0, 0, 0, 0, 0, 39, 40,
    41, 42, 39, 40, 41, 43, 44, 44,
    36, 36, 0, 0, 10, 0, 0, 0,
    0, 0, 0, 0, 0, 0, 0, 0,
    0, 0, 0, 0, 0, 0, 0, 0,
    0, 0, 0, 0, 0, 0, 0, 0,
    0, 0, 0, 0, 0, 0, 0, 0,
    0, 0, 0, 0, 0, 0, 0, 0,
    0, 0, 0, 0, 0, 0, 0, 0,
    0, 0, 0, 0, 0, 0, 0, 0,
    0, 0, 0, 0, 0, 0, 0, 0,
    0, 0, 0, 0, 0, 0
};

/*Kern values between classes*/
static const int8_t kern_class_values[] =
{
    0, 0, 0, 0, 0, -17, 0, 0,
    0, -44, 0, 0, 0, 0, 0, -32,
    0, 0, 0, 0, 0, 0, 0, 0,
    0, 0, 0, 0, 0, -9, 0, 0,
    0, 0, 0, 0, 0, -40, 0, 0,
    0, 0, 0, 0, 0, 0, 0, 0,
    0, 0, 0, 0, 0, 0, 0, 0,
    0, 0, 0, 0, 0, 0, 0, 0,
    0, 0, 0, 0, 0, 0, 0, 0,
    0, 0, 0, 0, 0, 0, 0, 0,
    0, -5, 0, 0, 0, 0, 0, 0,
    0, 0, 0, 0, 0, 0, 0, 0,
    0, 0, 0, 0, 0, 0, 0, 0,
    0, 0, 0, 0, 0, 0, 0, 0,
    0, 0, 0, 0, 0, 0, 0, 0,
    0, 0, 0, 0, 0, 0, -32, -35,
    0, 0, 0, 0, 0, 0, -17, 0,
    0, 0, 0, 0, 0, 0, 0, 0,
    0, 0, 0, 0, 0, 0, 0, 0,
    0, 0, 0, 0, 0, -32, 0, 0,
    0, 0, 0, 0, -11, 0, 0, 0,
    0, 0, -46, 0, 0, 0, 0, -20,
    0, 0, 0, 0, 0, 0, 0, 0,
    0, 0, 0, 0, 0, 0, 0, 0,
    0, 0, 0, 0, 0, 0, 0, 0,
    0, 0, 0, 6, 0, -4, 0, 0,
    0, 0, 0, 0, 0, 0, 0, 0,
    0, 0, 0, 0, 0, 0, 0, 0,
    0, 0, 0, 0, 0, 0, 0, 0,
    0, 0, 0, 0, 0, 0, 0, 0,
    0, 0, 0, 0, 0, 0, 0, 0,
    0, 0, 0, 0, 0, 0, 0, 0,
    0, 0, -17, 0, 0, 0, 0, 0,
    0, 0, 0, 0, 0, -17, 0, 0,
    0, -70, 0, 0, 0, 0, 0, -23,
    0, 0, 0, 0, 0, 0, 0, 0,
    -8, 0, -35, 0, 0, 0, 0, 0,
    0, 0, 0, 0, 0, -46, 0, 0,
    0, 0, 0, 0, 0, 0, 0, 0,
    0, 0, 0, 0, 0, 0, 0, 0,
    0, -13, -4, 0, 0, -13, 0, 0,
    0, 0, 0, 0, 0, -24, 0, 0,
    0, 0, 0, 0, 0, 0, -5, 0,
    0, -17, -20, 0, 0, 0, 0, 0,
    -10, -4, -48, 0, 0, 0, 0, 0,
    0, 0, 0, -14, -45, 0, -12, 0,
    -5, -11, -13, -5, 0, 0, 0, -45,
    -22, 0, 0, 0, 0, 0, 0, 0,
    0, 0, -26, 0, 0, 0, 0, -42,
    0, -70, -70, 0, 0, 0, 0, 0,
    0, 0, 0, 0, 0, -20, 0, 0,
    0, 0, 0, 0, 0, 0, 0, 0,
    0, 0, 0, 0, 0, 3, 0, 0,
    0, 0, 0, 0, 0, 0, 0, 0,
    0, -12, 0, 0, 0, 0, 0, 0,
    0, 0, 0, 0, 0, 0, 0, 0,
    0, -14, 0, 0, 0, 0, 0, 0,
    0, -10, 0, 0, 0, 0, 0, 0,
    0, -10, -23, 0, 0, 0, 0, 0,
    0, 0, 0, 0, 0, 0, -23, 0,
    -26, 0, 0, 0, 0, 0, 0, 0,
    0, 0, 6, 0, 0, 0, 0, 0,
    0, 0, 0, 0, 0, 0, 0, 0,
    0, 0, 0, 0, 0, 0, 6, 0,
    0, 0, 0, 0, 0, 0, 0, 0,
    0, 0, 0, 0, 0, 0, 0, 0,
    0, 0, 0, 0, 0, 0, 0, 0,
    0, 0, 0, 0, 0, 0, 0, -8,
    0, 0, 0, 0, 0, 0, 0, 0,
    0, 0, 0, 0, 0, 0, 0, 0,
    0, 0, 0, 0, 0, 0, 0, 0,
    0, 0, 0, 0, 0, 0, 0, 0,
    0, 0, 0, -5, 0, -11, 0, 0,
    0, 0, 0, 0, 0, 0, 0, 0,
    0, 0, 0, 0, 0, 0, 0, 0,
    0, 0, -17, 0, 0, 0, 0, 0,
    0, 0, 0, 0, -26, 0, 0, 0,
    0, 0, 0, 0, 0, 0, 0, -15,
    0, -17, 0, 0, -16, 0, 0, 0,
    0, 0, 0, 0, 0, 0, 0, 0,
    0, 0, 0, 0, 0, 0, 0, 0,
    -3, 0, -22, 0, 0, 0, 0, 0,
    0, 0, 0, 0, 0, 0, 0, 0,
    0, 0, 0, -2, 0, -12, 0, 0,
    0, 0, 0, 0, 0, 0, 0, 0,
    0, 0, 0, 0, 0, 0, 0, 0,
    0, 0, 0, 0, -3, 0, 0, 0,
    0, 0, 0, 0, 0, 0, 0, 0,
    0, 0, 0, 0, 0, 0, 0, 0,
    0, -16, 0, 0, 0, 0, 0, 0,
    0, 0, 0, 0, 0, 0, 0, 0,
    0, 0, -23, 0, 0, 0, 0, 0,
    0, 0, 0, 0, 0, 0, 0, 0,
    -23, 0, 0, 0, 0, 0, 0, -29,
    0, -23, 0, 0, 0, -64, 0, -8,
    0, 0, -8, -30, -5, 10, -7, -5,
    -17, -46, 0, 0, 0, 0, -81, 0,
    0, -26, -32, 0, 0, 0, 0, 0,
    0, -55, 0, 0, -72, 0, 0, 0,
    0, 0, 0, 0, 0, 0, 0, 0,
    0, 0, 0, 0, 0, 0, 0, 0,
    0, 0, 0, 0, 0, 0, 0, 0,
    0, -32, 0, 0, 0, 0, 0, 0,
    0, 0, 0, 0, 0, 0, -23, 0,
    0, 0, 0, 0, 0, 0, 0, 0,
    0, 0, 0, 0, 0, 0, 0, 0,
    0, 0, 0, 0, 0, 0, 0, 0,
    0, 0, 0, 0, 0, -35, 0, 0,
    0, 0, 0, 0, 0, 0, 0, 0,
    0, -26, -29, 0, 0, 0, 0, 0,
    0, 0, 0, 0, 0, 0, 0, 0,
    0, 0, 0, 0, 0, 0, 0, 0,
    0, -38, 0, 0, 0, 0, 0, 0,
    0, -38, 0, 0, 0, 0, 0, 0,
    0, 0, 0, 0, 0, -13, -49, 0,
    0, 0, 0, 0, 0, 0, 0, 0,
    0, 0, 0, 0, 0, 0, 0, 0,
    0, 0, 0, 0, 0, 0, 0, 0,
    0, 0, 0, 0, 0, 0, 0, 0,
    0, 0, 0, 0, 0, 0, 0, 0,
    0, -32, 0, 0, 0, 0, 0, 0,
    0, 0, 0, 0, 0, 0, 0, 0,
    0, -22, -20, 0, 0, 0, 0, 0,
    0, 0, 0, 0, 0, 0, 0, 0,
    0, -19, -20, 0, 0, 0, 0, 0,
    -3, 0, 0, 0, 0, -20, -17, 0,
    -20, 0, 0, 0, 0, 0, -40, 0,
    -5, 0, 0, -46, -17, 0, 7, 0,
    -23, 0, 0, 0, 0, 0, 0, 0,
    0, -13, -26, -32, -20, -25, 0, 0,
    -17, -8, -17, -17, -36, 0, -26, -17,
    0, 8, -22, -29, 0, 0, 0, -38,
    0, 0, 0, 0, 0, 0, 0, -35,
    0, 0, 0, -23, -55, 0, -23, -29,
    -23, 0, -23, -23, 0, 0, 0, 0,
    -20, -40, 0, 17, 0, 0, 0, 0,
    0, 0, -23, 0, 0, 0, -20, 0,
    0, 0, 0, 0, 0, 0, 0, 0,
    0, 0, 0, 0, 0, 0, 0, 0,
    0, 0, 0, 0, 0, 0, 0, 0,
    0, 0, 0, 0, 0, -17, 0, 0,
    0, 0, 0, 0, 0, 0, 0, 0,
    0, 0, -17, 0, 0, 0, 0, 0,
    0, 0, -9, 0, 0, 0, -6, 0,
    0, 0, 0, 0, -17, 0, 0, 0,
    0, 0, 0, 0, 0, 0, 0, 0,
    0, -29, 0, 0, 0, 0, 0, 0,
    -6, 0, 0, 0, 0, -17, -32, -11,
    0, 0, 0, -17, 0, 0, 0, 0,
    0, 0, 0, 0, 0, 0, 0, 0,
    0, 0, 0, 0, 0, 0, 0, 0,
    0, 0, 0, 0, 0, 0, 0, 0,
    0, 0, 0, 0, 0, 0, 0, 0,
    0, -17, 0, 0, 0, 0, 0, 0,
    0, 0, 0, 0, 0, -17, 0, 0,
    0, 0, 0, 0, 0, 0, 0, -25,
    0, 0, 0, 0, 0, 0, 0, 0,
    -3, 0, 0, 0, 0, -14, 0, 0,
    0, 0, 0, 0, 0, -36, 0, 0,
    0, 0, 0, 0, 0, 0, 0, 0,
    0, 0, 0, 0, -19, 0, -17, 0,
    0, 0, 0, 0, 0, 0, 0, 0,
    0, -20, 0, 0, 0, 0, -17, 0,
    -19, 0, 0, -17, 0, 0, 0, 0,
    0, 0, -26, 7, 0, 0, 0, 0,
    0, 0, 0, 0, 0, 0, 0, 0,
    0, 0, 0, 0, 0, -13, -4, 0,
    0, -13, 0, 0, 0, 0, 0, 0,
    0, -20, 0, 0, 0, 0, 0, 0,
    0, 0, -5, 0, 0, -17, -20, 0,
    0, 0, 0, 0, 0, 0, 0, 0,
    0, 0, 0, 0, 0, 0, 0, 0,
    -20, -26, -23, 0, 0, -26, -17, 0,
    0, 0, 0, 0, 0, -32, 0, 0,
    0, 0, 0, 0, 0, 0, 0, 0,
    0, -17, -43, 0, 0, 0, 0, 0,
    0, 0, 0, 0, 0, 0, 0, 0,
    0, 0, 0, 0, 0, 0, 0, 0,
    0, 0, 0, 0, 0, 0, 0, 0,
    0, -53, 0, 0, 0, 0, 0, 0,
    0, 0, 0, 0, 0, 0, -32, -17,
    0, 0, 0, 0, 0, 0, 0, 0,
    0, 0, 0, 0, 0, 0, 0, 0,
    0, 0, 0, 0, 0, 0, 0, 0,
    0, 0, 0, 0, 0, -20, 0, 0,
    0, 0, 0, 0, 0, 0, 0, 0,
    0, -17, 0, 0, 0, 0, 0, 0,
    0, 0, -40, 0, -5, 0, 0, -46,
    -17, 0, 7, 0, -23, 0, 0, 0,
    0, 0, 0, 0, 0, -13, -26, -32,
    -20, -38, 0, 0, -17, -8, -17, -17,
    -36, 0, -26, -17, 0, 8, -67, -52,
    0, 0, 0, -38, 0, 0, 0, 0,
    0, -32, 0, 0, 0, -51, -49, 0,
    0, 0, 0, -32, 0, 0, 0, 0,
    0, 0, 0, 0, 0, 0, 0, 0,
    0, -20, 0, 0, 0, 0, 0, 0,
    -32, -49, 0, 0, -43, 0, 0, 0,
    0, 0, 0, -64, 0, -35, 0, 0,
    -29, -61, -72, -23, 0, 0, 0, -49,
    0, -32, -20, 0, -29, -49, -29, 0,
    -29, 0, -20, 0, -23, -32, -43, -29,
    0, -23, -6, 0, -35, -70, 0, 0,
    0, 0, 0, 0, 0, 0, 0, 0,
    0, 0, 0, 0, 0, 0, 0, 0,
    -35, 0, 0, 0, 0, 0, 0, 0,
    0, 0, 0, 0, -19, -46, 0, 0,
    0, 0, 0, 0, 0, 0, 0, 0,
    0, 0, -64, -49, 0, 0, 0, 0,
    0, 0, 0, 0, 0, -20, 0, 0,
    0, 0, 0, 0, 0, 0, 0, 0,
    0, 0, 0, 0, 0, 0, 0, 0,
    0, 0, 0, 0, 0, -17, 0, 0,
    0, 0, 0, 0, 0, -38, 0, 0,
    0, 0, 0, 0, -10, -4, -48, 0,
    0, 0, 0, 0, 0, 0, 0, -14,
    -45, 0, -12, 0, -5, -11, -13, -5,
    0, 0, 0, -45, -22, 0, 0, 0,
    0, 0, 0, 0, 0, 0, -26, 0,
    0, 0, 0, -42, 0, -70, -93, 0
};


/*Collect the kern class' data in one place*/
static const lv_font_fmt_txt_kern_classes_t kern_classes =
{
    .class_pair_values   = kern_class_values,
    .left_class_mapping  = kern_left_class_mapping,
    .right_class_mapping = kern_right_class_mapping,
    .left_class_cnt      = 40,
    .right_class_cnt     = 44,
};

/*--------------------
 *  ALL CUSTOM DATA
 *--------------------*/

#if LVGL_VERSION_MAJOR == 8
/*Store all the custom data of the font*/
static  lv_font_fmt_txt_glyph_cache_t cache;
#endif

#if LVGL_VERSION_MAJOR >= 8
static const lv_font_fmt_txt_dsc_t font_dsc = {
#else
static lv_font_fmt_txt_dsc_t font_dsc = {
#endif
    .glyph_bitmap = glyph_bitmap,
    .glyph_dsc = glyph_dsc,
    .cmaps = cmaps,
    .kern_dsc = &kern_classes,
    .kern_scale = 16,
    .cmap_num = 10,
    .bpp = 4,
    .kern_classes = 1,
    .bitmap_format = 0,
#if LVGL_VERSION_MAJOR == 8
    .cache = &cache
#endif
};



/*-----------------
 *  PUBLIC FONT
 *----------------*/

/*Initialize a public general font descriptor*/
#if LVGL_VERSION_MAJOR >= 8
const lv_font_t s3w_font_title_32 = {
#else
lv_font_t s3w_font_title_32 = {
#endif
    .get_glyph_dsc = lv_font_get_glyph_dsc_fmt_txt,    /*Function pointer to get glyph's data*/
    .get_glyph_bitmap = lv_font_get_bitmap_fmt_txt,    /*Function pointer to get glyph's bitmap*/
    .line_height = 41,          /*The maximum line height required by the font*/
    .base_line = 8,             /*Baseline measured from the bottom of the line*/
#if !(LVGL_VERSION_MAJOR == 6 && LVGL_VERSION_MINOR == 0)
    .subpx = LV_FONT_SUBPX_NONE,
#endif
#if LV_VERSION_CHECK(7, 4, 0) || LVGL_VERSION_MAJOR >= 8
    .underline_position = -5,
    .underline_thickness = 3,
#endif
    .dsc = &font_dsc,          /*The custom font data. Will be accessed by `get_glyph_bitmap/dsc` */
#if LV_VERSION_CHECK(8, 2, 0) || LVGL_VERSION_MAJOR >= 9
    .fallback = NULL,
#endif
    .user_data = NULL,
};



#endif /*#if S3W_FONT_TITLE_32*/

