/*******************************************************************************
 * Size: 22 px
 * Bpp: 4
 * Opts: --bpp 4 --no-compress --size 22 --format lvgl --force-fast-kern-format --lv-include lvgl.h --lv-font-name s3w_font_caption_22 --font Inter-Regular.ttf -r 0x20-0x7E,0xA0-0x17F,0x384-0x3CE,0x400-0x45F,0x2010-0x2027,0x2030,0x20AC --font FontAwesome5.woff -r 61441,61448,61451,61452,61453,61457,61459,61461,61465,61468,61473,61478,61479,61480,61502,61507,61512,61515,61516,61517,61521,61522,61523,61524,61543,61544,61550,61552,61553,61556,61559,61560,61561,61563,61587,61589,61636,61637,61639,61641,61664,61671,61674,61683,61724,61732,61787,61931,62016,62017,62018,62019,62020,62087,62099,62212,62189,62810,63426,63650,61829,61830,61634,63172,63171,63293,62172,63327,61673,63278 -o s3w_font_caption_22.c
 ******************************************************************************/

#ifdef LV_LVGL_H_INCLUDE_SIMPLE
#include "lvgl.h"
#else
#include "lvgl.h"
#endif

#ifndef S3W_FONT_CAPTION_22
#define S3W_FONT_CAPTION_22 1
#endif

#if S3W_FONT_CAPTION_22

/*-----------------
 *    BITMAPS
 *----------------*/

/*Store the image of the glyphs*/
static LV_ATTRIBUTE_LARGE_CONST const uint8_t glyph_bitmap[] = {
    /* U+0020 " " */

    /* U+0021 "!" */
    0xe, 0xf3, 0xe, 0xf3, 0xe, 0xf3, 0xe, 0xf3,
    0xe, 0xf3, 0xe, 0xf2, 0xd, 0xf2, 0xd, 0xf2,
    0xd, 0xf2, 0xd, 0xf1, 0x9, 0xb1, 0x0, 0x0,
    0x0, 0x0, 0xa, 0xc2, 0x3f, 0xf8, 0xc, 0xe3,

    /* U+0022 "\"" */
    0xbf, 0x51, 0xff, 0xbf, 0x40, 0xfe, 0xaf, 0x30,
    0xfe, 0x9f, 0x30, 0xfd, 0x9f, 0x20, 0xec, 0x8f,
    0x20, 0xec, 0x0, 0x0, 0x0,

    /* U+0023 "#" */
    0x0, 0x0, 0x7f, 0x20, 0x0, 0xdd, 0x0, 0x0,
    0x0, 0x9f, 0x0, 0x0, 0xfa, 0x0, 0x0, 0x0,
    0xcd, 0x0, 0x2, 0xf7, 0x0, 0x0, 0x0, 0xfa,
    0x0, 0x5, 0xf4, 0x0, 0x8, 0xff, 0xff, 0xff,
    0xff, 0xff, 0xf7, 0x6, 0x9c, 0xfb, 0x99, 0x9e,
    0xf9, 0x93, 0x0, 0x7, 0xf2, 0x0, 0xd, 0xc0,
    0x0, 0x0, 0x9, 0xf0, 0x0, 0xf, 0xa0, 0x0,
    0x0, 0xc, 0xd0, 0x0, 0x2f, 0x70, 0x0, 0x0,
    0xe, 0xb0, 0x0, 0x4f, 0x50, 0x0, 0x7f, 0xff,
    0xff, 0xff, 0xff, 0xff, 0x80, 0x59, 0xbf, 0xb9,
    0x99, 0xdf, 0x99, 0x30, 0x0, 0x6f, 0x30, 0x0,
    0xcd, 0x0, 0x0, 0x0, 0x9f, 0x10, 0x0, 0xfb,
    0x0, 0x0, 0x0, 0xbe, 0x0, 0x1, 0xf8, 0x0,
    0x0, 0x0, 0xeb, 0x0, 0x4, 0xf5, 0x0, 0x0,

    /* U+0024 "$" */
    0x0, 0x0, 0x4, 0x50, 0x0, 0x0, 0x0, 0x0,
    0x9, 0xb0, 0x0, 0x0, 0x0, 0x0, 0x9, 0xb0,
    0x0, 0x0, 0x0, 0x18, 0xdf, 0xfe, 0xb3, 0x0,
    0x2, 0xef, 0xfe, 0xee, 0xff, 0x70, 0xc, 0xf9,
    0x9, 0xb0, 0x5f, 0xf3, 0x2f, 0xd0, 0x9, 0xb0,
    0x8, 0xf8, 0x4f, 0xb0, 0x9, 0xb0, 0x0, 0x11,
    0x1f, 0xf4, 0x9, 0xb0, 0x0, 0x0, 0x8, 0xff,
    0xac, 0xb0, 0x0, 0x0, 0x0, 0x6e, 0xff, 0xfb,
    0x60, 0x0, 0x0, 0x0, 0x5d, 0xff, 0xfe, 0x40,
    0x0, 0x0, 0x9, 0xb3, 0xaf, 0xf3, 0x0, 0x0,
    0x9, 0xb0, 0x7, 0xfb, 0x34, 0x10, 0x9, 0xb0,
    0x2, 0xfd, 0x9f, 0x90, 0x9, 0xb0, 0x6, 0xfb,
    0x4f, 0xf6, 0x9, 0xb0, 0x5f, 0xf5, 0x8, 0xff,
    0xee, 0xee, 0xff, 0x90, 0x0, 0x5b, 0xef, 0xfe,
    0xb5, 0x0, 0x0, 0x0, 0x9, 0xb0, 0x0, 0x0,
    0x0, 0x0, 0x9, 0xb0, 0x0, 0x0,

    /* U+0025 "%" */
    0x3, 0xcf, 0xd6, 0x0, 0x0, 0x0, 0x1e, 0xc0,
    0x0, 0x1f, 0xd6, 0xbf, 0x40, 0x0, 0x0, 0xbf,
    0x20, 0x0, 0x7f, 0x30, 0xf, 0xa0, 0x0, 0x6,
    0xf6, 0x0, 0x0, 0x8f, 0x10, 0xe, 0xb0, 0x0,
    0x1f, 0xb0, 0x0, 0x0, 0x7f, 0x20, 0xf, 0xb0,
    0x0, 0xbf, 0x10, 0x0, 0x0, 0x3f, 0xa2, 0x7f,
    0x60, 0x7, 0xf5, 0x0, 0x0, 0x0, 0x7, 0xff,
    0xfa, 0x0, 0x2f, 0xa0, 0x0, 0x0, 0x0, 0x0,
    0x14, 0x20, 0x0, 0xce, 0x10, 0x0, 0x0, 0x0,
    0x0, 0x0, 0x0, 0x8, 0xf4, 0x0, 0x0, 0x0,
    0x0, 0x0, 0x0, 0x0, 0x3f, 0x90, 0x1, 0xbf,
    0xfb, 0x10, 0x0, 0x0, 0x0, 0xde, 0x0, 0xb,
    0xf6, 0x6f, 0xb0, 0x0, 0x0, 0x9, 0xf4, 0x0,
    0x1f, 0x90, 0x9, 0xf1, 0x0, 0x0, 0x4f, 0x80,
    0x0, 0x2f, 0x80, 0x8, 0xf1, 0x0, 0x0, 0xed,
    0x0, 0x0, 0xf, 0x90, 0xa, 0xf0, 0x0, 0xa,
    0xf3, 0x0, 0x0, 0xb, 0xf8, 0x8f, 0xa0, 0x0,
    0x5f, 0x70, 0x0, 0x0, 0x1, 0xaf, 0xfa, 0x10,

    /* U+0026 "&" */
    0x0, 0x19, 0xdf, 0xd7, 0x0, 0x0, 0x0, 0xd,
    0xfd, 0xae, 0xf9, 0x0, 0x0, 0x6, 0xfb, 0x0,
    0x1e, 0xf1, 0x0, 0x0, 0x8f, 0x60, 0x0, 0xcf,
    0x30, 0x0, 0x6, 0xf9, 0x0, 0x2f, 0xe0, 0x0,
    0x0, 0x1e, 0xf3, 0x3e, 0xf6, 0x0, 0x0, 0x0,
    0x5f, 0xef, 0xf6, 0x0, 0x0, 0x0, 0x2, 0xef,
    0xf3, 0x0, 0x0, 0x0, 0x4, 0xff, 0xdf, 0xb0,
    0x0, 0x32, 0x3, 0xff, 0x50, 0xcf, 0x90, 0x1f,
    0xd0, 0xaf, 0x70, 0x1, 0xdf, 0x63, 0xfb, 0xd,
    0xf2, 0x0, 0x2, 0xff, 0xcf, 0x60, 0xcf, 0x40,
    0x0, 0x4, 0xff, 0xe0, 0x6, 0xfd, 0x10, 0x0,
    0x6f, 0xfd, 0x0, 0xb, 0xff, 0xcb, 0xef, 0xfb,
    0xfa, 0x0, 0x6, 0xce, 0xfd, 0x92, 0xd, 0xf7,

    /* U+0027 "'" */
    0xbf, 0x5b, 0xf4, 0xaf, 0x39, 0xf3, 0x9f, 0x28,
    0xf2, 0x0, 0x0,

    /* U+0028 "(" */
    0x0, 0x7, 0x70, 0x6, 0xf9, 0x0, 0xef, 0x20,
    0x4f, 0xb0, 0x9, 0xf6, 0x0, 0xef, 0x10, 0x2f,
    0xd0, 0x5, 0xfa, 0x0, 0x7f, 0x70, 0x9, 0xf5,
    0x0, 0xaf, 0x50, 0x9, 0xf5, 0x0, 0x8f, 0x70,
    0x6, 0xf9, 0x0, 0x2f, 0xd0, 0x0, 0xef, 0x20,
    0x8, 0xf7, 0x0, 0x2f, 0xd0, 0x0, 0xaf, 0x40,
    0x2, 0xfc,

    /* U+0029 ")" */
    0x67, 0x0, 0x8, 0xf7, 0x0, 0x2f, 0xe0, 0x0,
    0xbf, 0x50, 0x5, 0xfa, 0x0, 0x1f, 0xe0, 0x0,
    0xdf, 0x20, 0x9, 0xf6, 0x0, 0x7f, 0x80, 0x5,
    0xf9, 0x0, 0x4f, 0xa0, 0x5, 0xfa, 0x0, 0x6f,
    0x80, 0x9, 0xf6, 0x0, 0xdf, 0x20, 0x1f, 0xe0,
    0x7, 0xf8, 0x0, 0xdf, 0x20, 0x4f, 0xb0, 0xb,
    0xf2, 0x0,

    /* U+002A "*" */
    0x0, 0x3, 0xf4, 0x0, 0x0, 0x20, 0x3f, 0x30,
    0x21, 0x8f, 0x83, 0xf3, 0x7f, 0x81, 0x9f, 0xef,
    0xef, 0x91, 0x0, 0x4f, 0xff, 0x40, 0x2, 0xaf,
    0xdf, 0xdf, 0xa2, 0x7e, 0x62, 0xf3, 0x6e, 0x80,
    0x10, 0x3f, 0x30, 0x10, 0x0, 0x3, 0xe3, 0x0,
    0x0,

    /* U+002B "+" */
    0x0, 0x0, 0x23, 0x0, 0x0, 0x0, 0x0, 0xa,
    0xf3, 0x0, 0x0, 0x0, 0x0, 0xaf, 0x30, 0x0,
    0x0, 0x0, 0xa, 0xf3, 0x0, 0x0, 0x0, 0x0,
    0xaf, 0x30, 0x0, 0xe, 0xff, 0xff, 0xff, 0xff,
    0xf7, 0x9b, 0xbb, 0xef, 0xbb, 0xbb, 0x50, 0x0,
    0xa, 0xf3, 0x0, 0x0, 0x0, 0x0, 0xaf, 0x30,
    0x0, 0x0, 0x0, 0xa, 0xf3, 0x0, 0x0, 0x0,
    0x0, 0xaf, 0x30, 0x0, 0x0,

    /* U+002C "," */
    0x0, 0x0, 0xc, 0xf6, 0xe, 0xf1, 0x1f, 0xd0,
    0x3f, 0x80, 0x6f, 0x40, 0x8f, 0x0,

    /* U+002D "-" */
    0x5c, 0xcc, 0xcc, 0xc7, 0x7f, 0xff, 0xff, 0xf9,

    /* U+002E "." */
    0xa, 0xc2, 0x3f, 0xf9, 0xc, 0xe3,

    /* U+002F "/" */
    0x0, 0x0, 0x7, 0xf4, 0x0, 0x0, 0xc, 0xf0,
    0x0, 0x0, 0xf, 0xc0, 0x0, 0x0, 0x4f, 0x70,
    0x0, 0x0, 0x9f, 0x30, 0x0, 0x0, 0xde, 0x0,
    0x0, 0x1, 0xfa, 0x0, 0x0, 0x6, 0xf6, 0x0,
    0x0, 0xa, 0xf2, 0x0, 0x0, 0xe, 0xd0, 0x0,
    0x0, 0x3f, 0x90, 0x0, 0x0, 0x7f, 0x50, 0x0,
    0x0, 0xbf, 0x0, 0x0, 0x0, 0xfc, 0x0, 0x0,
    0x4, 0xf8, 0x0, 0x0, 0x8, 0xf3, 0x0, 0x0,
    0xd, 0xf0, 0x0, 0x0, 0x1f, 0xa0, 0x0, 0x0,
    0x5f, 0x60, 0x0, 0x0,

    /* U+0030 "0" */
    0x0, 0x6, 0xcf, 0xfc, 0x50, 0x0, 0x0, 0xaf,
    0xfc, 0xdf, 0xf8, 0x0, 0x6, 0xfd, 0x20, 0x3,
    0xef, 0x40, 0xe, 0xf3, 0x0, 0x0, 0x5f, 0xc0,
    0x4f, 0xc0, 0x0, 0x0, 0xe, 0xf2, 0x7f, 0x80,
    0x0, 0x0, 0x9, 0xf5, 0x9f, 0x50, 0x0, 0x0,
    0x7, 0xf7, 0xaf, 0x40, 0x0, 0x0, 0x6, 0xf8,
    0xaf, 0x40, 0x0, 0x0, 0x6, 0xf8, 0x9f, 0x50,
    0x0, 0x0, 0x7, 0xf7, 0x7f, 0x80, 0x0, 0x0,
    0x9, 0xf5, 0x4f, 0xc0, 0x0, 0x0, 0xe, 0xf2,
    0xe, 0xf3, 0x0, 0x0, 0x5f, 0xc0, 0x7, 0xfd,
    0x20, 0x3, 0xef, 0x50, 0x0, 0xaf, 0xfd, 0xdf,
    0xf8, 0x0, 0x0, 0x6, 0xcf, 0xfc, 0x50, 0x0,

    /* U+0031 "1" */
    0x0, 0x4e, 0xff, 0x0, 0x8f, 0xff, 0xf0, 0xcf,
    0xd3, 0xff, 0xf, 0xa0, 0xf, 0xf0, 0x60, 0x0,
    0xff, 0x0, 0x0, 0xf, 0xf0, 0x0, 0x0, 0xff,
    0x0, 0x0, 0xf, 0xf0, 0x0, 0x0, 0xff, 0x0,
    0x0, 0xf, 0xf0, 0x0, 0x0, 0xff, 0x0, 0x0,
    0xf, 0xf0, 0x0, 0x0, 0xff, 0x0, 0x0, 0xf,
    0xf0, 0x0, 0x0, 0xff, 0x0, 0x0, 0xf, 0xf0,

    /* U+0032 "2" */
    0x0, 0x18, 0xdf, 0xea, 0x30, 0x0, 0x1e, 0xff,
    0xce, 0xff, 0x50, 0xb, 0xf9, 0x0, 0x5, 0xff,
    0x12, 0xfe, 0x0, 0x0, 0x9, 0xf7, 0x2b, 0x80,
    0x0, 0x0, 0x6f, 0x80, 0x0, 0x0, 0x0, 0x8,
    0xf6, 0x0, 0x0, 0x0, 0x1, 0xff, 0x10, 0x0,
    0x0, 0x0, 0xcf, 0x70, 0x0, 0x0, 0x0, 0xbf,
    0xb0, 0x0, 0x0, 0x0, 0x9f, 0xc0, 0x0, 0x0,
    0x0, 0x9f, 0xd1, 0x0, 0x0, 0x0, 0x7f, 0xe1,
    0x0, 0x0, 0x0, 0x6f, 0xe2, 0x0, 0x0, 0x0,
    0x5f, 0xe2, 0x0, 0x0, 0x0, 0x3f, 0xfe, 0xdd,
    0xdd, 0xdd, 0xb5, 0xff, 0xff, 0xff, 0xff, 0xfd,

    /* U+0033 "3" */
    0x0, 0x18, 0xdf, 0xec, 0x50, 0x0, 0x2, 0xef,
    0xfc, 0xdf, 0xf8, 0x0, 0xd, 0xf9, 0x0, 0x3,
    0xef, 0x40, 0x3f, 0xd0, 0x0, 0x0, 0x7f, 0x90,
    0x2, 0x10, 0x0, 0x0, 0x5f, 0xa0, 0x0, 0x0,
    0x0, 0x0, 0x9f, 0x70, 0x0, 0x0, 0x0, 0x28,
    0xfd, 0x0, 0x0, 0x0, 0xcf, 0xff, 0x91, 0x0,
    0x0, 0x0, 0x9c, 0xdf, 0xf9, 0x0, 0x0, 0x0,
    0x0, 0x2, 0xcf, 0xa0, 0x0, 0x0, 0x0, 0x0,
    0x1f, 0xf1, 0x12, 0x0, 0x0, 0x0, 0xc, 0xf3,
    0x8f, 0x90, 0x0, 0x0, 0xf, 0xf2, 0x3f, 0xf7,
    0x0, 0x2, 0xbf, 0xb0, 0x6, 0xff, 0xfd, 0xdf,
    0xfd, 0x10, 0x0, 0x39, 0xdf, 0xec, 0x70, 0x0,

    /* U+0034 "4" */
    0x0, 0x0, 0x0, 0x1e, 0xfc, 0x0, 0x0, 0x0,
    0x0, 0xaf, 0xfc, 0x0, 0x0, 0x0, 0x4, 0xfe,
    0xfc, 0x0, 0x0, 0x0, 0xd, 0xf5, 0xfc, 0x0,
    0x0, 0x0, 0x8f, 0x72, 0xfc, 0x0, 0x0, 0x2,
    0xfd, 0x2, 0xfc, 0x0, 0x0, 0xc, 0xf4, 0x2,
    0xfc, 0x0, 0x0, 0x6f, 0xa0, 0x2, 0xfc, 0x0,
    0x1, 0xfe, 0x10, 0x2, 0xfc, 0x0, 0xa, 0xf6,
    0x0, 0x2, 0xfc, 0x0, 0x4f, 0xc0, 0x0, 0x2,
    0xfc, 0x0, 0xbf, 0xff, 0xff, 0xff, 0xff, 0xff,
    0x8c, 0xcc, 0xcc, 0xcc, 0xff, 0xcb, 0x0, 0x0,
    0x0, 0x3, 0xfc, 0x0, 0x0, 0x0, 0x0, 0x3,
    0xfc, 0x0, 0x0, 0x0, 0x0, 0x3, 0xfc, 0x0,

    /* U+0035 "5" */
    0x8, 0xff, 0xff, 0xff, 0xff, 0x0, 0xaf, 0xdc,
    0xcc, 0xcc, 0xc0, 0xb, 0xf3, 0x0, 0x0, 0x0,
    0x0, 0xdf, 0x10, 0x0, 0x0, 0x0, 0xf, 0xf0,
    0x0, 0x0, 0x0, 0x1, 0xfd, 0x49, 0xca, 0x60,
    0x0, 0x3f, 0xff, 0xff, 0xff, 0xd2, 0x3, 0xbc,
    0x51, 0x3, 0xcf, 0xc0, 0x0, 0x0, 0x0, 0x0,
    0xdf, 0x50, 0x0, 0x0, 0x0, 0x7, 0xf9, 0x0,
    0x0, 0x0, 0x0, 0x4f, 0xb2, 0x41, 0x0, 0x0,
    0x5, 0xfa, 0x7f, 0x90, 0x0, 0x0, 0xbf, 0x62,
    0xff, 0x60, 0x0, 0x8f, 0xe0, 0x6, 0xff, 0xed,
    0xff, 0xe3, 0x0, 0x3, 0xae, 0xfd, 0x91, 0x0,

    /* U+0036 "6" */
    0x0, 0x4, 0xbe, 0xfd, 0x80, 0x0, 0x0, 0x7f,
    0xfd, 0xdf, 0xfd, 0x10, 0x3, 0xfd, 0x30, 0x1,
    0xbf, 0xa0, 0xc, 0xf2, 0x0, 0x0, 0xe, 0xe1,
    0x2f, 0xa0, 0x0, 0x0, 0x0, 0x0, 0x6f, 0x60,
    0x5a, 0xb9, 0x30, 0x0, 0x8f, 0x5c, 0xff, 0xff,
    0xf8, 0x0, 0xaf, 0xef, 0x61, 0x16, 0xff, 0x60,
    0xaf, 0xf3, 0x0, 0x0, 0x4f, 0xe0, 0xaf, 0xb0,
    0x0, 0x0, 0xd, 0xf3, 0x8f, 0x80, 0x0, 0x0,
    0xa, 0xf4, 0x5f, 0xa0, 0x0, 0x0, 0xc, 0xf3,
    0x1f, 0xf1, 0x0, 0x0, 0x2f, 0xe0, 0x9, 0xfd,
    0x20, 0x3, 0xef, 0x80, 0x0, 0xbf, 0xfd, 0xdf,
    0xfa, 0x0, 0x0, 0x6, 0xcf, 0xec, 0x60, 0x0,

    /* U+0037 "7" */
    0xff, 0xff, 0xff, 0xff, 0xff, 0x6c, 0xdd, 0xdd,
    0xdd, 0xdf, 0xf6, 0x0, 0x0, 0x0, 0x1, 0xff,
    0x10, 0x0, 0x0, 0x0, 0x9f, 0x90, 0x0, 0x0,
    0x0, 0x1f, 0xf1, 0x0, 0x0, 0x0, 0x9, 0xf9,
    0x0, 0x0, 0x0, 0x1, 0xff, 0x10, 0x0, 0x0,
    0x0, 0x9f, 0x90, 0x0, 0x0, 0x0, 0x1f, 0xf1,
    0x0, 0x0, 0x0, 0x9, 0xf8, 0x0, 0x0, 0x0,
    0x1, 0xff, 0x10, 0x0, 0x0, 0x0, 0x9f, 0x80,
    0x0, 0x0, 0x0, 0x1f, 0xf1, 0x0, 0x0, 0x0,
    0x9, 0xf8, 0x0, 0x0, 0x0, 0x1, 0xff, 0x10,
    0x0, 0x0, 0x0, 0x9f, 0x80, 0x0, 0x0, 0x0,

    /* U+0038 "8" */
    0x0, 0x8, 0xdf, 0xeb, 0x50, 0x0, 0x1, 0xef,
    0xfc, 0xdf, 0xf8, 0x0, 0xb, 0xfa, 0x10, 0x3,
    0xef, 0x40, 0xf, 0xf1, 0x0, 0x0, 0x7f, 0x90,
    0xf, 0xe0, 0x0, 0x0, 0x5f, 0xa0, 0xd, 0xf2,
    0x0, 0x0, 0x9f, 0x70, 0x4, 0xfd, 0x40, 0x18,
    0xfd, 0x0, 0x0, 0x4e, 0xff, 0xff, 0xa1, 0x0,
    0x3, 0xdf, 0xeb, 0xcf, 0xfa, 0x0, 0x1f, 0xf6,
    0x0, 0x1, 0xbf, 0x90, 0x7f, 0x90, 0x0, 0x0,
    0xf, 0xf1, 0xaf, 0x50, 0x0, 0x0, 0xc, 0xf4,
    0x9f, 0x80, 0x0, 0x0, 0xe, 0xf2, 0x3f, 0xf5,
    0x0, 0x1, 0xaf, 0xc0, 0x7, 0xff, 0xec, 0xdf,
    0xfe, 0x20, 0x0, 0x3a, 0xef, 0xfc, 0x70, 0x0,

    /* U+0039 "9" */
    0x0, 0x18, 0xdf, 0xeb, 0x30, 0x0, 0x3, 0xef,
    0xfd, 0xef, 0xf6, 0x0, 0xe, 0xf9, 0x0, 0x4,
    0xef, 0x30, 0x6f, 0xb0, 0x0, 0x0, 0x5f, 0xb0,
    0x9f, 0x60, 0x0, 0x0, 0xf, 0xf0, 0xaf, 0x50,
    0x0, 0x0, 0xf, 0xf3, 0x7f, 0xb0, 0x0, 0x0,
    0x5f, 0xf4, 0x1f, 0xf8, 0x0, 0x5, 0xff, 0xf4,
    0x4, 0xff, 0xfc, 0xef, 0xba, 0xf4, 0x0, 0x2a,
    0xef, 0xd7, 0xa, 0xf3, 0x0, 0x0, 0x0, 0x0,
    0xd, 0xf0, 0x36, 0x30, 0x0, 0x0, 0x2f, 0xc0,
    0x5f, 0xc0, 0x0, 0x0, 0xaf, 0x60, 0xd, 0xf9,
    0x0, 0x8, 0xfd, 0x0, 0x3, 0xff, 0xfd, 0xef,
    0xe2, 0x0, 0x0, 0x29, 0xef, 0xe9, 0x10, 0x0,

    /* U+003A ":" */
    0xa, 0xc2, 0x3f, 0xf9, 0xc, 0xe3, 0x0, 0x0,
    0x0, 0x0, 0x0, 0x0, 0x0, 0x0, 0x0, 0x0,
    0x0, 0x0, 0xa, 0xc2, 0x3f, 0xf9, 0xc, 0xe3,

    /* U+003B ";" */
    0x8, 0xf7, 0xe, 0xfd, 0x6, 0xd5, 0x0, 0x0,
    0x0, 0x0, 0x0, 0x0, 0x0, 0x0, 0x0, 0x0,
    0x0, 0x0, 0xc, 0xf6, 0xe, 0xf1, 0x1f, 0xd0,
    0x3f, 0x80, 0x6f, 0x40, 0x8f, 0x0,

    /* U+003C "<" */
    0x0, 0x0, 0x0, 0x0, 0x2, 0xa0, 0x0, 0x0,
    0x0, 0x2, 0xaf, 0xf0, 0x0, 0x0, 0x2, 0xaf,
    0xfe, 0x60, 0x0, 0x2, 0xaf, 0xfd, 0x50, 0x0,
    0x2, 0xaf, 0xfc, 0x40, 0x0, 0x0, 0x1f, 0xfc,
    0x30, 0x0, 0x0, 0x0, 0x1c, 0xff, 0x91, 0x0,
    0x0, 0x0, 0x0, 0x4c, 0xff, 0xa2, 0x0, 0x0,
    0x0, 0x0, 0x4c, 0xff, 0xb3, 0x0, 0x0, 0x0,
    0x0, 0x4c, 0xff, 0xc0, 0x0, 0x0, 0x0, 0x0,
    0x4c, 0xf0, 0x0, 0x0, 0x0, 0x0, 0x0, 0x40,

    /* U+003D "=" */
    0x9f, 0xff, 0xff, 0xff, 0xff, 0x26, 0xcc, 0xcc,
    0xcc, 0xcc, 0xc1, 0x0, 0x0, 0x0, 0x0, 0x0,
    0x0, 0x0, 0x0, 0x0, 0x0, 0x0, 0x7c, 0xcc,
    0xcc, 0xcc, 0xcc, 0x19, 0xff, 0xff, 0xff, 0xff,
    0xf2,

    /* U+003E ">" */
    0x56, 0x0, 0x0, 0x0, 0x0, 0x7, 0xfe, 0x60,
    0x0, 0x0, 0x0, 0x2a, 0xff, 0xe6, 0x0, 0x0,
    0x0, 0x1, 0x9f, 0xfe, 0x60, 0x0, 0x0, 0x0,
    0x18, 0xef, 0xe6, 0x0, 0x0, 0x0, 0x0, 0x7f,
    0xfa, 0x0, 0x0, 0x0, 0x5c, 0xff, 0x70, 0x0,
    0x6, 0xdf, 0xf9, 0x10, 0x0, 0x7e, 0xff, 0x91,
    0x0, 0x4, 0xef, 0xf9, 0x10, 0x0, 0x0, 0x7f,
    0x81, 0x0, 0x0, 0x0, 0x3, 0x10, 0x0, 0x0,
    0x0, 0x0,

    /* U+003F "?" */
    0x0, 0x19, 0xef, 0xea, 0x20, 0x0, 0x2e, 0xfe,
    0xbd, 0xff, 0x30, 0xb, 0xfa, 0x0, 0x8, 0xfc,
    0x0, 0xff, 0x10, 0x0, 0xe, 0xf1, 0x2, 0x20,
    0x0, 0x0, 0xef, 0x10, 0x0, 0x0, 0x0, 0x4f,
    0xe0, 0x0, 0x0, 0x0, 0x5f, 0xf6, 0x0, 0x0,
    0x0, 0xaf, 0xf7, 0x0, 0x0, 0x0, 0x7f, 0xe3,
    0x0, 0x0, 0x0, 0xc, 0xf5, 0x0, 0x0, 0x0,
    0x0, 0xdf, 0x10, 0x0, 0x0, 0x0, 0x1, 0x10,
    0x0, 0x0, 0x0, 0x0, 0x0, 0x0, 0x0, 0x0,
    0x0, 0xa, 0xc2, 0x0, 0x0, 0x0, 0x4, 0xff,
    0x70, 0x0, 0x0, 0x0, 0x1c, 0xe3, 0x0, 0x0,

    /* U+0040 "@" */
    0x0, 0x0, 0x0, 0x4, 0x78, 0x76, 0x30, 0x0,
    0x0, 0x0, 0x0, 0x2, 0xaf, 0xff, 0xff, 0xff,
    0xe7, 0x0, 0x0, 0x0, 0x6, 0xff, 0xb5, 0x20,
    0x2, 0x6c, 0xfc, 0x10, 0x0, 0x7, 0xfd, 0x30,
    0x0, 0x0, 0x0, 0x6, 0xfd, 0x0, 0x3, 0xfe,
    0x10, 0x0, 0x0, 0x0, 0x0, 0x6, 0xf9, 0x0,
    0xcf, 0x40, 0x0, 0x8d, 0xfd, 0x59, 0xa0, 0xb,
    0xf2, 0x2f, 0xc0, 0x0, 0xbf, 0xca, 0xcf, 0xfe,
    0x0, 0x4f, 0x76, 0xf7, 0x0, 0x6f, 0x80, 0x0,
    0x7f, 0xe0, 0x0, 0xfb, 0x9f, 0x40, 0xc, 0xe0,
    0x0, 0x0, 0xfe, 0x0, 0xd, 0xda, 0xf2, 0x0,
    0xfa, 0x0, 0x0, 0xc, 0xe0, 0x0, 0xce, 0xaf,
    0x20, 0xf, 0x90, 0x0, 0x0, 0xce, 0x0, 0xc,
    0xd9, 0xf3, 0x0, 0xfb, 0x0, 0x0, 0xd, 0xe0,
    0x0, 0xdc, 0x7f, 0x50, 0xc, 0xe0, 0x0, 0x0,
    0xfe, 0x0, 0xf, 0xa4, 0xf9, 0x0, 0x6f, 0x60,
    0x0, 0x8f, 0xf0, 0x4, 0xf6, 0xe, 0xe0, 0x0,
    0xcf, 0xa8, 0xbe, 0xaf, 0xc8, 0xee, 0x0, 0x8f,
    0x80, 0x1, 0x9e, 0xfc, 0x31, 0x9e, 0xfc, 0x20,
    0x0, 0xdf, 0x70, 0x0, 0x0, 0x0, 0x0, 0x0,
    0x0, 0x0, 0x2, 0xef, 0xb3, 0x0, 0x0, 0x0,
    0x1, 0x0, 0x0, 0x0, 0x1, 0xaf, 0xfe, 0xa9,
    0x89, 0xcf, 0xa0, 0x0, 0x0, 0x0, 0x0, 0x27,
    0xbe, 0xff, 0xec, 0x83, 0x0, 0x0,

    /* U+0041 "A" */
    0x0, 0x0, 0x0, 0xcf, 0xe0, 0x0, 0x0, 0x0,
    0x0, 0x0, 0x2f, 0xff, 0x40, 0x0, 0x0, 0x0,
    0x0, 0x8, 0xf8, 0xfa, 0x0, 0x0, 0x0, 0x0,
    0x0, 0xef, 0xe, 0xf0, 0x0, 0x0, 0x0, 0x0,
    0x4f, 0xb0, 0x9f, 0x60, 0x0, 0x0, 0x0, 0xa,
    0xf6, 0x5, 0xfc, 0x0, 0x0, 0x0, 0x0, 0xff,
    0x10, 0xf, 0xf2, 0x0, 0x0, 0x0, 0x5f, 0xc0,
    0x0, 0xaf, 0x70, 0x0, 0x0, 0xb, 0xf6, 0x0,
    0x4, 0xfd, 0x0, 0x0, 0x1, 0xff, 0x10, 0x0,
    0xe, 0xf3, 0x0, 0x0, 0x7f, 0xff, 0xff, 0xff,
    0xff, 0x90, 0x0, 0xc, 0xfd, 0xcc, 0xcc, 0xcc,
    0xfe, 0x0, 0x2, 0xff, 0x0, 0x0, 0x0, 0xd,
    0xf5, 0x0, 0x8f, 0xa0, 0x0, 0x0, 0x0, 0x7f,
    0xb0, 0xe, 0xf4, 0x0, 0x0, 0x0, 0x1, 0xff,
    0x14, 0xfe, 0x0, 0x0, 0x0, 0x0, 0xb, 0xf7,

    /* U+0042 "B" */
    0x1f, 0xff, 0xff, 0xfe, 0xb4, 0x0, 0x1, 0xff,
    0xcc, 0xcc, 0xef, 0xf8, 0x0, 0x1f, 0xf0, 0x0,
    0x0, 0x4f, 0xf2, 0x1, 0xff, 0x0, 0x0, 0x0,
    0x9f, 0x70, 0x1f, 0xf0, 0x0, 0x0, 0x7, 0xf7,
    0x1, 0xff, 0x0, 0x0, 0x0, 0xcf, 0x40, 0x1f,
    0xf0, 0x0, 0x2, 0xaf, 0xa0, 0x1, 0xff, 0xff,
    0xff, 0xff, 0x70, 0x0, 0x1f, 0xfb, 0xbb, 0xbc,
    0xff, 0xa0, 0x1, 0xff, 0x0, 0x0, 0x1, 0xcf,
    0x90, 0x1f, 0xf0, 0x0, 0x0, 0x2, 0xff, 0x1,
    0xff, 0x0, 0x0, 0x0, 0xd, 0xf1, 0x1f, 0xf0,
    0x0, 0x0, 0x0, 0xff, 0x1, 0xff, 0x0, 0x0,
    0x0, 0xaf, 0xc0, 0x1f, 0xfc, 0xcc, 0xcd, 0xff,
    0xe2, 0x1, 0xff, 0xff, 0xff, 0xfd, 0x81, 0x0,

    /* U+0043 "C" */
    0x0, 0x0, 0x5b, 0xef, 0xea, 0x40, 0x0, 0x0,
    0x1c, 0xff, 0xfe, 0xff, 0xfb, 0x0, 0x0, 0xdf,
    0xc4, 0x0, 0x5, 0xdf, 0xb0, 0x9, 0xfc, 0x0,
    0x0, 0x0, 0x1e, 0xf5, 0x1f, 0xf1, 0x0, 0x0,
    0x0, 0x6, 0xfb, 0x6f, 0xa0, 0x0, 0x0, 0x0,
    0x0, 0x21, 0x8f, 0x60, 0x0, 0x0, 0x0, 0x0,
    0x0, 0xaf, 0x50, 0x0, 0x0, 0x0, 0x0, 0x0,
    0xaf, 0x50, 0x0, 0x0, 0x0, 0x0, 0x0, 0x8f,
    0x60, 0x0, 0x0, 0x0, 0x0, 0x0, 0x6f, 0xa0,
    0x0, 0x0, 0x0, 0x0, 0x21, 0x1f, 0xf1, 0x0,
    0x0, 0x0, 0x6, 0xfa, 0x9, 0xfb, 0x0, 0x0,
    0x0, 0x1e, 0xf5, 0x0, 0xdf, 0xc4, 0x0, 0x5,
    0xdf, 0xb0, 0x0, 0x1c, 0xff, 0xfe, 0xff, 0xfb,
    0x0, 0x0, 0x0, 0x5b, 0xef, 0xea, 0x40, 0x0,

    /* U+0044 "D" */
    0x1f, 0xff, 0xff, 0xfd, 0xa4, 0x0, 0x0, 0x1f,
    0xfc, 0xcc, 0xdf, 0xff, 0xb1, 0x0, 0x1f, 0xf0,
    0x0, 0x0, 0x4c, 0xfd, 0x0, 0x1f, 0xf0, 0x0,
    0x0, 0x0, 0xcf, 0x80, 0x1f, 0xf0, 0x0, 0x0,
    0x0, 0x2f, 0xe0, 0x1f, 0xf0, 0x0, 0x0, 0x0,
    0xb, 0xf4, 0x1f, 0xf0, 0x0, 0x0, 0x0, 0x8,
    0xf6, 0x1f, 0xf0, 0x0, 0x0, 0x0, 0x7, 0xf8,
    0x1f, 0xf0, 0x0, 0x0, 0x0, 0x7, 0xf8, 0x1f,
    0xf0, 0x0, 0x0, 0x0, 0x8, 0xf6, 0x1f, 0xf0,
    0x0, 0x0, 0x0, 0xc, 0xf4, 0x1f, 0xf0, 0x0,
    0x0, 0x0, 0x2f, 0xe0, 0x1f, 0xf0, 0x0, 0x0,
    0x0, 0xcf, 0x70, 0x1f, 0xf0, 0x0, 0x0, 0x4d,
    0xfc, 0x0, 0x1f, 0xfc, 0xcc, 0xdf, 0xff, 0xb0,
    0x0, 0x1f, 0xff, 0xff, 0xfd, 0xa4, 0x0, 0x0,

    /* U+0045 "E" */
    0x1f, 0xff, 0xff, 0xff, 0xff, 0xb1, 0xff, 0xcc,
    0xcc, 0xcc, 0xc8, 0x1f, 0xf0, 0x0, 0x0, 0x0,
    0x1, 0xff, 0x0, 0x0, 0x0, 0x0, 0x1f, 0xf0,
    0x0, 0x0, 0x0, 0x1, 0xff, 0x0, 0x0, 0x0,
    0x0, 0x1f, 0xf0, 0x0, 0x0, 0x0, 0x1, 0xff,
    0xcc, 0xcc, 0xcc, 0xc1, 0x1f, 0xff, 0xff, 0xff,
    0xff, 0x21, 0xff, 0x0, 0x0, 0x0, 0x0, 0x1f,
    0xf0, 0x0, 0x0, 0x0, 0x1, 0xff, 0x0, 0x0,
    0x0, 0x0, 0x1f, 0xf0, 0x0, 0x0, 0x0, 0x1,
    0xff, 0x0, 0x0, 0x0, 0x0, 0x1f, 0xfc, 0xcc,
    0xcc, 0xcc, 0x91, 0xff, 0xff, 0xff, 0xff, 0xfc,

    /* U+0046 "F" */
    0x1f, 0xff, 0xff, 0xff, 0xff, 0x91, 0xff, 0xcc,
    0xcc, 0xcc, 0xc7, 0x1f, 0xf0, 0x0, 0x0, 0x0,
    0x1, 0xff, 0x0, 0x0, 0x0, 0x0, 0x1f, 0xf0,
    0x0, 0x0, 0x0, 0x1, 0xff, 0x0, 0x0, 0x0,
    0x0, 0x1f, 0xf0, 0x0, 0x0, 0x0, 0x1, 0xff,
    0xcc, 0xcc, 0xcc, 0xa0, 0x1f, 0xff, 0xff, 0xff,
    0xfe, 0x1, 0xff, 0x0, 0x0, 0x0, 0x0, 0x1f,
    0xf0, 0x0, 0x0, 0x0, 0x1, 0xff, 0x0, 0x0,
    0x0, 0x0, 0x1f, 0xf0, 0x0, 0x0, 0x0, 0x1,
    0xff, 0x0, 0x0, 0x0, 0x0, 0x1f, 0xf0, 0x0,
    0x0, 0x0, 0x1, 0xff, 0x0, 0x0, 0x0, 0x0,

    /* U+0047 "G" */
    0x0, 0x0, 0x5b, 0xef, 0xea, 0x40, 0x0, 0x0,
    0x1, 0xdf, 0xff, 0xef, 0xff, 0xa0, 0x0, 0x1,
    0xef, 0xc4, 0x0, 0x6, 0xef, 0xb0, 0x0, 0xaf,
    0xb0, 0x0, 0x0, 0x2, 0xff, 0x50, 0x1f, 0xf1,
    0x0, 0x0, 0x0, 0x7, 0xfb, 0x6, 0xfa, 0x0,
    0x0, 0x0, 0x0, 0x2, 0x10, 0x8f, 0x60, 0x0,
    0x0, 0x0, 0x0, 0x0, 0xa, 0xf5, 0x0, 0x0,
    0x0, 0x0, 0x0, 0x0, 0xaf, 0x50, 0x0, 0x1,
    0xff, 0xff, 0xff, 0x8, 0xf6, 0x0, 0x0, 0x1c,
    0xcc, 0xcf, 0xf0, 0x6f, 0xa0, 0x0, 0x0, 0x0,
    0x0, 0xff, 0x1, 0xff, 0x10, 0x0, 0x0, 0x0,
    0x5f, 0xc0, 0xa, 0xfc, 0x0, 0x0, 0x0, 0xd,
    0xf6, 0x0, 0x1e, 0xfd, 0x40, 0x0, 0x4d, 0xfc,
    0x0, 0x0, 0x1c, 0xff, 0xfe, 0xff, 0xfc, 0x10,
    0x0, 0x0, 0x5, 0xbe, 0xfe, 0xb5, 0x0, 0x0,

    /* U+0048 "H" */
    0x1f, 0xf0, 0x0, 0x0, 0x0, 0xa, 0xf6, 0x1f,
    0xf0, 0x0, 0x0, 0x0, 0xa, 0xf6, 0x1f, 0xf0,
    0x0, 0x0, 0x0, 0xa, 0xf6, 0x1f, 0xf0, 0x0,
    0x0, 0x0, 0xa, 0xf6, 0x1f, 0xf0, 0x0, 0x0,
    0x0, 0xa, 0xf6, 0x1f, 0xf0, 0x0, 0x0, 0x0,
    0xa, 0xf6, 0x1f, 0xf0, 0x0, 0x0, 0x0, 0xa,
    0xf6, 0x1f, 0xff, 0xff, 0xff, 0xff, 0xff, 0xf6,
    0x1f, 0xfc, 0xcc, 0xcc, 0xcc, 0xce, 0xf6, 0x1f,
    0xf0, 0x0, 0x0, 0x0, 0xa, 0xf6, 0x1f, 0xf0,
    0x0, 0x0, 0x0, 0xa, 0xf6, 0x1f, 0xf0, 0x0,
    0x0, 0x0, 0xa, 0xf6, 0x1f, 0xf0, 0x0, 0x0,
    0x0, 0xa, 0xf6, 0x1f, 0xf0, 0x0, 0x0, 0x0,
    0xa, 0xf6, 0x1f, 0xf0, 0x0, 0x0, 0x0, 0xa,
    0xf6, 0x1f, 0xf0, 0x0, 0x0, 0x0, 0xa, 0xf6,

    /* U+0049 "I" */
    0x1f, 0xf1, 0xff, 0x1f, 0xf1, 0xff, 0x1f, 0xf1,
    0xff, 0x1f, 0xf1, 0xff, 0x1f, 0xf1, 0xff, 0x1f,
    0xf1, 0xff, 0x1f, 0xf1, 0xff, 0x1f, 0xf1, 0xff,

    /* U+004A "J" */
    0x0, 0x0, 0x0, 0x6, 0xfa, 0x0, 0x0, 0x0,
    0x6, 0xfa, 0x0, 0x0, 0x0, 0x6, 0xfa, 0x0,
    0x0, 0x0, 0x6, 0xfa, 0x0, 0x0, 0x0, 0x6,
    0xfa, 0x0, 0x0, 0x0, 0x6, 0xfa, 0x0, 0x0,
    0x0, 0x6, 0xfa, 0x0, 0x0, 0x0, 0x6, 0xfa,
    0x0, 0x0, 0x0, 0x6, 0xfa, 0x0, 0x0, 0x0,
    0x6, 0xfa, 0x89, 0x10, 0x0, 0x6, 0xfa, 0xef,
    0x20, 0x0, 0x7, 0xf9, 0xcf, 0x50, 0x0, 0xa,
    0xf7, 0x7f, 0xd2, 0x0, 0x5f, 0xf2, 0xc, 0xff,
    0xde, 0xff, 0x80, 0x0, 0x7d, 0xff, 0xc5, 0x0,

    /* U+004B "K" */
    0x1f, 0xf0, 0x0, 0x0, 0x1, 0xdf, 0xa0, 0x1f,
    0xf0, 0x0, 0x0, 0x1d, 0xfb, 0x0, 0x1f, 0xf0,
    0x0, 0x0, 0xcf, 0xc0, 0x0, 0x1f, 0xf0, 0x0,
    0xb, 0xfd, 0x10, 0x0, 0x1f, 0xf0, 0x0, 0xaf,
    0xd1, 0x0, 0x0, 0x1f, 0xf0, 0x9, 0xfe, 0x10,
    0x0, 0x0, 0x1f, 0xf0, 0x7f, 0xe2, 0x0, 0x0,
    0x0, 0x1f, 0xf5, 0xff, 0xf2, 0x0, 0x0, 0x0,
    0x1f, 0xff, 0xea, 0xfc, 0x0, 0x0, 0x0, 0x1f,
    0xff, 0x30, 0xdf, 0x80, 0x0, 0x0, 0x1f, 0xf3,
    0x0, 0x3f, 0xf4, 0x0, 0x0, 0x1f, 0xf0, 0x0,
    0x7, 0xfe, 0x10, 0x0, 0x1f, 0xf0, 0x0, 0x0,
    0xbf, 0xa0, 0x0, 0x1f, 0xf0, 0x0, 0x0, 0x1e,
    0xf6, 0x0, 0x1f, 0xf0, 0x0, 0x0, 0x5, 0xff,
    0x20, 0x1f, 0xf0, 0x0, 0x0, 0x0, 0x9f, 0xc0,

    /* U+004C "L" */
    0x1f, 0xf0, 0x0, 0x0, 0x0, 0x1, 0xff, 0x0,
    0x0, 0x0, 0x0, 0x1f, 0xf0, 0x0, 0x0, 0x0,
    0x1, 0xff, 0x0, 0x0, 0x0, 0x0, 0x1f, 0xf0,
    0x0, 0x0, 0x0, 0x1, 0xff, 0x0, 0x0, 0x0,
    0x0, 0x1f, 0xf0, 0x0, 0x0, 0x0, 0x1, 0xff,
    0x0, 0x0, 0x0, 0x0, 0x1f, 0xf0, 0x0, 0x0,
    0x0, 0x1, 0xff, 0x0, 0x0, 0x0, 0x0, 0x1f,
    0xf0, 0x0, 0x0, 0x0, 0x1, 0xff, 0x0, 0x0,
    0x0, 0x0, 0x1f, 0xf0, 0x0, 0x0, 0x0, 0x1,
    0xff, 0x0, 0x0, 0x0, 0x0, 0x1f, 0xfc, 0xcc,
    0xcc, 0xcc, 0x41, 0xff, 0xff, 0xff, 0xff, 0xf6,

    /* U+004D "M" */
    0x1f, 0xff, 0x0, 0x0, 0x0, 0x0, 0x2, 0xff,
    0xf1, 0xff, 0xf6, 0x0, 0x0, 0x0, 0x0, 0x8f,
    0xff, 0x1f, 0xef, 0xc0, 0x0, 0x0, 0x0, 0xe,
    0xef, 0xf1, 0xfd, 0xcf, 0x30, 0x0, 0x0, 0x5,
    0xf9, 0xff, 0x1f, 0xd6, 0xf9, 0x0, 0x0, 0x0,
    0xbf, 0x4f, 0xf1, 0xfd, 0x1f, 0xf0, 0x0, 0x0,
    0x1f, 0xe0, 0xff, 0x1f, 0xd0, 0xbf, 0x50, 0x0,
    0x7, 0xf8, 0x1f, 0xf1, 0xfe, 0x5, 0xfc, 0x0,
    0x0, 0xdf, 0x21, 0xff, 0x1f, 0xe0, 0xe, 0xf2,
    0x0, 0x3f, 0xb0, 0x1f, 0xf1, 0xfe, 0x0, 0x8f,
    0x80, 0xa, 0xf5, 0x1, 0xff, 0x1f, 0xe0, 0x2,
    0xfe, 0x0, 0xfe, 0x0, 0x1f, 0xf1, 0xfe, 0x0,
    0xb, 0xf4, 0x5f, 0x90, 0x1, 0xff, 0x1f, 0xe0,
    0x0, 0x5f, 0x9a, 0xf2, 0x0, 0x1f, 0xf1, 0xfe,
    0x0, 0x0, 0xee, 0xfc, 0x0, 0x1, 0xff, 0x1f,
    0xe0, 0x0, 0x8, 0xff, 0x60, 0x0, 0x1f, 0xf1,
    0xfe, 0x0, 0x0, 0x2f, 0xf0, 0x0, 0x1, 0xff,

    /* U+004E "N" */
    0x1f, 0xfa, 0x0, 0x0, 0x0, 0x6, 0xfa, 0x1f,
    0xff, 0x40, 0x0, 0x0, 0x6, 0xfa, 0x1f, 0xff,
    0xe0, 0x0, 0x0, 0x6, 0xfa, 0x1f, 0xd9, 0xf9,
    0x0, 0x0, 0x6, 0xfa, 0x1f, 0xe1, 0xff, 0x30,
    0x0, 0x6, 0xfa, 0x1f, 0xf0, 0x7f, 0xd0, 0x0,
    0x6, 0xfa, 0x1f, 0xf0, 0xd, 0xf7, 0x0, 0x6,
    0xfa, 0x1f, 0xf0, 0x3, 0xff, 0x20, 0x6, 0xfa,
    0x1f, 0xf0, 0x0, 0x9f, 0xb0, 0x6, 0xfa, 0x1f,
    0xf0, 0x0, 0xe, 0xf6, 0x6, 0xfa, 0x1f, 0xf0,
    0x0, 0x4, 0xfe, 0x16, 0xfa, 0x1f, 0xf0, 0x0,
    0x0, 0xaf, 0x96, 0xfa, 0x1f, 0xf0, 0x0, 0x0,
    0x1e, 0xf7, 0xfa, 0x1f, 0xf0, 0x0, 0x0, 0x6,
    0xfe, 0xfa, 0x1f, 0xf0, 0x0, 0x0, 0x0, 0xbf,
    0xfa, 0x1f, 0xf0, 0x0, 0x0, 0x0, 0x2f, 0xfa,

    /* U+004F "O" */
    0x0, 0x0, 0x5b, 0xef, 0xda, 0x40, 0x0, 0x0,
    0x1, 0xcf, 0xff, 0xef, 0xff, 0xa0, 0x0, 0x0,
    0xdf, 0xc4, 0x0, 0x5, 0xef, 0xb0, 0x0, 0x9f,
    0xc0, 0x0, 0x0, 0x1, 0xdf, 0x60, 0x1f, 0xf1,
    0x0, 0x0, 0x0, 0x4, 0xfd, 0x6, 0xfa, 0x0,
    0x0, 0x0, 0x0, 0xd, 0xf3, 0x8f, 0x60, 0x0,
    0x0, 0x0, 0x0, 0x9f, 0x5a, 0xf5, 0x0, 0x0,
    0x0, 0x0, 0x8, 0xf7, 0xaf, 0x50, 0x0, 0x0,
    0x0, 0x0, 0x8f, 0x78, 0xf6, 0x0, 0x0, 0x0,
    0x0, 0x9, 0xf5, 0x6f, 0xa0, 0x0, 0x0, 0x0,
    0x0, 0xdf, 0x31, 0xff, 0x10, 0x0, 0x0, 0x0,
    0x4f, 0xd0, 0x9, 0xfb, 0x0, 0x0, 0x0, 0x1d,
    0xf6, 0x0, 0xd, 0xfc, 0x40, 0x0, 0x5e, 0xfb,
    0x0, 0x0, 0x1c, 0xff, 0xfe, 0xff, 0xfa, 0x0,
    0x0, 0x0, 0x5, 0xbe, 0xfd, 0xa4, 0x0, 0x0,

    /* U+0050 "P" */
    0x1f, 0xff, 0xff, 0xfe, 0xa4, 0x0, 0x1f, 0xfc,
    0xcc, 0xce, 0xff, 0x80, 0x1f, 0xf0, 0x0, 0x0,
    0x4f, 0xf4, 0x1f, 0xf0, 0x0, 0x0, 0x8, 0xfa,
    0x1f, 0xf0, 0x0, 0x0, 0x3, 0xfd, 0x1f, 0xf0,
    0x0, 0x0, 0x3, 0xfd, 0x1f, 0xf0, 0x0, 0x0,
    0x8, 0xfa, 0x1f, 0xf0, 0x0, 0x0, 0x4f, 0xf4,
    0x1f, 0xfc, 0xcc, 0xce, 0xff, 0x80, 0x1f, 0xff,
    0xff, 0xfe, 0xb4, 0x0, 0x1f, 0xf0, 0x0, 0x0,
    0x0, 0x0, 0x1f, 0xf0, 0x0, 0x0, 0x0, 0x0,
    0x1f, 0xf0, 0x0, 0x0, 0x0, 0x0, 0x1f, 0xf0,
    0x0, 0x0, 0x0, 0x0, 0x1f, 0xf0, 0x0, 0x0,
    0x0, 0x0, 0x1f, 0xf0, 0x0, 0x0, 0x0, 0x0,

    /* U+0051 "Q" */
    0x0, 0x0, 0x5b, 0xef, 0xda, 0x40, 0x0, 0x0,
    0x1, 0xcf, 0xff, 0xef, 0xff, 0xa0, 0x0, 0x0,
    0xdf, 0xc4, 0x0, 0x5, 0xef, 0xb0, 0x0, 0x9f,
    0xc0, 0x0, 0x0, 0x1, 0xdf, 0x60, 0x1f, 0xf1,
    0x0, 0x0, 0x0, 0x4, 0xfd, 0x6, 0xfa, 0x0,
    0x0, 0x0, 0x0, 0xd, 0xf3, 0x8f, 0x60, 0x0,
    0x0, 0x0, 0x0, 0x9f, 0x5a, 0xf5, 0x0, 0x0,
    0x0, 0x0, 0x8, 0xf7, 0xaf, 0x50, 0x0, 0x0,
    0x0, 0x0, 0x8f, 0x78, 0xf6, 0x0, 0x0, 0x0,
    0x0, 0x9, 0xf6, 0x6f, 0xa0, 0x0, 0x1, 0x10,
    0x0, 0xdf, 0x31, 0xff, 0x10, 0x0, 0xcf, 0x50,
    0x4f, 0xd0, 0x9, 0xfb, 0x0, 0x1, 0xef, 0x4d,
    0xf6, 0x0, 0xd, 0xfc, 0x40, 0x4, 0xff, 0xfb,
    0x0, 0x0, 0x1c, 0xff, 0xfe, 0xff, 0xfe, 0x0,
    0x0, 0x0, 0x5, 0xbe, 0xfe, 0xac, 0xf6, 0x0,
    0x0, 0x0, 0x0, 0x0, 0x0, 0x1e, 0xf2, 0x0,
    0x0, 0x0, 0x0, 0x0, 0x0, 0x48, 0x40,

    /* U+0052 "R" */
    0x1f, 0xff, 0xff, 0xfe, 0xb4, 0x0, 0x1, 0xff,
    0xcc, 0xcc, 0xef, 0xf8, 0x0, 0x1f, 0xf0, 0x0,
    0x0, 0x4f, 0xf4, 0x1, 0xff, 0x0, 0x0, 0x0,
    0x7f, 0xa0, 0x1f, 0xf0, 0x0, 0x0, 0x3, 0xfd,
    0x1, 0xff, 0x0, 0x0, 0x0, 0x3f, 0xc0, 0x1f,
    0xf0, 0x0, 0x0, 0x8, 0xfa, 0x1, 0xff, 0x0,
    0x0, 0x17, 0xff, 0x30, 0x1f, 0xff, 0xff, 0xff,
    0xff, 0x60, 0x1, 0xff, 0xcc, 0xcd, 0xff, 0x20,
    0x0, 0x1f, 0xf0, 0x0, 0xd, 0xf7, 0x0, 0x1,
    0xff, 0x0, 0x0, 0x4f, 0xf1, 0x0, 0x1f, 0xf0,
    0x0, 0x0, 0xcf, 0x90, 0x1, 0xff, 0x0, 0x0,
    0x3, 0xff, 0x20, 0x1f, 0xf0, 0x0, 0x0, 0xa,
    0xfa, 0x1, 0xff, 0x0, 0x0, 0x0, 0x2f, 0xf3,

    /* U+0053 "S" */
    0x0, 0x7, 0xce, 0xfd, 0x92, 0x0, 0x2, 0xdf,
    0xfd, 0xdf, 0xff, 0x60, 0xc, 0xfa, 0x10, 0x0,
    0x7f, 0xf2, 0x2f, 0xe0, 0x0, 0x0, 0x9, 0xf8,
    0x4f, 0xb0, 0x0, 0x0, 0x0, 0x21, 0x1f, 0xf3,
    0x0, 0x0, 0x0, 0x0, 0x8, 0xff, 0xa4, 0x0,
    0x0, 0x0, 0x0, 0x5e, 0xff, 0xfb, 0x60, 0x0,
    0x0, 0x0, 0x49, 0xdf, 0xfe, 0x40, 0x0, 0x0,
    0x0, 0x3, 0x9f, 0xf4, 0x0, 0x0, 0x0, 0x0,
    0x6, 0xfb, 0x45, 0x20, 0x0, 0x0, 0x2, 0xfd,
    0x9f, 0x90, 0x0, 0x0, 0x6, 0xfb, 0x3f, 0xf8,
    0x0, 0x0, 0x6f, 0xf5, 0x6, 0xff, 0xfd, 0xdf,
    0xff, 0x80, 0x0, 0x29, 0xdf, 0xfd, 0xa3, 0x0,

    /* U+0054 "T" */
    0xff, 0xff, 0xff, 0xff, 0xff, 0xff, 0x2b, 0xcc,
    0xcc, 0xff, 0xcc, 0xcc, 0xc1, 0x0, 0x0, 0xe,
    0xf2, 0x0, 0x0, 0x0, 0x0, 0x0, 0xef, 0x20,
    0x0, 0x0, 0x0, 0x0, 0xe, 0xf2, 0x0, 0x0,
    0x0, 0x0, 0x0, 0xef, 0x20, 0x0, 0x0, 0x0,
    0x0, 0xe, 0xf2, 0x0, 0x0, 0x0, 0x0, 0x0,
    0xef, 0x20, 0x0, 0x0, 0x0, 0x0, 0xe, 0xf2,
    0x0, 0x0, 0x0, 0x0, 0x0, 0xef, 0x20, 0x0,
    0x0, 0x0, 0x0, 0xe, 0xf2, 0x0, 0x0, 0x0,
    0x0, 0x0, 0xef, 0x20, 0x0, 0x0, 0x0, 0x0,
    0xe, 0xf2, 0x0, 0x0, 0x0, 0x0, 0x0, 0xef,
    0x20, 0x0, 0x0, 0x0, 0x0, 0xe, 0xf2, 0x0,
    0x0, 0x0, 0x0, 0x0, 0xef, 0x20, 0x0, 0x0,

    /* U+0055 "U" */
    0x1f, 0xf0, 0x0, 0x0, 0x0, 0x9, 0xf7, 0x1f,
    0xf0, 0x0, 0x0, 0x0, 0x9, 0xf7, 0x1f, 0xf0,
    0x0, 0x0, 0x0, 0x9, 0xf7, 0x1f, 0xf0, 0x0,
    0x0, 0x0, 0x9, 0xf7, 0x1f, 0xf0, 0x0, 0x0,
    0x0, 0x9, 0xf7, 0x1f, 0xf0, 0x0, 0x0, 0x0,
    0x9, 0xf7, 0x1f, 0xf0, 0x0, 0x0, 0x0, 0x9,
    0xf7, 0x1f, 0xf0, 0x0, 0x0, 0x0, 0x9, 0xf7,
    0x1f, 0xf0, 0x0, 0x0, 0x0, 0x9, 0xf7, 0x1f,
    0xf0, 0x0, 0x0, 0x0, 0x9, 0xf7, 0xf, 0xf0,
    0x0, 0x0, 0x0, 0xa, 0xf6, 0xe, 0xf3, 0x0,
    0x0, 0x0, 0xd, 0xf4, 0xa, 0xfb, 0x0, 0x0,
    0x0, 0x5f, 0xf0, 0x2, 0xff, 0xa2, 0x0, 0x7,
    0xff, 0x70, 0x0, 0x4e, 0xff, 0xee, 0xff, 0xf8,
    0x0, 0x0, 0x1, 0x7c, 0xef, 0xda, 0x30, 0x0,

    /* U+0056 "V" */
    0x4f, 0xd0, 0x0, 0x0, 0x0, 0x0, 0xbf, 0x70,
    0xef, 0x30, 0x0, 0x0, 0x0, 0x1f, 0xf1, 0x8,
    0xf9, 0x0, 0x0, 0x0, 0x6, 0xfb, 0x0, 0x2f,
    0xe0, 0x0, 0x0, 0x0, 0xcf, 0x50, 0x0, 0xcf,
    0x40, 0x0, 0x0, 0x1f, 0xf0, 0x0, 0x6, 0xfa,
    0x0, 0x0, 0x7, 0xf9, 0x0, 0x0, 0x1f, 0xf0,
    0x0, 0x0, 0xcf, 0x40, 0x0, 0x0, 0xaf, 0x60,
    0x0, 0x2f, 0xe0, 0x0, 0x0, 0x4, 0xfb, 0x0,
    0x7, 0xf8, 0x0, 0x0, 0x0, 0xe, 0xf1, 0x0,
    0xdf, 0x20, 0x0, 0x0, 0x0, 0x9f, 0x60, 0x3f,
    0xc0, 0x0, 0x0, 0x0, 0x3, 0xfb, 0x8, 0xf6,
    0x0, 0x0, 0x0, 0x0, 0xd, 0xf1, 0xdf, 0x10,
    0x0, 0x0, 0x0, 0x0, 0x7f, 0x7f, 0xb0, 0x0,
    0x0, 0x0, 0x0, 0x1, 0xff, 0xf5, 0x0, 0x0,
    0x0, 0x0, 0x0, 0xb, 0xff, 0x0, 0x0, 0x0,

    /* U+0057 "W" */
    0x4f, 0xc0, 0x0, 0x0, 0x7, 0xff, 0x20, 0x0,
    0x0, 0x1f, 0xf0, 0xf, 0xf0, 0x0, 0x0, 0xb,
    0xff, 0x60, 0x0, 0x0, 0x6f, 0xb0, 0xc, 0xf4,
    0x0, 0x0, 0xf, 0xef, 0xa0, 0x0, 0x0, 0xaf,
    0x70, 0x7, 0xf8, 0x0, 0x0, 0x4f, 0x9e, 0xe0,
    0x0, 0x0, 0xef, 0x20, 0x3, 0xfc, 0x0, 0x0,
    0x8f, 0x5b, 0xf2, 0x0, 0x2, 0xfe, 0x0, 0x0,
    0xef, 0x10, 0x0, 0xcf, 0x27, 0xf6, 0x0, 0x6,
    0xf9, 0x0, 0x0, 0xaf, 0x50, 0x0, 0xfd, 0x3,
    0xfb, 0x0, 0xa, 0xf5, 0x0, 0x0, 0x6f, 0x90,
    0x4, 0xf9, 0x0, 0xef, 0x0, 0xe, 0xf1, 0x0,
    0x0, 0x1f, 0xd0, 0x9, 0xf5, 0x0, 0xaf, 0x30,
    0x2f, 0xc0, 0x0, 0x0, 0xd, 0xf1, 0xd, 0xf1,
    0x0, 0x6f, 0x70, 0x6f, 0x80, 0x0, 0x0, 0x9,
    0xf5, 0x1f, 0xc0, 0x0, 0x2f, 0xb0, 0xaf, 0x30,
    0x0, 0x0, 0x4, 0xf9, 0x5f, 0x80, 0x0, 0xd,
    0xf0, 0xef, 0x0, 0x0, 0x0, 0x0, 0xfc, 0x8f,
    0x40, 0x0, 0x9, 0xf5, 0xfb, 0x0, 0x0, 0x0,
    0x0, 0xcf, 0xcf, 0x0, 0x0, 0x5, 0xfc, 0xf6,
    0x0, 0x0, 0x0, 0x0, 0x7f, 0xfb, 0x0, 0x0,
    0x0, 0xff, 0xf2, 0x0, 0x0, 0x0, 0x0, 0x3f,
    0xf7, 0x0, 0x0, 0x0, 0xcf, 0xd0, 0x0, 0x0,

    /* U+0058 "X" */
    0xa, 0xfa, 0x0, 0x0, 0x0, 0x9, 0xfb, 0x0,
    0x1e, 0xf5, 0x0, 0x0, 0x4, 0xfe, 0x10, 0x0,
    0x5f, 0xe1, 0x0, 0x0, 0xef, 0x50, 0x0, 0x0,
    0xaf, 0xb0, 0x0, 0xaf, 0xa0, 0x0, 0x0, 0x0,
    0xef, 0x50, 0x4f, 0xe1, 0x0, 0x0, 0x0, 0x4,
    0xfe, 0x1e, 0xf4, 0x0, 0x0, 0x0, 0x0, 0x9,
    0xfd, 0xf9, 0x0, 0x0, 0x0, 0x0, 0x0, 0xd,
    0xfe, 0x0, 0x0, 0x0, 0x0, 0x0, 0x2, 0xff,
    0xf4, 0x0, 0x0, 0x0, 0x0, 0x0, 0xcf, 0x9f,
    0xe0, 0x0, 0x0, 0x0, 0x0, 0x8f, 0xb0, 0xbf,
    0x90, 0x0, 0x0, 0x0, 0x3f, 0xf1, 0x1, 0xff,
    0x40, 0x0, 0x0, 0xe, 0xf5, 0x0, 0x5, 0xfe,
    0x10, 0x0, 0xa, 0xfa, 0x0, 0x0, 0xa, 0xfa,
    0x0, 0x5, 0xfe, 0x10, 0x0, 0x0, 0x1e, 0xf5,
    0x1, 0xef, 0x40, 0x0, 0x0, 0x0, 0x4f, 0xe1,

    /* U+0059 "Y" */
    0x2f, 0xf3, 0x0, 0x0, 0x0, 0x4, 0xff, 0x10,
    0x8f, 0xd0, 0x0, 0x0, 0x0, 0xdf, 0x70, 0x0,
    0xdf, 0x70, 0x0, 0x0, 0x8f, 0xc0, 0x0, 0x4,
    0xff, 0x10, 0x0, 0x2f, 0xf3, 0x0, 0x0, 0xa,
    0xfa, 0x0, 0xb, 0xf9, 0x0, 0x0, 0x0, 0x1e,
    0xf4, 0x5, 0xfe, 0x0, 0x0, 0x0, 0x0, 0x6f,
    0xd0, 0xdf, 0x50, 0x0, 0x0, 0x0, 0x0, 0xcf,
    0xbf, 0xb0, 0x0, 0x0, 0x0, 0x0, 0x2, 0xff,
    0xf1, 0x0, 0x0, 0x0, 0x0, 0x0, 0x9, 0xf8,
    0x0, 0x0, 0x0, 0x0, 0x0, 0x0, 0x8f, 0x70,
    0x0, 0x0, 0x0, 0x0, 0x0, 0x8, 0xf7, 0x0,
    0x0, 0x0, 0x0, 0x0, 0x0, 0x8f, 0x70, 0x0,
    0x0, 0x0, 0x0, 0x0, 0x8, 0xf7, 0x0, 0x0,
    0x0, 0x0, 0x0, 0x0, 0x8f, 0x70, 0x0, 0x0,
    0x0, 0x0, 0x0, 0x8, 0xf7, 0x0, 0x0, 0x0,

    /* U+005A "Z" */
    0xbf, 0xff, 0xff, 0xff, 0xff, 0xf7, 0x8c, 0xcc,
    0xcc, 0xcc, 0xcf, 0xf5, 0x0, 0x0, 0x0, 0x0,
    0x6f, 0xb0, 0x0, 0x0, 0x0, 0x2, 0xff, 0x10,
    0x0, 0x0, 0x0, 0xc, 0xf6, 0x0, 0x0, 0x0,
    0x0, 0x8f, 0xb0, 0x0, 0x0, 0x0, 0x3, 0xfe,
    0x10, 0x0, 0x0, 0x0, 0xd, 0xf5, 0x0, 0x0,
    0x0, 0x0, 0x8f, 0xb0, 0x0, 0x0, 0x0, 0x3,
    0xfe, 0x10, 0x0, 0x0, 0x0, 0xd, 0xf5, 0x0,
    0x0, 0x0, 0x0, 0x8f, 0xa0, 0x0, 0x0, 0x0,
    0x3, 0xfe, 0x10, 0x0, 0x0, 0x0, 0xd, 0xf4,
    0x0, 0x0, 0x0, 0x0, 0x7f, 0xfc, 0xcc, 0xcc,
    0xcc, 0xc6, 0x9f, 0xff, 0xff, 0xff, 0xff, 0xf8,

    /* U+005B "[" */
    0x5a, 0xaa, 0x79, 0xff, 0xfb, 0x9f, 0x40, 0x9,
    0xf4, 0x0, 0x9f, 0x40, 0x9, 0xf4, 0x0, 0x9f,
    0x40, 0x9, 0xf4, 0x0, 0x9f, 0x40, 0x9, 0xf4,
    0x0, 0x9f, 0x40, 0x9, 0xf4, 0x0, 0x9f, 0x40,
    0x9, 0xf4, 0x0, 0x9f, 0x40, 0x9, 0xf4, 0x0,
    0x9f, 0x40, 0x9, 0xf4, 0x0, 0x9f, 0xb9, 0x69,
    0xff, 0xfb,

    /* U+005C "\\" */
    0x5f, 0x60, 0x0, 0x0, 0x1f, 0xa0, 0x0, 0x0,
    0xd, 0xf0, 0x0, 0x0, 0x8, 0xf3, 0x0, 0x0,
    0x4, 0xf8, 0x0, 0x0, 0x0, 0xfc, 0x0, 0x0,
    0x0, 0xbf, 0x0, 0x0, 0x0, 0x7f, 0x50, 0x0,
    0x0, 0x3f, 0x90, 0x0, 0x0, 0xe, 0xd0, 0x0,
    0x0, 0xa, 0xf2, 0x0, 0x0, 0x6, 0xf6, 0x0,
    0x0, 0x1, 0xfa, 0x0, 0x0, 0x0, 0xde, 0x0,
    0x0, 0x0, 0x9f, 0x30, 0x0, 0x0, 0x4f, 0x70,
    0x0, 0x0, 0xf, 0xc0, 0x0, 0x0, 0xc, 0xf0,
    0x0, 0x0, 0x7, 0xf4,

    /* U+005D "]" */
    0x6a, 0xaa, 0x5a, 0xff, 0xf9, 0x0, 0x4f, 0x90,
    0x4, 0xf9, 0x0, 0x4f, 0x90, 0x4, 0xf9, 0x0,
    0x4f, 0x90, 0x4, 0xf9, 0x0, 0x4f, 0x90, 0x4,
    0xf9, 0x0, 0x4f, 0x90, 0x4, 0xf9, 0x0, 0x4f,
    0x90, 0x4, 0xf9, 0x0, 0x4f, 0x90, 0x4, 0xf9,
    0x0, 0x4f, 0x90, 0x4, 0xf9, 0x69, 0xbf, 0x9a,
    0xff, 0xf9,

    /* U+005E "^" */
    0x0, 0x0, 0x78, 0x20, 0x0, 0x0, 0x6, 0xff,
    0xb0, 0x0, 0x0, 0xd, 0xe9, 0xf3, 0x0, 0x0,
    0x6f, 0x71, 0xfb, 0x0, 0x0, 0xde, 0x0, 0x9f,
    0x30, 0x6, 0xf8, 0x0, 0x2f, 0xb0, 0xd, 0xf1,
    0x0, 0xa, 0xf3,

    /* U+005F "_" */
    0xcc, 0xcc, 0xcc, 0xcc, 0xcc, 0xf, 0xff, 0xff,
    0xff, 0xff, 0xf0,

    /* U+0060 "`" */
    0x1, 0x10, 0x1, 0xef, 0x10, 0x5, 0xf8, 0x0,
    0xa, 0xf1,

    /* U+0061 "a" */
    0x0, 0x7, 0xce, 0xfd, 0x80, 0x0, 0xc, 0xff,
    0xcb, 0xef, 0xc0, 0x7, 0xfc, 0x10, 0x0, 0xcf,
    0x60, 0x2, 0x10, 0x0, 0x5, 0xf9, 0x0, 0x0,
    0x0, 0x2, 0x9f, 0xa0, 0x2, 0x8c, 0xef, 0xff,
    0xfa, 0x5, 0xff, 0xd9, 0x75, 0x5f, 0xa0, 0xef,
    0x50, 0x0, 0x4, 0xfa, 0xf, 0xf0, 0x0, 0x0,
    0x8f, 0xa0, 0xdf, 0x50, 0x0, 0x4f, 0xfa, 0x5,
    0xff, 0xdb, 0xdf, 0x9f, 0xa0, 0x4, 0xbf, 0xfc,
    0x44, 0xfa,

    /* U+0062 "b" */
    0x4f, 0xa0, 0x0, 0x0, 0x0, 0x0, 0x4f, 0xa0,
    0x0, 0x0, 0x0, 0x0, 0x4f, 0xa0, 0x0, 0x0,
    0x0, 0x0, 0x4f, 0xa0, 0x0, 0x0, 0x0, 0x0,
    0x4f, 0xa1, 0x9e, 0xfd, 0x70, 0x0, 0x4f, 0xac,
    0xfc, 0xcf, 0xfb, 0x0, 0x4f, 0xfc, 0x10, 0x1,
    0xdf, 0x80, 0x4f, 0xf2, 0x0, 0x0, 0x2f, 0xe0,
    0x4f, 0xc0, 0x0, 0x0, 0xc, 0xf3, 0x4f, 0xa0,
    0x0, 0x0, 0xa, 0xf4, 0x4f, 0xa0, 0x0, 0x0,
    0xa, 0xf4, 0x4f, 0xd0, 0x0, 0x0, 0xd, 0xf3,
    0x4f, 0xf3, 0x0, 0x0, 0x3f, 0xe0, 0x4f, 0xfc,
    0x10, 0x2, 0xdf, 0x70, 0x4f, 0x9c, 0xfc, 0xcf,
    0xfb, 0x0, 0x4f, 0x91, 0x9e, 0xfd, 0x70, 0x0,

    /* U+0063 "c" */
    0x0, 0x29, 0xdf, 0xea, 0x30, 0x0, 0x3e, 0xfe,
    0xbd, 0xff, 0x50, 0xe, 0xf7, 0x0, 0x4, 0xff,
    0x16, 0xfa, 0x0, 0x0, 0x6, 0x71, 0xbf, 0x40,
    0x0, 0x0, 0x0, 0xd, 0xf1, 0x0, 0x0, 0x0,
    0x0, 0xdf, 0x10, 0x0, 0x0, 0x0, 0xb, 0xf4,
    0x0, 0x0, 0x0, 0x0, 0x6f, 0xa0, 0x0, 0x0,
    0x79, 0x21, 0xef, 0x70, 0x0, 0x4f, 0xf1, 0x3,
    0xef, 0xeb, 0xdf, 0xf5, 0x0, 0x2, 0x9d, 0xfe,
    0xa3, 0x0,

    /* U+0064 "d" */
    0x0, 0x0, 0x0, 0x0, 0x2f, 0xc0, 0x0, 0x0,
    0x0, 0x2, 0xfc, 0x0, 0x0, 0x0, 0x0, 0x2f,
    0xc0, 0x0, 0x0, 0x0, 0x2, 0xfc, 0x0, 0x3a,
    0xef, 0xc4, 0x2f, 0xc0, 0x5f, 0xfd, 0xbd, 0xf7,
    0xfc, 0x1e, 0xf6, 0x0, 0x6, 0xff, 0xc7, 0xfa,
    0x0, 0x0, 0xb, 0xfc, 0xbf, 0x40, 0x0, 0x0,
    0x5f, 0xcd, 0xf1, 0x0, 0x0, 0x3, 0xfc, 0xdf,
    0x10, 0x0, 0x0, 0x3f, 0xcb, 0xf4, 0x0, 0x0,
    0x5, 0xfc, 0x7f, 0xa0, 0x0, 0x0, 0xbf, 0xc1,
    0xef, 0x60, 0x0, 0x6f, 0xfc, 0x5, 0xff, 0xdb,
    0xdf, 0x6f, 0xc0, 0x3, 0xae, 0xfc, 0x41, 0xfc,

    /* U+0065 "e" */
    0x0, 0x29, 0xdf, 0xea, 0x20, 0x0, 0x3e, 0xfd,
    0xbd, 0xff, 0x40, 0xe, 0xf5, 0x0, 0x6, 0xfe,
    0x6, 0xf8, 0x0, 0x0, 0xa, 0xf6, 0xbf, 0x20,
    0x0, 0x0, 0x5f, 0xad, 0xff, 0xff, 0xff, 0xff,
    0xfb, 0xdf, 0xa9, 0x99, 0x99, 0x99, 0x7b, 0xf3,
    0x0, 0x0, 0x0, 0x0, 0x7f, 0x90, 0x0, 0x0,
    0x23, 0x1, 0xef, 0x60, 0x0, 0x2d, 0xf5, 0x3,
    0xef, 0xeb, 0xcf, 0xf9, 0x0, 0x2, 0x9d, 0xfe,
    0xb5, 0x0,

    /* U+0066 "f" */
    0x0, 0x0, 0x37, 0x73, 0x0, 0x9, 0xff, 0xf9,
    0x0, 0x3f, 0xf6, 0x52, 0x0, 0x6f, 0x90, 0x0,
    0x0, 0x6f, 0x80, 0x0, 0xcf, 0xff, 0xff, 0xf4,
    0x8a, 0xcf, 0xda, 0xa2, 0x0, 0x6f, 0x80, 0x0,
    0x0, 0x6f, 0x80, 0x0, 0x0, 0x6f, 0x80, 0x0,
    0x0, 0x6f, 0x80, 0x0, 0x0, 0x6f, 0x80, 0x0,
    0x0, 0x6f, 0x80, 0x0, 0x0, 0x6f, 0x80, 0x0,
    0x0, 0x6f, 0x80, 0x0, 0x0, 0x6f, 0x80, 0x0,
    0x0, 0x6f, 0x80, 0x0,

    /* U+0067 "g" */
    0x0, 0x2a, 0xef, 0xd5, 0x1f, 0xc0, 0x4f, 0xfe,
    0xbd, 0xf6, 0xfc, 0x1e, 0xf7, 0x0, 0x6, 0xff,
    0xc6, 0xfa, 0x0, 0x0, 0xb, 0xfc, 0xbf, 0x40,
    0x0, 0x0, 0x5f, 0xcd, 0xf1, 0x0, 0x0, 0x2,
    0xfc, 0xdf, 0x20, 0x0, 0x0, 0x2f, 0xcb, 0xf4,
    0x0, 0x0, 0x4, 0xfc, 0x7f, 0xa0, 0x0, 0x0,
    0xaf, 0xc2, 0xff, 0x50, 0x0, 0x5f, 0xfc, 0x5,
    0xff, 0xdb, 0xdf, 0x7f, 0xc0, 0x3, 0xbe, 0xfd,
    0x52, 0xfc, 0x0, 0x0, 0x0, 0x0, 0x4f, 0xb1,
    0x9a, 0x10, 0x0, 0x1c, 0xf6, 0xb, 0xff, 0xcb,
    0xcf, 0xfb, 0x0, 0x5, 0xbe, 0xfe, 0xc6, 0x0,

    /* U+0068 "h" */
    0x4f, 0xa0, 0x0, 0x0, 0x0, 0x4, 0xfa, 0x0,
    0x0, 0x0, 0x0, 0x4f, 0xa0, 0x0, 0x0, 0x0,
    0x4, 0xfa, 0x0, 0x0, 0x0, 0x0, 0x4f, 0xa1,
    0x9e, 0xfd, 0x60, 0x4, 0xfa, 0xde, 0xce, 0xff,
    0x70, 0x4f, 0xf9, 0x0, 0x7, 0xff, 0x4, 0xfe,
    0x0, 0x0, 0xd, 0xf3, 0x4f, 0xb0, 0x0, 0x0,
    0xaf, 0x44, 0xfa, 0x0, 0x0, 0xa, 0xf5, 0x4f,
    0xa0, 0x0, 0x0, 0xaf, 0x54, 0xfa, 0x0, 0x0,
    0xa, 0xf5, 0x4f, 0xa0, 0x0, 0x0, 0xaf, 0x54,
    0xfa, 0x0, 0x0, 0xa, 0xf5, 0x4f, 0xa0, 0x0,
    0x0, 0xaf, 0x54, 0xfa, 0x0, 0x0, 0xa, 0xf5,

    /* U+0069 "i" */
    0x17, 0x30, 0x9f, 0xf0, 0x5f, 0xa0, 0x0, 0x0,
    0x0, 0x0, 0x4f, 0xa0, 0x4f, 0xa0, 0x4f, 0xa0,
    0x4f, 0xa0, 0x4f, 0xa0, 0x4f, 0xa0, 0x4f, 0xa0,
    0x4f, 0xa0, 0x4f, 0xa0, 0x4f, 0xa0, 0x4f, 0xa0,
    0x4f, 0xa0,

    /* U+006A "j" */
    0x0, 0x17, 0x30, 0x0, 0x9f, 0xe0, 0x0, 0x5f,
    0xa0, 0x0, 0x0, 0x0, 0x0, 0x0, 0x0, 0x0,
    0x5f, 0xa0, 0x0, 0x5f, 0xa0, 0x0, 0x5f, 0xa0,
    0x0, 0x5f, 0xa0, 0x0, 0x5f, 0xa0, 0x0, 0x5f,
    0xa0, 0x0, 0x5f, 0xa0, 0x0, 0x5f, 0xa0, 0x0,
    0x5f, 0xa0, 0x0, 0x5f, 0xa0, 0x0, 0x5f, 0xa0,
    0x0, 0x5f, 0xa0, 0x0, 0x5f, 0x90, 0x0, 0x9f,
    0x70, 0x3d, 0xff, 0x20, 0x4f, 0xc3, 0x0,

    /* U+006B "k" */
    0x4f, 0xa0, 0x0, 0x0, 0x0, 0x4, 0xfa, 0x0,
    0x0, 0x0, 0x0, 0x4f, 0xa0, 0x0, 0x0, 0x0,
    0x4, 0xfa, 0x0, 0x0, 0x0, 0x0, 0x4f, 0xa0,
    0x0, 0x7, 0xfd, 0x14, 0xfa, 0x0, 0x7, 0xfd,
    0x10, 0x4f, 0xa0, 0x6, 0xfd, 0x10, 0x4, 0xfa,
    0x6, 0xfd, 0x10, 0x0, 0x4f, 0xa5, 0xfe, 0x20,
    0x0, 0x4, 0xfe, 0xff, 0xa0, 0x0, 0x0, 0x4f,
    0xfb, 0xef, 0x60, 0x0, 0x4, 0xfc, 0x3, 0xff,
    0x30, 0x0, 0x4f, 0xa0, 0x7, 0xfe, 0x10, 0x4,
    0xfa, 0x0, 0xa, 0xfc, 0x0, 0x4f, 0xa0, 0x0,
    0xd, 0xf9, 0x4, 0xfa, 0x0, 0x0, 0x2f, 0xf6,

    /* U+006C "l" */
    0x4f, 0xa4, 0xfa, 0x4f, 0xa4, 0xfa, 0x4f, 0xa4,
    0xfa, 0x4f, 0xa4, 0xfa, 0x4f, 0xa4, 0xfa, 0x4f,
    0xa4, 0xfa, 0x4f, 0xa4, 0xfa, 0x4f, 0xa4, 0xfa,

    /* U+006D "m" */
    0x4f, 0x92, 0xaf, 0xe9, 0x0, 0x5c, 0xfe, 0x91,
    0x4, 0xfa, 0xeb, 0x9d, 0xfa, 0x8f, 0xa9, 0xdf,
    0xc0, 0x4f, 0xf5, 0x0, 0xb, 0xff, 0x30, 0x0,
    0xcf, 0x54, 0xfc, 0x0, 0x0, 0x6f, 0xb0, 0x0,
    0x6, 0xf8, 0x4f, 0xa0, 0x0, 0x5, 0xf9, 0x0,
    0x0, 0x5f, 0x94, 0xfa, 0x0, 0x0, 0x5f, 0x90,
    0x0, 0x5, 0xf9, 0x4f, 0xa0, 0x0, 0x5, 0xf9,
    0x0, 0x0, 0x5f, 0x94, 0xfa, 0x0, 0x0, 0x5f,
    0x90, 0x0, 0x5, 0xf9, 0x4f, 0xa0, 0x0, 0x5,
    0xf9, 0x0, 0x0, 0x5f, 0x94, 0xfa, 0x0, 0x0,
    0x5f, 0x90, 0x0, 0x5, 0xf9, 0x4f, 0xa0, 0x0,
    0x5, 0xf9, 0x0, 0x0, 0x5f, 0x94, 0xfa, 0x0,
    0x0, 0x5f, 0x90, 0x0, 0x5, 0xf9,

    /* U+006E "n" */
    0x4f, 0x91, 0xae, 0xfd, 0x60, 0x4, 0xfa, 0xed,
    0xab, 0xff, 0x70, 0x4f, 0xf8, 0x0, 0x5, 0xff,
    0x4, 0xfd, 0x0, 0x0, 0xc, 0xf3, 0x4f, 0xa0,
    0x0, 0x0, 0xaf, 0x44, 0xfa, 0x0, 0x0, 0xa,
    0xf4, 0x4f, 0xa0, 0x0, 0x0, 0xaf, 0x44, 0xfa,
    0x0, 0x0, 0xa, 0xf4, 0x4f, 0xa0, 0x0, 0x0,
    0xaf, 0x44, 0xfa, 0x0, 0x0, 0xa, 0xf4, 0x4f,
    0xa0, 0x0, 0x0, 0xaf, 0x44, 0xfa, 0x0, 0x0,
    0xa, 0xf4,

    /* U+006F "o" */
    0x0, 0x29, 0xdf, 0xea, 0x30, 0x0, 0x3, 0xef,
    0xeb, 0xdf, 0xf6, 0x0, 0xe, 0xf7, 0x0, 0x5,
    0xff, 0x20, 0x6f, 0xa0, 0x0, 0x0, 0x7f, 0x90,
    0xbf, 0x40, 0x0, 0x0, 0x1f, 0xe0, 0xdf, 0x10,
    0x0, 0x0, 0xe, 0xf0, 0xdf, 0x10, 0x0, 0x0,
    0xe, 0xf0, 0xbf, 0x40, 0x0, 0x0, 0x1f, 0xe0,
    0x6f, 0xa0, 0x0, 0x0, 0x7f, 0xa0, 0x1e, 0xf7,
    0x0, 0x4, 0xff, 0x20, 0x3, 0xef, 0xeb, 0xdf,
    0xf6, 0x0, 0x0, 0x29, 0xdf, 0xea, 0x30, 0x0,

    /* U+0070 "p" */
    0x4f, 0x91, 0xae, 0xfd, 0x70, 0x0, 0x4f, 0xad,
    0xe9, 0xae, 0xfb, 0x0, 0x4f, 0xfb, 0x0, 0x0,
    0xbf, 0x80, 0x4f, 0xf2, 0x0, 0x0, 0x1f, 0xe0,
    0x4f, 0xc0, 0x0, 0x0, 0xc, 0xf3, 0x4f, 0xa0,
    0x0, 0x0, 0xa, 0xf4, 0x4f, 0xa0, 0x0, 0x0,
    0xa, 0xf4, 0x4f, 0xd0, 0x0, 0x0, 0xd, 0xf3,
    0x4f, 0xf3, 0x0, 0x0, 0x3f, 0xe0, 0x4f, 0xfc,
    0x10, 0x2, 0xdf, 0x70, 0x4f, 0xac, 0xfc, 0xcf,
    0xfb, 0x0, 0x4f, 0xa1, 0x9e, 0xfd, 0x70, 0x0,
    0x4f, 0xa0, 0x0, 0x0, 0x0, 0x0, 0x4f, 0xa0,
    0x0, 0x0, 0x0, 0x0, 0x4f, 0xa0, 0x0, 0x0,
    0x0, 0x0, 0x4f, 0xa0, 0x0, 0x0, 0x0, 0x0,

    /* U+0071 "q" */
    0x0, 0x3a, 0xef, 0xc4, 0x1f, 0xc0, 0x5f, 0xfd,
    0xbd, 0xf6, 0xfc, 0x1e, 0xf6, 0x0, 0x6, 0xff,
    0xc7, 0xfa, 0x0, 0x0, 0xb, 0xfc, 0xbf, 0x40,
    0x0, 0x0, 0x5f, 0xcd, 0xf1, 0x0, 0x0, 0x3,
    0xfc, 0xdf, 0x10, 0x0, 0x0, 0x3f, 0xcb, 0xf4,
    0x0, 0x0, 0x5, 0xfc, 0x7f, 0xa0, 0x0, 0x0,
    0xbf, 0xc1, 0xef, 0x60, 0x0, 0x6f, 0xfc, 0x5,
    0xff, 0xdb, 0xdf, 0x7f, 0xc0, 0x3, 0xae, 0xfc,
    0x42, 0xfc, 0x0, 0x0, 0x0, 0x0, 0x2f, 0xc0,
    0x0, 0x0, 0x0, 0x2, 0xfc, 0x0, 0x0, 0x0,
    0x0, 0x2f, 0xc0, 0x0, 0x0, 0x0, 0x2, 0xfc,

    /* U+0072 "r" */
    0x4f, 0x93, 0xbf, 0xc4, 0xfb, 0xfe, 0xb9, 0x4f,
    0xf8, 0x0, 0x4, 0xfd, 0x0, 0x0, 0x4f, 0xa0,
    0x0, 0x4, 0xfa, 0x0, 0x0, 0x4f, 0xa0, 0x0,
    0x4, 0xfa, 0x0, 0x0, 0x4f, 0xa0, 0x0, 0x4,
    0xfa, 0x0, 0x0, 0x4f, 0xa0, 0x0, 0x4, 0xfa,
    0x0, 0x0,

    /* U+0073 "s" */
    0x0, 0x7c, 0xfe, 0xc5, 0x0, 0xb, 0xfe, 0xab,
    0xff, 0x80, 0x4f, 0xc0, 0x0, 0x1d, 0xf1, 0x6f,
    0x80, 0x0, 0x1, 0x0, 0x3f, 0xf6, 0x10, 0x0,
    0x0, 0x7, 0xff, 0xfd, 0x93, 0x0, 0x0, 0x17,
    0xbe, 0xff, 0x90, 0x0, 0x0, 0x0, 0x4e, 0xf4,
    0x26, 0x0, 0x0, 0x8, 0xf7, 0x9f, 0x90, 0x0,
    0x1d, 0xf4, 0x2e, 0xfe, 0xbc, 0xff, 0xb0, 0x1,
    0x8d, 0xff, 0xc6, 0x0,

    /* U+0074 "t" */
    0x0, 0xff, 0x0, 0x0, 0xf, 0xf0, 0x0, 0x0,
    0xff, 0x0, 0xc, 0xff, 0xff, 0xf6, 0x8a, 0xff,
    0xaa, 0x40, 0xf, 0xf0, 0x0, 0x0, 0xff, 0x0,
    0x0, 0xf, 0xf0, 0x0, 0x0, 0xff, 0x0, 0x0,
    0xf, 0xf0, 0x0, 0x0, 0xff, 0x0, 0x0, 0xf,
    0xf0, 0x0, 0x0, 0xef, 0x10, 0x0, 0x9, 0xfe,
    0xb5, 0x0, 0x8, 0xef, 0x90,

    /* U+0075 "u" */
    0x4f, 0xa0, 0x0, 0x0, 0xaf, 0x54, 0xfa, 0x0,
    0x0, 0xa, 0xf5, 0x4f, 0xa0, 0x0, 0x0, 0xaf,
    0x54, 0xfa, 0x0, 0x0, 0xa, 0xf5, 0x4f, 0xa0,
    0x0, 0x0, 0xaf, 0x54, 0xfa, 0x0, 0x0, 0xa,
    0xf5, 0x4f, 0xa0, 0x0, 0x0, 0xaf, 0x54, 0xfa,
    0x0, 0x0, 0xb, 0xf5, 0x3f, 0xd0, 0x0, 0x0,
    0xef, 0x50, 0xff, 0x70, 0x0, 0xaf, 0xf5, 0x7,
    0xff, 0xdc, 0xed, 0x9f, 0x50, 0x6, 0xdf, 0xea,
    0x19, 0xf5,

    /* U+0076 "v" */
    0x3f, 0xd0, 0x0, 0x0, 0x8, 0xf9, 0xd, 0xf3,
    0x0, 0x0, 0xd, 0xf3, 0x7, 0xf9, 0x0, 0x0,
    0x3f, 0xd0, 0x1, 0xfe, 0x0, 0x0, 0x9f, 0x70,
    0x0, 0xbf, 0x50, 0x0, 0xef, 0x10, 0x0, 0x5f,
    0xa0, 0x5, 0xfa, 0x0, 0x0, 0xe, 0xf0, 0xa,
    0xf4, 0x0, 0x0, 0x8, 0xf5, 0xf, 0xe0, 0x0,
    0x0, 0x2, 0xfb, 0x5f, 0x80, 0x0, 0x0, 0x0,
    0xcf, 0xaf, 0x20, 0x0, 0x0, 0x0, 0x6f, 0xfc,
    0x0, 0x0, 0x0, 0x0, 0xf, 0xf6, 0x0, 0x0,

    /* U+0077 "w" */
    0x1f, 0xe0, 0x0, 0x2, 0xff, 0x30, 0x0, 0xe,
    0xf1, 0xc, 0xf3, 0x0, 0x6, 0xff, 0x70, 0x0,
    0x3f, 0xc0, 0x7, 0xf7, 0x0, 0xb, 0xee, 0xb0,
    0x0, 0x8f, 0x70, 0x3, 0xfc, 0x0, 0xf, 0xab,
    0xf0, 0x0, 0xcf, 0x20, 0x0, 0xef, 0x10, 0x4f,
    0x77, 0xf4, 0x1, 0xfe, 0x0, 0x0, 0x9f, 0x50,
    0x8f, 0x22, 0xf8, 0x5, 0xf9, 0x0, 0x0, 0x4f,
    0x90, 0xce, 0x0, 0xec, 0x9, 0xf4, 0x0, 0x0,
    0xf, 0xd0, 0xf9, 0x0, 0x9f, 0xd, 0xf0, 0x0,
    0x0, 0xa, 0xf5, 0xf5, 0x0, 0x5f, 0x5f, 0xa0,
    0x0, 0x0, 0x5, 0xfc, 0xf0, 0x0, 0xf, 0xdf,
    0x50, 0x0, 0x0, 0x1, 0xff, 0xb0, 0x0, 0xb,
    0xff, 0x10, 0x0, 0x0, 0x0, 0xcf, 0x70, 0x0,
    0x7, 0xfc, 0x0, 0x0,

    /* U+0078 "x" */
    0xb, 0xf8, 0x0, 0x0, 0x6f, 0xc0, 0x1, 0xef,
    0x20, 0x1, 0xff, 0x20, 0x0, 0x5f, 0xc0, 0xb,
    0xf6, 0x0, 0x0, 0xa, 0xf6, 0x4f, 0xb0, 0x0,
    0x0, 0x1, 0xee, 0xdf, 0x20, 0x0, 0x0, 0x0,
    0x5f, 0xf6, 0x0, 0x0, 0x0, 0x0, 0x8f, 0xf7,
    0x0, 0x0, 0x0, 0x3, 0xfc, 0xcf, 0x30, 0x0,
    0x0, 0xd, 0xf3, 0x3f, 0xd0, 0x0, 0x0, 0x9f,
    0x90, 0x9, 0xf9, 0x0, 0x4, 0xfe, 0x0, 0x0,
    0xdf, 0x40, 0x1e, 0xf4, 0x0, 0x0, 0x4f, 0xe1,

    /* U+0079 "y" */
    0x3f, 0xe0, 0x0, 0x0, 0x8, 0xf9, 0xd, 0xf4,
    0x0, 0x0, 0xe, 0xf2, 0x6, 0xfa, 0x0, 0x0,
    0x4f, 0xc0, 0x1, 0xff, 0x0, 0x0, 0xaf, 0x60,
    0x0, 0xaf, 0x50, 0x0, 0xff, 0x0, 0x0, 0x4f,
    0xb0, 0x6, 0xf9, 0x0, 0x0, 0xd, 0xf1, 0xc,
    0xf3, 0x0, 0x0, 0x7, 0xf7, 0x1f, 0xd0, 0x0,
    0x0, 0x1, 0xfc, 0x7f, 0x60, 0x0, 0x0, 0x0,
    0xaf, 0xcf, 0x0, 0x0, 0x0, 0x0, 0x4f, 0xfa,
    0x0, 0x0, 0x0, 0x0, 0xe, 0xf3, 0x0, 0x0,
    0x0, 0x0, 0x2f, 0xd0, 0x0, 0x0, 0x0, 0x0,
    0xaf, 0x60, 0x0, 0x0, 0x1, 0xbc, 0xfd, 0x0,
    0x0, 0x0, 0x5, 0xfe, 0xa1, 0x0, 0x0, 0x0,

    /* U+007A "z" */
    0x7f, 0xff, 0xff, 0xff, 0xf9, 0x5d, 0xdd, 0xdd,
    0xdf, 0xf7, 0x0, 0x0, 0x0, 0x6f, 0xc0, 0x0,
    0x0, 0x3, 0xff, 0x20, 0x0, 0x0, 0x1e, 0xf5,
    0x0, 0x0, 0x0, 0xbf, 0x90, 0x0, 0x0, 0x7,
    0xfc, 0x0, 0x0, 0x0, 0x4f, 0xe2, 0x0, 0x0,
    0x1, 0xef, 0x50, 0x0, 0x0, 0xc, 0xf8, 0x0,
    0x0, 0x0, 0x8f, 0xfd, 0xdd, 0xdd, 0xda, 0xaf,
    0xff, 0xff, 0xff, 0xfc,

    /* U+007B "{" */
    0x0, 0x0, 0x5, 0x70, 0x0, 0x3, 0xef, 0xf1,
    0x0, 0xc, 0xf8, 0x20, 0x0, 0xf, 0xd0, 0x0,
    0x0, 0x1f, 0xb0, 0x0, 0x0, 0x1f, 0xa0, 0x0,
    0x0, 0x1f, 0xa0, 0x0, 0x0, 0x3f, 0xa0, 0x0,
    0x1, 0xaf, 0x70, 0x0, 0x7f, 0xe8, 0x0, 0x0,
    0x7f, 0xe7, 0x0, 0x0, 0x1, 0xaf, 0x60, 0x0,
    0x0, 0x3f, 0xa0, 0x0, 0x0, 0x1f, 0xa0, 0x0,
    0x0, 0x1f, 0xa0, 0x0, 0x0, 0x1f, 0xa0, 0x0,
    0x0, 0x1f, 0xb0, 0x0, 0x0, 0xe, 0xf1, 0x0,
    0x0, 0x8, 0xfe, 0xa0, 0x0, 0x0, 0x7d, 0xf1,

    /* U+007C "|" */
    0x3f, 0x83, 0xf8, 0x3f, 0x83, 0xf8, 0x3f, 0x83,
    0xf8, 0x3f, 0x83, 0xf8, 0x3f, 0x83, 0xf8, 0x3f,
    0x83, 0xf8, 0x3f, 0x83, 0xf8, 0x3f, 0x83, 0xf8,
    0x3f, 0x83, 0xf8, 0x3f, 0x83, 0xf8, 0x3f, 0x83,
    0xf8, 0x3f, 0x83, 0xf8, 0x3f, 0x83, 0xf8,

    /* U+007D "}" */
    0x56, 0x20, 0x0, 0xa, 0xff, 0x80, 0x0, 0x15,
    0xef, 0x20, 0x0, 0x7, 0xf6, 0x0, 0x0, 0x5f,
    0x70, 0x0, 0x4, 0xf7, 0x0, 0x0, 0x4f, 0x70,
    0x0, 0x4, 0xf9, 0x0, 0x0, 0x1f, 0xe2, 0x0,
    0x0, 0x5c, 0xfc, 0x0, 0x3, 0xbf, 0xd0, 0x1,
    0xff, 0x40, 0x0, 0x4f, 0x90, 0x0, 0x4, 0xf7,
    0x0, 0x0, 0x4f, 0x70, 0x0, 0x4, 0xf7, 0x0,
    0x0, 0x5f, 0x70, 0x0, 0xa, 0xf4, 0x0, 0x6c,
    0xfd, 0x0, 0xa, 0xea, 0x10, 0x0,

    /* U+007E "~" */
    0x1, 0xaf, 0xe9, 0x0, 0x0, 0x96, 0xb, 0xfd,
    0xef, 0xd2, 0x4, 0xfa, 0x1f, 0xc0, 0x7, 0xff,
    0xcf, 0xf4, 0x19, 0x50, 0x0, 0x4c, 0xfd, 0x60,

    /* U+00A0 " " */

    /* U+00A1 "¡" */
    0xc, 0xe3, 0x3f, 0xf8, 0xa, 0xc2, 0x0, 0x0,
    0x0, 0x0, 0x9, 0xb1, 0xc, 0xf2, 0xd, 0xf2,
    0xd, 0xf2, 0xd, 0xf3, 0xd, 0xf3, 0xd, 0xf3,
    0xe, 0xf3, 0xe, 0xf3, 0xe, 0xf3, 0xe, 0xf4,

    /* U+00A2 "¢" */
    0x0, 0x0, 0x2f, 0x10, 0x0, 0x0, 0x0, 0x3,
    0xf2, 0x0, 0x0, 0x0, 0x3c, 0xff, 0xfd, 0x50,
    0x0, 0x5f, 0xfc, 0xfb, 0xff, 0x70, 0x1f, 0xf5,
    0x2f, 0x12, 0xef, 0x27, 0xf9, 0x2, 0xf1, 0x5,
    0x61, 0xbf, 0x40, 0x2f, 0x10, 0x0, 0xd, 0xf1,
    0x2, 0xf1, 0x0, 0x0, 0xdf, 0x10, 0x2f, 0x10,
    0x0, 0xb, 0xf4, 0x2, 0xf1, 0x0, 0x0, 0x7f,
    0x90, 0x2f, 0x10, 0x57, 0x21, 0xff, 0x42, 0xf1,
    0x2e, 0xf2, 0x5, 0xff, 0xcf, 0xbf, 0xf8, 0x0,
    0x4, 0xcf, 0xff, 0xd6, 0x0, 0x0, 0x0, 0x3f,
    0x30, 0x0, 0x0, 0x0, 0x2, 0xf1, 0x0, 0x0,

    /* U+00A3 "£" */
    0x0, 0x1, 0x9d, 0xfe, 0x91, 0x0, 0x0, 0x2e,
    0xff, 0xde, 0xfe, 0x20, 0x0, 0xbf, 0x90, 0x0,
    0x9f, 0xb0, 0x1, 0xfe, 0x0, 0x0, 0xe, 0xf1,
    0x4, 0xfa, 0x0, 0x0, 0x2, 0x10, 0x4, 0xfa,
    0x0, 0x0, 0x0, 0x0, 0x4, 0xfa, 0x0, 0x0,
    0x0, 0x0, 0x7a, 0xfe, 0x99, 0x99, 0x80, 0x0,
    0xdf, 0xff, 0xff, 0xff, 0xe0, 0x0, 0x2, 0xfc,
    0x0, 0x0, 0x0, 0x0, 0x1, 0xfc, 0x0, 0x0,
    0x0, 0x0, 0x1, 0xfd, 0x0, 0x0, 0x0, 0x0,
    0x1, 0xfc, 0x0, 0x0, 0x2, 0x41, 0x6, 0xf5,
    0x0, 0x0, 0x9, 0xf3, 0xaf, 0xec, 0xcc, 0xcc,
    0xcf, 0xf0, 0xdf, 0xff, 0xff, 0xff, 0xfd, 0x40,

    /* U+00A4 "¤" */
    0x0, 0x0, 0x0, 0x0, 0x0, 0x0, 0x0, 0x3e,
    0x41, 0x7d, 0xff, 0xc6, 0x5, 0xe2, 0x4f, 0xfe,
    0xfe, 0xbc, 0xff, 0xdf, 0xf4, 0x6, 0xff, 0x60,
    0x0, 0x8, 0xff, 0x50, 0xa, 0xf5, 0x0, 0x0,
    0x0, 0x7f, 0x90, 0x2f, 0xb0, 0x0, 0x0, 0x0,
    0xe, 0xf0, 0x6f, 0x60, 0x0, 0x0, 0x0, 0x9,
    0xf4, 0x7f, 0x40, 0x0, 0x0, 0x0, 0x7, 0xf5,
    0x5f, 0x60, 0x0, 0x0, 0x0, 0x9, 0xf3, 0x2f,
    0xb0, 0x0, 0x0, 0x0, 0xe, 0xf0, 0xa, 0xf5,
    0x0, 0x0, 0x0, 0x8f, 0x80, 0x9, 0xff, 0x70,
    0x0, 0x19, 0xff, 0x80, 0x7f, 0xee, 0xff, 0xcc,
    0xff, 0xde, 0xf6, 0x1b, 0x20, 0x7d, 0xff, 0xc6,
    0x2, 0xa0,

    /* U+00A5 "¥" */
    0x6f, 0xc0, 0x0, 0x0, 0xb, 0xf8, 0xe, 0xf4,
    0x0, 0x0, 0x2f, 0xf1, 0x6, 0xfb, 0x0, 0x0,
    0x9f, 0x80, 0x0, 0xef, 0x30, 0x1, 0xff, 0x10,
    0x0, 0x6f, 0xa0, 0x8, 0xf8, 0x0, 0x0, 0xe,
    0xf2, 0x1f, 0xf1, 0x0, 0x0, 0x6, 0xf9, 0x7f,
    0x80, 0x0, 0x0, 0x22, 0xef, 0xef, 0x32, 0x10,
    0x7, 0xff, 0xff, 0xff, 0xff, 0x80, 0x2, 0x55,
    0x5f, 0xf5, 0x55, 0x20, 0x0, 0x22, 0x2f, 0xf2,
    0x22, 0x10, 0x7, 0xff, 0xff, 0xff, 0xff, 0x80,
    0x2, 0x55, 0x5f, 0xf5, 0x55, 0x20, 0x0, 0x0,
    0xf, 0xf1, 0x0, 0x0, 0x0, 0x0, 0xf, 0xf1,
    0x0, 0x0, 0x0, 0x0, 0xf, 0xf1, 0x0, 0x0,

    /* U+00A6 "¦" */
    0xfe, 0xfe, 0xfe, 0xfe, 0xfe, 0xfe, 0xfe, 0x32,
    0x0, 0x0, 0x0, 0x33, 0xfe, 0xfe, 0xfe, 0xfe,
    0xfe, 0xfe, 0xfe,

    /* U+00A7 "§" */
    0x0, 0x2a, 0xef, 0xd6, 0x0, 0x0, 0x2f, 0xfc,
    0xae, 0xf8, 0x0, 0x8, 0xf7, 0x0, 0xd, 0xf1,
    0x0, 0x9f, 0x30, 0x0, 0x48, 0x20, 0x5, 0xfb,
    0x0, 0x0, 0x0, 0x0, 0x9, 0xfd, 0x40, 0x0,
    0x0, 0xa, 0xfc, 0xff, 0xa2, 0x0, 0x6, 0xf5,
    0x2, 0xbf, 0xf7, 0x0, 0xaf, 0x10, 0x0, 0x4d,
    0xf7, 0x7, 0xf5, 0x0, 0x0, 0x1e, 0xf0, 0x1d,
    0xf6, 0x0, 0x0, 0x9f, 0x20, 0x2c, 0xfc, 0x30,
    0xc, 0xe0, 0x0, 0x6, 0xef, 0xbc, 0xd3, 0x0,
    0x0, 0x0, 0x8f, 0xe3, 0x0, 0x0, 0x0, 0x0,
    0x3f, 0xd0, 0x0, 0x76, 0x0, 0x0, 0xbf, 0x20,
    0xe, 0xf2, 0x0, 0x1e, 0xf1, 0x0, 0x5f, 0xfb,
    0xbe, 0xfa, 0x0, 0x0, 0x4c, 0xef, 0xc6, 0x0,
    0x0,

    /* U+00A8 "¨" */
    0x3, 0x60, 0x0, 0x63, 0x0, 0xff, 0x70, 0x7f,
    0xf0, 0xa, 0xe3, 0x3, 0xea, 0x0,

    /* U+00A9 "©" */
    0x0, 0x0, 0x3, 0x9d, 0xff, 0xd9, 0x30, 0x0,
    0x0, 0x0, 0x0, 0xaf, 0xff, 0xee, 0xff, 0xfb,
    0x10, 0x0, 0x0, 0x1d, 0xfd, 0x61, 0x0, 0x5,
    0xdf, 0xd1, 0x0, 0x0, 0xbf, 0xb0, 0x6, 0xbb,
    0x82, 0xa, 0xfd, 0x0, 0x5, 0xfc, 0x1, 0xdf,
    0xff, 0xff, 0x40, 0xbf, 0x70, 0xc, 0xf3, 0xc,
    0xf9, 0x10, 0x6f, 0xe1, 0x2f, 0xd0, 0xf, 0xe0,
    0x3f, 0xb0, 0x0, 0x8, 0xf6, 0xc, 0xf2, 0x2f,
    0xb0, 0x7f, 0x60, 0x0, 0x0, 0x0, 0x9, 0xf4,
    0x2f, 0xb0, 0x7f, 0x60, 0x0, 0x0, 0x0, 0x9,
    0xf4, 0xf, 0xe0, 0x3f, 0xb0, 0x0, 0xa, 0xf3,
    0xc, 0xf2, 0xc, 0xf3, 0xc, 0xf9, 0x10, 0x7f,
    0xd0, 0x2f, 0xd0, 0x5, 0xfc, 0x1, 0xdf, 0xff,
    0xff, 0x30, 0xbf, 0x70, 0x0, 0xbf, 0xb0, 0x7,
    0xbc, 0x81, 0xa, 0xfd, 0x0, 0x0, 0x1d, 0xfd,
    0x61, 0x0, 0x5, 0xdf, 0xe1, 0x0, 0x0, 0x0,
    0xaf, 0xff, 0xee, 0xff, 0xfb, 0x10, 0x0, 0x0,
    0x0, 0x3, 0x9d, 0xff, 0xd9, 0x30, 0x0, 0x0,

    /* U+00AA "ª" */
    0x0, 0x6c, 0xfe, 0xb4, 0x0, 0x8f, 0xd7, 0x8e,
    0xf3, 0x4, 0x70, 0x0, 0x4f, 0x90, 0x0, 0x13,
    0x5a, 0xfa, 0x5, 0xdf, 0xfe, 0xcf, 0xb1, 0xfe,
    0x40, 0x2, 0xfb, 0x3f, 0x90, 0x0, 0x6f, 0xb0,
    0xef, 0x87, 0xae, 0xfb, 0x2, 0xbf, 0xfb, 0x3f,
    0xb0,

    /* U+00AB "«" */
    0x0, 0x2, 0xef, 0x30, 0xaf, 0x80, 0x1, 0xdf,
    0x50, 0x8f, 0xa0, 0x0, 0xcf, 0x70, 0x6f, 0xc0,
    0x0, 0xaf, 0xa0, 0x4f, 0xe1, 0x0, 0x7f, 0xc0,
    0x2f, 0xf3, 0x0, 0x7, 0xfc, 0x2, 0xff, 0x20,
    0x0, 0xa, 0xfa, 0x4, 0xfe, 0x10, 0x0, 0xc,
    0xf7, 0x6, 0xfc, 0x0, 0x0, 0x1d, 0xf5, 0x8,
    0xfa, 0x0, 0x0, 0x2e, 0xf3, 0xa, 0xf8,

    /* U+00AC "¬" */
    0x6b, 0xbb, 0xbb, 0xbb, 0xb4, 0x9f, 0xff, 0xff,
    0xff, 0xf6, 0x0, 0x0, 0x0, 0x6, 0xf6, 0x0,
    0x0, 0x0, 0x6, 0xf6, 0x0, 0x0, 0x0, 0x6,
    0xf6,

    /* U+00AE "®" */
    0x0, 0x0, 0x36, 0x75, 0x10, 0x0, 0x0, 0x2,
    0xcf, 0xff, 0xff, 0x90, 0x0, 0x3, 0xfe, 0x61,
    0x2, 0x9f, 0xc0, 0x0, 0xed, 0x10, 0x0, 0x0,
    0x4f, 0xa0, 0x7f, 0x30, 0xde, 0xed, 0x30, 0x8f,
    0x2c, 0xc0, 0xe, 0x60, 0xbc, 0x2, 0xf6, 0xea,
    0x0, 0xe6, 0xb, 0xb0, 0xf, 0x8d, 0xb0, 0xe,
    0xff, 0xf2, 0x0, 0xf8, 0xae, 0x0, 0xe6, 0x1f,
    0x50, 0x4f, 0x44, 0xf8, 0xa, 0x40, 0x6a, 0xd,
    0xe0, 0xa, 0xf7, 0x0, 0x0, 0x1b, 0xf4, 0x0,
    0xa, 0xfe, 0x98, 0xaf, 0xf5, 0x0, 0x0, 0x4,
    0xbe, 0xfd, 0x92, 0x0, 0x0,

    /* U+00AF "¯" */
    0x58, 0x88, 0x88, 0x1b, 0xff, 0xff, 0xf3,

    /* U+00B0 "°" */
    0x1, 0xae, 0xfa, 0x10, 0xd, 0xfb, 0xbf, 0xd0,
    0x6f, 0x60, 0x5, 0xf7, 0x9f, 0x10, 0x0, 0xf9,
    0x6f, 0x50, 0x5, 0xf7, 0xd, 0xfb, 0xaf, 0xe1,
    0x1, 0xae, 0xfa, 0x10,

    /* U+00B1 "±" */
    0x0, 0x0, 0xaf, 0x30, 0x0, 0x0, 0x0, 0xa,
    0xf3, 0x0, 0x0, 0x0, 0x0, 0xaf, 0x30, 0x0,
    0x9, 0xcc, 0xce, 0xfd, 0xcc, 0xc4, 0xcf, 0xff,
    0xff, 0xff, 0xff, 0x50, 0x0, 0xa, 0xf3, 0x0,
    0x0, 0x0, 0x0, 0xaf, 0x30, 0x0, 0x0, 0x0,
    0xa, 0xf3, 0x0, 0x0, 0x0, 0x0, 0x0, 0x0,
    0x0, 0x9, 0xcc, 0xcc, 0xcc, 0xcc, 0xc4, 0xcf,
    0xff, 0xff, 0xff, 0xff, 0x50,

    /* U+00B2 "²" */
    0x6, 0xdf, 0xea, 0x20, 0x6f, 0xc7, 0x9f, 0xd0,
    0x8b, 0x0, 0xa, 0xf3, 0x0, 0x0, 0xd, 0xf1,
    0x0, 0x1, 0xcf, 0x80, 0x0, 0x2d, 0xf7, 0x0,
    0x4, 0xfe, 0x40, 0x0, 0x6f, 0xf9, 0x77, 0x74,
    0xbf, 0xff, 0xff, 0xf9,

    /* U+00B3 "³" */
    0x4, 0xcf, 0xeb, 0x30, 0x4f, 0xd8, 0x8f, 0xf1,
    0x6a, 0x20, 0x7, 0xf5, 0x0, 0x0, 0x3c, 0xf2,
    0x0, 0x1f, 0xfe, 0x40, 0x0, 0x3, 0x5b, 0xf6,
    0x57, 0x0, 0x3, 0xfc, 0x9f, 0xd9, 0x9e, 0xf7,
    0x7, 0xdf, 0xfc, 0x60,

    /* U+00B4 "´" */
    0x0, 0xef, 0x20, 0x7f, 0x60, 0xe, 0xb0, 0x0,

    /* U+00B5 "µ" */
    0x4f, 0xa0, 0x0, 0x0, 0xaf, 0x50, 0x4f, 0xa0,
    0x0, 0x0, 0xaf, 0x50, 0x4f, 0xa0, 0x0, 0x0,
    0xaf, 0x50, 0x4f, 0xa0, 0x0, 0x0, 0xaf, 0x50,
    0x4f, 0xa0, 0x0, 0x0, 0xaf, 0x50, 0x4f, 0xa0,
    0x0, 0x0, 0xaf, 0x50, 0x4f, 0xa0, 0x0, 0x0,
    0xaf, 0x50, 0x4f, 0xa0, 0x0, 0x0, 0xaf, 0x50,
    0x4f, 0xd0, 0x0, 0x0, 0xcf, 0x50, 0x4f, 0xf5,
    0x0, 0x5, 0xff, 0x50, 0x4f, 0xdf, 0xb8, 0xbf,
    0xaf, 0xd6, 0x4f, 0xa5, 0xdf, 0xd6, 0x8, 0xec,
    0x4f, 0xa0, 0x0, 0x0, 0x0, 0x0, 0x4f, 0xa0,
    0x0, 0x0, 0x0, 0x0, 0x4f, 0xa0, 0x0, 0x0,
    0x0, 0x0, 0x4f, 0xa0, 0x0, 0x0, 0x0, 0x0,

    /* U+00B6 "¶" */
    0x0, 0x4a, 0xef, 0xff, 0xff, 0x50, 0x7f, 0xff,
    0xfd, 0xce, 0xf5, 0x3f, 0xff, 0xff, 0x60, 0xbf,
    0x59, 0xff, 0xff, 0xf6, 0xb, 0xf5, 0xcf, 0xff,
    0xff, 0x60, 0xbf, 0x5c, 0xff, 0xff, 0xf6, 0xb,
    0xf5, 0x9f, 0xff, 0xff, 0x60, 0xbf, 0x53, 0xff,
    0xff, 0xf6, 0xb, 0xf5, 0x8, 0xff, 0xff, 0x60,
    0xbf, 0x50, 0x5, 0xcf, 0xf6, 0xb, 0xf5, 0x0,
    0x0, 0x0, 0x0, 0xbf, 0x50, 0x0, 0x0, 0x0,
    0xb, 0xf5, 0x0, 0x0, 0x0, 0x0, 0xbf, 0x50,
    0x0, 0x0, 0x0, 0xb, 0xf5, 0x0, 0x0, 0x0,
    0x0, 0xbf, 0x50, 0x0, 0x0, 0x0, 0xb, 0xf5,

    /* U+00B7 "·" */
    0xa, 0xc2, 0x3f, 0xf9, 0xc, 0xe3,

    /* U+00B8 "¸" */
    0xb, 0x60, 0x0, 0xdb, 0x50, 0x6, 0x9f, 0x40,
    0x1, 0xf5, 0x5f, 0xfd, 0x10, 0x21, 0x0,

    /* U+00B9 "¹" */
    0x8, 0xff, 0x5d, 0xfd, 0xf5, 0xb3, 0x8f, 0x50,
    0x8, 0xf5, 0x0, 0x8f, 0x50, 0x8, 0xf5, 0x0,
    0x8f, 0x50, 0x8, 0xf5, 0x0, 0x8f, 0x50,

    /* U+00BA "º" */
    0x0, 0x2a, 0xef, 0xd7, 0x0, 0x2, 0xff, 0xa8,
    0xcf, 0xb0, 0xb, 0xf5, 0x0, 0xb, 0xf5, 0xf,
    0xd0, 0x0, 0x3, 0xfa, 0x2f, 0xb0, 0x0, 0x1,
    0xfc, 0xf, 0xd0, 0x0, 0x3, 0xfa, 0xb, 0xf5,
    0x0, 0xb, 0xf5, 0x2, 0xff, 0xa8, 0xcf, 0xb0,
    0x0, 0x2a, 0xef, 0xd7, 0x0,

    /* U+00BB "»" */
    0xb, 0xf8, 0x5, 0xfd, 0x0, 0x0, 0x0, 0xdf,
    0x50, 0x8f, 0xb0, 0x0, 0x0, 0x1e, 0xf3, 0xa,
    0xf9, 0x0, 0x0, 0x3, 0xfe, 0x20, 0xcf, 0x70,
    0x0, 0x0, 0x5f, 0xd1, 0x1e, 0xf5, 0x0, 0x0,
    0x5f, 0xd1, 0x1e, 0xf4, 0x0, 0x3, 0xfe, 0x20,
    0xcf, 0x70, 0x0, 0x1e, 0xf3, 0xa, 0xf9, 0x0,
    0x0, 0xdf, 0x50, 0x8f, 0xb0, 0x0, 0xb, 0xf8,
    0x5, 0xfd, 0x0, 0x0,

    /* U+00BC "¼" */
    0x3, 0xef, 0xb0, 0x0, 0x0, 0x0, 0x5f, 0x70,
    0x2, 0xfb, 0xfb, 0x0, 0x0, 0x0, 0x1e, 0xc0,
    0x0, 0x27, 0xf, 0xb0, 0x0, 0x0, 0xb, 0xf2,
    0x0, 0x0, 0x0, 0xfb, 0x0, 0x0, 0x6, 0xf6,
    0x0, 0x0, 0x0, 0xf, 0xb0, 0x0, 0x2, 0xfb,
    0x0, 0x0, 0x0, 0x0, 0xfb, 0x0, 0x0, 0xce,
    0x10, 0x0, 0x0, 0x0, 0xf, 0xb0, 0x0, 0x7f,
    0x50, 0x0, 0x0, 0x0, 0x0, 0xfb, 0x0, 0x3f,
    0x90, 0x0, 0x9d, 0x80, 0x0, 0x9, 0x60, 0xd,
    0xd0, 0x0, 0x4f, 0xfa, 0x0, 0x0, 0x0, 0x9,
    0xf3, 0x0, 0xd, 0xbf, 0xa0, 0x0, 0x0, 0x4,
    0xf8, 0x0, 0x8, 0xf2, 0xfa, 0x0, 0x0, 0x1,
    0xec, 0x0, 0x2, 0xf8, 0xf, 0xa0, 0x0, 0x0,
    0xaf, 0x20, 0x0, 0xbf, 0x22, 0xfb, 0x10, 0x0,
    0x5f, 0x70, 0x0, 0xf, 0xff, 0xff, 0xfb, 0x0,
    0x1f, 0xb0, 0x0, 0x0, 0x44, 0x44, 0xfc, 0x30,
    0x8, 0xc1, 0x0, 0x0, 0x0, 0x0, 0xc, 0x80,

    /* U+00BD "½" */
    0x0, 0x79, 0x60, 0x0, 0x0, 0x0, 0x19, 0x60,
    0x0, 0x1c, 0xff, 0xb0, 0x0, 0x0, 0x0, 0xbf,
    0x20, 0x0, 0x3d, 0x3f, 0xb0, 0x0, 0x0, 0x6,
    0xf6, 0x0, 0x0, 0x10, 0xf, 0xb0, 0x0, 0x0,
    0x2f, 0xb0, 0x0, 0x0, 0x0, 0xf, 0xb0, 0x0,
    0x0, 0xce, 0x10, 0x0, 0x0, 0x0, 0xf, 0xb0,
    0x0, 0x7, 0xf5, 0x0, 0x0, 0x0, 0x0, 0xf,
    0xb0, 0x0, 0x3f, 0xa0, 0x0, 0x0, 0x0, 0x0,
    0xf, 0xb0, 0x0, 0xde, 0x0, 0x5, 0x75, 0x0,
    0x0, 0xf, 0xb0, 0x9, 0xf4, 0x0, 0xcf, 0xff,
    0xd0, 0x0, 0x0, 0x0, 0x4f, 0x80, 0x4, 0xf8,
    0x7, 0xf6, 0x0, 0x0, 0x0, 0xed, 0x0, 0x0,
    0x0, 0x4, 0xf5, 0x0, 0x0, 0xa, 0xf3, 0x0,
    0x0, 0x0, 0x1d, 0xd0, 0x0, 0x0, 0x5f, 0x70,
    0x0, 0x0, 0x0, 0xcf, 0x30, 0x0, 0x1, 0xec,
    0x0, 0x0, 0x0, 0xb, 0xf4, 0x0, 0x0, 0xb,
    0xf2, 0x0, 0x0, 0x0, 0xaf, 0x82, 0x21, 0x0,
    0x6f, 0x60, 0x0, 0x0, 0x4, 0xff, 0xff, 0xf9,
    0x0, 0x44, 0x0, 0x0, 0x0, 0x1, 0x55, 0x55,
    0x53,

    /* U+00BE "¾" */
    0x0, 0x1, 0x0, 0x0, 0x0, 0x0, 0x0, 0x10,
    0x0, 0x19, 0xff, 0xe6, 0x0, 0x0, 0x0, 0xa,
    0xf3, 0x0, 0x8d, 0x75, 0xcf, 0x10, 0x0, 0x0,
    0x5f, 0x70, 0x0, 0x0, 0x2, 0xbf, 0x10, 0x0,
    0x1, 0xec, 0x0, 0x0, 0x0, 0xbf, 0xf5, 0x0,
    0x0, 0xb, 0xf2, 0x0, 0x0, 0x0, 0x35, 0xcf,
    0x30, 0x0, 0x6f, 0x60, 0x0, 0x0, 0x0, 0x0,
    0x4f, 0x70, 0x2, 0xfb, 0x0, 0x0, 0x0, 0xac,
    0x42, 0xaf, 0x50, 0xc, 0xe1, 0x0, 0x12, 0x0,
    0x4e, 0xff, 0xf9, 0x0, 0x7f, 0x50, 0x2, 0xff,
    0x60, 0x0, 0x34, 0x10, 0x3, 0xfa, 0x0, 0xa,
    0xff, 0x60, 0x0, 0x0, 0x0, 0xd, 0xe1, 0x0,
    0x4f, 0x8f, 0x60, 0x0, 0x0, 0x0, 0x8f, 0x40,
    0x0, 0xdc, 0x3f, 0x60, 0x0, 0x0, 0x4, 0xf9,
    0x0, 0x6, 0xf3, 0x3f, 0x60, 0x0, 0x0, 0xe,
    0xd0, 0x0, 0xe, 0xc2, 0x5f, 0x70, 0x0, 0x0,
    0xaf, 0x30, 0x0, 0x3f, 0xff, 0xff, 0xf7, 0x0,
    0x5, 0xf7, 0x0, 0x0, 0x14, 0x44, 0x7f, 0x92,
    0x0, 0xb, 0xa0, 0x0, 0x0, 0x0, 0x0, 0x3c,
    0x50,

    /* U+00BF "¿" */
    0x0, 0x0, 0xce, 0x30, 0x0, 0x0, 0x4, 0xff,
    0x80, 0x0, 0x0, 0x0, 0xac, 0x20, 0x0, 0x0,
    0x0, 0x0, 0x0, 0x0, 0x0, 0x0, 0x1, 0x0,
    0x0, 0x0, 0x0, 0xdf, 0x10, 0x0, 0x0, 0x1,
    0xff, 0x0, 0x0, 0x0, 0x1c, 0xfb, 0x0, 0x0,
    0x4, 0xef, 0xc1, 0x0, 0x0, 0x3f, 0xf9, 0x0,
    0x0, 0x0, 0xaf, 0x90, 0x0, 0x0, 0x0, 0xdf,
    0x20, 0x0, 0x1, 0x20, 0xdf, 0x20, 0x0, 0xd,
    0xf4, 0x8f, 0xb0, 0x0, 0x6f, 0xe0, 0x1d, 0xfe,
    0xbd, 0xff, 0x50, 0x0, 0x8d, 0xfe, 0xa3, 0x0,

    /* U+00C0 "À" */
    0x0, 0x0, 0x2, 0x10, 0x0, 0x0, 0x0, 0x0,
    0x0, 0x0, 0xdf, 0x30, 0x0, 0x0, 0x0, 0x0,
    0x0, 0x3, 0xfa, 0x0, 0x0, 0x0, 0x0, 0x0,
    0x0, 0x8, 0xf2, 0x0, 0x0, 0x0, 0x0, 0x0,
    0x0, 0x0, 0x0, 0x0, 0x0, 0x0, 0x0, 0x0,
    0xc, 0xfe, 0x0, 0x0, 0x0, 0x0, 0x0, 0x2,
    0xff, 0xf4, 0x0, 0x0, 0x0, 0x0, 0x0, 0x8f,
    0x8f, 0xa0, 0x0, 0x0, 0x0, 0x0, 0xe, 0xf0,
    0xef, 0x0, 0x0, 0x0, 0x0, 0x4, 0xfb, 0x9,
    0xf6, 0x0, 0x0, 0x0, 0x0, 0xaf, 0x60, 0x5f,
    0xc0, 0x0, 0x0, 0x0, 0xf, 0xf1, 0x0, 0xff,
    0x20, 0x0, 0x0, 0x5, 0xfc, 0x0, 0xa, 0xf7,
    0x0, 0x0, 0x0, 0xbf, 0x60, 0x0, 0x4f, 0xd0,
    0x0, 0x0, 0x1f, 0xf1, 0x0, 0x0, 0xef, 0x30,
    0x0, 0x7, 0xff, 0xff, 0xff, 0xff, 0xf9, 0x0,
    0x0, 0xcf, 0xdc, 0xcc, 0xcc, 0xcf, 0xe0, 0x0,
    0x2f, 0xf0, 0x0, 0x0, 0x0, 0xdf, 0x50, 0x8,
    0xfa, 0x0, 0x0, 0x0, 0x7, 0xfb, 0x0, 0xef,
    0x40, 0x0, 0x0, 0x0, 0x1f, 0xf1, 0x4f, 0xe0,
    0x0, 0x0, 0x0, 0x0, 0xbf, 0x70,

    /* U+00C1 "Á" */
    0x0, 0x0, 0x0, 0x0, 0x78, 0x10, 0x0, 0x0,
    0x0, 0x0, 0x0, 0x4f, 0xb0, 0x0, 0x0, 0x0,
    0x0, 0x0, 0xc, 0xe1, 0x0, 0x0, 0x0, 0x0,
    0x0, 0x1, 0x83, 0x0, 0x0, 0x0, 0x0, 0x0,
    0x0, 0x0, 0x0, 0x0, 0x0, 0x0, 0x0, 0x0,
    0xc, 0xfe, 0x0, 0x0, 0x0, 0x0, 0x0, 0x2,
    0xff, 0xf4, 0x0, 0x0, 0x0, 0x0, 0x0, 0x8f,
    0x8f, 0xa0, 0x0, 0x0, 0x0, 0x0, 0xe, 0xf0,
    0xef, 0x0, 0x0, 0x0, 0x0, 0x4, 0xfb, 0x9,
    0xf6, 0x0, 0x0, 0x0, 0x0, 0xaf, 0x60, 0x5f,
    0xc0, 0x0, 0x0, 0x0, 0xf, 0xf1, 0x0, 0xff,
    0x20, 0x0, 0x0, 0x5, 0xfc, 0x0, 0xa, 0xf7,
    0x0, 0x0, 0x0, 0xbf, 0x60, 0x0, 0x4f, 0xd0,
    0x0, 0x0, 0x1f, 0xf1, 0x0, 0x0, 0xef, 0x30,
    0x0, 0x7, 0xff, 0xff, 0xff, 0xff, 0xf9, 0x0,
    0x0, 0xcf, 0xdc, 0xcc, 0xcc, 0xcf, 0xe0, 0x0,
    0x2f, 0xf0, 0x0, 0x0, 0x0, 0xdf, 0x50, 0x8,
    0xfa, 0x0, 0x0, 0x0, 0x7, 0xfb, 0x0, 0xef,
    0x40, 0x0, 0x0, 0x0, 0x1f, 0xf1, 0x4f, 0xe0,
    0x0, 0x0, 0x0, 0x0, 0xbf, 0x70,

    /* U+00C2 "Â" */
    0x0, 0x0, 0x0, 0x48, 0x50, 0x0, 0x0, 0x0,
    0x0, 0x0, 0x3f, 0xdf, 0x50, 0x0, 0x0, 0x0,
    0x0, 0x2e, 0xc0, 0xbf, 0x30, 0x0, 0x0, 0x0,
    0x5, 0x81, 0x0, 0x76, 0x0, 0x0, 0x0, 0x0,
    0x0, 0x0, 0x0, 0x0, 0x0, 0x0, 0x0, 0x0,
    0xc, 0xfe, 0x0, 0x0, 0x0, 0x0, 0x0, 0x2,
    0xff, 0xf4, 0x0, 0x0, 0x0, 0x0, 0x0, 0x8f,
    0x8f, 0xa0, 0x0, 0x0, 0x0, 0x0, 0xe, 0xf0,
    0xef, 0x0, 0x0, 0x0, 0x0, 0x4, 0xfb, 0x9,
    0xf6, 0x0, 0x0, 0x0, 0x0, 0xaf, 0x60, 0x5f,
    0xc0, 0x0, 0x0, 0x0, 0xf, 0xf1, 0x0, 0xff,
    0x20, 0x0, 0x0, 0x5, 0xfc, 0x0, 0xa, 0xf7,
    0x0, 0x0, 0x0, 0xbf, 0x60, 0x0, 0x4f, 0xd0,
    0x0, 0x0, 0x1f, 0xf1, 0x0, 0x0, 0xef, 0x30,
    0x0, 0x7, 0xff, 0xff, 0xff, 0xff, 0xf9, 0x0,
    0x0, 0xcf, 0xdc, 0xcc, 0xcc, 0xcf, 0xe0, 0x0,
    0x2f, 0xf0, 0x0, 0x0, 0x0, 0xdf, 0x50, 0x8,
    0xfa, 0x0, 0x0, 0x0, 0x7, 0xfb, 0x0, 0xef,
    0x40, 0x0, 0x0, 0x0, 0x1f, 0xf1, 0x4f, 0xe0,
    0x0, 0x0, 0x0, 0x0, 0xbf, 0x70,

    /* U+00C3 "Ã" */
    0x0, 0x0, 0x0, 0x0, 0x0, 0x0, 0x0, 0x0,
    0x0, 0x1, 0xdf, 0xa3, 0xc9, 0x0, 0x0, 0x0,
    0x0, 0x6f, 0x5c, 0xff, 0x30, 0x0, 0x0, 0x0,
    0x2, 0x30, 0x2, 0x20, 0x0, 0x0, 0x0, 0x0,
    0x0, 0x0, 0x0, 0x0, 0x0, 0x0, 0x0, 0x0,
    0xc, 0xfe, 0x0, 0x0, 0x0, 0x0, 0x0, 0x2,
    0xff, 0xf4, 0x0, 0x0, 0x0, 0x0, 0x0, 0x8f,
    0x8f, 0xa0, 0x0, 0x0, 0x0, 0x0, 0xe, 0xf0,
    0xef, 0x0, 0x0, 0x0, 0x0, 0x4, 0xfb, 0x9,
    0xf6, 0x0, 0x0, 0x0, 0x0, 0xaf, 0x60, 0x5f,
    0xc0, 0x0, 0x0, 0x0, 0xf, 0xf1, 0x0, 0xff,
    0x20, 0x0, 0x0, 0x5, 0xfc, 0x0, 0xa, 0xf7,
    0x0, 0x0, 0x0, 0xbf, 0x60, 0x0, 0x4f, 0xd0,
    0x0, 0x0, 0x1f, 0xf1, 0x0, 0x0, 0xef, 0x30,
    0x0, 0x7, 0xff, 0xff, 0xff, 0xff, 0xf9, 0x0,
    0x0, 0xcf, 0xdc, 0xcc, 0xcc, 0xcf, 0xe0, 0x0,
    0x2f, 0xf0, 0x0, 0x0, 0x0, 0xdf, 0x50, 0x8,
    0xfa, 0x0, 0x0, 0x0, 0x7, 0xfb, 0x0, 0xef,
    0x40, 0x0, 0x0, 0x0, 0x1f, 0xf1, 0x4f, 0xe0,
    0x0, 0x0, 0x0, 0x0, 0xbf, 0x70,

    /* U+00C4 "Ä" */
    0x0, 0x0, 0x9e, 0x40, 0x2e, 0xb0, 0x0, 0x0,
    0x0, 0xd, 0xf8, 0x5, 0xff, 0x10, 0x0, 0x0,
    0x0, 0x37, 0x0, 0x6, 0x40, 0x0, 0x0, 0x0,
    0x0, 0x0, 0x0, 0x0, 0x0, 0x0, 0x0, 0x0,
    0x0, 0xcf, 0xe0, 0x0, 0x0, 0x0, 0x0, 0x0,
    0x2f, 0xff, 0x40, 0x0, 0x0, 0x0, 0x0, 0x8,
    0xf8, 0xfa, 0x0, 0x0, 0x0, 0x0, 0x0, 0xef,
    0xe, 0xf0, 0x0, 0x0, 0x0, 0x0, 0x4f, 0xb0,
    0x9f, 0x60, 0x0, 0x0, 0x0, 0xa, 0xf6, 0x5,
    0xfc, 0x0, 0x0, 0x0, 0x0, 0xff, 0x10, 0xf,
    0xf2, 0x0, 0x0, 0x0, 0x5f, 0xc0, 0x0, 0xaf,
    0x70, 0x0, 0x0, 0xb, 0xf6, 0x0, 0x4, 0xfd,
    0x0, 0x0, 0x1, 0xff, 0x10, 0x0, 0xe, 0xf3,
    0x0, 0x0, 0x7f, 0xff, 0xff, 0xff, 0xff, 0x90,
    0x0, 0xc, 0xfd, 0xcc, 0xcc, 0xcc, 0xfe, 0x0,
    0x2, 0xff, 0x0, 0x0, 0x0, 0xd, 0xf5, 0x0,
    0x8f, 0xa0, 0x0, 0x0, 0x0, 0x7f, 0xb0, 0xe,
    0xf4, 0x0, 0x0, 0x0, 0x1, 0xff, 0x14, 0xfe,
    0x0, 0x0, 0x0, 0x0, 0xb, 0xf7,

    /* U+00C5 "Å" */
    0x0, 0x0, 0x0, 0x0, 0x0, 0x0, 0x0, 0x0,
    0x0, 0x0, 0x3d, 0xfe, 0x50, 0x0, 0x0, 0x0,
    0x0, 0xe, 0xc4, 0xaf, 0x20, 0x0, 0x0, 0x0,
    0x3, 0xf4, 0x2, 0xf5, 0x0, 0x0, 0x0, 0x0,
    0x1f, 0xa1, 0x8f, 0x30, 0x0, 0x0, 0x0, 0x0,
    0x5f, 0xff, 0x70, 0x0, 0x0, 0x0, 0x0, 0x0,
    0x3, 0x10, 0x0, 0x0, 0x0, 0x0, 0x0, 0xc,
    0xfe, 0x0, 0x0, 0x0, 0x0, 0x0, 0x2, 0xff,
    0xf4, 0x0, 0x0, 0x0, 0x0, 0x0, 0x8f, 0x8f,
    0xa0, 0x0, 0x0, 0x0, 0x0, 0xe, 0xf0, 0xef,
    0x0, 0x0, 0x0, 0x0, 0x4, 0xfb, 0x9, 0xf6,
    0x0, 0x0, 0x0, 0x0, 0xaf, 0x60, 0x5f, 0xc0,
    0x0, 0x0, 0x0, 0xf, 0xf1, 0x0, 0xff, 0x20,
    0x0, 0x0, 0x5, 0xfc, 0x0, 0xa, 0xf7, 0x0,
    0x0, 0x0, 0xbf, 0x60, 0x0, 0x4f, 0xd0, 0x0,
    0x0, 0x1f, 0xf1, 0x0, 0x0, 0xef, 0x30, 0x0,
    0x7, 0xff, 0xff, 0xff, 0xff, 0xf9, 0x0, 0x0,
    0xcf, 0xdc, 0xcc, 0xcc, 0xcf, 0xe0, 0x0, 0x2f,
    0xf0, 0x0, 0x0, 0x0, 0xdf, 0x50, 0x8, 0xfa,
    0x0, 0x0, 0x0, 0x7, 0xfb, 0x0, 0xef, 0x40,
    0x0, 0x0, 0x0, 0x1f, 0xf1, 0x4f, 0xe0, 0x0,
    0x0, 0x0, 0x0, 0xbf, 0x70,

    /* U+00C6 "Æ" */
    0x0, 0x0, 0x0, 0x0, 0xef, 0xff, 0xff, 0xff,
    0xff, 0xff, 0x40, 0x0, 0x0, 0x0, 0x7f, 0xa8,
    0xfe, 0xcc, 0xcc, 0xcc, 0xc3, 0x0, 0x0, 0x0,
    0xe, 0xf1, 0x5f, 0x90, 0x0, 0x0, 0x0, 0x0,
    0x0, 0x0, 0x6, 0xfa, 0x5, 0xf9, 0x0, 0x0,
    0x0, 0x0, 0x0, 0x0, 0x0, 0xef, 0x30, 0x5f,
    0x90, 0x0, 0x0, 0x0, 0x0, 0x0, 0x0, 0x6f,
    0xb0, 0x5, 0xf9, 0x0, 0x0, 0x0, 0x0, 0x0,
    0x0, 0xd, 0xf4, 0x0, 0x5f, 0x90, 0x0, 0x0,
    0x0, 0x0, 0x0, 0x5, 0xfd, 0x0, 0x5, 0xfe,
    0xcc, 0xcc, 0xcc, 0xa0, 0x0, 0x0, 0xdf, 0x50,
    0x0, 0x5f, 0xff, 0xff, 0xff, 0xfd, 0x0, 0x0,
    0x5f, 0xe0, 0x0, 0x5, 0xf9, 0x0, 0x0, 0x0,
    0x0, 0x0, 0xc, 0xff, 0xff, 0xff, 0xff, 0x90,
    0x0, 0x0, 0x0, 0x0, 0x4, 0xff, 0xbb, 0xbb,
    0xbc, 0xf9, 0x0, 0x0, 0x0, 0x0, 0x0, 0xcf,
    0x70, 0x0, 0x0, 0x5f, 0x90, 0x0, 0x0, 0x0,
    0x0, 0x3f, 0xf1, 0x0, 0x0, 0x5, 0xf9, 0x0,
    0x0, 0x0, 0x0, 0xb, 0xf8, 0x0, 0x0, 0x0,
    0x5f, 0xec, 0xcc, 0xcc, 0xcc, 0x53, 0xff, 0x10,
    0x0, 0x0, 0x5, 0xff, 0xff, 0xff, 0xff, 0xf6,

    /* U+00C7 "Ç" */
    0x0, 0x0, 0x5b, 0xef, 0xea, 0x40, 0x0, 0x0,
    0x1c, 0xff, 0xfe, 0xff, 0xfb, 0x0, 0x0, 0xdf,
    0xc4, 0x0, 0x5, 0xdf, 0xb0, 0x9, 0xfc, 0x0,
    0x0, 0x0, 0x1e, 0xf5, 0x1f, 0xf1, 0x0, 0x0,
    0x0, 0x6, 0xfb, 0x6f, 0xa0, 0x0, 0x0, 0x0,
    0x0, 0x21, 0x8f, 0x60, 0x0, 0x0, 0x0, 0x0,
    0x0, 0xaf, 0x50, 0x0, 0x0, 0x0, 0x0, 0x0,
    0xaf, 0x50, 0x0, 0x0, 0x0, 0x0, 0x0, 0x8f,
    0x60, 0x0, 0x0, 0x0, 0x0, 0x0, 0x6f, 0xa0,
    0x0, 0x0, 0x0, 0x0, 0x21, 0x1f, 0xf1, 0x0,
    0x0, 0x0, 0x6, 0xfa, 0x9, 0xfb, 0x0, 0x0,
    0x0, 0x1e, 0xf5, 0x0, 0xdf, 0xc4, 0x0, 0x5,
    0xdf, 0xb0, 0x0, 0x1c, 0xff, 0xfe, 0xff, 0xfb,
    0x0, 0x0, 0x0, 0x5b, 0xff, 0xea, 0x40, 0x0,
    0x0, 0x0, 0x0, 0x3f, 0x20, 0x0, 0x0, 0x0,
    0x0, 0x0, 0x3a, 0xeb, 0x0, 0x0, 0x0, 0x0,
    0x0, 0x11, 0xae, 0x0, 0x0, 0x0, 0x0, 0x0,
    0xcf, 0xe6, 0x0, 0x0,

    /* U+00C8 "È" */
    0x0, 0x1, 0x20, 0x0, 0x0, 0x0, 0x0, 0x8f,
    0x70, 0x0, 0x0, 0x0, 0x0, 0xde, 0x0, 0x0,
    0x0, 0x0, 0x3, 0xf7, 0x0, 0x0, 0x0, 0x0,
    0x0, 0x0, 0x0, 0x1, 0xff, 0xff, 0xff, 0xff,
    0xfb, 0x1f, 0xfc, 0xcc, 0xcc, 0xcc, 0x81, 0xff,
    0x0, 0x0, 0x0, 0x0, 0x1f, 0xf0, 0x0, 0x0,
    0x0, 0x1, 0xff, 0x0, 0x0, 0x0, 0x0, 0x1f,
    0xf0, 0x0, 0x0, 0x0, 0x1, 0xff, 0x0, 0x0,
    0x0, 0x0, 0x1f, 0xfc, 0xcc, 0xcc, 0xcc, 0x11,
    0xff, 0xff, 0xff, 0xff, 0xf2, 0x1f, 0xf0, 0x0,
    0x0, 0x0, 0x1, 0xff, 0x0, 0x0, 0x0, 0x0,
    0x1f, 0xf0, 0x0, 0x0, 0x0, 0x1, 0xff, 0x0,
    0x0, 0x0, 0x0, 0x1f, 0xf0, 0x0, 0x0, 0x0,
    0x1, 0xff, 0xcc, 0xcc, 0xcc, 0xc9, 0x1f, 0xff,
    0xff, 0xff, 0xff, 0xc0,

    /* U+00C9 "É" */
    0x0, 0x0, 0x0, 0x48, 0x30, 0x0, 0x0, 0x0,
    0xe, 0xe1, 0x0, 0x0, 0x0, 0x7, 0xf4, 0x0,
    0x0, 0x0, 0x0, 0x66, 0x0, 0x0, 0x0, 0x0,
    0x0, 0x0, 0x0, 0x1, 0xff, 0xff, 0xff, 0xff,
    0xfb, 0x1f, 0xfc, 0xcc, 0xcc, 0xcc, 0x81, 0xff,
    0x0, 0x0, 0x0, 0x0, 0x1f, 0xf0, 0x0, 0x0,
    0x0, 0x1, 0xff, 0x0, 0x0, 0x0, 0x0, 0x1f,
    0xf0, 0x0, 0x0, 0x0, 0x1, 0xff, 0x0, 0x0,
    0x0, 0x0, 0x1f, 0xfc, 0xcc, 0xcc, 0xcc, 0x11,
    0xff, 0xff, 0xff, 0xff, 0xf2, 0x1f, 0xf0, 0x0,
    0x0, 0x0, 0x1, 0xff, 0x0, 0x0, 0x0, 0x0,
    0x1f, 0xf0, 0x0, 0x0, 0x0, 0x1, 0xff, 0x0,
    0x0, 0x0, 0x0, 0x1f, 0xf0, 0x0, 0x0, 0x0,
    0x1, 0xff, 0xcc, 0xcc, 0xcc, 0xc9, 0x1f, 0xff,
    0xff, 0xff, 0xff, 0xc0,

    /* U+00CA "Ê" */
    0x0, 0x0, 0x28, 0x70, 0x0, 0x0, 0x0, 0x1d,
    0xef, 0x90, 0x0, 0x0, 0xc, 0xf2, 0x6f, 0x70,
    0x0, 0x3, 0x84, 0x0, 0x67, 0x0, 0x0, 0x0,
    0x0, 0x0, 0x0, 0x1, 0xff, 0xff, 0xff, 0xff,
    0xfb, 0x1f, 0xfc, 0xcc, 0xcc, 0xcc, 0x81, 0xff,
    0x0, 0x0, 0x0, 0x0, 0x1f, 0xf0, 0x0, 0x0,
    0x0, 0x1, 0xff, 0x0, 0x0, 0x0, 0x0, 0x1f,
    0xf0, 0x0, 0x0, 0x0, 0x1, 0xff, 0x0, 0x0,
    0x0, 0x0, 0x1f, 0xfc, 0xcc, 0xcc, 0xcc, 0x11,
    0xff, 0xff, 0xff, 0xff, 0xf2, 0x1f, 0xf0, 0x0,
    0x0, 0x0, 0x1, 0xff, 0x0, 0x0, 0x0, 0x0,
    0x1f, 0xf0, 0x0, 0x0, 0x0, 0x1, 0xff, 0x0,
    0x0, 0x0, 0x0, 0x1f, 0xf0, 0x0, 0x0, 0x0,
    0x1, 0xff, 0xcc, 0xcc, 0xcc, 0xc9, 0x1f, 0xff,
    0xff, 0xff, 0xff, 0xc0,

    /* U+00CB "Ë" */
    0x0, 0x5f, 0x80, 0xc, 0xe2, 0x0, 0x9, 0xfc,
    0x1, 0xff, 0x50, 0x0, 0x17, 0x20, 0x4, 0x60,
    0x0, 0x0, 0x0, 0x0, 0x0, 0x0, 0x1f, 0xff,
    0xff, 0xff, 0xff, 0xb1, 0xff, 0xcc, 0xcc, 0xcc,
    0xc8, 0x1f, 0xf0, 0x0, 0x0, 0x0, 0x1, 0xff,
    0x0, 0x0, 0x0, 0x0, 0x1f, 0xf0, 0x0, 0x0,
    0x0, 0x1, 0xff, 0x0, 0x0, 0x0, 0x0, 0x1f,
    0xf0, 0x0, 0x0, 0x0, 0x1, 0xff, 0xcc, 0xcc,
    0xcc, 0xc1, 0x1f, 0xff, 0xff, 0xff, 0xff, 0x21,
    0xff, 0x0, 0x0, 0x0, 0x0, 0x1f, 0xf0, 0x0,
    0x0, 0x0, 0x1, 0xff, 0x0, 0x0, 0x0, 0x0,
    0x1f, 0xf0, 0x0, 0x0, 0x0, 0x1, 0xff, 0x0,
    0x0, 0x0, 0x0, 0x1f, 0xfc, 0xcc, 0xcc, 0xcc,
    0x91, 0xff, 0xff, 0xff, 0xff, 0xfc,

    /* U+00CC "Ì" */
    0x12, 0x0, 0x7f, 0x90, 0xc, 0xf1, 0x2, 0xf8,
    0x0, 0x0, 0x1, 0xff, 0x1, 0xff, 0x1, 0xff,
    0x1, 0xff, 0x1, 0xff, 0x1, 0xff, 0x1, 0xff,
    0x1, 0xff, 0x1, 0xff, 0x1, 0xff, 0x1, 0xff,
    0x1, 0xff, 0x1, 0xff, 0x1, 0xff, 0x1, 0xff,
    0x1, 0xff,

    /* U+00CD "Í" */
    0x0, 0x48, 0x40, 0xd, 0xf2, 0x6, 0xf6, 0x0,
    0x66, 0x0, 0x0, 0x0, 0x1, 0xff, 0x0, 0x1f,
    0xf0, 0x1, 0xff, 0x0, 0x1f, 0xf0, 0x1, 0xff,
    0x0, 0x1f, 0xf0, 0x1, 0xff, 0x0, 0x1f, 0xf0,
    0x1, 0xff, 0x0, 0x1f, 0xf0, 0x1, 0xff, 0x0,
    0x1f, 0xf0, 0x1, 0xff, 0x0, 0x1f, 0xf0, 0x1,
    0xff, 0x0, 0x1f, 0xf0, 0x0,

    /* U+00CE "Î" */
    0x0, 0x17, 0x70, 0x0, 0x0, 0xce, 0xfb, 0x0,
    0xb, 0xf3, 0x5f, 0x80, 0x28, 0x40, 0x5, 0x71,
    0x0, 0x0, 0x0, 0x0, 0x0, 0x1f, 0xf0, 0x0,
    0x0, 0x1f, 0xf0, 0x0, 0x0, 0x1f, 0xf0, 0x0,
    0x0, 0x1f, 0xf0, 0x0, 0x0, 0x1f, 0xf0, 0x0,
    0x0, 0x1f, 0xf0, 0x0, 0x0, 0x1f, 0xf0, 0x0,
    0x0, 0x1f, 0xf0, 0x0, 0x0, 0x1f, 0xf0, 0x0,
    0x0, 0x1f, 0xf0, 0x0, 0x0, 0x1f, 0xf0, 0x0,
    0x0, 0x1f, 0xf0, 0x0, 0x0, 0x1f, 0xf0, 0x0,
    0x0, 0x1f, 0xf0, 0x0, 0x0, 0x1f, 0xf0, 0x0,
    0x0, 0x1f, 0xf0, 0x0,

    /* U+00CF "Ï" */
    0x4e, 0x90, 0xb, 0xe3, 0x7f, 0xe0, 0xf, 0xf6,
    0x7, 0x30, 0x3, 0x60, 0x0, 0x0, 0x0, 0x0,
    0x0, 0x1f, 0xf0, 0x0, 0x0, 0x1f, 0xf0, 0x0,
    0x0, 0x1f, 0xf0, 0x0, 0x0, 0x1f, 0xf0, 0x0,
    0x0, 0x1f, 0xf0, 0x0, 0x0, 0x1f, 0xf0, 0x0,
    0x0, 0x1f, 0xf0, 0x0, 0x0, 0x1f, 0xf0, 0x0,
    0x0, 0x1f, 0xf0, 0x0, 0x0, 0x1f, 0xf0, 0x0,
    0x0, 0x1f, 0xf0, 0x0, 0x0, 0x1f, 0xf0, 0x0,
    0x0, 0x1f, 0xf0, 0x0, 0x0, 0x1f, 0xf0, 0x0,
    0x0, 0x1f, 0xf0, 0x0, 0x0, 0x1f, 0xf0, 0x0,

    /* U+00D0 "Ð" */
    0x0, 0xcf, 0xff, 0xff, 0xeb, 0x60, 0x0, 0x0,
    0xc, 0xfd, 0xcc, 0xce, 0xff, 0xe3, 0x0, 0x0,
    0xcf, 0x40, 0x0, 0x2, 0xaf, 0xf2, 0x0, 0xc,
    0xf4, 0x0, 0x0, 0x0, 0x8f, 0xc0, 0x0, 0xcf,
    0x40, 0x0, 0x0, 0x0, 0xdf, 0x30, 0xc, 0xf4,
    0x0, 0x0, 0x0, 0x7, 0xf9, 0x0, 0xcf, 0x40,
    0x0, 0x0, 0x0, 0x3f, 0xb8, 0xaf, 0xfe, 0xaa,
    0xa5, 0x0, 0x2, 0xfd, 0xcf, 0xff, 0xff, 0xff,
    0x80, 0x0, 0x2f, 0xc0, 0xc, 0xf4, 0x0, 0x0,
    0x0, 0x4, 0xfb, 0x0, 0xcf, 0x40, 0x0, 0x0,
    0x0, 0x7f, 0x80, 0xc, 0xf4, 0x0, 0x0, 0x0,
    0xd, 0xf3, 0x0, 0xcf, 0x40, 0x0, 0x0, 0x8,
    0xfc, 0x0, 0xc, 0xf4, 0x0, 0x0, 0x2a, 0xff,
    0x20, 0x0, 0xcf, 0xdc, 0xcc, 0xef, 0xfd, 0x20,
    0x0, 0xc, 0xff, 0xff, 0xfd, 0xb5, 0x0, 0x0,

    /* U+00D1 "Ñ" */
    0x0, 0x0, 0x0, 0x0, 0x1, 0x0, 0x0, 0x0,
    0x0, 0x4f, 0xe7, 0x3f, 0x50, 0x0, 0x0, 0x0,
    0xbc, 0x6e, 0xfe, 0x0, 0x0, 0x0, 0x0, 0x32,
    0x0, 0x31, 0x0, 0x0, 0x0, 0x0, 0x0, 0x0,
    0x0, 0x0, 0x0, 0x1f, 0xfa, 0x0, 0x0, 0x0,
    0x6, 0xfa, 0x1f, 0xff, 0x40, 0x0, 0x0, 0x6,
    0xfa, 0x1f, 0xff, 0xe0, 0x0, 0x0, 0x6, 0xfa,
    0x1f, 0xd9, 0xf9, 0x0, 0x0, 0x6, 0xfa, 0x1f,
    0xe1, 0xff, 0x30, 0x0, 0x6, 0xfa, 0x1f, 0xf0,
    0x7f, 0xd0, 0x0, 0x6, 0xfa, 0x1f, 0xf0, 0xd,
    0xf7, 0x0, 0x6, 0xfa, 0x1f, 0xf0, 0x3, 0xff,
    0x20, 0x6, 0xfa, 0x1f, 0xf0, 0x0, 0x9f, 0xb0,
    0x6, 0xfa, 0x1f, 0xf0, 0x0, 0xe, 0xf6, 0x6,
    0xfa, 0x1f, 0xf0, 0x0, 0x4, 0xfe, 0x16, 0xfa,
    0x1f, 0xf0, 0x0, 0x0, 0xaf, 0x96, 0xfa, 0x1f,
    0xf0, 0x0, 0x0, 0x1e, 0xf7, 0xfa, 0x1f, 0xf0,
    0x0, 0x0, 0x6, 0xfe, 0xfa, 0x1f, 0xf0, 0x0,
    0x0, 0x0, 0xbf, 0xfa, 0x1f, 0xf0, 0x0, 0x0,
    0x0, 0x2f, 0xfa,

    /* U+00D2 "Ò" */
    0x0, 0x0, 0x2f, 0xe0, 0x0, 0x0, 0x0, 0x0,
    0x0, 0x0, 0x6f, 0x70, 0x0, 0x0, 0x0, 0x0,
    0x0, 0x0, 0xce, 0x0, 0x0, 0x0, 0x0, 0x0,
    0x0, 0x0, 0x20, 0x0, 0x0, 0x0, 0x0, 0x0,
    0x0, 0x0, 0x0, 0x0, 0x0, 0x0, 0x0, 0x5,
    0xbe, 0xfd, 0xa4, 0x0, 0x0, 0x0, 0x1c, 0xff,
    0xfe, 0xff, 0xfa, 0x0, 0x0, 0xd, 0xfc, 0x40,
    0x0, 0x5e, 0xfb, 0x0, 0x9, 0xfc, 0x0, 0x0,
    0x0, 0x1d, 0xf6, 0x1, 0xff, 0x10, 0x0, 0x0,
    0x0, 0x4f, 0xd0, 0x6f, 0xa0, 0x0, 0x0, 0x0,
    0x0, 0xdf, 0x38, 0xf6, 0x0, 0x0, 0x0, 0x0,
    0x9, 0xf5, 0xaf, 0x50, 0x0, 0x0, 0x0, 0x0,
    0x8f, 0x7a, 0xf5, 0x0, 0x0, 0x0, 0x0, 0x8,
    0xf7, 0x8f, 0x60, 0x0, 0x0, 0x0, 0x0, 0x9f,
    0x56, 0xfa, 0x0, 0x0, 0x0, 0x0, 0xd, 0xf3,
    0x1f, 0xf1, 0x0, 0x0, 0x0, 0x4, 0xfd, 0x0,
    0x9f, 0xb0, 0x0, 0x0, 0x1, 0xdf, 0x60, 0x0,
    0xdf, 0xc4, 0x0, 0x5, 0xef, 0xb0, 0x0, 0x1,
    0xcf, 0xff, 0xef, 0xff, 0xa0, 0x0, 0x0, 0x0,
    0x5b, 0xef, 0xda, 0x40, 0x0, 0x0,

    /* U+00D3 "Ó" */
    0x0, 0x0, 0x0, 0x0, 0x77, 0x0, 0x0, 0x0,
    0x0, 0x0, 0x0, 0x6f, 0x80, 0x0, 0x0, 0x0,
    0x0, 0x0, 0xe, 0xd0, 0x0, 0x0, 0x0, 0x0,
    0x0, 0x2, 0x82, 0x0, 0x0, 0x0, 0x0, 0x0,
    0x0, 0x0, 0x0, 0x0, 0x0, 0x0, 0x0, 0x5,
    0xbe, 0xfd, 0xa4, 0x0, 0x0, 0x0, 0x1c, 0xff,
    0xfe, 0xff, 0xfa, 0x0, 0x0, 0xd, 0xfc, 0x40,
    0x0, 0x5e, 0xfb, 0x0, 0x9, 0xfc, 0x0, 0x0,
    0x0, 0x1d, 0xf6, 0x1, 0xff, 0x10, 0x0, 0x0,
    0x0, 0x4f, 0xd0, 0x6f, 0xa0, 0x0, 0x0, 0x0,
    0x0, 0xdf, 0x38, 0xf6, 0x0, 0x0, 0x0, 0x0,
    0x9, 0xf5, 0xaf, 0x50, 0x0, 0x0, 0x0, 0x0,
    0x8f, 0x7a, 0xf5, 0x0, 0x0, 0x0, 0x0, 0x8,
    0xf7, 0x8f, 0x60, 0x0, 0x0, 0x0, 0x0, 0x9f,
    0x56, 0xfa, 0x0, 0x0, 0x0, 0x0, 0xd, 0xf3,
    0x1f, 0xf1, 0x0, 0x0, 0x0, 0x4, 0xfd, 0x0,
    0x9f, 0xb0, 0x0, 0x0, 0x1, 0xdf, 0x60, 0x0,
    0xdf, 0xc4, 0x0, 0x5, 0xef, 0xb0, 0x0, 0x1,
    0xcf, 0xff, 0xef, 0xff, 0xa0, 0x0, 0x0, 0x0,
    0x5b, 0xef, 0xda, 0x40, 0x0, 0x0,

    /* U+00D4 "Ô" */
    0x0, 0x0, 0x0, 0x68, 0x40, 0x0, 0x0, 0x0,
    0x0, 0x0, 0x8f, 0xaf, 0x50, 0x0, 0x0, 0x0,
    0x0, 0x9f, 0x50, 0x8f, 0x50, 0x0, 0x0, 0x0,
    0x0, 0x0, 0x0, 0x0, 0x0, 0x0, 0x0, 0x0,
    0x0, 0x0, 0x0, 0x0, 0x0, 0x0, 0x0, 0x5,
    0xbe, 0xfd, 0xa4, 0x0, 0x0, 0x0, 0x1c, 0xff,
    0xfe, 0xff, 0xfa, 0x0, 0x0, 0xd, 0xfc, 0x40,
    0x0, 0x5e, 0xfb, 0x0, 0x9, 0xfc, 0x0, 0x0,
    0x0, 0x1d, 0xf6, 0x1, 0xff, 0x10, 0x0, 0x0,
    0x0, 0x4f, 0xd0, 0x6f, 0xa0, 0x0, 0x0, 0x0,
    0x0, 0xdf, 0x38, 0xf6, 0x0, 0x0, 0x0, 0x0,
    0x9, 0xf5, 0xaf, 0x50, 0x0, 0x0, 0x0, 0x0,
    0x8f, 0x7a, 0xf5, 0x0, 0x0, 0x0, 0x0, 0x8,
    0xf7, 0x8f, 0x60, 0x0, 0x0, 0x0, 0x0, 0x9f,
    0x56, 0xfa, 0x0, 0x0, 0x0, 0x0, 0xd, 0xf3,
    0x1f, 0xf1, 0x0, 0x0, 0x0, 0x4, 0xfd, 0x0,
    0x9f, 0xb0, 0x0, 0x0, 0x1, 0xdf, 0x60, 0x0,
    0xdf, 0xc4, 0x0, 0x5, 0xef, 0xb0, 0x0, 0x1,
    0xcf, 0xff, 0xef, 0xff, 0xa0, 0x0, 0x0, 0x0,
    0x5b, 0xef, 0xda, 0x40, 0x0, 0x0,

    /* U+00D5 "Õ" */
    0x0, 0x0, 0x0, 0x0, 0x0, 0x0, 0x0, 0x0,
    0x0, 0x2, 0xef, 0x82, 0xe7, 0x0, 0x0, 0x0,
    0x0, 0x9d, 0x6d, 0xff, 0x20, 0x0, 0x0, 0x0,
    0x2, 0x20, 0x2, 0x10, 0x0, 0x0, 0x0, 0x0,
    0x0, 0x0, 0x0, 0x0, 0x0, 0x0, 0x0, 0x5,
    0xbe, 0xfd, 0xa4, 0x0, 0x0, 0x0, 0x1c, 0xff,
    0xfe, 0xff, 0xfa, 0x0, 0x0, 0xd, 0xfc, 0x40,
    0x0, 0x5e, 0xfb, 0x0, 0x9, 0xfc, 0x0, 0x0,
    0x0, 0x1d, 0xf6, 0x1, 0xff, 0x10, 0x0, 0x0,
    0x0, 0x4f, 0xd0, 0x6f, 0xa0, 0x0, 0x0, 0x0,
    0x0, 0xdf, 0x38, 0xf6, 0x0, 0x0, 0x0, 0x0,
    0x9, 0xf5, 0xaf, 0x50, 0x0, 0x0, 0x0, 0x0,
    0x8f, 0x7a, 0xf5, 0x0, 0x0, 0x0, 0x0, 0x8,
    0xf7, 0x8f, 0x60, 0x0, 0x0, 0x0, 0x0, 0x9f,
    0x56, 0xfa, 0x0, 0x0, 0x0, 0x0, 0xd, 0xf3,
    0x1f, 0xf1, 0x0, 0x0, 0x0, 0x4, 0xfd, 0x0,
    0x9f, 0xb0, 0x0, 0x0, 0x1, 0xdf, 0x60, 0x0,
    0xdf, 0xc4, 0x0, 0x5, 0xef, 0xb0, 0x0, 0x1,
    0xcf, 0xff, 0xef, 0xff, 0xa0, 0x0, 0x0, 0x0,
    0x5b, 0xef, 0xda, 0x40, 0x0, 0x0,

    /* U+00D6 "Ö" */
    0x0, 0x0, 0x46, 0x0, 0x7, 0x30, 0x0, 0x0,
    0x0, 0xf, 0xf5, 0x8, 0xfe, 0x0, 0x0, 0x0,
    0x0, 0xbe, 0x20, 0x4e, 0x90, 0x0, 0x0, 0x0,
    0x0, 0x0, 0x0, 0x0, 0x0, 0x0, 0x0, 0x0,
    0x0, 0x0, 0x0, 0x0, 0x0, 0x0, 0x0, 0x5,
    0xbe, 0xfd, 0xa4, 0x0, 0x0, 0x0, 0x1c, 0xff,
    0xfe, 0xff, 0xfa, 0x0, 0x0, 0xd, 0xfc, 0x40,
    0x0, 0x5e, 0xfb, 0x0, 0x9, 0xfc, 0x0, 0x0,
    0x0, 0x1d, 0xf6, 0x1, 0xff, 0x10, 0x0, 0x0,
    0x0, 0x4f, 0xd0, 0x6f, 0xa0, 0x0, 0x0, 0x0,
    0x0, 0xdf, 0x38, 0xf6, 0x0, 0x0, 0x0, 0x0,
    0x9, 0xf5, 0xaf, 0x50, 0x0, 0x0, 0x0, 0x0,
    0x8f, 0x7a, 0xf5, 0x0, 0x0, 0x0, 0x0, 0x8,
    0xf7, 0x8f, 0x60, 0x0, 0x0, 0x0, 0x0, 0x9f,
    0x56, 0xfa, 0x0, 0x0, 0x0, 0x0, 0xd, 0xf3,
    0x1f, 0xf1, 0x0, 0x0, 0x0, 0x4, 0xfd, 0x0,
    0x9f, 0xb0, 0x0, 0x0, 0x1, 0xdf, 0x60, 0x0,
    0xdf, 0xc4, 0x0, 0x5, 0xef, 0xb0, 0x0, 0x1,
    0xcf, 0xff, 0xef, 0xff, 0xa0, 0x0, 0x0, 0x0,
    0x5b, 0xef, 0xda, 0x40, 0x0, 0x0,

    /* U+00D7 "×" */
    0x0, 0x0, 0x0, 0x0, 0x0, 0x3, 0xe3, 0x0,
    0x0, 0x9, 0xb0, 0x5f, 0xf3, 0x0, 0x9, 0xfd,
    0x10, 0x5f, 0xf3, 0x9, 0xfd, 0x10, 0x0, 0x5f,
    0xfa, 0xfd, 0x10, 0x0, 0x0, 0x4f, 0xfd, 0x10,
    0x0, 0x0, 0x9, 0xff, 0xf4, 0x0, 0x0, 0xa,
    0xfc, 0x5f, 0xf4, 0x0, 0xa, 0xfc, 0x10, 0x4f,
    0xf4, 0x7, 0xfc, 0x0, 0x0, 0x4f, 0xf2, 0x9,
    0x0, 0x0, 0x0, 0x46, 0x0,

    /* U+00D8 "Ø" */
    0x0, 0x0, 0x0, 0x0, 0x0, 0x0, 0x10, 0x0,
    0x0, 0x5, 0xbe, 0xfd, 0xa4, 0x4f, 0x50, 0x0,
    0x1c, 0xff, 0xfe, 0xff, 0xff, 0xf2, 0x0, 0xd,
    0xfc, 0x40, 0x0, 0x5f, 0xff, 0x0, 0x9, 0xfc,
    0x0, 0x0, 0x6, 0xff, 0xf6, 0x1, 0xff, 0x10,
    0x0, 0x2, 0xfe, 0x5f, 0xd0, 0x6f, 0xa0, 0x0,
    0x0, 0xcf, 0x40, 0xdf, 0x38, 0xf6, 0x0, 0x0,
    0x8f, 0x80, 0x9, 0xf5, 0xaf, 0x50, 0x0, 0x4f,
    0xc0, 0x0, 0x8f, 0x7a, 0xf5, 0x0, 0x1e, 0xf2,
    0x0, 0x8, 0xf7, 0x8f, 0x60, 0xa, 0xf6, 0x0,
    0x0, 0x9f, 0x56, 0xfa, 0x6, 0xfa, 0x0, 0x0,
    0xd, 0xf3, 0x1f, 0xf4, 0xfe, 0x10, 0x0, 0x4,
    0xfd, 0x0, 0x9f, 0xff, 0x40, 0x0, 0x1, 0xdf,
    0x60, 0x0, 0xff, 0xf4, 0x0, 0x5, 0xef, 0xb0,
    0x0, 0x4f, 0xff, 0xff, 0xef, 0xff, 0xa0, 0x0,
    0x7, 0xf2, 0x5b, 0xef, 0xda, 0x40, 0x0, 0x0,
    0x1, 0x0, 0x0, 0x0, 0x0, 0x0, 0x0,

    /* U+00D9 "Ù" */
    0x0, 0x0, 0x4f, 0xc0, 0x0, 0x0, 0x0, 0x0,
    0x0, 0xa, 0xf3, 0x0, 0x0, 0x0, 0x0, 0x0,
    0x1, 0xeb, 0x0, 0x0, 0x0, 0x0, 0x0, 0x0,
    0x11, 0x0, 0x0, 0x0, 0x0, 0x0, 0x0, 0x0,
    0x0, 0x0, 0x0, 0x1f, 0xf0, 0x0, 0x0, 0x0,
    0x9, 0xf7, 0x1f, 0xf0, 0x0, 0x0, 0x0, 0x9,
    0xf7, 0x1f, 0xf0, 0x0, 0x0, 0x0, 0x9, 0xf7,
    0x1f, 0xf0, 0x0, 0x0, 0x0, 0x9, 0xf7, 0x1f,
    0xf0, 0x0, 0x0, 0x0, 0x9, 0xf7, 0x1f, 0xf0,
    0x0, 0x0, 0x0, 0x9, 0xf7, 0x1f, 0xf0, 0x0,
    0x0, 0x0, 0x9, 0xf7, 0x1f, 0xf0, 0x0, 0x0,
    0x0, 0x9, 0xf7, 0x1f, 0xf0, 0x0, 0x0, 0x0,
    0x9, 0xf7, 0x1f, 0xf0, 0x0, 0x0, 0x0, 0x9,
    0xf7, 0xf, 0xf0, 0x0, 0x0, 0x0, 0xa, 0xf6,
    0xe, 0xf3, 0x0, 0x0, 0x0, 0xd, 0xf4, 0xa,
    0xfb, 0x0, 0x0, 0x0, 0x5f, 0xf0, 0x2, 0xff,
    0xa2, 0x0, 0x7, 0xff, 0x70, 0x0, 0x4e, 0xff,
    0xee, 0xff, 0xf8, 0x0, 0x0, 0x1, 0x7c, 0xef,
    0xda, 0x30, 0x0,

    /* U+00DA "Ú" */
    0x0, 0x0, 0x0, 0x2, 0x86, 0x0, 0x0, 0x0,
    0x0, 0x0, 0xa, 0xf5, 0x0, 0x0, 0x0, 0x0,
    0x0, 0x2f, 0x90, 0x0, 0x0, 0x0, 0x0, 0x0,
    0x47, 0x0, 0x0, 0x0, 0x0, 0x0, 0x0, 0x0,
    0x0, 0x0, 0x0, 0x1f, 0xf0, 0x0, 0x0, 0x0,
    0x9, 0xf7, 0x1f, 0xf0, 0x0, 0x0, 0x0, 0x9,
    0xf7, 0x1f, 0xf0, 0x0, 0x0, 0x0, 0x9, 0xf7,
    0x1f, 0xf0, 0x0, 0x0, 0x0, 0x9, 0xf7, 0x1f,
    0xf0, 0x0, 0x0, 0x0, 0x9, 0xf7, 0x1f, 0xf0,
    0x0, 0x0, 0x0, 0x9, 0xf7, 0x1f, 0xf0, 0x0,
    0x0, 0x0, 0x9, 0xf7, 0x1f, 0xf0, 0x0, 0x0,
    0x0, 0x9, 0xf7, 0x1f, 0xf0, 0x0, 0x0, 0x0,
    0x9, 0xf7, 0x1f, 0xf0, 0x0, 0x0, 0x0, 0x9,
    0xf7, 0xf, 0xf0, 0x0, 0x0, 0x0, 0xa, 0xf6,
    0xe, 0xf3, 0x0, 0x0, 0x0, 0xd, 0xf4, 0xa,
    0xfb, 0x0, 0x0, 0x0, 0x5f, 0xf0, 0x2, 0xff,
    0xa2, 0x0, 0x7, 0xff, 0x70, 0x0, 0x4e, 0xff,
    0xee, 0xff, 0xf8, 0x0, 0x0, 0x1, 0x7c, 0xef,
    0xda, 0x30, 0x0,

    /* U+00DB "Û" */
    0x0, 0x0, 0x0, 0x78, 0x20, 0x0, 0x0, 0x0,
    0x0, 0xb, 0xeb, 0xe3, 0x0, 0x0, 0x0, 0x0,
    0xcf, 0x30, 0xbe, 0x30, 0x0, 0x0, 0x0, 0x0,
    0x0, 0x0, 0x0, 0x0, 0x0, 0x0, 0x0, 0x0,
    0x0, 0x0, 0x0, 0x1f, 0xf0, 0x0, 0x0, 0x0,
    0x9, 0xf7, 0x1f, 0xf0, 0x0, 0x0, 0x0, 0x9,
    0xf7, 0x1f, 0xf0, 0x0, 0x0, 0x0, 0x9, 0xf7,
    0x1f, 0xf0, 0x0, 0x0, 0x0, 0x9, 0xf7, 0x1f,
    0xf0, 0x0, 0x0, 0x0, 0x9, 0xf7, 0x1f, 0xf0,
    0x0, 0x0, 0x0, 0x9, 0xf7, 0x1f, 0xf0, 0x0,
    0x0, 0x0, 0x9, 0xf7, 0x1f, 0xf0, 0x0, 0x0,
    0x0, 0x9, 0xf7, 0x1f, 0xf0, 0x0, 0x0, 0x0,
    0x9, 0xf7, 0x1f, 0xf0, 0x0, 0x0, 0x0, 0x9,
    0xf7, 0xf, 0xf0, 0x0, 0x0, 0x0, 0xa, 0xf6,
    0xe, 0xf3, 0x0, 0x0, 0x0, 0xd, 0xf4, 0xa,
    0xfb, 0x0, 0x0, 0x0, 0x5f, 0xf0, 0x2, 0xff,
    0xa2, 0x0, 0x7, 0xff, 0x70, 0x0, 0x4e, 0xff,
    0xee, 0xff, 0xf8, 0x0, 0x0, 0x1, 0x7c, 0xef,
    0xda, 0x30, 0x0,

    /* U+00DC "Ü" */
    0x0, 0x0, 0x65, 0x0, 0x27, 0x10, 0x0, 0x0,
    0x4, 0xff, 0x20, 0xbf, 0xa0, 0x0, 0x0, 0x1,
    0xdc, 0x0, 0x7f, 0x60, 0x0, 0x0, 0x0, 0x0,
    0x0, 0x0, 0x0, 0x0, 0x0, 0x0, 0x0, 0x0,
    0x0, 0x0, 0x0, 0x1f, 0xf0, 0x0, 0x0, 0x0,
    0x9, 0xf7, 0x1f, 0xf0, 0x0, 0x0, 0x0, 0x9,
    0xf7, 0x1f, 0xf0, 0x0, 0x0, 0x0, 0x9, 0xf7,
    0x1f, 0xf0, 0x0, 0x0, 0x0, 0x9, 0xf7, 0x1f,
    0xf0, 0x0, 0x0, 0x0, 0x9, 0xf7, 0x1f, 0xf0,
    0x0, 0x0, 0x0, 0x9, 0xf7, 0x1f, 0xf0, 0x0,
    0x0, 0x0, 0x9, 0xf7, 0x1f, 0xf0, 0x0, 0x0,
    0x0, 0x9, 0xf7, 0x1f, 0xf0, 0x0, 0x0, 0x0,
    0x9, 0xf7, 0x1f, 0xf0, 0x0, 0x0, 0x0, 0x9,
    0xf7, 0xf, 0xf0, 0x0, 0x0, 0x0, 0xa, 0xf6,
    0xe, 0xf3, 0x0, 0x0, 0x0, 0xd, 0xf4, 0xa,
    0xfb, 0x0, 0x0, 0x0, 0x5f, 0xf0, 0x2, 0xff,
    0xa2, 0x0, 0x7, 0xff, 0x70, 0x0, 0x4e, 0xff,
    0xee, 0xff, 0xf8, 0x0, 0x0, 0x1, 0x7c, 0xef,
    0xda, 0x30, 0x0,

    /* U+00DD "Ý" */
    0x0, 0x0, 0x0, 0x0, 0x77, 0x0, 0x0, 0x0,
    0x0, 0x0, 0x0, 0x6f, 0x90, 0x0, 0x0, 0x0,
    0x0, 0x0, 0xd, 0xd0, 0x0, 0x0, 0x0, 0x0,
    0x0, 0x2, 0x83, 0x0, 0x0, 0x0, 0x0, 0x0,
    0x0, 0x0, 0x0, 0x0, 0x0, 0x2, 0xff, 0x30,
    0x0, 0x0, 0x0, 0x4f, 0xf1, 0x8, 0xfd, 0x0,
    0x0, 0x0, 0xd, 0xf7, 0x0, 0xd, 0xf7, 0x0,
    0x0, 0x8, 0xfc, 0x0, 0x0, 0x4f, 0xf1, 0x0,
    0x2, 0xff, 0x30, 0x0, 0x0, 0xaf, 0xa0, 0x0,
    0xbf, 0x90, 0x0, 0x0, 0x1, 0xef, 0x40, 0x5f,
    0xe0, 0x0, 0x0, 0x0, 0x6, 0xfd, 0xd, 0xf5,
    0x0, 0x0, 0x0, 0x0, 0xc, 0xfb, 0xfb, 0x0,
    0x0, 0x0, 0x0, 0x0, 0x2f, 0xff, 0x10, 0x0,
    0x0, 0x0, 0x0, 0x0, 0x9f, 0x80, 0x0, 0x0,
    0x0, 0x0, 0x0, 0x8, 0xf7, 0x0, 0x0, 0x0,
    0x0, 0x0, 0x0, 0x8f, 0x70, 0x0, 0x0, 0x0,
    0x0, 0x0, 0x8, 0xf7, 0x0, 0x0, 0x0, 0x0,
    0x0, 0x0, 0x8f, 0x70, 0x0, 0x0, 0x0, 0x0,
    0x0, 0x8, 0xf7, 0x0, 0x0, 0x0, 0x0, 0x0,
    0x0, 0x8f, 0x70, 0x0, 0x0, 0x0,

    /* U+00DE "Þ" */
    0x3f, 0xe0, 0x0, 0x0, 0x0, 0x0, 0x3f, 0xe0,
    0x0, 0x0, 0x0, 0x0, 0x3f, 0xe0, 0x0, 0x0,
    0x0, 0x0, 0x3f, 0xfc, 0xcc, 0xb9, 0x30, 0x0,
    0x3f, 0xff, 0xff, 0xff, 0xf9, 0x0, 0x3f, 0xe0,
    0x0, 0x15, 0xdf, 0x70, 0x3f, 0xe0, 0x0, 0x0,
    0x2f, 0xe0, 0x3f, 0xe0, 0x0, 0x0, 0xc, 0xf2,
    0x3f, 0xe0, 0x0, 0x0, 0xc, 0xf2, 0x3f, 0xe0,
    0x0, 0x0, 0x2f, 0xe0, 0x3f, 0xe0, 0x0, 0x14,
    0xdf, 0x70, 0x3f, 0xff, 0xff, 0xff, 0xf9, 0x0,
    0x3f, 0xfc, 0xcb, 0xb8, 0x30, 0x0, 0x3f, 0xe0,
    0x0, 0x0, 0x0, 0x0, 0x3f, 0xe0, 0x0, 0x0,
    0x0, 0x0, 0x3f, 0xe0, 0x0, 0x0, 0x0, 0x0,

    /* U+00DF "ß" */
    0x0, 0x19, 0xdf, 0xea, 0x30, 0x0, 0x2, 0xef,
    0xfd, 0xef, 0xf6, 0x0, 0xa, 0xfb, 0x10, 0x7,
    0xff, 0x10, 0xf, 0xf1, 0x0, 0x0, 0xcf, 0x40,
    0xf, 0xe0, 0x0, 0x0, 0xaf, 0x40, 0x1f, 0xe0,
    0x0, 0x0, 0xdf, 0x10, 0x1f, 0xe0, 0x0, 0x1a,
    0xf6, 0x0, 0x1f, 0xe0, 0x1f, 0xff, 0x50, 0x0,
    0x1f, 0xe0, 0x1d, 0xdf, 0xfb, 0x10, 0x1f, 0xe0,
    0x0, 0x1, 0xaf, 0xb0, 0x1f, 0xe0, 0x0, 0x0,
    0xe, 0xf2, 0x1f, 0xe0, 0x0, 0x0, 0xb, 0xf4,
    0x1f, 0xe0, 0x0, 0x0, 0xd, 0xf3, 0x1f, 0xe0,
    0x0, 0x0, 0x7f, 0xd0, 0x1f, 0xe0, 0x1c, 0xce,
    0xff, 0x40, 0x1f, 0xe0, 0x2f, 0xfe, 0xa2, 0x0,

    /* U+00E0 "à" */
    0x0, 0x8, 0xf8, 0x0, 0x0, 0x0, 0x0, 0xd,
    0xf1, 0x0, 0x0, 0x0, 0x0, 0x3f, 0x80, 0x0,
    0x0, 0x0, 0x0, 0x11, 0x0, 0x0, 0x0, 0x0,
    0x0, 0x0, 0x0, 0x0, 0x0, 0x7c, 0xef, 0xd8,
    0x0, 0x0, 0xcf, 0xfc, 0xbe, 0xfc, 0x0, 0x7f,
    0xc1, 0x0, 0xc, 0xf6, 0x0, 0x21, 0x0, 0x0,
    0x5f, 0x90, 0x0, 0x0, 0x0, 0x29, 0xfa, 0x0,
    0x28, 0xce, 0xff, 0xff, 0xa0, 0x5f, 0xfd, 0x97,
    0x55, 0xfa, 0xe, 0xf5, 0x0, 0x0, 0x4f, 0xa0,
    0xff, 0x0, 0x0, 0x8, 0xfa, 0xd, 0xf5, 0x0,
    0x4, 0xff, 0xa0, 0x5f, 0xfd, 0xbd, 0xf9, 0xfa,
    0x0, 0x4b, 0xff, 0xc4, 0x4f, 0xa0,

    /* U+00E1 "á" */
    0x0, 0x0, 0x0, 0x9f, 0x80, 0x0, 0x0, 0x0,
    0xf, 0xe0, 0x0, 0x0, 0x0, 0x6, 0xf5, 0x0,
    0x0, 0x0, 0x0, 0x66, 0x0, 0x0, 0x0, 0x0,
    0x0, 0x0, 0x0, 0x0, 0x0, 0x7c, 0xef, 0xd8,
    0x0, 0x0, 0xcf, 0xfc, 0xbe, 0xfc, 0x0, 0x7f,
    0xc1, 0x0, 0xc, 0xf6, 0x0, 0x21, 0x0, 0x0,
    0x5f, 0x90, 0x0, 0x0, 0x0, 0x29, 0xfa, 0x0,
    0x28, 0xce, 0xff, 0xff, 0xa0, 0x5f, 0xfd, 0x97,
    0x55, 0xfa, 0xe, 0xf5, 0x0, 0x0, 0x4f, 0xa0,
    0xff, 0x0, 0x0, 0x8, 0xfa, 0xd, 0xf5, 0x0,
    0x4, 0xff, 0xa0, 0x5f, 0xfd, 0xbd, 0xf9, 0xfa,
    0x0, 0x4b, 0xff, 0xc4, 0x4f, 0xa0,

    /* U+00E2 "â" */
    0x0, 0x0, 0x5f, 0xf5, 0x0, 0x0, 0x0, 0x4f,
    0xaa, 0xf3, 0x0, 0x0, 0x2e, 0xd0, 0xd, 0xe1,
    0x0, 0x0, 0x0, 0x0, 0x0, 0x0, 0x0, 0x0,
    0x0, 0x0, 0x0, 0x0, 0x0, 0x7c, 0xef, 0xd8,
    0x0, 0x0, 0xcf, 0xfc, 0xbe, 0xfc, 0x0, 0x7f,
    0xc1, 0x0, 0xc, 0xf6, 0x0, 0x21, 0x0, 0x0,
    0x5f, 0x90, 0x0, 0x0, 0x0, 0x29, 0xfa, 0x0,
    0x28, 0xce, 0xff, 0xff, 0xa0, 0x5f, 0xfd, 0x97,
    0x55, 0xfa, 0xe, 0xf5, 0x0, 0x0, 0x4f, 0xa0,
    0xff, 0x0, 0x0, 0x8, 0xfa, 0xd, 0xf5, 0x0,
    0x4, 0xff, 0xa0, 0x5f, 0xfd, 0xbd, 0xf9, 0xfa,
    0x0, 0x4b, 0xff, 0xc4, 0x4f, 0xa0,

    /* U+00E3 "ã" */
    0x0, 0x7, 0xfc, 0x56, 0xf0, 0x0, 0x0, 0xfa,
    0xaf, 0xfa, 0x0, 0x0, 0x4, 0x10, 0x13, 0x0,
    0x0, 0x0, 0x0, 0x0, 0x0, 0x0, 0x0, 0x7,
    0xce, 0xfd, 0x80, 0x0, 0xc, 0xff, 0xcb, 0xef,
    0xc0, 0x7, 0xfc, 0x10, 0x0, 0xcf, 0x60, 0x2,
    0x10, 0x0, 0x5, 0xf9, 0x0, 0x0, 0x0, 0x2,
    0x9f, 0xa0, 0x2, 0x8c, 0xef, 0xff, 0xfa, 0x5,
    0xff, 0xd9, 0x75, 0x5f, 0xa0, 0xef, 0x50, 0x0,
    0x4, 0xfa, 0xf, 0xf0, 0x0, 0x0, 0x8f, 0xa0,
    0xdf, 0x50, 0x0, 0x4f, 0xfa, 0x5, 0xff, 0xdb,
    0xdf, 0x9f, 0xa0, 0x4, 0xbf, 0xfc, 0x44, 0xfa,

    /* U+00E4 "ä" */
    0x0, 0x6, 0x30, 0x3, 0x60, 0x0, 0x7, 0xfe,
    0x0, 0xef, 0x70, 0x0, 0x4f, 0xa0, 0xa, 0xf3,
    0x0, 0x0, 0x0, 0x0, 0x0, 0x0, 0x0, 0x0,
    0x0, 0x0, 0x0, 0x0, 0x0, 0x7c, 0xef, 0xd8,
    0x0, 0x0, 0xcf, 0xfc, 0xbe, 0xfc, 0x0, 0x7f,
    0xc1, 0x0, 0xc, 0xf6, 0x0, 0x21, 0x0, 0x0,
    0x5f, 0x90, 0x0, 0x0, 0x0, 0x29, 0xfa, 0x0,
    0x28, 0xce, 0xff, 0xff, 0xa0, 0x5f, 0xfd, 0x97,
    0x55, 0xfa, 0xe, 0xf5, 0x0, 0x0, 0x4f, 0xa0,
    0xff, 0x0, 0x0, 0x8, 0xfa, 0xd, 0xf5, 0x0,
    0x4, 0xff, 0xa0, 0x5f, 0xfd, 0xbd, 0xf9, 0xfa,
    0x0, 0x4b, 0xff, 0xc4, 0x4f, 0xa0,

    /* U+00E5 "å" */
    0x0, 0x0, 0x0, 0x0, 0x0, 0x0, 0x0, 0x9,
    0xff, 0x90, 0x0, 0x0, 0x8, 0xf6, 0x6f, 0x80,
    0x0, 0x0, 0xcb, 0x0, 0xbc, 0x0, 0x0, 0xa,
    0xe3, 0x3e, 0x90, 0x0, 0x0, 0x1c, 0xff, 0xc1,
    0x0, 0x0, 0x0, 0x2, 0x20, 0x0, 0x0, 0x0,
    0x7c, 0xef, 0xd8, 0x0, 0x0, 0xcf, 0xfc, 0xbe,
    0xfc, 0x0, 0x7f, 0xc1, 0x0, 0xc, 0xf6, 0x0,
    0x21, 0x0, 0x0, 0x5f, 0x90, 0x0, 0x0, 0x0,
    0x29, 0xfa, 0x0, 0x28, 0xce, 0xff, 0xff, 0xa0,
    0x5f, 0xfd, 0x97, 0x55, 0xfa, 0xe, 0xf5, 0x0,
    0x0, 0x4f, 0xa0, 0xff, 0x0, 0x0, 0x8, 0xfa,
    0xd, 0xf5, 0x0, 0x4, 0xff, 0xa0, 0x5f, 0xfd,
    0xbd, 0xf9, 0xfa, 0x0, 0x4b, 0xff, 0xc4, 0x4f,
    0xa0,

    /* U+00E6 "æ" */
    0x0, 0x7, 0xce, 0xfd, 0x70, 0x6, 0xcf, 0xfc,
    0x50, 0x0, 0x0, 0xcf, 0xfc, 0xbe, 0xfa, 0x9f,
    0xeb, 0xcf, 0xf9, 0x0, 0x7, 0xfc, 0x10, 0x0,
    0xcf, 0xfa, 0x0, 0x2, 0xdf, 0x50, 0x0, 0x21,
    0x0, 0x0, 0x5f, 0xd0, 0x0, 0x0, 0x3f, 0xc0,
    0x0, 0x0, 0x0, 0x0, 0x4f, 0x80, 0x0, 0x0,
    0xf, 0xf0, 0x0, 0x29, 0xdf, 0xff, 0xff, 0xff,
    0xff, 0xff, 0xff, 0xf1, 0x5, 0xff, 0xdb, 0x99,
    0xbf, 0xc9, 0x99, 0x99, 0x99, 0x91, 0xd, 0xf6,
    0x0, 0x0, 0x4f, 0x90, 0x0, 0x0, 0x0, 0x0,
    0xf, 0xf0, 0x0, 0x0, 0x8f, 0xe0, 0x0, 0x0,
    0x5, 0x10, 0xd, 0xf5, 0x0, 0x5, 0xff, 0xfb,
    0x10, 0x0, 0xaf, 0xa0, 0x5, 0xff, 0xdb, 0xef,
    0xd2, 0xbf, 0xfd, 0xcf, 0xfd, 0x10, 0x0, 0x4b,
    0xff, 0xd7, 0x0, 0x6, 0xcf, 0xfd, 0x71, 0x0,

    /* U+00E7 "ç" */
    0x0, 0x29, 0xdf, 0xea, 0x30, 0x0, 0x3e, 0xfe,
    0xbd, 0xff, 0x50, 0xe, 0xf7, 0x0, 0x4, 0xff,
    0x16, 0xfa, 0x0, 0x0, 0x6, 0x71, 0xbf, 0x40,
    0x0, 0x0, 0x0, 0xd, 0xf1, 0x0, 0x0, 0x0,
    0x0, 0xdf, 0x10, 0x0, 0x0, 0x0, 0xb, 0xf4,
    0x0, 0x0, 0x0, 0x0, 0x6f, 0xa0, 0x0, 0x0,
    0x79, 0x21, 0xef, 0x70, 0x0, 0x4f, 0xf1, 0x3,
    0xef, 0xeb, 0xdf, 0xf5, 0x0, 0x2, 0x9d, 0xff,
    0xa3, 0x0, 0x0, 0x0, 0x1f, 0x61, 0x0, 0x0,
    0x0, 0x1, 0x9c, 0xe0, 0x0, 0x0, 0x0, 0x12,
    0x8f, 0x10, 0x0, 0x0, 0x9, 0xfe, 0x80, 0x0,

    /* U+00E8 "è" */
    0x0, 0x1e, 0xf1, 0x0, 0x0, 0x0, 0x0, 0x5f,
    0x80, 0x0, 0x0, 0x0, 0x0, 0xbf, 0x10, 0x0,
    0x0, 0x0, 0x0, 0x10, 0x0, 0x0, 0x0, 0x0,
    0x0, 0x0, 0x0, 0x0, 0x2, 0x9d, 0xfe, 0xa2,
    0x0, 0x3, 0xef, 0xdb, 0xdf, 0xf4, 0x0, 0xef,
    0x50, 0x0, 0x6f, 0xe0, 0x6f, 0x80, 0x0, 0x0,
    0xaf, 0x6b, 0xf2, 0x0, 0x0, 0x5, 0xfa, 0xdf,
    0xff, 0xff, 0xff, 0xff, 0xbd, 0xfa, 0x99, 0x99,
    0x99, 0x97, 0xbf, 0x30, 0x0, 0x0, 0x0, 0x7,
    0xf9, 0x0, 0x0, 0x2, 0x30, 0x1e, 0xf6, 0x0,
    0x2, 0xdf, 0x50, 0x3e, 0xfe, 0xbc, 0xff, 0x90,
    0x0, 0x29, 0xdf, 0xeb, 0x50, 0x0,

    /* U+00E9 "é" */
    0x0, 0x0, 0x1, 0xfe, 0x10, 0x0, 0x0, 0x0,
    0x8f, 0x60, 0x0, 0x0, 0x0, 0xe, 0xc0, 0x0,
    0x0, 0x0, 0x2, 0x82, 0x0, 0x0, 0x0, 0x0,
    0x0, 0x0, 0x0, 0x0, 0x2, 0x9d, 0xfe, 0xa2,
    0x0, 0x3, 0xef, 0xdb, 0xdf, 0xf4, 0x0, 0xef,
    0x50, 0x0, 0x6f, 0xe0, 0x6f, 0x80, 0x0, 0x0,
    0xaf, 0x6b, 0xf2, 0x0, 0x0, 0x5, 0xfa, 0xdf,
    0xff, 0xff, 0xff, 0xff, 0xbd, 0xfa, 0x99, 0x99,
    0x99, 0x97, 0xbf, 0x30, 0x0, 0x0, 0x0, 0x7,
    0xf9, 0x0, 0x0, 0x2, 0x30, 0x1e, 0xf6, 0x0,
    0x2, 0xdf, 0x50, 0x3e, 0xfe, 0xbc, 0xff, 0x90,
    0x0, 0x29, 0xdf, 0xeb, 0x50, 0x0,

    /* U+00EA "ê" */
    0x0, 0x0, 0xdf, 0xc0, 0x0, 0x0, 0x0, 0xbf,
    0x6f, 0xa0, 0x0, 0x0, 0x9f, 0x50, 0x6f, 0x70,
    0x0, 0x0, 0x0, 0x0, 0x0, 0x0, 0x0, 0x0,
    0x0, 0x0, 0x0, 0x0, 0x2, 0x9d, 0xfe, 0xa2,
    0x0, 0x3, 0xef, 0xdb, 0xdf, 0xf4, 0x0, 0xef,
    0x50, 0x0, 0x6f, 0xe0, 0x6f, 0x80, 0x0, 0x0,
    0xaf, 0x6b, 0xf2, 0x0, 0x0, 0x5, 0xfa, 0xdf,
    0xff, 0xff, 0xff, 0xff, 0xbd, 0xfa, 0x99, 0x99,
    0x99, 0x97, 0xbf, 0x30, 0x0, 0x0, 0x0, 0x7,
    0xf9, 0x0, 0x0, 0x2, 0x30, 0x1e, 0xf6, 0x0,
    0x2, 0xdf, 0x50, 0x3e, 0xfe, 0xbc, 0xff, 0x90,
    0x0, 0x29, 0xdf, 0xeb, 0x50, 0x0,

    /* U+00EB "ë" */
    0x0, 0x36, 0x0, 0x6, 0x30, 0x0, 0xf, 0xf6,
    0x7, 0xfe, 0x0, 0x0, 0xbe, 0x30, 0x3f, 0xa0,
    0x0, 0x0, 0x0, 0x0, 0x0, 0x0, 0x0, 0x0,
    0x0, 0x0, 0x0, 0x0, 0x2, 0x9d, 0xfe, 0xa2,
    0x0, 0x3, 0xef, 0xdb, 0xdf, 0xf4, 0x0, 0xef,
    0x50, 0x0, 0x6f, 0xe0, 0x6f, 0x80, 0x0, 0x0,
    0xaf, 0x6b, 0xf2, 0x0, 0x0, 0x5, 0xfa, 0xdf,
    0xff, 0xff, 0xff, 0xff, 0xbd, 0xfa, 0x99, 0x99,
    0x99, 0x97, 0xbf, 0x30, 0x0, 0x0, 0x0, 0x7,
    0xf9, 0x0, 0x0, 0x2, 0x30, 0x1e, 0xf6, 0x0,
    0x2, 0xdf, 0x50, 0x3e, 0xfe, 0xbc, 0xff, 0x90,
    0x0, 0x29, 0xdf, 0xeb, 0x50, 0x0,

    /* U+00EC "ì" */
    0x1, 0x10, 0x0, 0xbf, 0x40, 0x2, 0xfc, 0x0,
    0x6, 0xf4, 0x0, 0x0, 0x0, 0x4, 0xfa, 0x0,
    0x4f, 0xa0, 0x4, 0xfa, 0x0, 0x4f, 0xa0, 0x4,
    0xfa, 0x0, 0x4f, 0xa0, 0x4, 0xfa, 0x0, 0x4f,
    0xa0, 0x4, 0xfa, 0x0, 0x4f, 0xa0, 0x4, 0xfa,
    0x0, 0x4f, 0xa0,

    /* U+00ED "í" */
    0x0, 0x68, 0x20, 0x2f, 0xc0, 0xa, 0xf2, 0x0,
    0x74, 0x0, 0x0, 0x0, 0x4, 0xfa, 0x0, 0x4f,
    0xa0, 0x4, 0xfa, 0x0, 0x4f, 0xa0, 0x4, 0xfa,
    0x0, 0x4f, 0xa0, 0x4, 0xfa, 0x0, 0x4f, 0xa0,
    0x4, 0xfa, 0x0, 0x4f, 0xa0, 0x4, 0xfa, 0x0,
    0x4f, 0xa0, 0x0,

    /* U+00EE "î" */
    0x0, 0x38, 0x60, 0x0, 0x2, 0xfd, 0xf6, 0x0,
    0x1e, 0xd1, 0x9f, 0x40, 0x58, 0x20, 0x7, 0x70,
    0x0, 0x0, 0x0, 0x0, 0x0, 0x4f, 0xa0, 0x0,
    0x0, 0x4f, 0xa0, 0x0, 0x0, 0x4f, 0xa0, 0x0,
    0x0, 0x4f, 0xa0, 0x0, 0x0, 0x4f, 0xa0, 0x0,
    0x0, 0x4f, 0xa0, 0x0, 0x0, 0x4f, 0xa0, 0x0,
    0x0, 0x4f, 0xa0, 0x0, 0x0, 0x4f, 0xa0, 0x0,
    0x0, 0x4f, 0xa0, 0x0, 0x0, 0x4f, 0xa0, 0x0,
    0x0, 0x4f, 0xa0, 0x0,

    /* U+00EF "ï" */
    0x27, 0x10, 0x5, 0x40, 0xcf, 0x90, 0x4f, 0xf2,
    0x8f, 0x50, 0x1e, 0xd0, 0x0, 0x0, 0x0, 0x0,
    0x0, 0x0, 0x0, 0x0, 0x0, 0x4f, 0xa0, 0x0,
    0x0, 0x4f, 0xa0, 0x0, 0x0, 0x4f, 0xa0, 0x0,
    0x0, 0x4f, 0xa0, 0x0, 0x0, 0x4f, 0xa0, 0x0,
    0x0, 0x4f, 0xa0, 0x0, 0x0, 0x4f, 0xa0, 0x0,
    0x0, 0x4f, 0xa0, 0x0, 0x0, 0x4f, 0xa0, 0x0,
    0x0, 0x4f, 0xa0, 0x0, 0x0, 0x4f, 0xa0, 0x0,
    0x0, 0x4f, 0xa0, 0x0,

    /* U+00F0 "ð" */
    0x0, 0x1, 0x0, 0x0, 0x0, 0x0, 0x2, 0xf8,
    0x0, 0x7, 0x0, 0x0, 0x1a, 0xfd, 0x8e, 0xe2,
    0x0, 0x0, 0x1c, 0xff, 0x90, 0x0, 0x0, 0x5f,
    0xd7, 0xee, 0x10, 0x0, 0x2, 0x50, 0x2, 0xfb,
    0x0, 0x0, 0x4, 0x88, 0x37, 0xf4, 0x0, 0x1c,
    0xff, 0xff, 0x8d, 0xc0, 0xc, 0xfa, 0x20, 0x3c,
    0xef, 0x25, 0xfc, 0x0, 0x0, 0xe, 0xf7, 0xaf,
    0x50, 0x0, 0x0, 0x7f, 0x9c, 0xf1, 0x0, 0x0,
    0x4, 0xfa, 0xdf, 0x10, 0x0, 0x0, 0x3f, 0xab,
    0xf3, 0x0, 0x0, 0x5, 0xf8, 0x7f, 0x90, 0x0,
    0x0, 0xaf, 0x41, 0xef, 0x50, 0x0, 0x6f, 0xc0,
    0x4, 0xff, 0xdb, 0xdf, 0xe2, 0x0, 0x2, 0xae,
    0xfd, 0x91, 0x0,

    /* U+00F1 "ñ" */
    0x0, 0x1d, 0xe8, 0x2d, 0x80, 0x0, 0x7, 0xe7,
    0xdf, 0xf3, 0x0, 0x0, 0x23, 0x0, 0x21, 0x0,
    0x0, 0x0, 0x0, 0x0, 0x0, 0x0, 0x4f, 0x91,
    0xae, 0xfd, 0x60, 0x4, 0xfa, 0xed, 0xab, 0xff,
    0x70, 0x4f, 0xf8, 0x0, 0x5, 0xff, 0x4, 0xfd,
    0x0, 0x0, 0xc, 0xf3, 0x4f, 0xa0, 0x0, 0x0,
    0xaf, 0x44, 0xfa, 0x0, 0x0, 0xa, 0xf4, 0x4f,
    0xa0, 0x0, 0x0, 0xaf, 0x44, 0xfa, 0x0, 0x0,
    0xa, 0xf4, 0x4f, 0xa0, 0x0, 0x0, 0xaf, 0x44,
    0xfa, 0x0, 0x0, 0xa, 0xf4, 0x4f, 0xa0, 0x0,
    0x0, 0xaf, 0x44, 0xfa, 0x0, 0x0, 0xa, 0xf4,

    /* U+00F2 "ò" */
    0x0, 0xd, 0xf2, 0x0, 0x0, 0x0, 0x0, 0x4,
    0xfa, 0x0, 0x0, 0x0, 0x0, 0x0, 0x9f, 0x20,
    0x0, 0x0, 0x0, 0x0, 0x1, 0x0, 0x0, 0x0,
    0x0, 0x0, 0x0, 0x0, 0x0, 0x0, 0x0, 0x29,
    0xdf, 0xea, 0x30, 0x0, 0x3, 0xef, 0xeb, 0xdf,
    0xf6, 0x0, 0xe, 0xf7, 0x0, 0x5, 0xff, 0x20,
    0x6f, 0xa0, 0x0, 0x0, 0x7f, 0x90, 0xbf, 0x40,
    0x0, 0x0, 0x1f, 0xe0, 0xdf, 0x10, 0x0, 0x0,
    0xe, 0xf0, 0xdf, 0x10, 0x0, 0x0, 0xe, 0xf0,
    0xbf, 0x40, 0x0, 0x0, 0x1f, 0xe0, 0x6f, 0xa0,
    0x0, 0x0, 0x7f, 0xa0, 0x1e, 0xf7, 0x0, 0x4,
    0xff, 0x20, 0x3, 0xef, 0xeb, 0xdf, 0xf6, 0x0,
    0x0, 0x29, 0xdf, 0xea, 0x30, 0x0,

    /* U+00F3 "ó" */
    0x0, 0x0, 0x0, 0xef, 0x20, 0x0, 0x0, 0x0,
    0x6, 0xf8, 0x0, 0x0, 0x0, 0x0, 0xd, 0xd0,
    0x0, 0x0, 0x0, 0x0, 0x18, 0x30, 0x0, 0x0,
    0x0, 0x0, 0x0, 0x0, 0x0, 0x0, 0x0, 0x29,
    0xdf, 0xea, 0x30, 0x0, 0x3, 0xef, 0xeb, 0xdf,
    0xf6, 0x0, 0xe, 0xf7, 0x0, 0x5, 0xff, 0x20,
    0x6f, 0xa0, 0x0, 0x0, 0x7f, 0x90, 0xbf, 0x40,
    0x0, 0x0, 0x1f, 0xe0, 0xdf, 0x10, 0x0, 0x0,
    0xe, 0xf0, 0xdf, 0x10, 0x0, 0x0, 0xe, 0xf0,
    0xbf, 0x40, 0x0, 0x0, 0x1f, 0xe0, 0x6f, 0xa0,
    0x0, 0x0, 0x7f, 0xa0, 0x1e, 0xf7, 0x0, 0x4,
    0xff, 0x20, 0x3, 0xef, 0xeb, 0xdf, 0xf6, 0x0,
    0x0, 0x29, 0xdf, 0xea, 0x30, 0x0,

    /* U+00F4 "ô" */
    0x0, 0x0, 0xcf, 0xd1, 0x0, 0x0, 0x0, 0xa,
    0xf6, 0xfb, 0x0, 0x0, 0x0, 0x8f, 0x60, 0x4f,
    0x90, 0x0, 0x0, 0x0, 0x0, 0x0, 0x0, 0x0,
    0x0, 0x0, 0x0, 0x0, 0x0, 0x0, 0x0, 0x29,
    0xdf, 0xea, 0x30, 0x0, 0x3, 0xef, 0xeb, 0xdf,
    0xf6, 0x0, 0xe, 0xf7, 0x0, 0x5, 0xff, 0x20,
    0x6f, 0xa0, 0x0, 0x0, 0x7f, 0x90, 0xbf, 0x40,
    0x0, 0x0, 0x1f, 0xe0, 0xdf, 0x10, 0x0, 0x0,
    0xe, 0xf0, 0xdf, 0x10, 0x0, 0x0, 0xe, 0xf0,
    0xbf, 0x40, 0x0, 0x0, 0x1f, 0xe0, 0x6f, 0xa0,
    0x0, 0x0, 0x7f, 0xa0, 0x1e, 0xf7, 0x0, 0x4,
    0xff, 0x20, 0x3, 0xef, 0xeb, 0xdf, 0xf6, 0x0,
    0x0, 0x29, 0xdf, 0xea, 0x30, 0x0,

    /* U+00F5 "õ" */
    0x0, 0x1c, 0xe9, 0x3c, 0xa0, 0x0, 0x0, 0x6f,
    0x7c, 0xff, 0x40, 0x0, 0x0, 0x23, 0x0, 0x22,
    0x0, 0x0, 0x0, 0x0, 0x0, 0x0, 0x0, 0x0,
    0x0, 0x29, 0xdf, 0xea, 0x30, 0x0, 0x3, 0xef,
    0xeb, 0xdf, 0xf6, 0x0, 0xe, 0xf7, 0x0, 0x5,
    0xff, 0x20, 0x6f, 0xa0, 0x0, 0x0, 0x7f, 0x90,
    0xbf, 0x40, 0x0, 0x0, 0x1f, 0xe0, 0xdf, 0x10,
    0x0, 0x0, 0xe, 0xf0, 0xdf, 0x10, 0x0, 0x0,
    0xe, 0xf0, 0xbf, 0x40, 0x0, 0x0, 0x1f, 0xe0,
    0x6f, 0xa0, 0x0, 0x0, 0x7f, 0xa0, 0x1e, 0xf7,
    0x0, 0x4, 0xff, 0x20, 0x3, 0xef, 0xeb, 0xdf,
    0xf6, 0x0, 0x0, 0x29, 0xdf, 0xea, 0x30, 0x0,

    /* U+00F6 "ö" */
    0x0, 0x26, 0x0, 0x6, 0x40, 0x0, 0x0, 0xdf,
    0x80, 0x5f, 0xf1, 0x0, 0x0, 0x9f, 0x40, 0x2e,
    0xc0, 0x0, 0x0, 0x0, 0x0, 0x0, 0x0, 0x0,
    0x0, 0x0, 0x0, 0x0, 0x0, 0x0, 0x0, 0x29,
    0xdf, 0xea, 0x30, 0x0, 0x3, 0xef, 0xeb, 0xdf,
    0xf6, 0x0, 0xe, 0xf7, 0x0, 0x5, 0xff, 0x20,
    0x6f, 0xa0, 0x0, 0x0, 0x7f, 0x90, 0xbf, 0x40,
    0x0, 0x0, 0x1f, 0xe0, 0xdf, 0x10, 0x0, 0x0,
    0xe, 0xf0, 0xdf, 0x10, 0x0, 0x0, 0xe, 0xf0,
    0xbf, 0x40, 0x0, 0x0, 0x1f, 0xe0, 0x6f, 0xa0,
    0x0, 0x0, 0x7f, 0xa0, 0x1e, 0xf7, 0x0, 0x4,
    0xff, 0x20, 0x3, 0xef, 0xeb, 0xdf, 0xf6, 0x0,
    0x0, 0x29, 0xdf, 0xea, 0x30, 0x0,

    /* U+00F7 "÷" */
    0x0, 0x0, 0xbe, 0x40, 0x0, 0x0, 0x0, 0x1f,
    0xfa, 0x0, 0x0, 0x0, 0x0, 0x8b, 0x20, 0x0,
    0x0, 0x0, 0x0, 0x0, 0x0, 0x0, 0x9c, 0xcc,
    0xcc, 0xcc, 0xcc, 0x4c, 0xff, 0xff, 0xff, 0xff,
    0xf5, 0x0, 0x0, 0x0, 0x0, 0x0, 0x0, 0x0,
    0x0, 0x0, 0x0, 0x0, 0x0, 0x0, 0xbe, 0x40,
    0x0, 0x0, 0x0, 0x1f, 0xfa, 0x0, 0x0, 0x0,
    0x0, 0x8b, 0x20, 0x0, 0x0,

    /* U+00F8 "ø" */
    0x0, 0x0, 0x0, 0x0, 0x0, 0x1, 0x0, 0x0,
    0x29, 0xdf, 0xea, 0x39, 0xe1, 0x0, 0x3e, 0xfe,
    0xbd, 0xff, 0xf8, 0x0, 0xe, 0xf7, 0x0, 0xa,
    0xff, 0x20, 0x6, 0xfa, 0x0, 0x3, 0xff, 0xf9,
    0x0, 0xbf, 0x40, 0x2, 0xed, 0x2f, 0xe0, 0xd,
    0xf1, 0x1, 0xde, 0x20, 0xef, 0x0, 0xdf, 0x10,
    0xbf, 0x30, 0xe, 0xf0, 0xb, 0xf4, 0xaf, 0x50,
    0x1, 0xfe, 0x0, 0x6f, 0xff, 0x70, 0x0, 0x7f,
    0xa0, 0x1, 0xff, 0xf0, 0x0, 0x4f, 0xf2, 0x0,
    0x4f, 0xff, 0xeb, 0xdf, 0xf6, 0x0, 0xd, 0xd3,
    0x9d, 0xfe, 0xa3, 0x0, 0x0, 0x11, 0x0, 0x0,
    0x0, 0x0, 0x0,

    /* U+00F9 "ù" */
    0x0, 0x1e, 0xf1, 0x0, 0x0, 0x0, 0x0, 0x5f,
    0x80, 0x0, 0x0, 0x0, 0x0, 0xaf, 0x10, 0x0,
    0x0, 0x0, 0x0, 0x10, 0x0, 0x0, 0x0, 0x0,
    0x0, 0x0, 0x0, 0x4, 0xfa, 0x0, 0x0, 0xa,
    0xf5, 0x4f, 0xa0, 0x0, 0x0, 0xaf, 0x54, 0xfa,
    0x0, 0x0, 0xa, 0xf5, 0x4f, 0xa0, 0x0, 0x0,
    0xaf, 0x54, 0xfa, 0x0, 0x0, 0xa, 0xf5, 0x4f,
    0xa0, 0x0, 0x0, 0xaf, 0x54, 0xfa, 0x0, 0x0,
    0xa, 0xf5, 0x4f, 0xa0, 0x0, 0x0, 0xbf, 0x53,
    0xfd, 0x0, 0x0, 0xe, 0xf5, 0xf, 0xf7, 0x0,
    0xa, 0xff, 0x50, 0x7f, 0xfd, 0xce, 0xd9, 0xf5,
    0x0, 0x6d, 0xfe, 0xa1, 0x9f, 0x50,

    /* U+00FA "ú" */
    0x0, 0x0, 0x0, 0x77, 0x10, 0x0, 0x0, 0x0,
    0x5f, 0x90, 0x0, 0x0, 0x0, 0xd, 0xd0, 0x0,
    0x0, 0x0, 0x1, 0x83, 0x0, 0x0, 0x0, 0x0,
    0x0, 0x0, 0x0, 0x4, 0xfa, 0x0, 0x0, 0xa,
    0xf5, 0x4f, 0xa0, 0x0, 0x0, 0xaf, 0x54, 0xfa,
    0x0, 0x0, 0xa, 0xf5, 0x4f, 0xa0, 0x0, 0x0,
    0xaf, 0x54, 0xfa, 0x0, 0x0, 0xa, 0xf5, 0x4f,
    0xa0, 0x0, 0x0, 0xaf, 0x54, 0xfa, 0x0, 0x0,
    0xa, 0xf5, 0x4f, 0xa0, 0x0, 0x0, 0xbf, 0x53,
    0xfd, 0x0, 0x0, 0xe, 0xf5, 0xf, 0xf7, 0x0,
    0xa, 0xff, 0x50, 0x7f, 0xfd, 0xce, 0xd9, 0xf5,
    0x0, 0x6d, 0xfe, 0xa1, 0x9f, 0x50,

    /* U+00FB "û" */
    0x0, 0x0, 0x58, 0x50, 0x0, 0x0, 0x0, 0x7f,
    0xaf, 0x60, 0x0, 0x0, 0x8f, 0x70, 0x7f, 0x70,
    0x0, 0x0, 0x0, 0x0, 0x0, 0x0, 0x0, 0x0,
    0x0, 0x0, 0x0, 0x4, 0xfa, 0x0, 0x0, 0xa,
    0xf5, 0x4f, 0xa0, 0x0, 0x0, 0xaf, 0x54, 0xfa,
    0x0, 0x0, 0xa, 0xf5, 0x4f, 0xa0, 0x0, 0x0,
    0xaf, 0x54, 0xfa, 0x0, 0x0, 0xa, 0xf5, 0x4f,
    0xa0, 0x0, 0x0, 0xaf, 0x54, 0xfa, 0x0, 0x0,
    0xa, 0xf5, 0x4f, 0xa0, 0x0, 0x0, 0xbf, 0x53,
    0xfd, 0x0, 0x0, 0xe, 0xf5, 0xf, 0xf7, 0x0,
    0xa, 0xff, 0x50, 0x7f, 0xfd, 0xce, 0xd9, 0xf5,
    0x0, 0x6d, 0xfe, 0xa1, 0x9f, 0x50,

    /* U+00FC "ü" */
    0x0, 0x36, 0x0, 0x6, 0x30, 0x0, 0xf, 0xf6,
    0x6, 0xff, 0x0, 0x0, 0xbf, 0x30, 0x3f, 0xb0,
    0x0, 0x0, 0x0, 0x0, 0x0, 0x0, 0x0, 0x0,
    0x0, 0x0, 0x0, 0x4, 0xfa, 0x0, 0x0, 0xa,
    0xf5, 0x4f, 0xa0, 0x0, 0x0, 0xaf, 0x54, 0xfa,
    0x0, 0x0, 0xa, 0xf5, 0x4f, 0xa0, 0x0, 0x0,
    0xaf, 0x54, 0xfa, 0x0, 0x0, 0xa, 0xf5, 0x4f,
    0xa0, 0x0, 0x0, 0xaf, 0x54, 0xfa, 0x0, 0x0,
    0xa, 0xf5, 0x4f, 0xa0, 0x0, 0x0, 0xbf, 0x53,
    0xfd, 0x0, 0x0, 0xe, 0xf5, 0xf, 0xf7, 0x0,
    0xa, 0xff, 0x50, 0x7f, 0xfd, 0xce, 0xd9, 0xf5,
    0x0, 0x6d, 0xfe, 0xa1, 0x9f, 0x50,

    /* U+00FD "ý" */
    0x0, 0x0, 0x0, 0x6f, 0xa0, 0x0, 0x0, 0x0,
    0x0, 0xee, 0x10, 0x0, 0x0, 0x0, 0x6, 0xf4,
    0x0, 0x0, 0x0, 0x0, 0x0, 0x0, 0x0, 0x0,
    0x0, 0x0, 0x0, 0x0, 0x0, 0x0, 0x3f, 0xe0,
    0x0, 0x0, 0x8, 0xf9, 0xd, 0xf4, 0x0, 0x0,
    0xe, 0xf2, 0x6, 0xfa, 0x0, 0x0, 0x4f, 0xc0,
    0x1, 0xff, 0x0, 0x0, 0xaf, 0x60, 0x0, 0xaf,
    0x50, 0x0, 0xff, 0x0, 0x0, 0x4f, 0xb0, 0x6,
    0xf9, 0x0, 0x0, 0xd, 0xf1, 0xc, 0xf3, 0x0,
    0x0, 0x7, 0xf7, 0x1f, 0xd0, 0x0, 0x0, 0x1,
    0xfc, 0x7f, 0x60, 0x0, 0x0, 0x0, 0xaf, 0xcf,
    0x0, 0x0, 0x0, 0x0, 0x4f, 0xfa, 0x0, 0x0,
    0x0, 0x0, 0xe, 0xf3, 0x0, 0x0, 0x0, 0x0,
    0x2f, 0xd0, 0x0, 0x0, 0x0, 0x0, 0xaf, 0x60,
    0x0, 0x0, 0x1, 0xbc, 0xfd, 0x0, 0x0, 0x0,
    0x5, 0xfe, 0xa1, 0x0, 0x0, 0x0,

    /* U+00FE "þ" */
    0x4f, 0xa0, 0x0, 0x0, 0x0, 0x0, 0x4f, 0xa0,
    0x0, 0x0, 0x0, 0x0, 0x4f, 0xa0, 0x0, 0x0,
    0x0, 0x0, 0x4f, 0xa0, 0x0, 0x0, 0x0, 0x0,
    0x4f, 0xa1, 0x9e, 0xfd, 0x70, 0x0, 0x4f, 0xac,
    0xfc, 0xcf, 0xfb, 0x0, 0x4f, 0xfc, 0x10, 0x1,
    0xdf, 0x80, 0x4f, 0xf2, 0x0, 0x0, 0x2f, 0xe0,
    0x4f, 0xc0, 0x0, 0x0, 0xc, 0xf3, 0x4f, 0xa0,
    0x0, 0x0, 0xa, 0xf4, 0x4f, 0xa0, 0x0, 0x0,
    0xa, 0xf4, 0x4f, 0xd0, 0x0, 0x0, 0xd, 0xf3,
    0x4f, 0xf3, 0x0, 0x0, 0x3f, 0xe0, 0x4f, 0xfc,
    0x10, 0x2, 0xdf, 0x70, 0x4f, 0xac, 0xfc, 0xcf,
    0xfb, 0x0, 0x4f, 0xa1, 0x9e, 0xfd, 0x70, 0x0,
    0x4f, 0xa0, 0x0, 0x0, 0x0, 0x0, 0x4f, 0xa0,
    0x0, 0x0, 0x0, 0x0, 0x4f, 0xa0, 0x0, 0x0,
    0x0, 0x0, 0x4f, 0xa0, 0x0, 0x0, 0x0, 0x0,

    /* U+00FF "ÿ" */
    0x0, 0x5, 0x40, 0x2, 0x71, 0x0, 0x0, 0x4f,
    0xf2, 0xb, 0xfa, 0x0, 0x0, 0x1e, 0xd0, 0x7,
    0xf6, 0x0, 0x0, 0x0, 0x0, 0x0, 0x0, 0x0,
    0x0, 0x0, 0x0, 0x0, 0x0, 0x0, 0x3f, 0xe0,
    0x0, 0x0, 0x8, 0xf9, 0xd, 0xf4, 0x0, 0x0,
    0xe, 0xf2, 0x6, 0xfa, 0x0, 0x0, 0x4f, 0xc0,
    0x1, 0xff, 0x0, 0x0, 0xaf, 0x60, 0x0, 0xaf,
    0x50, 0x0, 0xff, 0x0, 0x0, 0x4f, 0xb0, 0x6,
    0xf9, 0x0, 0x0, 0xd, 0xf1, 0xc, 0xf3, 0x0,
    0x0, 0x7, 0xf7, 0x1f, 0xd0, 0x0, 0x0, 0x1,
    0xfc, 0x7f, 0x60, 0x0, 0x0, 0x0, 0xaf, 0xcf,
    0x0, 0x0, 0x0, 0x0, 0x4f, 0xfa, 0x0, 0x0,
    0x0, 0x0, 0xe, 0xf3, 0x0, 0x0, 0x0, 0x0,
    0x2f, 0xd0, 0x0, 0x0, 0x0, 0x0, 0xaf, 0x60,
    0x0, 0x0, 0x1, 0xbc, 0xfd, 0x0, 0x0, 0x0,
    0x5, 0xfe, 0xa1, 0x0, 0x0, 0x0,

    /* U+0100 "Ā" */
    0x0, 0x0, 0x6f, 0xff, 0xff, 0x90, 0x0, 0x0,
    0x0, 0x3, 0x88, 0x88, 0x84, 0x0, 0x0, 0x0,
    0x0, 0x0, 0x0, 0x0, 0x0, 0x0, 0x0, 0x0,
    0x0, 0x0, 0x0, 0x0, 0x0, 0x0, 0x0, 0x0,
    0x0, 0xcf, 0xe0, 0x0, 0x0, 0x0, 0x0, 0x0,
    0x2f, 0xff, 0x40, 0x0, 0x0, 0x0, 0x0, 0x8,
    0xf8, 0xfa, 0x0, 0x0, 0x0, 0x0, 0x0, 0xef,
    0xe, 0xf0, 0x0, 0x0, 0x0, 0x0, 0x4f, 0xb0,
    0x9f, 0x60, 0x0, 0x0, 0x0, 0xa, 0xf6, 0x5,
    0xfc, 0x0, 0x0, 0x0, 0x0, 0xff, 0x10, 0xf,
    0xf2, 0x0, 0x0, 0x0, 0x5f, 0xc0, 0x0, 0xaf,
    0x70, 0x0, 0x0, 0xb, 0xf6, 0x0, 0x4, 0xfd,
    0x0, 0x0, 0x1, 0xff, 0x10, 0x0, 0xe, 0xf3,
    0x0, 0x0, 0x7f, 0xff, 0xff, 0xff, 0xff, 0x90,
    0x0, 0xc, 0xfd, 0xcc, 0xcc, 0xcc, 0xfe, 0x0,
    0x2, 0xff, 0x0, 0x0, 0x0, 0xd, 0xf5, 0x0,
    0x8f, 0xa0, 0x0, 0x0, 0x0, 0x7f, 0xb0, 0xe,
    0xf4, 0x0, 0x0, 0x0, 0x1, 0xff, 0x14, 0xfe,
    0x0, 0x0, 0x0, 0x0, 0xb, 0xf7,

    /* U+0101 "ā" */
    0x0, 0xf, 0xff, 0xff, 0xf0, 0x0, 0x0, 0x78,
    0x88, 0x87, 0x0, 0x0, 0x0, 0x0, 0x0, 0x0,
    0x0, 0x0, 0x0, 0x0, 0x0, 0x0, 0x0, 0x7,
    0xce, 0xfd, 0x80, 0x0, 0xc, 0xff, 0xcb, 0xef,
    0xc0, 0x7, 0xfc, 0x10, 0x0, 0xcf, 0x60, 0x2,
    0x10, 0x0, 0x5, 0xf9, 0x0, 0x0, 0x0, 0x2,
    0x9f, 0xa0, 0x2, 0x8c, 0xef, 0xff, 0xfa, 0x5,
    0xff, 0xd9, 0x75, 0x5f, 0xa0, 0xef, 0x50, 0x0,
    0x4, 0xfa, 0xf, 0xf0, 0x0, 0x0, 0x8f, 0xa0,
    0xdf, 0x50, 0x0, 0x4f, 0xfa, 0x5, 0xff, 0xdb,
    0xdf, 0x9f, 0xa0, 0x4, 0xbf, 0xfc, 0x44, 0xfa,

    /* U+0102 "Ă" */
    0x0, 0x0, 0x37, 0x0, 0x6, 0x50, 0x0, 0x0,
    0x0, 0x4, 0xf7, 0x15, 0xf7, 0x0, 0x0, 0x0,
    0x0, 0x8, 0xff, 0xfa, 0x0, 0x0, 0x0, 0x0,
    0x0, 0x1, 0x32, 0x0, 0x0, 0x0, 0x0, 0x0,
    0x0, 0x0, 0x0, 0x0, 0x0, 0x0, 0x0, 0x0,
    0xc, 0xfe, 0x0, 0x0, 0x0, 0x0, 0x0, 0x2,
    0xff, 0xf4, 0x0, 0x0, 0x0, 0x0, 0x0, 0x8f,
    0x8f, 0xa0, 0x0, 0x0, 0x0, 0x0, 0xe, 0xf0,
    0xef, 0x0, 0x0, 0x0, 0x0, 0x4, 0xfb, 0x9,
    0xf6, 0x0, 0x0, 0x0, 0x0, 0xaf, 0x60, 0x5f,
    0xc0, 0x0, 0x0, 0x0, 0xf, 0xf1, 0x0, 0xff,
    0x20, 0x0, 0x0, 0x5, 0xfc, 0x0, 0xa, 0xf7,
    0x0, 0x0, 0x0, 0xbf, 0x60, 0x0, 0x4f, 0xd0,
    0x0, 0x0, 0x1f, 0xf1, 0x0, 0x0, 0xef, 0x30,
    0x0, 0x7, 0xff, 0xff, 0xff, 0xff, 0xf9, 0x0,
    0x0, 0xcf, 0xdc, 0xcc, 0xcc, 0xcf, 0xe0, 0x0,
    0x2f, 0xf0, 0x0, 0x0, 0x0, 0xdf, 0x50, 0x8,
    0xfa, 0x0, 0x0, 0x0, 0x7, 0xfb, 0x0, 0xef,
    0x40, 0x0, 0x0, 0x0, 0x1f, 0xf1, 0x4f, 0xe0,
    0x0, 0x0, 0x0, 0x0, 0xbf, 0x70,

    /* U+0103 "ă" */
    0x0, 0x8, 0x20, 0x3, 0x80, 0x0, 0x0, 0xdc,
    0x22, 0xcd, 0x0, 0x0, 0x3, 0xef, 0xfe, 0x30,
    0x0, 0x0, 0x0, 0x33, 0x0, 0x0, 0x0, 0x0,
    0x0, 0x0, 0x0, 0x0, 0x0, 0x7c, 0xef, 0xd8,
    0x0, 0x0, 0xcf, 0xfc, 0xbe, 0xfc, 0x0, 0x7f,
    0xc1, 0x0, 0xc, 0xf6, 0x0, 0x21, 0x0, 0x0,
    0x5f, 0x90, 0x0, 0x0, 0x0, 0x29, 0xfa, 0x0,
    0x28, 0xce, 0xff, 0xff, 0xa0, 0x5f, 0xfd, 0x97,
    0x55, 0xfa, 0xe, 0xf5, 0x0, 0x0, 0x4f, 0xa0,
    0xff, 0x0, 0x0, 0x8, 0xfa, 0xd, 0xf5, 0x0,
    0x4, 0xff, 0xa0, 0x5f, 0xfd, 0xbd, 0xf9, 0xfa,
    0x0, 0x4b, 0xff, 0xc4, 0x4f, 0xa0,

    /* U+0104 "Ą" */
    0x0, 0x0, 0x0, 0xcf, 0xe0, 0x0, 0x0, 0x0,
    0x0, 0x0, 0x2, 0xfe, 0xf4, 0x0, 0x0, 0x0,
    0x0, 0x0, 0x8, 0xf6, 0xfa, 0x0, 0x0, 0x0,
    0x0, 0x0, 0xe, 0xe0, 0xdf, 0x0, 0x0, 0x0,
    0x0, 0x0, 0x4f, 0x90, 0x8f, 0x60, 0x0, 0x0,
    0x0, 0x0, 0xaf, 0x40, 0x2f, 0xc0, 0x0, 0x0,
    0x0, 0x0, 0xfe, 0x0, 0xc, 0xf2, 0x0, 0x0,
    0x0, 0x5, 0xf8, 0x0, 0x6, 0xf7, 0x0, 0x0,
    0x0, 0xb, 0xf2, 0x0, 0x1, 0xfd, 0x0, 0x0,
    0x0, 0x1f, 0xfc, 0xcc, 0xcc, 0xff, 0x30, 0x0,
    0x0, 0x7f, 0xff, 0xff, 0xff, 0xff, 0x90, 0x0,
    0x0, 0xcf, 0x20, 0x0, 0x0, 0xf, 0xe0, 0x0,
    0x2, 0xfd, 0x0, 0x0, 0x0, 0xa, 0xf5, 0x0,
    0x8, 0xf8, 0x0, 0x0, 0x0, 0x5, 0xfb, 0x0,
    0xe, 0xf3, 0x0, 0x0, 0x0, 0x0, 0xff, 0x10,
    0x4f, 0xe0, 0x0, 0x0, 0x0, 0x0, 0xcf, 0x70,
    0x0, 0x0, 0x0, 0x0, 0x0, 0x3, 0xeb, 0x10,
    0x0, 0x0, 0x0, 0x0, 0x0, 0xe, 0xe0, 0x0,
    0x0, 0x0, 0x0, 0x0, 0x0, 0x1f, 0xfa, 0xa0,
    0x0, 0x0, 0x0, 0x0, 0x0, 0x6, 0xdf, 0xc2,

    /* U+0105 "ą" */
    0x0, 0x7, 0xce, 0xfd, 0x80, 0x0, 0x0, 0xcf,
    0xfc, 0xbe, 0xfc, 0x0, 0x7, 0xfc, 0x10, 0x0,
    0xcf, 0x60, 0x0, 0x21, 0x0, 0x0, 0x5f, 0x90,
    0x0, 0x0, 0x0, 0x2, 0x9f, 0xa0, 0x0, 0x28,
    0xce, 0xff, 0xff, 0xa0, 0x5, 0xff, 0xd9, 0x75,
    0x5f, 0xa0, 0xe, 0xf5, 0x0, 0x0, 0x4f, 0xa0,
    0xf, 0xf0, 0x0, 0x0, 0x8f, 0xa0, 0xd, 0xf5,
    0x0, 0x4, 0xff, 0xa0, 0x5, 0xff, 0xdb, 0xdf,
    0x9f, 0xa0, 0x0, 0x4b, 0xff, 0xc4, 0x4f, 0xa0,
    0x0, 0x0, 0x0, 0x3, 0xeb, 0x20, 0x0, 0x0,
    0x0, 0xe, 0xf0, 0x0, 0x0, 0x0, 0x0, 0xf,
    0xfa, 0xb0, 0x0, 0x0, 0x0, 0x5, 0xdf, 0xc2,

    /* U+0106 "Ć" */
    0x0, 0x0, 0x0, 0x0, 0x77, 0x0, 0x0, 0x0,
    0x0, 0x0, 0x7, 0xf8, 0x0, 0x0, 0x0, 0x0,
    0x0, 0xe, 0xc0, 0x0, 0x0, 0x0, 0x0, 0x0,
    0x28, 0x20, 0x0, 0x0, 0x0, 0x0, 0x0, 0x0,
    0x0, 0x0, 0x0, 0x0, 0x0, 0x5b, 0xef, 0xea,
    0x40, 0x0, 0x0, 0x1c, 0xff, 0xfe, 0xff, 0xfb,
    0x0, 0x0, 0xdf, 0xc4, 0x0, 0x5, 0xdf, 0xb0,
    0x9, 0xfc, 0x0, 0x0, 0x0, 0x1e, 0xf5, 0x1f,
    0xf1, 0x0, 0x0, 0x0, 0x6, 0xfb, 0x6f, 0xa0,
    0x0, 0x0, 0x0, 0x0, 0x21, 0x8f, 0x60, 0x0,
    0x0, 0x0, 0x0, 0x0, 0xaf, 0x50, 0x0, 0x0,
    0x0, 0x0, 0x0, 0xaf, 0x50, 0x0, 0x0, 0x0,
    0x0, 0x0, 0x8f, 0x60, 0x0, 0x0, 0x0, 0x0,
    0x0, 0x6f, 0xa0, 0x0, 0x0, 0x0, 0x0, 0x21,
    0x1f, 0xf1, 0x0, 0x0, 0x0, 0x6, 0xfa, 0x9,
    0xfb, 0x0, 0x0, 0x0, 0x1e, 0xf5, 0x0, 0xdf,
    0xc4, 0x0, 0x5, 0xdf, 0xb0, 0x0, 0x1c, 0xff,
    0xfe, 0xff, 0xfb, 0x0, 0x0, 0x0, 0x5b, 0xef,
    0xea, 0x40, 0x0,

    /* U+0107 "ć" */
    0x0, 0x0, 0x0, 0xef, 0x20, 0x0, 0x0, 0x0,
    0x6f, 0x80, 0x0, 0x0, 0x0, 0xd, 0xd0, 0x0,
    0x0, 0x0, 0x1, 0x83, 0x0, 0x0, 0x0, 0x0,
    0x0, 0x0, 0x0, 0x0, 0x2, 0x9d, 0xfe, 0xa3,
    0x0, 0x3, 0xef, 0xeb, 0xdf, 0xf5, 0x0, 0xef,
    0x70, 0x0, 0x4f, 0xf1, 0x6f, 0xa0, 0x0, 0x0,
    0x67, 0x1b, 0xf4, 0x0, 0x0, 0x0, 0x0, 0xdf,
    0x10, 0x0, 0x0, 0x0, 0xd, 0xf1, 0x0, 0x0,
    0x0, 0x0, 0xbf, 0x40, 0x0, 0x0, 0x0, 0x6,
    0xfa, 0x0, 0x0, 0x7, 0x92, 0x1e, 0xf7, 0x0,
    0x4, 0xff, 0x10, 0x3e, 0xfe, 0xbd, 0xff, 0x50,
    0x0, 0x29, 0xdf, 0xea, 0x30, 0x0,

    /* U+0108 "Ĉ" */
    0x0, 0x0, 0x0, 0x68, 0x40, 0x0, 0x0, 0x0,
    0x0, 0x8, 0xfb, 0xf5, 0x0, 0x0, 0x0, 0x0,
    0x9f, 0x50, 0x8f, 0x50, 0x0, 0x0, 0x0, 0x0,
    0x0, 0x0, 0x0, 0x0, 0x0, 0x0, 0x0, 0x0,
    0x0, 0x0, 0x0, 0x0, 0x0, 0x5b, 0xef, 0xea,
    0x40, 0x0, 0x0, 0x1c, 0xff, 0xfe, 0xff, 0xfb,
    0x0, 0x0, 0xdf, 0xc4, 0x0, 0x5, 0xdf, 0xb0,
    0x9, 0xfc, 0x0, 0x0, 0x0, 0x1e, 0xf5, 0x1f,
    0xf1, 0x0, 0x0, 0x0, 0x6, 0xfb, 0x6f, 0xa0,
    0x0, 0x0, 0x0, 0x0, 0x21, 0x8f, 0x60, 0x0,
    0x0, 0x0, 0x0, 0x0, 0xaf, 0x50, 0x0, 0x0,
    0x0, 0x0, 0x0, 0xaf, 0x50, 0x0, 0x0, 0x0,
    0x0, 0x0, 0x8f, 0x60, 0x0, 0x0, 0x0, 0x0,
    0x0, 0x6f, 0xa0, 0x0, 0x0, 0x0, 0x0, 0x21,
    0x1f, 0xf1, 0x0, 0x0, 0x0, 0x6, 0xfa, 0x9,
    0xfb, 0x0, 0x0, 0x0, 0x1e, 0xf5, 0x0, 0xdf,
    0xc4, 0x0, 0x5, 0xdf, 0xb0, 0x0, 0x1c, 0xff,
    0xfe, 0xff, 0xfb, 0x0, 0x0, 0x0, 0x5b, 0xef,
    0xea, 0x40, 0x0,

    /* U+0109 "ĉ" */
    0x0, 0x0, 0xcf, 0xd1, 0x0, 0x0, 0x0, 0xaf,
    0x6f, 0xb0, 0x0, 0x0, 0x8f, 0x60, 0x4f, 0x90,
    0x0, 0x0, 0x0, 0x0, 0x0, 0x0, 0x0, 0x0,
    0x0, 0x0, 0x0, 0x0, 0x2, 0x9d, 0xfe, 0xa3,
    0x0, 0x3, 0xef, 0xeb, 0xdf, 0xf5, 0x0, 0xef,
    0x70, 0x0, 0x4f, 0xf1, 0x6f, 0xa0, 0x0, 0x0,
    0x67, 0x1b, 0xf4, 0x0, 0x0, 0x0, 0x0, 0xdf,
    0x10, 0x0, 0x0, 0x0, 0xd, 0xf1, 0x0, 0x0,
    0x0, 0x0, 0xbf, 0x40, 0x0, 0x0, 0x0, 0x6,
    0xfa, 0x0, 0x0, 0x7, 0x92, 0x1e, 0xf7, 0x0,
    0x4, 0xff, 0x10, 0x3e, 0xfe, 0xbd, 0xff, 0x50,
    0x0, 0x29, 0xdf, 0xea, 0x30, 0x0,

    /* U+010A "Ċ" */
    0x0, 0x0, 0x0, 0x27, 0x10, 0x0, 0x0, 0x0,
    0x0, 0x0, 0xdf, 0xa0, 0x0, 0x0, 0x0, 0x0,
    0x0, 0x9f, 0x60, 0x0, 0x0, 0x0, 0x0, 0x0,
    0x0, 0x0, 0x0, 0x0, 0x0, 0x0, 0x0, 0x0,
    0x0, 0x0, 0x0, 0x0, 0x0, 0x5b, 0xef, 0xea,
    0x40, 0x0, 0x0, 0x1c, 0xff, 0xfe, 0xff, 0xfb,
    0x0, 0x0, 0xdf, 0xc4, 0x0, 0x5, 0xdf, 0xb0,
    0x9, 0xfc, 0x0, 0x0, 0x0, 0x1e, 0xf5, 0x1f,
    0xf1, 0x0, 0x0, 0x0, 0x6, 0xfb, 0x6f, 0xa0,
    0x0, 0x0, 0x0, 0x0, 0x21, 0x8f, 0x60, 0x0,
    0x0, 0x0, 0x0, 0x0, 0xaf, 0x50, 0x0, 0x0,
    0x0, 0x0, 0x0, 0xaf, 0x50, 0x0, 0x0, 0x0,
    0x0, 0x0, 0x8f, 0x60, 0x0, 0x0, 0x0, 0x0,
    0x0, 0x6f, 0xa0, 0x0, 0x0, 0x0, 0x0, 0x21,
    0x1f, 0xf1, 0x0, 0x0, 0x0, 0x6, 0xfa, 0x9,
    0xfb, 0x0, 0x0, 0x0, 0x1e, 0xf5, 0x0, 0xdf,
    0xc4, 0x0, 0x5, 0xdf, 0xb0, 0x0, 0x1c, 0xff,
    0xfe, 0xff, 0xfb, 0x0, 0x0, 0x0, 0x5b, 0xef,
    0xea, 0x40, 0x0,

    /* U+010B "ċ" */
    0x0, 0x0, 0x17, 0x20, 0x0, 0x0, 0x0, 0xa,
    0xfd, 0x0, 0x0, 0x0, 0x0, 0x6f, 0x90, 0x0,
    0x0, 0x0, 0x0, 0x0, 0x0, 0x0, 0x0, 0x0,
    0x0, 0x0, 0x0, 0x0, 0x2, 0x9d, 0xfe, 0xa3,
    0x0, 0x3, 0xef, 0xeb, 0xdf, 0xf5, 0x0, 0xef,
    0x70, 0x0, 0x4f, 0xf1, 0x6f, 0xa0, 0x0, 0x0,
    0x67, 0x1b, 0xf4, 0x0, 0x0, 0x0, 0x0, 0xdf,
    0x10, 0x0, 0x0, 0x0, 0xd, 0xf1, 0x0, 0x0,
    0x0, 0x0, 0xbf, 0x40, 0x0, 0x0, 0x0, 0x6,
    0xfa, 0x0, 0x0, 0x7, 0x92, 0x1e, 0xf7, 0x0,
    0x4, 0xff, 0x10, 0x3e, 0xfe, 0xbd, 0xff, 0x50,
    0x0, 0x29, 0xdf, 0xea, 0x30, 0x0,

    /* U+010C "Č" */
    0x0, 0x0, 0x67, 0x0, 0x28, 0x50, 0x0, 0x0,
    0x0, 0x2e, 0xc3, 0xec, 0x10, 0x0, 0x0, 0x0,
    0x2, 0xef, 0xc1, 0x0, 0x0, 0x0, 0x0, 0x0,
    0x0, 0x0, 0x0, 0x0, 0x0, 0x0, 0x0, 0x0,
    0x0, 0x0, 0x0, 0x0, 0x0, 0x5b, 0xef, 0xea,
    0x40, 0x0, 0x0, 0x1c, 0xff, 0xfe, 0xff, 0xfb,
    0x0, 0x0, 0xdf, 0xc4, 0x0, 0x5, 0xdf, 0xb0,
    0x9, 0xfc, 0x0, 0x0, 0x0, 0x1e, 0xf5, 0x1f,
    0xf1, 0x0, 0x0, 0x0, 0x6, 0xfb, 0x6f, 0xa0,
    0x0, 0x0, 0x0, 0x0, 0x21, 0x8f, 0x60, 0x0,
    0x0, 0x0, 0x0, 0x0, 0xaf, 0x50, 0x0, 0x0,
    0x0, 0x0, 0x0, 0xaf, 0x50, 0x0, 0x0, 0x0,
    0x0, 0x0, 0x8f, 0x60, 0x0, 0x0, 0x0, 0x0,
    0x0, 0x6f, 0xa0, 0x0, 0x0, 0x0, 0x0, 0x21,
    0x1f, 0xf1, 0x0, 0x0, 0x0, 0x6, 0xfa, 0x9,
    0xfb, 0x0, 0x0, 0x0, 0x1e, 0xf5, 0x0, 0xdf,
    0xc4, 0x0, 0x5, 0xdf, 0xb0, 0x0, 0x1c, 0xff,
    0xfe, 0xff, 0xfb, 0x0, 0x0, 0x0, 0x5b, 0xef,
    0xea, 0x40, 0x0,

    /* U+010D "č" */
    0x0, 0x7f, 0x60, 0x4f, 0xa0, 0x0, 0x0, 0x9f,
    0x6f, 0xc0, 0x0, 0x0, 0x0, 0xbf, 0xd1, 0x0,
    0x0, 0x0, 0x0, 0x0, 0x0, 0x0, 0x0, 0x0,
    0x0, 0x0, 0x0, 0x0, 0x2, 0x9d, 0xfe, 0xa3,
    0x0, 0x3, 0xef, 0xeb, 0xdf, 0xf5, 0x0, 0xef,
    0x70, 0x0, 0x4f, 0xf1, 0x6f, 0xa0, 0x0, 0x0,
    0x67, 0x1b, 0xf4, 0x0, 0x0, 0x0, 0x0, 0xdf,
    0x10, 0x0, 0x0, 0x0, 0xd, 0xf1, 0x0, 0x0,
    0x0, 0x0, 0xbf, 0x40, 0x0, 0x0, 0x0, 0x6,
    0xfa, 0x0, 0x0, 0x7, 0x92, 0x1e, 0xf7, 0x0,
    0x4, 0xff, 0x10, 0x3e, 0xfe, 0xbd, 0xff, 0x50,
    0x0, 0x29, 0xdf, 0xea, 0x30, 0x0,

    /* U+010E "Ď" */
    0x0, 0x48, 0x20, 0x7, 0x70, 0x0, 0x0, 0x0,
    0x1e, 0xd1, 0x9f, 0x50, 0x0, 0x0, 0x0, 0x2,
    0xfd, 0xf6, 0x0, 0x0, 0x0, 0x0, 0x0, 0x38,
    0x60, 0x0, 0x0, 0x0, 0x0, 0x0, 0x0, 0x0,
    0x0, 0x0, 0x0, 0x1f, 0xff, 0xff, 0xfd, 0xa4,
    0x0, 0x0, 0x1f, 0xfc, 0xcc, 0xdf, 0xff, 0xb1,
    0x0, 0x1f, 0xf0, 0x0, 0x0, 0x4c, 0xfd, 0x0,
    0x1f, 0xf0, 0x0, 0x0, 0x0, 0xcf, 0x80, 0x1f,
    0xf0, 0x0, 0x0, 0x0, 0x2f, 0xe0, 0x1f, 0xf0,
    0x0, 0x0, 0x0, 0xb, 0xf4, 0x1f, 0xf0, 0x0,
    0x0, 0x0, 0x8, 0xf6, 0x1f, 0xf0, 0x0, 0x0,
    0x0, 0x7, 0xf8, 0x1f, 0xf0, 0x0, 0x0, 0x0,
    0x7, 0xf8, 0x1f, 0xf0, 0x0, 0x0, 0x0, 0x8,
    0xf6, 0x1f, 0xf0, 0x0, 0x0, 0x0, 0xc, 0xf4,
    0x1f, 0xf0, 0x0, 0x0, 0x0, 0x2f, 0xe0, 0x1f,
    0xf0, 0x0, 0x0, 0x0, 0xcf, 0x70, 0x1f, 0xf0,
    0x0, 0x0, 0x4d, 0xfc, 0x0, 0x1f, 0xfc, 0xcc,
    0xdf, 0xff, 0xb0, 0x0, 0x1f, 0xff, 0xff, 0xfd,
    0xa4, 0x0, 0x0,

    /* U+010F "ď" */
    0x0, 0x0, 0x0, 0x0, 0x0, 0x0, 0xcf, 0x10,
    0x0, 0x0, 0x0, 0x2, 0xfc, 0xc, 0xf0, 0x0,
    0x0, 0x0, 0x0, 0x2f, 0xc0, 0xcd, 0x0, 0x0,
    0x0, 0x0, 0x2, 0xfc, 0xc, 0xa0, 0x0, 0x0,
    0x0, 0x0, 0x2f, 0xc0, 0x0, 0x0, 0x3, 0xae,
    0xfc, 0x42, 0xfc, 0x0, 0x0, 0x5, 0xff, 0xdb,
    0xdf, 0x7f, 0xc0, 0x0, 0x1, 0xef, 0x60, 0x0,
    0x6f, 0xfc, 0x0, 0x0, 0x7f, 0xa0, 0x0, 0x0,
    0xbf, 0xc0, 0x0, 0xb, 0xf4, 0x0, 0x0, 0x5,
    0xfc, 0x0, 0x0, 0xdf, 0x10, 0x0, 0x0, 0x3f,
    0xc0, 0x0, 0xd, 0xf1, 0x0, 0x0, 0x3, 0xfc,
    0x0, 0x0, 0xbf, 0x40, 0x0, 0x0, 0x5f, 0xc0,
    0x0, 0x7, 0xfa, 0x0, 0x0, 0xb, 0xfc, 0x0,
    0x0, 0x1e, 0xf6, 0x0, 0x6, 0xff, 0xc0, 0x0,
    0x0, 0x5f, 0xfd, 0xbd, 0xf6, 0xfc, 0x0, 0x0,
    0x0, 0x3a, 0xef, 0xc4, 0x1f, 0xc0, 0x0, 0x0,

    /* U+0110 "Đ" */
    0x0, 0xcf, 0xff, 0xff, 0xeb, 0x60, 0x0, 0x0,
    0xc, 0xfd, 0xcc, 0xce, 0xff, 0xe3, 0x0, 0x0,
    0xcf, 0x40, 0x0, 0x2, 0xaf, 0xf2, 0x0, 0xc,
    0xf4, 0x0, 0x0, 0x0, 0x8f, 0xc0, 0x0, 0xcf,
    0x40, 0x0, 0x0, 0x0, 0xdf, 0x30, 0xc, 0xf4,
    0x0, 0x0, 0x0, 0x7, 0xf9, 0x0, 0xcf, 0x40,
    0x0, 0x0, 0x0, 0x3f, 0xb8, 0xaf, 0xfe, 0xaa,
    0xa5, 0x0, 0x2, 0xfd, 0xcf, 0xff, 0xff, 0xff,
    0x80, 0x0, 0x2f, 0xc0, 0xc, 0xf4, 0x0, 0x0,
    0x0, 0x4, 0xfb, 0x0, 0xcf, 0x40, 0x0, 0x0,
    0x0, 0x7f, 0x80, 0xc, 0xf4, 0x0, 0x0, 0x0,
    0xd, 0xf3, 0x0, 0xcf, 0x40, 0x0, 0x0, 0x8,
    0xfc, 0x0, 0xc, 0xf4, 0x0, 0x0, 0x2a, 0xff,
    0x20, 0x0, 0xcf, 0xdc, 0xcc, 0xef, 0xfd, 0x20,
    0x0, 0xc, 0xff, 0xff, 0xfd, 0xb5, 0x0, 0x0,

    /* U+0111 "đ" */
    0x0, 0x0, 0x1, 0x22, 0x4f, 0xe2, 0x0, 0x0,
    0x0, 0x9f, 0xff, 0xff, 0xf5, 0x0, 0x0, 0x3,
    0x55, 0x7f, 0xf5, 0x10, 0x0, 0x0, 0x0, 0x2,
    0xfc, 0x0, 0x0, 0x3a, 0xef, 0xc4, 0x2f, 0xc0,
    0x0, 0x5f, 0xfd, 0xbd, 0xf7, 0xfc, 0x0, 0x1e,
    0xf6, 0x0, 0x6, 0xff, 0xc0, 0x7, 0xfa, 0x0,
    0x0, 0xb, 0xfc, 0x0, 0xbf, 0x40, 0x0, 0x0,
    0x5f, 0xc0, 0xd, 0xf1, 0x0, 0x0, 0x3, 0xfc,
    0x0, 0xdf, 0x10, 0x0, 0x0, 0x3f, 0xc0, 0xb,
    0xf4, 0x0, 0x0, 0x5, 0xfc, 0x0, 0x7f, 0xa0,
    0x0, 0x0, 0xbf, 0xc0, 0x1, 0xef, 0x60, 0x0,
    0x6f, 0xfc, 0x0, 0x5, 0xff, 0xdb, 0xdf, 0x6f,
    0xc0, 0x0, 0x3, 0xae, 0xfc, 0x41, 0xfc, 0x0,

    /* U+0112 "Ē" */
    0x0, 0x1f, 0xff, 0xff, 0xd0, 0x0, 0x0, 0x88,
    0x88, 0x86, 0x0, 0x0, 0x0, 0x0, 0x0, 0x0,
    0x0, 0x0, 0x0, 0x0, 0x0, 0x0, 0x1f, 0xff,
    0xff, 0xff, 0xff, 0xb1, 0xff, 0xcc, 0xcc, 0xcc,
    0xc8, 0x1f, 0xf0, 0x0, 0x0, 0x0, 0x1, 0xff,
    0x0, 0x0, 0x0, 0x0, 0x1f, 0xf0, 0x0, 0x0,
    0x0, 0x1, 0xff, 0x0, 0x0, 0x0, 0x0, 0x1f,
    0xf0, 0x0, 0x0, 0x0, 0x1, 0xff, 0xcc, 0xcc,
    0xcc, 0xc1, 0x1f, 0xff, 0xff, 0xff, 0xff, 0x21,
    0xff, 0x0, 0x0, 0x0, 0x0, 0x1f, 0xf0, 0x0,
    0x0, 0x0, 0x1, 0xff, 0x0, 0x0, 0x0, 0x0,
    0x1f, 0xf0, 0x0, 0x0, 0x0, 0x1, 0xff, 0x0,
    0x0, 0x0, 0x0, 0x1f, 0xfc, 0xcc, 0xcc, 0xcc,
    0x91, 0xff, 0xff, 0xff, 0xff, 0xfc,

    /* U+0113 "ē" */
    0x0, 0x8f, 0xff, 0xff, 0x70, 0x0, 0x4, 0x88,
    0x88, 0x83, 0x0, 0x0, 0x0, 0x0, 0x0, 0x0,
    0x0, 0x0, 0x0, 0x0, 0x0, 0x0, 0x0, 0x29,
    0xdf, 0xea, 0x20, 0x0, 0x3e, 0xfd, 0xbd, 0xff,
    0x40, 0xe, 0xf5, 0x0, 0x6, 0xfe, 0x6, 0xf8,
    0x0, 0x0, 0xa, 0xf6, 0xbf, 0x20, 0x0, 0x0,
    0x5f, 0xad, 0xff, 0xff, 0xff, 0xff, 0xfb, 0xdf,
    0xa9, 0x99, 0x99, 0x99, 0x7b, 0xf3, 0x0, 0x0,
    0x0, 0x0, 0x7f, 0x90, 0x0, 0x0, 0x23, 0x1,
    0xef, 0x60, 0x0, 0x2d, 0xf5, 0x3, 0xef, 0xeb,
    0xcf, 0xf9, 0x0, 0x2, 0x9d, 0xfe, 0xb5, 0x0,

    /* U+0114 "Ĕ" */
    0x0, 0x18, 0x10, 0x3, 0x70, 0x0, 0x0, 0xfa,
    0x23, 0xdb, 0x0, 0x0, 0x4, 0xef, 0xfd, 0x20,
    0x0, 0x0, 0x0, 0x33, 0x0, 0x0, 0x0, 0x0,
    0x0, 0x0, 0x0, 0x1, 0xff, 0xff, 0xff, 0xff,
    0xfb, 0x1f, 0xfc, 0xcc, 0xcc, 0xcc, 0x81, 0xff,
    0x0, 0x0, 0x0, 0x0, 0x1f, 0xf0, 0x0, 0x0,
    0x0, 0x1, 0xff, 0x0, 0x0, 0x0, 0x0, 0x1f,
    0xf0, 0x0, 0x0, 0x0, 0x1, 0xff, 0x0, 0x0,
    0x0, 0x0, 0x1f, 0xfc, 0xcc, 0xcc, 0xcc, 0x11,
    0xff, 0xff, 0xff, 0xff, 0xf2, 0x1f, 0xf0, 0x0,
    0x0, 0x0, 0x1, 0xff, 0x0, 0x0, 0x0, 0x0,
    0x1f, 0xf0, 0x0, 0x0, 0x0, 0x1, 0xff, 0x0,
    0x0, 0x0, 0x0, 0x1f, 0xf0, 0x0, 0x0, 0x0,
    0x1, 0xff, 0xcc, 0xcc, 0xcc, 0xc9, 0x1f, 0xff,
    0xff, 0xff, 0xff, 0xc0,

    /* U+0115 "ĕ" */
    0x0, 0x9d, 0x0, 0xe, 0x80, 0x0, 0x4, 0xf7,
    0x28, 0xf3, 0x0, 0x0, 0x7, 0xff, 0xf7, 0x0,
    0x0, 0x0, 0x1, 0x31, 0x0, 0x0, 0x0, 0x0,
    0x0, 0x0, 0x0, 0x0, 0x2, 0x9d, 0xfe, 0xa2,
    0x0, 0x3, 0xef, 0xdb, 0xdf, 0xf4, 0x0, 0xef,
    0x50, 0x0, 0x6f, 0xe0, 0x6f, 0x80, 0x0, 0x0,
    0xaf, 0x6b, 0xf2, 0x0, 0x0, 0x5, 0xfa, 0xdf,
    0xff, 0xff, 0xff, 0xff, 0xbd, 0xfa, 0x99, 0x99,
    0x99, 0x97, 0xbf, 0x30, 0x0, 0x0, 0x0, 0x7,
    0xf9, 0x0, 0x0, 0x2, 0x30, 0x1e, 0xf6, 0x0,
    0x2, 0xdf, 0x50, 0x3e, 0xfe, 0xbc, 0xff, 0x90,
    0x0, 0x29, 0xdf, 0xeb, 0x50, 0x0,

    /* U+0116 "Ė" */
    0x0, 0x0, 0x3e, 0xc0, 0x0, 0x0, 0x0, 0x6,
    0xff, 0x20, 0x0, 0x0, 0x0, 0x6, 0x50, 0x0,
    0x0, 0x0, 0x0, 0x0, 0x0, 0x0, 0x1f, 0xff,
    0xff, 0xff, 0xff, 0xb1, 0xff, 0xcc, 0xcc, 0xcc,
    0xc8, 0x1f, 0xf0, 0x0, 0x0, 0x0, 0x1, 0xff,
    0x0, 0x0, 0x0, 0x0, 0x1f, 0xf0, 0x0, 0x0,
    0x0, 0x1, 0xff, 0x0, 0x0, 0x0, 0x0, 0x1f,
    0xf0, 0x0, 0x0, 0x0, 0x1, 0xff, 0xcc, 0xcc,
    0xcc, 0xc1, 0x1f, 0xff, 0xff, 0xff, 0xff, 0x21,
    0xff, 0x0, 0x0, 0x0, 0x0, 0x1f, 0xf0, 0x0,
    0x0, 0x0, 0x1, 0xff, 0x0, 0x0, 0x0, 0x0,
    0x1f, 0xf0, 0x0, 0x0, 0x0, 0x1, 0xff, 0x0,
    0x0, 0x0, 0x0, 0x1f, 0xfc, 0xcc, 0xcc, 0xcc,
    0x91, 0xff, 0xff, 0xff, 0xff, 0xfc,

    /* U+0117 "ė" */
    0x0, 0x0, 0x27, 0x10, 0x0, 0x0, 0x0, 0xc,
    0xfb, 0x0, 0x0, 0x0, 0x0, 0x8f, 0x70, 0x0,
    0x0, 0x0, 0x0, 0x0, 0x0, 0x0, 0x0, 0x0,
    0x0, 0x0, 0x0, 0x0, 0x2, 0x9d, 0xfe, 0xa2,
    0x0, 0x3, 0xef, 0xdb, 0xdf, 0xf4, 0x0, 0xef,
    0x50, 0x0, 0x6f, 0xe0, 0x6f, 0x80, 0x0, 0x0,
    0xaf, 0x6b, 0xf2, 0x0, 0x0, 0x5, 0xfa, 0xdf,
    0xff, 0xff, 0xff, 0xff, 0xbd, 0xfa, 0x99, 0x99,
    0x99, 0x97, 0xbf, 0x30, 0x0, 0x0, 0x0, 0x7,
    0xf9, 0x0, 0x0, 0x2, 0x30, 0x1e, 0xf6, 0x0,
    0x2, 0xdf, 0x50, 0x3e, 0xfe, 0xbc, 0xff, 0x90,
    0x0, 0x29, 0xdf, 0xeb, 0x50, 0x0,

    /* U+0118 "Ę" */
    0x1f, 0xff, 0xff, 0xff, 0xff, 0xb0, 0x1f, 0xfc,
    0xcc, 0xcc, 0xcc, 0x80, 0x1f, 0xf0, 0x0, 0x0,
    0x0, 0x0, 0x1f, 0xf0, 0x0, 0x0, 0x0, 0x0,
    0x1f, 0xf0, 0x0, 0x0, 0x0, 0x0, 0x1f, 0xf0,
    0x0, 0x0, 0x0, 0x0, 0x1f, 0xfc, 0xcc, 0xcc,
    0xcc, 0x10, 0x1f, 0xff, 0xff, 0xff, 0xff, 0x20,
    0x1f, 0xf0, 0x0, 0x0, 0x0, 0x0, 0x1f, 0xf0,
    0x0, 0x0, 0x0, 0x0, 0x1f, 0xf0, 0x0, 0x0,
    0x0, 0x0, 0x1f, 0xf0, 0x0, 0x0, 0x0, 0x0,
    0x1f, 0xf0, 0x0, 0x0, 0x0, 0x0, 0x1f, 0xf0,
    0x0, 0x0, 0x0, 0x0, 0x1f, 0xfc, 0xcc, 0xcc,
    0xcc, 0x90, 0x1f, 0xff, 0xff, 0xff, 0xff, 0xc0,
    0x0, 0x0, 0x0, 0x2, 0xdd, 0x30, 0x0, 0x0,
    0x0, 0xc, 0xf1, 0x0, 0x0, 0x0, 0x0, 0xe,
    0xfb, 0xb1, 0x0, 0x0, 0x0, 0x4, 0xdf, 0xd3,

    /* U+0119 "ę" */
    0x0, 0x29, 0xdf, 0xea, 0x30, 0x0, 0x3e, 0xfd,
    0xbd, 0xff, 0x60, 0xe, 0xe3, 0x0, 0x4, 0xff,
    0x26, 0xf5, 0x0, 0x0, 0x7, 0xf8, 0xbf, 0xa9,
    0x99, 0x99, 0xbf, 0xad, 0xff, 0xff, 0xff, 0xff,
    0xfb, 0xdf, 0x20, 0x0, 0x0, 0x0, 0xb, 0xf5,
    0x0, 0x0, 0x0, 0x0, 0x7f, 0xb0, 0x0, 0x0,
    0x57, 0x21, 0xef, 0x70, 0x0, 0x3e, 0xf6, 0x3,
    0xef, 0xeb, 0xcf, 0xff, 0x0, 0x2, 0x9d, 0xfe,
    0xff, 0x10, 0x0, 0x0, 0x0, 0x8f, 0x50, 0x0,
    0x0, 0x0, 0xe, 0xf0, 0x0, 0x0, 0x0, 0x0,
    0xef, 0xbb, 0x10, 0x0, 0x0, 0x3, 0xcf, 0xd3,

    /* U+011A "Ě" */
    0x0, 0x28, 0x40, 0x6, 0x71, 0x0, 0x0, 0xbf,
    0x26, 0xf8, 0x0, 0x0, 0x0, 0xde, 0xfa, 0x0,
    0x0, 0x0, 0x2, 0x87, 0x0, 0x0, 0x0, 0x0,
    0x0, 0x0, 0x0, 0x1, 0xff, 0xff, 0xff, 0xff,
    0xfb, 0x1f, 0xfc, 0xcc, 0xcc, 0xcc, 0x81, 0xff,
    0x0, 0x0, 0x0, 0x0, 0x1f, 0xf0, 0x0, 0x0,
    0x0, 0x1, 0xff, 0x0, 0x0, 0x0, 0x0, 0x1f,
    0xf0, 0x0, 0x0, 0x0, 0x1, 0xff, 0x0, 0x0,
    0x0, 0x0, 0x1f, 0xfc, 0xcc, 0xcc, 0xcc, 0x11,
    0xff, 0xff, 0xff, 0xff, 0xf2, 0x1f, 0xf0, 0x0,
    0x0, 0x0, 0x1, 0xff, 0x0, 0x0, 0x0, 0x0,
    0x1f, 0xf0, 0x0, 0x0, 0x0, 0x1, 0xff, 0x0,
    0x0, 0x0, 0x0, 0x1f, 0xf0, 0x0, 0x0, 0x0,
    0x1, 0xff, 0xcc, 0xcc, 0xcc, 0xc9, 0x1f, 0xff,
    0xff, 0xff, 0xff, 0xc0,

    /* U+011B "ě" */
    0x0, 0x8f, 0x50, 0x6f, 0x90, 0x0, 0x0, 0xbf,
    0x6f, 0xa0, 0x0, 0x0, 0x0, 0xdf, 0xc0, 0x0,
    0x0, 0x0, 0x0, 0x0, 0x0, 0x0, 0x0, 0x0,
    0x0, 0x0, 0x0, 0x0, 0x2, 0x9d, 0xfe, 0xa2,
    0x0, 0x3, 0xef, 0xdb, 0xdf, 0xf4, 0x0, 0xef,
    0x50, 0x0, 0x6f, 0xe0, 0x6f, 0x80, 0x0, 0x0,
    0xaf, 0x6b, 0xf2, 0x0, 0x0, 0x5, 0xfa, 0xdf,
    0xff, 0xff, 0xff, 0xff, 0xbd, 0xfa, 0x99, 0x99,
    0x99, 0x97, 0xbf, 0x30, 0x0, 0x0, 0x0, 0x7,
    0xf9, 0x0, 0x0, 0x2, 0x30, 0x1e, 0xf6, 0x0,
    0x2, 0xdf, 0x50, 0x3e, 0xfe, 0xbc, 0xff, 0x90,
    0x0, 0x29, 0xdf, 0xeb, 0x50, 0x0,

    /* U+011C "Ĝ" */
    0x0, 0x0, 0x0, 0x68, 0x40, 0x0, 0x0, 0x0,
    0x0, 0x0, 0x9f, 0xbf, 0x40, 0x0, 0x0, 0x0,
    0x0, 0xaf, 0x40, 0x9f, 0x50, 0x0, 0x0, 0x0,
    0x0, 0x0, 0x0, 0x0, 0x0, 0x0, 0x0, 0x0,
    0x0, 0x0, 0x0, 0x0, 0x0, 0x0, 0x0, 0x5,
    0xbe, 0xfe, 0xa4, 0x0, 0x0, 0x0, 0x1d, 0xff,
    0xfe, 0xff, 0xfa, 0x0, 0x0, 0x1e, 0xfc, 0x40,
    0x0, 0x6e, 0xfb, 0x0, 0xa, 0xfb, 0x0, 0x0,
    0x0, 0x2f, 0xf5, 0x1, 0xff, 0x10, 0x0, 0x0,
    0x0, 0x7f, 0xb0, 0x6f, 0xa0, 0x0, 0x0, 0x0,
    0x0, 0x21, 0x8, 0xf6, 0x0, 0x0, 0x0, 0x0,
    0x0, 0x0, 0xaf, 0x50, 0x0, 0x0, 0x0, 0x0,
    0x0, 0xa, 0xf5, 0x0, 0x0, 0x1f, 0xff, 0xff,
    0xf0, 0x8f, 0x60, 0x0, 0x1, 0xcc, 0xcc, 0xff,
    0x6, 0xfa, 0x0, 0x0, 0x0, 0x0, 0xf, 0xf0,
    0x1f, 0xf1, 0x0, 0x0, 0x0, 0x5, 0xfc, 0x0,
    0xaf, 0xc0, 0x0, 0x0, 0x0, 0xdf, 0x60, 0x1,
    0xef, 0xd4, 0x0, 0x4, 0xdf, 0xc0, 0x0, 0x1,
    0xcf, 0xff, 0xef, 0xff, 0xc1, 0x0, 0x0, 0x0,
    0x5b, 0xef, 0xeb, 0x50, 0x0, 0x0,

    /* U+011D "ĝ" */
    0x0, 0x1, 0xdf, 0xd1, 0x0, 0x0, 0x2, 0xdd,
    0x2d, 0xd1, 0x0, 0x0, 0x67, 0x10, 0x17, 0x50,
    0x0, 0x0, 0x0, 0x0, 0x0, 0x0, 0x0, 0x0,
    0x0, 0x0, 0x0, 0x0, 0x2, 0xae, 0xfd, 0x51,
    0xfc, 0x4, 0xff, 0xeb, 0xdf, 0x6f, 0xc1, 0xef,
    0x70, 0x0, 0x6f, 0xfc, 0x6f, 0xa0, 0x0, 0x0,
    0xbf, 0xcb, 0xf4, 0x0, 0x0, 0x5, 0xfc, 0xdf,
    0x10, 0x0, 0x0, 0x2f, 0xcd, 0xf2, 0x0, 0x0,
    0x2, 0xfc, 0xbf, 0x40, 0x0, 0x0, 0x4f, 0xc7,
    0xfa, 0x0, 0x0, 0xa, 0xfc, 0x2f, 0xf5, 0x0,
    0x5, 0xff, 0xc0, 0x5f, 0xfd, 0xbd, 0xf7, 0xfc,
    0x0, 0x3b, 0xef, 0xd5, 0x2f, 0xc0, 0x0, 0x0,
    0x0, 0x4, 0xfb, 0x19, 0xa1, 0x0, 0x1, 0xcf,
    0x60, 0xbf, 0xfc, 0xbc, 0xff, 0xb0, 0x0, 0x5b,
    0xef, 0xec, 0x60, 0x0,

    /* U+011E "Ğ" */
    0x0, 0x0, 0x55, 0x0, 0x7, 0x30, 0x0, 0x0,
    0x0, 0x8, 0xf4, 0x18, 0xf3, 0x0, 0x0, 0x0,
    0x0, 0xb, 0xff, 0xf7, 0x0, 0x0, 0x0, 0x0,
    0x0, 0x2, 0x31, 0x0, 0x0, 0x0, 0x0, 0x0,
    0x0, 0x0, 0x0, 0x0, 0x0, 0x0, 0x0, 0x5,
    0xbe, 0xfe, 0xa4, 0x0, 0x0, 0x0, 0x1d, 0xff,
    0xfe, 0xff, 0xfa, 0x0, 0x0, 0x1e, 0xfc, 0x40,
    0x0, 0x6e, 0xfb, 0x0, 0xa, 0xfb, 0x0, 0x0,
    0x0, 0x2f, 0xf5, 0x1, 0xff, 0x10, 0x0, 0x0,
    0x0, 0x7f, 0xb0, 0x6f, 0xa0, 0x0, 0x0, 0x0,
    0x0, 0x21, 0x8, 0xf6, 0x0, 0x0, 0x0, 0x0,
    0x0, 0x0, 0xaf, 0x50, 0x0, 0x0, 0x0, 0x0,
    0x0, 0xa, 0xf5, 0x0, 0x0, 0x1f, 0xff, 0xff,
    0xf0, 0x8f, 0x60, 0x0, 0x1, 0xcc, 0xcc, 0xff,
    0x6, 0xfa, 0x0, 0x0, 0x0, 0x0, 0xf, 0xf0,
    0x1f, 0xf1, 0x0, 0x0, 0x0, 0x5, 0xfc, 0x0,
    0xaf, 0xc0, 0x0, 0x0, 0x0, 0xdf, 0x60, 0x1,
    0xef, 0xd4, 0x0, 0x4, 0xdf, 0xc0, 0x0, 0x1,
    0xcf, 0xff, 0xef, 0xff, 0xc1, 0x0, 0x0, 0x0,
    0x5b, 0xef, 0xeb, 0x50, 0x0, 0x0,

    /* U+011F "ğ" */
    0x0, 0x8e, 0x0, 0xe, 0x80, 0x0, 0x3, 0xf7,
    0x27, 0xf3, 0x0, 0x0, 0x7, 0xff, 0xf7, 0x0,
    0x0, 0x0, 0x1, 0x31, 0x0, 0x0, 0x0, 0x0,
    0x0, 0x0, 0x0, 0x0, 0x2, 0xae, 0xfd, 0x51,
    0xfc, 0x4, 0xff, 0xeb, 0xdf, 0x6f, 0xc1, 0xef,
    0x70, 0x0, 0x6f, 0xfc, 0x6f, 0xa0, 0x0, 0x0,
    0xbf, 0xcb, 0xf4, 0x0, 0x0, 0x5, 0xfc, 0xdf,
    0x10, 0x0, 0x0, 0x2f, 0xcd, 0xf2, 0x0, 0x0,
    0x2, 0xfc, 0xbf, 0x40, 0x0, 0x0, 0x4f, 0xc7,
    0xfa, 0x0, 0x0, 0xa, 0xfc, 0x2f, 0xf5, 0x0,
    0x5, 0xff, 0xc0, 0x5f, 0xfd, 0xbd, 0xf7, 0xfc,
    0x0, 0x3b, 0xef, 0xd5, 0x2f, 0xc0, 0x0, 0x0,
    0x0, 0x4, 0xfb, 0x19, 0xa1, 0x0, 0x1, 0xcf,
    0x60, 0xbf, 0xfc, 0xbc, 0xff, 0xb0, 0x0, 0x5b,
    0xef, 0xec, 0x60, 0x0,

    /* U+0120 "Ġ" */
    0x0, 0x0, 0x0, 0x37, 0x10, 0x0, 0x0, 0x0,
    0x0, 0x0, 0xe, 0xf9, 0x0, 0x0, 0x0, 0x0,
    0x0, 0x0, 0x9f, 0x50, 0x0, 0x0, 0x0, 0x0,
    0x0, 0x0, 0x0, 0x0, 0x0, 0x0, 0x0, 0x0,
    0x0, 0x0, 0x0, 0x0, 0x0, 0x0, 0x0, 0x5,
    0xbe, 0xfe, 0xa4, 0x0, 0x0, 0x0, 0x1d, 0xff,
    0xfe, 0xff, 0xfa, 0x0, 0x0, 0x1e, 0xfc, 0x40,
    0x0, 0x6e, 0xfb, 0x0, 0xa, 0xfb, 0x0, 0x0,
    0x0, 0x2f, 0xf5, 0x1, 0xff, 0x10, 0x0, 0x0,
    0x0, 0x7f, 0xb0, 0x6f, 0xa0, 0x0, 0x0, 0x0,
    0x0, 0x21, 0x8, 0xf6, 0x0, 0x0, 0x0, 0x0,
    0x0, 0x0, 0xaf, 0x50, 0x0, 0x0, 0x0, 0x0,
    0x0, 0xa, 0xf5, 0x0, 0x0, 0x1f, 0xff, 0xff,
    0xf0, 0x8f, 0x60, 0x0, 0x1, 0xcc, 0xcc, 0xff,
    0x6, 0xfa, 0x0, 0x0, 0x0, 0x0, 0xf, 0xf0,
    0x1f, 0xf1, 0x0, 0x0, 0x0, 0x5, 0xfc, 0x0,
    0xaf, 0xc0, 0x0, 0x0, 0x0, 0xdf, 0x60, 0x1,
    0xef, 0xd4, 0x0, 0x4, 0xdf, 0xc0, 0x0, 0x1,
    0xcf, 0xff, 0xef, 0xff, 0xc1, 0x0, 0x0, 0x0,
    0x5b, 0xef, 0xeb, 0x50, 0x0, 0x0,

    /* U+0121 "ġ" */
    0x0, 0x0, 0x27, 0x20, 0x0, 0x0, 0x0, 0xc,
    0xfc, 0x0, 0x0, 0x0, 0x0, 0x7f, 0x80, 0x0,
    0x0, 0x0, 0x0, 0x0, 0x0, 0x0, 0x0, 0x0,
    0x0, 0x0, 0x0, 0x0, 0x2, 0xae, 0xfd, 0x51,
    0xfc, 0x4, 0xff, 0xeb, 0xdf, 0x6f, 0xc1, 0xef,
    0x70, 0x0, 0x6f, 0xfc, 0x6f, 0xa0, 0x0, 0x0,
    0xbf, 0xcb, 0xf4, 0x0, 0x0, 0x5, 0xfc, 0xdf,
    0x10, 0x0, 0x0, 0x2f, 0xcd, 0xf2, 0x0, 0x0,
    0x2, 0xfc, 0xbf, 0x40, 0x0, 0x0, 0x4f, 0xc7,
    0xfa, 0x0, 0x0, 0xa, 0xfc, 0x2f, 0xf5, 0x0,
    0x5, 0xff, 0xc0, 0x5f, 0xfd, 0xbd, 0xf7, 0xfc,
    0x0, 0x3b, 0xef, 0xd5, 0x2f, 0xc0, 0x0, 0x0,
    0x0, 0x4, 0xfb, 0x19, 0xa1, 0x0, 0x1, 0xcf,
    0x60, 0xbf, 0xfc, 0xbc, 0xff, 0xb0, 0x0, 0x5b,
    0xef, 0xec, 0x60, 0x0,

    /* U+0122 "Ģ" */
    0x0, 0x0, 0x5b, 0xef, 0xea, 0x40, 0x0, 0x0,
    0x1, 0xdf, 0xff, 0xef, 0xff, 0xa0, 0x0, 0x1,
    0xef, 0xc4, 0x0, 0x6, 0xef, 0xb0, 0x0, 0xaf,
    0xb0, 0x0, 0x0, 0x2, 0xff, 0x50, 0x1f, 0xf1,
    0x0, 0x0, 0x0, 0x7, 0xfb, 0x6, 0xfa, 0x0,
    0x0, 0x0, 0x0, 0x2, 0x10, 0x8f, 0x60, 0x0,
    0x0, 0x0, 0x0, 0x0, 0xa, 0xf5, 0x0, 0x0,
    0x0, 0x0, 0x0, 0x0, 0xaf, 0x50, 0x0, 0x1,
    0xff, 0xff, 0xff, 0x8, 0xf6, 0x0, 0x0, 0x1c,
    0xcc, 0xcf, 0xf0, 0x6f, 0xa0, 0x0, 0x0, 0x0,
    0x0, 0xff, 0x1, 0xff, 0x10, 0x0, 0x0, 0x0,
    0x5f, 0xc0, 0xa, 0xfc, 0x0, 0x0, 0x0, 0xd,
    0xf6, 0x0, 0x1e, 0xfd, 0x40, 0x0, 0x4d, 0xfc,
    0x0, 0x0, 0x1c, 0xff, 0xfe, 0xff, 0xfc, 0x10,
    0x0, 0x0, 0x5, 0xbe, 0xfe, 0xb5, 0x0, 0x0,
    0x0, 0x0, 0x0, 0x0, 0x0, 0x0, 0x0, 0x0,
    0x0, 0x0, 0xc, 0xf1, 0x0, 0x0, 0x0, 0x0,
    0x0, 0x0, 0xfc, 0x0, 0x0, 0x0, 0x0, 0x0,
    0x0, 0x4f, 0x60, 0x0, 0x0, 0x0, 0x0, 0x0,
    0x7, 0xf1, 0x0, 0x0, 0x0, 0x0,

    /* U+0123 "ģ" */
    0x0, 0x0, 0x1, 0x30, 0x0, 0x0, 0x0, 0x0,
    0xaf, 0x10, 0x0, 0x0, 0x0, 0x2f, 0x90, 0x0,
    0x0, 0x0, 0x5, 0xf6, 0x0, 0x0, 0x0, 0x0,
    0x5f, 0x50, 0x0, 0x0, 0x0, 0x0, 0x0, 0x0,
    0x0, 0x0, 0x0, 0x0, 0x0, 0x0, 0x0, 0x2,
    0xae, 0xfd, 0x51, 0xfc, 0x4, 0xff, 0xeb, 0xdf,
    0x6f, 0xc1, 0xef, 0x70, 0x0, 0x6f, 0xfc, 0x6f,
    0xa0, 0x0, 0x0, 0xbf, 0xcb, 0xf4, 0x0, 0x0,
    0x5, 0xfc, 0xdf, 0x10, 0x0, 0x0, 0x2f, 0xcd,
    0xf2, 0x0, 0x0, 0x2, 0xfc, 0xbf, 0x40, 0x0,
    0x0, 0x4f, 0xc7, 0xfa, 0x0, 0x0, 0xa, 0xfc,
    0x2f, 0xf5, 0x0, 0x5, 0xff, 0xc0, 0x5f, 0xfd,
    0xbd, 0xf7, 0xfc, 0x0, 0x3b, 0xef, 0xd5, 0x2f,
    0xc0, 0x0, 0x0, 0x0, 0x4, 0xfb, 0x19, 0xa1,
    0x0, 0x1, 0xcf, 0x60, 0xbf, 0xfc, 0xbc, 0xff,
    0xb0, 0x0, 0x5b, 0xef, 0xec, 0x60, 0x0,

    /* U+0124 "Ĥ" */
    0x0, 0x0, 0x0, 0x78, 0x20, 0x0, 0x0, 0x0,
    0x0, 0xa, 0xfe, 0xd1, 0x0, 0x0, 0x0, 0x0,
    0x7f, 0x62, 0xfb, 0x0, 0x0, 0x0, 0x1, 0x76,
    0x0, 0x48, 0x30, 0x0, 0x0, 0x0, 0x0, 0x0,
    0x0, 0x0, 0x0, 0x1f, 0xf0, 0x0, 0x0, 0x0,
    0xa, 0xf6, 0x1f, 0xf0, 0x0, 0x0, 0x0, 0xa,
    0xf6, 0x1f, 0xf0, 0x0, 0x0, 0x0, 0xa, 0xf6,
    0x1f, 0xf0, 0x0, 0x0, 0x0, 0xa, 0xf6, 0x1f,
    0xf0, 0x0, 0x0, 0x0, 0xa, 0xf6, 0x1f, 0xf0,
    0x0, 0x0, 0x0, 0xa, 0xf6, 0x1f, 0xf0, 0x0,
    0x0, 0x0, 0xa, 0xf6, 0x1f, 0xff, 0xff, 0xff,
    0xff, 0xff, 0xf6, 0x1f, 0xfc, 0xcc, 0xcc, 0xcc,
    0xce, 0xf6, 0x1f, 0xf0, 0x0, 0x0, 0x0, 0xa,
    0xf6, 0x1f, 0xf0, 0x0, 0x0, 0x0, 0xa, 0xf6,
    0x1f, 0xf0, 0x0, 0x0, 0x0, 0xa, 0xf6, 0x1f,
    0xf0, 0x0, 0x0, 0x0, 0xa, 0xf6, 0x1f, 0xf0,
    0x0, 0x0, 0x0, 0xa, 0xf6, 0x1f, 0xf0, 0x0,
    0x0, 0x0, 0xa, 0xf6, 0x1f, 0xf0, 0x0, 0x0,
    0x0, 0xa, 0xf6,

    /* U+0125 "ĥ" */
    0x0, 0x38, 0x60, 0x0, 0x0, 0x0, 0x0, 0x2f,
    0xdf, 0x60, 0x0, 0x0, 0x0, 0x1e, 0xd1, 0x9f,
    0x40, 0x0, 0x0, 0x5, 0x82, 0x0, 0x77, 0x0,
    0x0, 0x0, 0x0, 0x0, 0x0, 0x0, 0x0, 0x0,
    0x0, 0x4, 0xfa, 0x0, 0x0, 0x0, 0x0, 0x0,
    0x4f, 0xa0, 0x0, 0x0, 0x0, 0x0, 0x4, 0xfa,
    0x0, 0x0, 0x0, 0x0, 0x0, 0x4f, 0xa0, 0x0,
    0x0, 0x0, 0x0, 0x4, 0xfa, 0x19, 0xef, 0xd6,
    0x0, 0x0, 0x4f, 0xad, 0xec, 0xef, 0xf7, 0x0,
    0x4, 0xff, 0x90, 0x0, 0x7f, 0xf0, 0x0, 0x4f,
    0xe0, 0x0, 0x0, 0xdf, 0x30, 0x4, 0xfb, 0x0,
    0x0, 0xa, 0xf4, 0x0, 0x4f, 0xa0, 0x0, 0x0,
    0xaf, 0x50, 0x4, 0xfa, 0x0, 0x0, 0xa, 0xf5,
    0x0, 0x4f, 0xa0, 0x0, 0x0, 0xaf, 0x50, 0x4,
    0xfa, 0x0, 0x0, 0xa, 0xf5, 0x0, 0x4f, 0xa0,
    0x0, 0x0, 0xaf, 0x50, 0x4, 0xfa, 0x0, 0x0,
    0xa, 0xf5, 0x0, 0x4f, 0xa0, 0x0, 0x0, 0xaf,
    0x50,

    /* U+0126 "Ħ" */
    0xa, 0xf6, 0x0, 0x0, 0x0, 0x3, 0xfd, 0x0,
    0xa, 0xf6, 0x0, 0x0, 0x0, 0x3, 0xfd, 0x0,
    0xa, 0xf6, 0x0, 0x0, 0x0, 0x3, 0xfd, 0x0,
    0x9d, 0xfc, 0x99, 0x99, 0x99, 0x9b, 0xfe, 0x90,
    0xff, 0xff, 0xff, 0xff, 0xff, 0xff, 0xff, 0xf0,
    0xa, 0xf6, 0x0, 0x0, 0x0, 0x3, 0xfd, 0x0,
    0xa, 0xf6, 0x0, 0x0, 0x0, 0x3, 0xfd, 0x0,
    0xa, 0xff, 0xff, 0xff, 0xff, 0xff, 0xfd, 0x0,
    0xa, 0xfd, 0xcc, 0xcc, 0xcc, 0xcd, 0xfd, 0x0,
    0xa, 0xf6, 0x0, 0x0, 0x0, 0x3, 0xfd, 0x0,
    0xa, 0xf6, 0x0, 0x0, 0x0, 0x3, 0xfd, 0x0,
    0xa, 0xf6, 0x0, 0x0, 0x0, 0x3, 0xfd, 0x0,
    0xa, 0xf6, 0x0, 0x0, 0x0, 0x3, 0xfd, 0x0,
    0xa, 0xf6, 0x0, 0x0, 0x0, 0x3, 0xfd, 0x0,
    0xa, 0xf6, 0x0, 0x0, 0x0, 0x3, 0xfd, 0x0,
    0xa, 0xf6, 0x0, 0x0, 0x0, 0x3, 0xfd, 0x0,

    /* U+0127 "ħ" */
    0x4, 0xfa, 0x0, 0x0, 0x0, 0x0, 0x27, 0xfc,
    0x22, 0x20, 0x0, 0x0, 0xef, 0xff, 0xff, 0xf0,
    0x0, 0x0, 0x4a, 0xff, 0x55, 0x50, 0x0, 0x0,
    0x4, 0xfa, 0x19, 0xef, 0xd6, 0x0, 0x4, 0xfa,
    0xde, 0xce, 0xff, 0x70, 0x4, 0xff, 0x90, 0x0,
    0x7f, 0xf0, 0x4, 0xfe, 0x0, 0x0, 0xd, 0xf3,
    0x4, 0xfb, 0x0, 0x0, 0xa, 0xf4, 0x4, 0xfa,
    0x0, 0x0, 0xa, 0xf5, 0x4, 0xfa, 0x0, 0x0,
    0xa, 0xf5, 0x4, 0xfa, 0x0, 0x0, 0xa, 0xf5,
    0x4, 0xfa, 0x0, 0x0, 0xa, 0xf5, 0x4, 0xfa,
    0x0, 0x0, 0xa, 0xf5, 0x4, 0xfa, 0x0, 0x0,
    0xa, 0xf5, 0x4, 0xfa, 0x0, 0x0, 0xa, 0xf5,

    /* U+0128 "Ĩ" */
    0x0, 0x0, 0x0, 0x10, 0x8, 0xfd, 0x57, 0xf0,
    0xf, 0x89, 0xff, 0x90, 0x4, 0x0, 0x13, 0x0,
    0x0, 0x0, 0x0, 0x0, 0x0, 0x1f, 0xf0, 0x0,
    0x0, 0x1f, 0xf0, 0x0, 0x0, 0x1f, 0xf0, 0x0,
    0x0, 0x1f, 0xf0, 0x0, 0x0, 0x1f, 0xf0, 0x0,
    0x0, 0x1f, 0xf0, 0x0, 0x0, 0x1f, 0xf0, 0x0,
    0x0, 0x1f, 0xf0, 0x0, 0x0, 0x1f, 0xf0, 0x0,
    0x0, 0x1f, 0xf0, 0x0, 0x0, 0x1f, 0xf0, 0x0,
    0x0, 0x1f, 0xf0, 0x0, 0x0, 0x1f, 0xf0, 0x0,
    0x0, 0x1f, 0xf0, 0x0, 0x0, 0x1f, 0xf0, 0x0,
    0x0, 0x1f, 0xf0, 0x0,

    /* U+0129 "ĩ" */
    0xb, 0xea, 0x3b, 0xb5, 0xf7, 0xcf, 0xf5, 0x13,
    0x0, 0x22, 0x0, 0x0, 0x0, 0x0, 0x0, 0x4f,
    0xa0, 0x0, 0x4, 0xfa, 0x0, 0x0, 0x4f, 0xa0,
    0x0, 0x4, 0xfa, 0x0, 0x0, 0x4f, 0xa0, 0x0,
    0x4, 0xfa, 0x0, 0x0, 0x4f, 0xa0, 0x0, 0x4,
    0xfa, 0x0, 0x0, 0x4f, 0xa0, 0x0, 0x4, 0xfa,
    0x0, 0x0, 0x4f, 0xa0, 0x0, 0x4, 0xfa, 0x0,

    /* U+012A "Ī" */
    0xf, 0xff, 0xff, 0xf0, 0x88, 0x88, 0x87, 0x0,
    0x0, 0x0, 0x0, 0x0, 0x0, 0x0, 0x0, 0x1f,
    0xf0, 0x0, 0x1, 0xff, 0x0, 0x0, 0x1f, 0xf0,
    0x0, 0x1, 0xff, 0x0, 0x0, 0x1f, 0xf0, 0x0,
    0x1, 0xff, 0x0, 0x0, 0x1f, 0xf0, 0x0, 0x1,
    0xff, 0x0, 0x0, 0x1f, 0xf0, 0x0, 0x1, 0xff,
    0x0, 0x0, 0x1f, 0xf0, 0x0, 0x1, 0xff, 0x0,
    0x0, 0x1f, 0xf0, 0x0, 0x1, 0xff, 0x0, 0x0,
    0x1f, 0xf0, 0x0, 0x1, 0xff, 0x0,

    /* U+012B "ī" */
    0x4f, 0xff, 0xff, 0xa2, 0x88, 0x88, 0x85, 0x0,
    0x0, 0x0, 0x0, 0x0, 0x0, 0x0, 0x0, 0x4f,
    0xa0, 0x0, 0x4, 0xfa, 0x0, 0x0, 0x4f, 0xa0,
    0x0, 0x4, 0xfa, 0x0, 0x0, 0x4f, 0xa0, 0x0,
    0x4, 0xfa, 0x0, 0x0, 0x4f, 0xa0, 0x0, 0x4,
    0xfa, 0x0, 0x0, 0x4f, 0xa0, 0x0, 0x4, 0xfa,
    0x0, 0x0, 0x4f, 0xa0, 0x0, 0x4, 0xfa, 0x0,

    /* U+012C "Ĭ" */
    0x8, 0x20, 0x3, 0x70, 0xe, 0xb2, 0x2c, 0xd0,
    0x3, 0xef, 0xfd, 0x20, 0x0, 0x3, 0x30, 0x0,
    0x0, 0x0, 0x0, 0x0, 0x0, 0x1f, 0xf0, 0x0,
    0x0, 0x1f, 0xf0, 0x0, 0x0, 0x1f, 0xf0, 0x0,
    0x0, 0x1f, 0xf0, 0x0, 0x0, 0x1f, 0xf0, 0x0,
    0x0, 0x1f, 0xf0, 0x0, 0x0, 0x1f, 0xf0, 0x0,
    0x0, 0x1f, 0xf0, 0x0, 0x0, 0x1f, 0xf0, 0x0,
    0x0, 0x1f, 0xf0, 0x0, 0x0, 0x1f, 0xf0, 0x0,
    0x0, 0x1f, 0xf0, 0x0, 0x0, 0x1f, 0xf0, 0x0,
    0x0, 0x1f, 0xf0, 0x0, 0x0, 0x1f, 0xf0, 0x0,
    0x0, 0x1f, 0xf0, 0x0,

    /* U+012D "ĭ" */
    0x37, 0x0, 0x5, 0x63, 0xf8, 0x14, 0xf8, 0x7,
    0xff, 0xfb, 0x0, 0x1, 0x32, 0x0, 0x0, 0x0,
    0x0, 0x0, 0x4, 0xfa, 0x0, 0x0, 0x4f, 0xa0,
    0x0, 0x4, 0xfa, 0x0, 0x0, 0x4f, 0xa0, 0x0,
    0x4, 0xfa, 0x0, 0x0, 0x4f, 0xa0, 0x0, 0x4,
    0xfa, 0x0, 0x0, 0x4f, 0xa0, 0x0, 0x4, 0xfa,
    0x0, 0x0, 0x4f, 0xa0, 0x0, 0x4, 0xfa, 0x0,
    0x0, 0x4f, 0xa0, 0x0,

    /* U+012E "Į" */
    0x1, 0xff, 0x0, 0x1f, 0xf0, 0x1, 0xff, 0x0,
    0x1f, 0xf0, 0x1, 0xff, 0x0, 0x1f, 0xf0, 0x1,
    0xff, 0x0, 0x1f, 0xf0, 0x1, 0xff, 0x0, 0x1f,
    0xf0, 0x1, 0xff, 0x0, 0x1f, 0xf0, 0x1, 0xff,
    0x0, 0x1f, 0xf0, 0x1, 0xff, 0x0, 0x1f, 0xf0,
    0xc, 0xe4, 0x9, 0xf4, 0x0, 0xbf, 0xca, 0x32,
    0xcf, 0xe6,

    /* U+012F "į" */
    0x0, 0x17, 0x30, 0x0, 0x9f, 0xf0, 0x0, 0x5f,
    0xa0, 0x0, 0x0, 0x0, 0x0, 0x0, 0x0, 0x0,
    0x4f, 0xa0, 0x0, 0x4f, 0xa0, 0x0, 0x4f, 0xa0,
    0x0, 0x4f, 0xa0, 0x0, 0x4f, 0xa0, 0x0, 0x4f,
    0xa0, 0x0, 0x4f, 0xa0, 0x0, 0x4f, 0xa0, 0x0,
    0x4f, 0xa0, 0x0, 0x4f, 0xa0, 0x0, 0x4f, 0xa0,
    0x0, 0x5f, 0xa0, 0x3, 0xeb, 0x10, 0xe, 0xe0,
    0x0, 0xf, 0xfa, 0xa0, 0x6, 0xdf, 0xc2,

    /* U+0130 "İ" */
    0x2d, 0xd1, 0x5f, 0xf3, 0x6, 0x50, 0x0, 0x0,
    0x1f, 0xf0, 0x1f, 0xf0, 0x1f, 0xf0, 0x1f, 0xf0,
    0x1f, 0xf0, 0x1f, 0xf0, 0x1f, 0xf0, 0x1f, 0xf0,
    0x1f, 0xf0, 0x1f, 0xf0, 0x1f, 0xf0, 0x1f, 0xf0,
    0x1f, 0xf0, 0x1f, 0xf0, 0x1f, 0xf0, 0x1f, 0xf0,

    /* U+0131 "ı" */
    0x4f, 0xa4, 0xfa, 0x4f, 0xa4, 0xfa, 0x4f, 0xa4,
    0xfa, 0x4f, 0xa4, 0xfa, 0x4f, 0xa4, 0xfa, 0x4f,
    0xa4, 0xfa,

    /* U+0132 "Ĳ" */
    0x1f, 0xf0, 0x0, 0x0, 0x0, 0x0, 0x8, 0xf8,
    0x1f, 0xf0, 0x0, 0x0, 0x0, 0x0, 0x8, 0xf8,
    0x1f, 0xf0, 0x0, 0x0, 0x0, 0x0, 0x8, 0xf8,
    0x1f, 0xf0, 0x0, 0x0, 0x0, 0x0, 0x8, 0xf8,
    0x1f, 0xf0, 0x0, 0x0, 0x0, 0x0, 0x8, 0xf8,
    0x1f, 0xf0, 0x0, 0x0, 0x0, 0x0, 0x8, 0xf8,
    0x1f, 0xf0, 0x0, 0x0, 0x0, 0x0, 0x8, 0xf8,
    0x1f, 0xf0, 0x0, 0x0, 0x0, 0x0, 0x8, 0xf8,
    0x1f, 0xf0, 0x0, 0x0, 0x0, 0x0, 0x8, 0xf8,
    0x1f, 0xf0, 0x0, 0x0, 0x0, 0x0, 0x8, 0xf8,
    0x1f, 0xf0, 0x0, 0x66, 0x0, 0x0, 0x8, 0xf8,
    0x1f, 0xf0, 0x0, 0xff, 0x0, 0x0, 0x8, 0xf8,
    0x1f, 0xf0, 0x0, 0xef, 0x30, 0x0, 0xa, 0xf6,
    0x1f, 0xf0, 0x0, 0x9f, 0xb0, 0x0, 0x3f, 0xf1,
    0x1f, 0xf0, 0x0, 0x1d, 0xfd, 0x9b, 0xff, 0x60,
    0x1f, 0xf0, 0x0, 0x1, 0x8d, 0xff, 0xb4, 0x0,

    /* U+0133 "ĳ" */
    0x17, 0x30, 0x0, 0x55, 0x9, 0xff, 0x0, 0x4f,
    0xf4, 0x5f, 0xa0, 0x1, 0xed, 0x10, 0x0, 0x0,
    0x0, 0x0, 0x0, 0x0, 0x0, 0x0, 0x4, 0xfa,
    0x0, 0xf, 0xf0, 0x4f, 0xa0, 0x0, 0xff, 0x4,
    0xfa, 0x0, 0xf, 0xf0, 0x4f, 0xa0, 0x0, 0xff,
    0x4, 0xfa, 0x0, 0xf, 0xf0, 0x4f, 0xa0, 0x0,
    0xff, 0x4, 0xfa, 0x0, 0xf, 0xf0, 0x4f, 0xa0,
    0x0, 0xff, 0x4, 0xfa, 0x0, 0xf, 0xf0, 0x4f,
    0xa0, 0x0, 0xff, 0x4, 0xfa, 0x0, 0xf, 0xf0,
    0x4f, 0xa0, 0x0, 0xff, 0x0, 0x0, 0x0, 0xf,
    0xe0, 0x0, 0x0, 0x4, 0xfc, 0x0, 0x0, 0xc,
    0xff, 0x60, 0x0, 0x0, 0xed, 0x70, 0x0,

    /* U+0134 "Ĵ" */
    0x0, 0x0, 0x0, 0x4, 0x86, 0x0, 0x0, 0x0,
    0x0, 0x5, 0xfb, 0xf8, 0x0, 0x0, 0x0, 0x6,
    0xf8, 0x5, 0xf8, 0x0, 0x0, 0x0, 0x0, 0x0,
    0x0, 0x0, 0x0, 0x0, 0x0, 0x0, 0x0, 0x0,
    0x0, 0x0, 0x0, 0x0, 0x6f, 0xa0, 0x0, 0x0,
    0x0, 0x0, 0x6, 0xfa, 0x0, 0x0, 0x0, 0x0,
    0x0, 0x6f, 0xa0, 0x0, 0x0, 0x0, 0x0, 0x6,
    0xfa, 0x0, 0x0, 0x0, 0x0, 0x0, 0x6f, 0xa0,
    0x0, 0x0, 0x0, 0x0, 0x6, 0xfa, 0x0, 0x0,
    0x0, 0x0, 0x0, 0x6f, 0xa0, 0x0, 0x0, 0x0,
    0x0, 0x6, 0xfa, 0x0, 0x0, 0x0, 0x0, 0x0,
    0x6f, 0xa0, 0x0, 0x0, 0x0, 0x0, 0x6, 0xfa,
    0x0, 0x8, 0x91, 0x0, 0x0, 0x6f, 0xa0, 0x0,
    0xef, 0x20, 0x0, 0x7, 0xf9, 0x0, 0xc, 0xf5,
    0x0, 0x0, 0xaf, 0x70, 0x0, 0x7f, 0xd2, 0x0,
    0x5f, 0xf2, 0x0, 0x0, 0xcf, 0xfd, 0xef, 0xf8,
    0x0, 0x0, 0x0, 0x7d, 0xff, 0xc5, 0x0, 0x0,
    0x0,

    /* U+0135 "ĵ" */
    0x0, 0xbf, 0xe1, 0x0, 0x9, 0xf7, 0xec, 0x0,
    0x6f, 0x80, 0x3f, 0xa0, 0x0, 0x0, 0x0, 0x0,
    0x0, 0x0, 0x0, 0x0, 0x0, 0x5f, 0xa0, 0x0,
    0x0, 0x5f, 0xa0, 0x0, 0x0, 0x5f, 0xa0, 0x0,
    0x0, 0x5f, 0xa0, 0x0, 0x0, 0x5f, 0xa0, 0x0,
    0x0, 0x5f, 0xa0, 0x0, 0x0, 0x5f, 0xa0, 0x0,
    0x0, 0x5f, 0xa0, 0x0, 0x0, 0x5f, 0xa0, 0x0,
    0x0, 0x5f, 0xa0, 0x0, 0x0, 0x5f, 0xa0, 0x0,
    0x0, 0x5f, 0xa0, 0x0, 0x0, 0x5f, 0x90, 0x0,
    0x0, 0x9f, 0x70, 0x0, 0x3d, 0xff, 0x20, 0x0,
    0x4f, 0xc3, 0x0, 0x0,

    /* U+0136 "Ķ" */
    0x1f, 0xf0, 0x0, 0x0, 0x1, 0xdf, 0xa0, 0x1f,
    0xf0, 0x0, 0x0, 0x1d, 0xfb, 0x0, 0x1f, 0xf0,
    0x0, 0x0, 0xcf, 0xc0, 0x0, 0x1f, 0xf0, 0x0,
    0xb, 0xfd, 0x10, 0x0, 0x1f, 0xf0, 0x0, 0xaf,
    0xd1, 0x0, 0x0, 0x1f, 0xf0, 0x9, 0xfe, 0x10,
    0x0, 0x0, 0x1f, 0xf0, 0x7f, 0xe2, 0x0, 0x0,
    0x0, 0x1f, 0xf5, 0xff, 0xf2, 0x0, 0x0, 0x0,
    0x1f, 0xff, 0xea, 0xfc, 0x0, 0x0, 0x0, 0x1f,
    0xff, 0x30, 0xdf, 0x80, 0x0, 0x0, 0x1f, 0xf3,
    0x0, 0x3f, 0xf4, 0x0, 0x0, 0x1f, 0xf0, 0x0,
    0x7, 0xfe, 0x10, 0x0, 0x1f, 0xf0, 0x0, 0x0,
    0xbf, 0xa0, 0x0, 0x1f, 0xf0, 0x0, 0x0, 0x1e,
    0xf6, 0x0, 0x1f, 0xf0, 0x0, 0x0, 0x5, 0xff,
    0x20, 0x1f, 0xf0, 0x0, 0x0, 0x0, 0x9f, 0xc0,
    0x0, 0x0, 0x0, 0x0, 0x0, 0x0, 0x0, 0x0,
    0x0, 0x8, 0xf5, 0x0, 0x0, 0x0, 0x0, 0x0,
    0xc, 0xf0, 0x0, 0x0, 0x0, 0x0, 0x0, 0xf,
    0xa0, 0x0, 0x0, 0x0, 0x0, 0x0, 0x3f, 0x50,
    0x0, 0x0, 0x0,

    /* U+0137 "ķ" */
    0x4f, 0xa0, 0x0, 0x0, 0x0, 0x4, 0xfa, 0x0,
    0x0, 0x0, 0x0, 0x4f, 0xa0, 0x0, 0x0, 0x0,
    0x4, 0xfa, 0x0, 0x0, 0x0, 0x0, 0x4f, 0xa0,
    0x0, 0x7, 0xfd, 0x14, 0xfa, 0x0, 0x7, 0xfd,
    0x10, 0x4f, 0xa0, 0x6, 0xfd, 0x10, 0x4, 0xfa,
    0x6, 0xfd, 0x10, 0x0, 0x4f, 0xa5, 0xfe, 0x20,
    0x0, 0x4, 0xfe, 0xff, 0xa0, 0x0, 0x0, 0x4f,
    0xfb, 0xef, 0x60, 0x0, 0x4, 0xfc, 0x3, 0xff,
    0x30, 0x0, 0x4f, 0xa0, 0x7, 0xfe, 0x10, 0x4,
    0xfa, 0x0, 0xa, 0xfc, 0x0, 0x4f, 0xa0, 0x0,
    0xd, 0xf9, 0x4, 0xfa, 0x0, 0x0, 0x2f, 0xf6,
    0x0, 0x0, 0x0, 0x0, 0x0, 0x0, 0x0, 0xd,
    0xf0, 0x0, 0x0, 0x0, 0x1, 0xfb, 0x0, 0x0,
    0x0, 0x0, 0x5f, 0x50, 0x0, 0x0, 0x0, 0x8,
    0xf0, 0x0, 0x0, 0x0,

    /* U+0138 "ĸ" */
    0x4f, 0xa0, 0x0, 0x8, 0xfc, 0x4, 0xfa, 0x0,
    0x6, 0xfd, 0x10, 0x4f, 0xa0, 0x4, 0xfd, 0x10,
    0x4, 0xfa, 0x3, 0xfe, 0x20, 0x0, 0x4f, 0xa2,
    0xef, 0x30, 0x0, 0x4, 0xff, 0xff, 0x50, 0x0,
    0x0, 0x4f, 0xb7, 0xfc, 0x0, 0x0, 0x4, 0xfa,
    0x9, 0xf9, 0x0, 0x0, 0x4f, 0xa0, 0xd, 0xf6,
    0x0, 0x4, 0xfa, 0x0, 0x2f, 0xf3, 0x0, 0x4f,
    0xa0, 0x0, 0x5f, 0xe1, 0x4, 0xfa, 0x0, 0x0,
    0x9f, 0xc0,

    /* U+0139 "Ĺ" */
    0x0, 0x48, 0x40, 0x0, 0x0, 0x0, 0xd, 0xf2,
    0x0, 0x0, 0x0, 0x6, 0xf6, 0x0, 0x0, 0x0,
    0x0, 0x66, 0x0, 0x0, 0x0, 0x0, 0x0, 0x0,
    0x0, 0x0, 0x0, 0x1, 0xff, 0x0, 0x0, 0x0,
    0x0, 0x1f, 0xf0, 0x0, 0x0, 0x0, 0x1, 0xff,
    0x0, 0x0, 0x0, 0x0, 0x1f, 0xf0, 0x0, 0x0,
    0x0, 0x1, 0xff, 0x0, 0x0, 0x0, 0x0, 0x1f,
    0xf0, 0x0, 0x0, 0x0, 0x1, 0xff, 0x0, 0x0,
    0x0, 0x0, 0x1f, 0xf0, 0x0, 0x0, 0x0, 0x1,
    0xff, 0x0, 0x0, 0x0, 0x0, 0x1f, 0xf0, 0x0,
    0x0, 0x0, 0x1, 0xff, 0x0, 0x0, 0x0, 0x0,
    0x1f, 0xf0, 0x0, 0x0, 0x0, 0x1, 0xff, 0x0,
    0x0, 0x0, 0x0, 0x1f, 0xf0, 0x0, 0x0, 0x0,
    0x1, 0xff, 0xcc, 0xcc, 0xcc, 0xc4, 0x1f, 0xff,
    0xff, 0xff, 0xff, 0x60,

    /* U+013A "ĺ" */
    0x0, 0x68, 0x20, 0x3f, 0xc0, 0xb, 0xf2, 0x0,
    0x74, 0x0, 0x0, 0x0, 0x4, 0xfa, 0x0, 0x4f,
    0xa0, 0x4, 0xfa, 0x0, 0x4f, 0xa0, 0x4, 0xfa,
    0x0, 0x4f, 0xa0, 0x4, 0xfa, 0x0, 0x4f, 0xa0,
    0x4, 0xfa, 0x0, 0x4f, 0xa0, 0x4, 0xfa, 0x0,
    0x4f, 0xa0, 0x4, 0xfa, 0x0, 0x4f, 0xa0, 0x4,
    0xfa, 0x0, 0x4f, 0xa0, 0x0,

    /* U+013B "Ļ" */
    0x1f, 0xf0, 0x0, 0x0, 0x0, 0x1, 0xff, 0x0,
    0x0, 0x0, 0x0, 0x1f, 0xf0, 0x0, 0x0, 0x0,
    0x1, 0xff, 0x0, 0x0, 0x0, 0x0, 0x1f, 0xf0,
    0x0, 0x0, 0x0, 0x1, 0xff, 0x0, 0x0, 0x0,
    0x0, 0x1f, 0xf0, 0x0, 0x0, 0x0, 0x1, 0xff,
    0x0, 0x0, 0x0, 0x0, 0x1f, 0xf0, 0x0, 0x0,
    0x0, 0x1, 0xff, 0x0, 0x0, 0x0, 0x0, 0x1f,
    0xf0, 0x0, 0x0, 0x0, 0x1, 0xff, 0x0, 0x0,
    0x0, 0x0, 0x1f, 0xf0, 0x0, 0x0, 0x0, 0x1,
    0xff, 0x0, 0x0, 0x0, 0x0, 0x1f, 0xfc, 0xcc,
    0xcc, 0xcc, 0x41, 0xff, 0xff, 0xff, 0xff, 0xf6,
    0x0, 0x0, 0x0, 0x0, 0x0, 0x0, 0x0, 0x7,
    0xf6, 0x0, 0x0, 0x0, 0x0, 0xbf, 0x10, 0x0,
    0x0, 0x0, 0xe, 0xc0, 0x0, 0x0, 0x0, 0x2,
    0xf6, 0x0, 0x0, 0x0,

    /* U+013C "ļ" */
    0x4, 0xfa, 0x4, 0xfa, 0x4, 0xfa, 0x4, 0xfa,
    0x4, 0xfa, 0x4, 0xfa, 0x4, 0xfa, 0x4, 0xfa,
    0x4, 0xfa, 0x4, 0xfa, 0x4, 0xfa, 0x4, 0xfa,
    0x4, 0xfa, 0x4, 0xfa, 0x4, 0xfa, 0x4, 0xfa,
    0x0, 0x0, 0x7, 0xf7, 0xa, 0xf1, 0xe, 0xc0,
    0x1f, 0x60,

    /* U+013D "Ľ" */
    0x0, 0x0, 0x5, 0xf8, 0x0, 0x1, 0xff, 0x0,
    0x5f, 0x60, 0x0, 0x1f, 0xf0, 0x5, 0xf4, 0x0,
    0x1, 0xff, 0x0, 0x5f, 0x20, 0x0, 0x1f, 0xf0,
    0x0, 0x0, 0x0, 0x1, 0xff, 0x0, 0x0, 0x0,
    0x0, 0x1f, 0xf0, 0x0, 0x0, 0x0, 0x1, 0xff,
    0x0, 0x0, 0x0, 0x0, 0x1f, 0xf0, 0x0, 0x0,
    0x0, 0x1, 0xff, 0x0, 0x0, 0x0, 0x0, 0x1f,
    0xf0, 0x0, 0x0, 0x0, 0x1, 0xff, 0x0, 0x0,
    0x0, 0x0, 0x1f, 0xf0, 0x0, 0x0, 0x0, 0x1,
    0xff, 0x0, 0x0, 0x0, 0x0, 0x1f, 0xf0, 0x0,
    0x0, 0x0, 0x1, 0xff, 0xcc, 0xcc, 0xcc, 0xc4,
    0x1f, 0xff, 0xff, 0xff, 0xff, 0x60,

    /* U+013E "ľ" */
    0x0, 0x0, 0xdf, 0x4, 0xfa, 0xd, 0xe0, 0x4f,
    0xa0, 0xdc, 0x4, 0xfa, 0xd, 0x90, 0x4f, 0xa0,
    0x0, 0x4, 0xfa, 0x0, 0x0, 0x4f, 0xa0, 0x0,
    0x4, 0xfa, 0x0, 0x0, 0x4f, 0xa0, 0x0, 0x4,
    0xfa, 0x0, 0x0, 0x4f, 0xa0, 0x0, 0x4, 0xfa,
    0x0, 0x0, 0x4f, 0xa0, 0x0, 0x4, 0xfa, 0x0,
    0x0, 0x4f, 0xa0, 0x0, 0x4, 0xfa, 0x0, 0x0,
    0x4f, 0xa0, 0x0, 0x0,

    /* U+013F "Ŀ" */
    0x1f, 0xf0, 0x0, 0x0, 0x0, 0x1, 0xff, 0x0,
    0x0, 0x0, 0x0, 0x1f, 0xf0, 0x0, 0x0, 0x0,
    0x1, 0xff, 0x0, 0x0, 0x0, 0x0, 0x1f, 0xf0,
    0x0, 0x0, 0x0, 0x1, 0xff, 0x0, 0x17, 0x30,
    0x0, 0x1f, 0xf0, 0xa, 0xfe, 0x0, 0x1, 0xff,
    0x0, 0x5f, 0x90, 0x0, 0x1f, 0xf0, 0x0, 0x0,
    0x0, 0x1, 0xff, 0x0, 0x0, 0x0, 0x0, 0x1f,
    0xf0, 0x0, 0x0, 0x0, 0x1, 0xff, 0x0, 0x0,
    0x0, 0x0, 0x1f, 0xf0, 0x0, 0x0, 0x0, 0x1,
    0xff, 0x0, 0x0, 0x0, 0x0, 0x1f, 0xfc, 0xcc,
    0xcc, 0xcc, 0x41, 0xff, 0xff, 0xff, 0xff, 0xf6,

    /* U+0140 "ŀ" */
    0x4f, 0xa0, 0x0, 0x4, 0xfa, 0x0, 0x0, 0x4f,
    0xa0, 0x0, 0x4, 0xfa, 0x0, 0x0, 0x4f, 0xa0,
    0x0, 0x4, 0xfa, 0x0, 0x0, 0x4f, 0xa0, 0x0,
    0x4, 0xfa, 0x8, 0xf7, 0x4f, 0xa0, 0xff, 0xd4,
    0xfa, 0x6, 0xc5, 0x4f, 0xa0, 0x0, 0x4, 0xfa,
    0x0, 0x0, 0x4f, 0xa0, 0x0, 0x4, 0xfa, 0x0,
    0x0, 0x4f, 0xa0, 0x0, 0x4, 0xfa, 0x0, 0x0,

    /* U+0141 "Ł" */
    0x0, 0x6f, 0xa0, 0x0, 0x0, 0x0, 0x0, 0x6,
    0xfa, 0x0, 0x0, 0x0, 0x0, 0x0, 0x6f, 0xa0,
    0x0, 0x0, 0x0, 0x0, 0x6, 0xfa, 0x0, 0x0,
    0x0, 0x0, 0x0, 0x6f, 0xa0, 0x8, 0x80, 0x0,
    0x0, 0x6, 0xfa, 0x5e, 0xf8, 0x0, 0x0, 0x0,
    0x6f, 0xff, 0xf8, 0x0, 0x0, 0x0, 0x1f, 0xff,
    0xa1, 0x0, 0x0, 0x0, 0x4f, 0xff, 0xd0, 0x0,
    0x0, 0x0, 0x7, 0xed, 0xfa, 0x0, 0x0, 0x0,
    0x0, 0x20, 0x6f, 0xa0, 0x0, 0x0, 0x0, 0x0,
    0x6, 0xfa, 0x0, 0x0, 0x0, 0x0, 0x0, 0x6f,
    0xa0, 0x0, 0x0, 0x0, 0x0, 0x6, 0xfa, 0x0,
    0x0, 0x0, 0x0, 0x0, 0x6f, 0xec, 0xcc, 0xcc,
    0xcc, 0x0, 0x6, 0xff, 0xff, 0xff, 0xff, 0xf0,

    /* U+0142 "ł" */
    0x0, 0x4f, 0xa0, 0x0, 0x4, 0xfa, 0x0, 0x0,
    0x4f, 0xa0, 0x0, 0x4, 0xfa, 0x0, 0x0, 0x4f,
    0xa8, 0x60, 0x4, 0xff, 0xf5, 0x3, 0xff, 0xf3,
    0x1, 0xff, 0xfa, 0x0, 0x18, 0x5f, 0xa0, 0x0,
    0x4, 0xfa, 0x0, 0x0, 0x4f, 0xa0, 0x0, 0x4,
    0xfa, 0x0, 0x0, 0x4f, 0xa0, 0x0, 0x4, 0xfa,
    0x0, 0x0, 0x4f, 0xa0, 0x0, 0x4, 0xfa, 0x0,

    /* U+0143 "Ń" */
    0x0, 0x0, 0x0, 0x1, 0x87, 0x0, 0x0, 0x0,
    0x0, 0x0, 0x8, 0xf6, 0x0, 0x0, 0x0, 0x0,
    0x0, 0x1f, 0xb0, 0x0, 0x0, 0x0, 0x0, 0x0,
    0x38, 0x10, 0x0, 0x0, 0x0, 0x0, 0x0, 0x0,
    0x0, 0x0, 0x0, 0x1f, 0xfa, 0x0, 0x0, 0x0,
    0x6, 0xfa, 0x1f, 0xff, 0x40, 0x0, 0x0, 0x6,
    0xfa, 0x1f, 0xff, 0xe0, 0x0, 0x0, 0x6, 0xfa,
    0x1f, 0xd9, 0xf9, 0x0, 0x0, 0x6, 0xfa, 0x1f,
    0xe1, 0xff, 0x30, 0x0, 0x6, 0xfa, 0x1f, 0xf0,
    0x7f, 0xd0, 0x0, 0x6, 0xfa, 0x1f, 0xf0, 0xd,
    0xf7, 0x0, 0x6, 0xfa, 0x1f, 0xf0, 0x3, 0xff,
    0x20, 0x6, 0xfa, 0x1f, 0xf0, 0x0, 0x9f, 0xb0,
    0x6, 0xfa, 0x1f, 0xf0, 0x0, 0xe, 0xf6, 0x6,
    0xfa, 0x1f, 0xf0, 0x0, 0x4, 0xfe, 0x16, 0xfa,
    0x1f, 0xf0, 0x0, 0x0, 0xaf, 0x96, 0xfa, 0x1f,
    0xf0, 0x0, 0x0, 0x1e, 0xf7, 0xfa, 0x1f, 0xf0,
    0x0, 0x0, 0x6, 0xfe, 0xfa, 0x1f, 0xf0, 0x0,
    0x0, 0x0, 0xbf, 0xfa, 0x1f, 0xf0, 0x0, 0x0,
    0x0, 0x2f, 0xfa,

    /* U+0144 "ń" */
    0x0, 0x0, 0x0, 0x77, 0x10, 0x0, 0x0, 0x0,
    0x5f, 0x90, 0x0, 0x0, 0x0, 0xd, 0xd0, 0x0,
    0x0, 0x0, 0x1, 0x83, 0x0, 0x0, 0x0, 0x0,
    0x0, 0x0, 0x0, 0x4, 0xf9, 0x1a, 0xef, 0xd6,
    0x0, 0x4f, 0xae, 0xda, 0xbf, 0xf7, 0x4, 0xff,
    0x80, 0x0, 0x5f, 0xf0, 0x4f, 0xd0, 0x0, 0x0,
    0xcf, 0x34, 0xfa, 0x0, 0x0, 0xa, 0xf4, 0x4f,
    0xa0, 0x0, 0x0, 0xaf, 0x44, 0xfa, 0x0, 0x0,
    0xa, 0xf4, 0x4f, 0xa0, 0x0, 0x0, 0xaf, 0x44,
    0xfa, 0x0, 0x0, 0xa, 0xf4, 0x4f, 0xa0, 0x0,
    0x0, 0xaf, 0x44, 0xfa, 0x0, 0x0, 0xa, 0xf4,
    0x4f, 0xa0, 0x0, 0x0, 0xaf, 0x40,

    /* U+0145 "Ņ" */
    0x1f, 0xfa, 0x0, 0x0, 0x0, 0x6, 0xfa, 0x1f,
    0xff, 0x40, 0x0, 0x0, 0x6, 0xfa, 0x1f, 0xff,
    0xe0, 0x0, 0x0, 0x6, 0xfa, 0x1f, 0xd9, 0xf9,
    0x0, 0x0, 0x6, 0xfa, 0x1f, 0xe1, 0xff, 0x30,
    0x0, 0x6, 0xfa, 0x1f, 0xf0, 0x7f, 0xd0, 0x0,
    0x6, 0xfa, 0x1f, 0xf0, 0xd, 0xf7, 0x0, 0x6,
    0xfa, 0x1f, 0xf0, 0x3, 0xff, 0x20, 0x6, 0xfa,
    0x1f, 0xf0, 0x0, 0x9f, 0xb0, 0x6, 0xfa, 0x1f,
    0xf0, 0x0, 0xe, 0xf6, 0x6, 0xfa, 0x1f, 0xf0,
    0x0, 0x4, 0xfe, 0x16, 0xfa, 0x1f, 0xf0, 0x0,
    0x0, 0xaf, 0x96, 0xfa, 0x1f, 0xf0, 0x0, 0x0,
    0x1e, 0xf7, 0xfa, 0x1f, 0xf0, 0x0, 0x0, 0x6,
    0xfe, 0xfa, 0x1f, 0xf0, 0x0, 0x0, 0x0, 0xbf,
    0xfa, 0x1f, 0xf0, 0x0, 0x0, 0x0, 0x2f, 0xfa,
    0x0, 0x0, 0x0, 0x0, 0x0, 0x0, 0x0, 0x0,
    0x0, 0x0, 0xdf, 0x10, 0x0, 0x0, 0x0, 0x0,
    0x0, 0xfc, 0x0, 0x0, 0x0, 0x0, 0x0, 0x4,
    0xf6, 0x0, 0x0, 0x0, 0x0, 0x0, 0x7, 0xf1,
    0x0, 0x0, 0x0,

    /* U+0146 "ņ" */
    0x4f, 0x91, 0xae, 0xfd, 0x60, 0x4, 0xfa, 0xed,
    0xab, 0xff, 0x70, 0x4f, 0xf8, 0x0, 0x5, 0xff,
    0x4, 0xfd, 0x0, 0x0, 0xc, 0xf3, 0x4f, 0xa0,
    0x0, 0x0, 0xaf, 0x44, 0xfa, 0x0, 0x0, 0xa,
    0xf4, 0x4f, 0xa0, 0x0, 0x0, 0xaf, 0x44, 0xfa,
    0x0, 0x0, 0xa, 0xf4, 0x4f, 0xa0, 0x0, 0x0,
    0xaf, 0x44, 0xfa, 0x0, 0x0, 0xa, 0xf4, 0x4f,
    0xa0, 0x0, 0x0, 0xaf, 0x44, 0xfa, 0x0, 0x0,
    0xa, 0xf4, 0x0, 0x0, 0x0, 0x0, 0x0, 0x0,
    0x0, 0x9, 0xf4, 0x0, 0x0, 0x0, 0x0, 0xde,
    0x0, 0x0, 0x0, 0x0, 0xf, 0x90, 0x0, 0x0,
    0x0, 0x4, 0xf4, 0x0, 0x0, 0x0,

    /* U+0147 "Ň" */
    0x0, 0x0, 0x77, 0x0, 0x38, 0x40, 0x0, 0x0,
    0x0, 0x5f, 0x81, 0xed, 0x10, 0x0, 0x0, 0x0,
    0x7, 0xfd, 0xe2, 0x0, 0x0, 0x0, 0x0, 0x0,
    0x68, 0x30, 0x0, 0x0, 0x0, 0x0, 0x0, 0x0,
    0x0, 0x0, 0x0, 0x1f, 0xfa, 0x0, 0x0, 0x0,
    0x6, 0xfa, 0x1f, 0xff, 0x40, 0x0, 0x0, 0x6,
    0xfa, 0x1f, 0xff, 0xe0, 0x0, 0x0, 0x6, 0xfa,
    0x1f, 0xd9, 0xf9, 0x0, 0x0, 0x6, 0xfa, 0x1f,
    0xe1, 0xff, 0x30, 0x0, 0x6, 0xfa, 0x1f, 0xf0,
    0x7f, 0xd0, 0x0, 0x6, 0xfa, 0x1f, 0xf0, 0xd,
    0xf7, 0x0, 0x6, 0xfa, 0x1f, 0xf0, 0x3, 0xff,
    0x20, 0x6, 0xfa, 0x1f, 0xf0, 0x0, 0x9f, 0xb0,
    0x6, 0xfa, 0x1f, 0xf0, 0x0, 0xe, 0xf6, 0x6,
    0xfa, 0x1f, 0xf0, 0x0, 0x4, 0xfe, 0x16, 0xfa,
    0x1f, 0xf0, 0x0, 0x0, 0xaf, 0x96, 0xfa, 0x1f,
    0xf0, 0x0, 0x0, 0x1e, 0xf7, 0xfa, 0x1f, 0xf0,
    0x0, 0x0, 0x6, 0xfe, 0xfa, 0x1f, 0xf0, 0x0,
    0x0, 0x0, 0xbf, 0xfa, 0x1f, 0xf0, 0x0, 0x0,
    0x0, 0x2f, 0xfa,

    /* U+0148 "ň" */
    0x0, 0x58, 0x10, 0x18, 0x60, 0x0, 0x2, 0xec,
    0x1c, 0xe2, 0x0, 0x0, 0x3, 0xfe, 0xf3, 0x0,
    0x0, 0x0, 0x2, 0x52, 0x0, 0x0, 0x0, 0x0,
    0x0, 0x0, 0x0, 0x4, 0xf9, 0x1a, 0xef, 0xd6,
    0x0, 0x4f, 0xae, 0xda, 0xbf, 0xf7, 0x4, 0xff,
    0x80, 0x0, 0x5f, 0xf0, 0x4f, 0xd0, 0x0, 0x0,
    0xcf, 0x34, 0xfa, 0x0, 0x0, 0xa, 0xf4, 0x4f,
    0xa0, 0x0, 0x0, 0xaf, 0x44, 0xfa, 0x0, 0x0,
    0xa, 0xf4, 0x4f, 0xa0, 0x0, 0x0, 0xaf, 0x44,
    0xfa, 0x0, 0x0, 0xa, 0xf4, 0x4f, 0xa0, 0x0,
    0x0, 0xaf, 0x44, 0xfa, 0x0, 0x0, 0xa, 0xf4,
    0x4f, 0xa0, 0x0, 0x0, 0xaf, 0x40,

    /* U+014A "Ŋ" */
    0x1f, 0xfa, 0x0, 0x0, 0x0, 0x6, 0xfa, 0x1f,
    0xff, 0x40, 0x0, 0x0, 0x6, 0xfa, 0x1f, 0xff,
    0xe0, 0x0, 0x0, 0x6, 0xfa, 0x1f, 0xd9, 0xf9,
    0x0, 0x0, 0x6, 0xfa, 0x1f, 0xe1, 0xff, 0x30,
    0x0, 0x6, 0xfa, 0x1f, 0xf0, 0x7f, 0xd0, 0x0,
    0x6, 0xfa, 0x1f, 0xf0, 0xd, 0xf7, 0x0, 0x6,
    0xfa, 0x1f, 0xf0, 0x3, 0xff, 0x20, 0x6, 0xfa,
    0x1f, 0xf0, 0x0, 0x9f, 0xb0, 0x6, 0xfa, 0x1f,
    0xf0, 0x0, 0xe, 0xf6, 0x6, 0xfa, 0x1f, 0xf0,
    0x0, 0x4, 0xfe, 0x16, 0xfa, 0x1f, 0xf0, 0x0,
    0x0, 0xaf, 0x96, 0xfa, 0x1f, 0xf0, 0x0, 0x0,
    0x1e, 0xf7, 0xfa, 0x1f, 0xf0, 0x0, 0x0, 0x6,
    0xfe, 0xfa, 0x1f, 0xf0, 0x0, 0x0, 0x0, 0xbf,
    0xfb, 0x1f, 0xf0, 0x0, 0x0, 0x0, 0x2f, 0xfc,
    0x0, 0x0, 0x0, 0x0, 0x0, 0x4, 0xfc, 0x0,
    0x0, 0x0, 0x0, 0x0, 0x5, 0xfb, 0x0, 0x0,
    0x0, 0x0, 0x5, 0xcf, 0xf7, 0x0, 0x0, 0x0,
    0x0, 0x7, 0xfe, 0x80,

    /* U+014B "ŋ" */
    0x4f, 0x91, 0xae, 0xfd, 0x60, 0x4, 0xfa, 0xed,
    0xab, 0xff, 0x70, 0x4f, 0xf8, 0x0, 0x4, 0xff,
    0x4, 0xfd, 0x0, 0x0, 0xc, 0xf3, 0x4f, 0xa0,
    0x0, 0x0, 0xaf, 0x44, 0xfa, 0x0, 0x0, 0xa,
    0xf4, 0x4f, 0xa0, 0x0, 0x0, 0xaf, 0x44, 0xfa,
    0x0, 0x0, 0xa, 0xf4, 0x4f, 0xa0, 0x0, 0x0,
    0xaf, 0x44, 0xfa, 0x0, 0x0, 0xa, 0xf4, 0x4f,
    0xa0, 0x0, 0x0, 0xaf, 0x44, 0xfa, 0x0, 0x0,
    0xa, 0xf4, 0x0, 0x0, 0x0, 0x0, 0xaf, 0x50,
    0x0, 0x0, 0x0, 0xb, 0xf4, 0x0, 0x0, 0x0,
    0xbd, 0xff, 0x10, 0x0, 0x0, 0xe, 0xfc, 0x40,

    /* U+014C "Ō" */
    0x0, 0x0, 0x8f, 0xff, 0xff, 0x60, 0x0, 0x0,
    0x0, 0x4, 0x88, 0x88, 0x83, 0x0, 0x0, 0x0,
    0x0, 0x0, 0x0, 0x0, 0x0, 0x0, 0x0, 0x0,
    0x0, 0x0, 0x0, 0x0, 0x0, 0x0, 0x0, 0x0,
    0x5b, 0xef, 0xda, 0x40, 0x0, 0x0, 0x1, 0xcf,
    0xff, 0xef, 0xff, 0xa0, 0x0, 0x0, 0xdf, 0xc4,
    0x0, 0x5, 0xef, 0xb0, 0x0, 0x9f, 0xc0, 0x0,
    0x0, 0x1, 0xdf, 0x60, 0x1f, 0xf1, 0x0, 0x0,
    0x0, 0x4, 0xfd, 0x6, 0xfa, 0x0, 0x0, 0x0,
    0x0, 0xd, 0xf3, 0x8f, 0x60, 0x0, 0x0, 0x0,
    0x0, 0x9f, 0x5a, 0xf5, 0x0, 0x0, 0x0, 0x0,
    0x8, 0xf7, 0xaf, 0x50, 0x0, 0x0, 0x0, 0x0,
    0x8f, 0x78, 0xf6, 0x0, 0x0, 0x0, 0x0, 0x9,
    0xf5, 0x6f, 0xa0, 0x0, 0x0, 0x0, 0x0, 0xdf,
    0x31, 0xff, 0x10, 0x0, 0x0, 0x0, 0x4f, 0xd0,
    0x9, 0xfb, 0x0, 0x0, 0x0, 0x1d, 0xf6, 0x0,
    0xd, 0xfc, 0x40, 0x0, 0x5e, 0xfb, 0x0, 0x0,
    0x1c, 0xff, 0xfe, 0xff, 0xfa, 0x0, 0x0, 0x0,
    0x5, 0xbe, 0xfd, 0xa4, 0x0, 0x0,

    /* U+014D "ō" */
    0x0, 0x6f, 0xff, 0xff, 0x90, 0x0, 0x0, 0x38,
    0x88, 0x88, 0x40, 0x0, 0x0, 0x0, 0x0, 0x0,
    0x0, 0x0, 0x0, 0x0, 0x0, 0x0, 0x0, 0x0,
    0x0, 0x29, 0xdf, 0xea, 0x30, 0x0, 0x3, 0xef,
    0xeb, 0xdf, 0xf6, 0x0, 0xe, 0xf7, 0x0, 0x5,
    0xff, 0x20, 0x6f, 0xa0, 0x0, 0x0, 0x7f, 0x90,
    0xbf, 0x40, 0x0, 0x0, 0x1f, 0xe0, 0xdf, 0x10,
    0x0, 0x0, 0xe, 0xf0, 0xdf, 0x10, 0x0, 0x0,
    0xe, 0xf0, 0xbf, 0x40, 0x0, 0x0, 0x1f, 0xe0,
    0x6f, 0xa0, 0x0, 0x0, 0x7f, 0xa0, 0x1e, 0xf7,
    0x0, 0x4, 0xff, 0x20, 0x3, 0xef, 0xeb, 0xdf,
    0xf6, 0x0, 0x0, 0x29, 0xdf, 0xea, 0x30, 0x0,

    /* U+014E "Ŏ" */
    0x0, 0x0, 0x56, 0x0, 0x7, 0x30, 0x0, 0x0,
    0x0, 0x7, 0xf5, 0x17, 0xf4, 0x0, 0x0, 0x0,
    0x0, 0xa, 0xff, 0xf8, 0x0, 0x0, 0x0, 0x0,
    0x0, 0x1, 0x31, 0x0, 0x0, 0x0, 0x0, 0x0,
    0x0, 0x0, 0x0, 0x0, 0x0, 0x0, 0x0, 0x5,
    0xbe, 0xfd, 0xa4, 0x0, 0x0, 0x0, 0x1c, 0xff,
    0xfe, 0xff, 0xfa, 0x0, 0x0, 0xd, 0xfc, 0x40,
    0x0, 0x5e, 0xfb, 0x0, 0x9, 0xfc, 0x0, 0x0,
    0x0, 0x1d, 0xf6, 0x1, 0xff, 0x10, 0x0, 0x0,
    0x0, 0x4f, 0xd0, 0x6f, 0xa0, 0x0, 0x0, 0x0,
    0x0, 0xdf, 0x38, 0xf6, 0x0, 0x0, 0x0, 0x0,
    0x9, 0xf5, 0xaf, 0x50, 0x0, 0x0, 0x0, 0x0,
    0x8f, 0x7a, 0xf5, 0x0, 0x0, 0x0, 0x0, 0x8,
    0xf7, 0x8f, 0x60, 0x0, 0x0, 0x0, 0x0, 0x9f,
    0x56, 0xfa, 0x0, 0x0, 0x0, 0x0, 0xd, 0xf3,
    0x1f, 0xf1, 0x0, 0x0, 0x0, 0x4, 0xfd, 0x0,
    0x9f, 0xb0, 0x0, 0x0, 0x1, 0xdf, 0x60, 0x0,
    0xdf, 0xc4, 0x0, 0x5, 0xef, 0xb0, 0x0, 0x1,
    0xcf, 0xff, 0xef, 0xff, 0xa0, 0x0, 0x0, 0x0,
    0x5b, 0xef, 0xda, 0x40, 0x0, 0x0,

    /* U+014F "ŏ" */
    0x0, 0x7f, 0x0, 0xc, 0xa0, 0x0, 0x0, 0x2f,
    0x82, 0x6f, 0x50, 0x0, 0x0, 0x6, 0xff, 0xf8,
    0x0, 0x0, 0x0, 0x0, 0x13, 0x10, 0x0, 0x0,
    0x0, 0x0, 0x0, 0x0, 0x0, 0x0, 0x0, 0x29,
    0xdf, 0xea, 0x30, 0x0, 0x3, 0xef, 0xeb, 0xdf,
    0xf6, 0x0, 0xe, 0xf7, 0x0, 0x5, 0xff, 0x20,
    0x6f, 0xa0, 0x0, 0x0, 0x7f, 0x90, 0xbf, 0x40,
    0x0, 0x0, 0x1f, 0xe0, 0xdf, 0x10, 0x0, 0x0,
    0xe, 0xf0, 0xdf, 0x10, 0x0, 0x0, 0xe, 0xf0,
    0xbf, 0x40, 0x0, 0x0, 0x1f, 0xe0, 0x6f, 0xa0,
    0x0, 0x0, 0x7f, 0xa0, 0x1e, 0xf7, 0x0, 0x4,
    0xff, 0x20, 0x3, 0xef, 0xeb, 0xdf, 0xf6, 0x0,
    0x0, 0x29, 0xdf, 0xea, 0x30, 0x0,

    /* U+0150 "Ő" */
    0x0, 0x0, 0xe, 0xf2, 0xe, 0xf2, 0x0, 0x0,
    0x0, 0x5, 0xf8, 0x8, 0xf5, 0x0, 0x0, 0x0,
    0x0, 0xce, 0x2, 0xf9, 0x0, 0x0, 0x0, 0x0,
    0x1, 0x10, 0x2, 0x0, 0x0, 0x0, 0x0, 0x0,
    0x0, 0x0, 0x0, 0x0, 0x0, 0x0, 0x0, 0x5,
    0xbe, 0xfd, 0xa4, 0x0, 0x0, 0x0, 0x1c, 0xff,
    0xfe, 0xff, 0xfa, 0x0, 0x0, 0xd, 0xfc, 0x40,
    0x0, 0x5e, 0xfb, 0x0, 0x9, 0xfc, 0x0, 0x0,
    0x0, 0x1d, 0xf6, 0x1, 0xff, 0x10, 0x0, 0x0,
    0x0, 0x4f, 0xd0, 0x6f, 0xa0, 0x0, 0x0, 0x0,
    0x0, 0xdf, 0x38, 0xf6, 0x0, 0x0, 0x0, 0x0,
    0x9, 0xf5, 0xaf, 0x50, 0x0, 0x0, 0x0, 0x0,
    0x8f, 0x7a, 0xf5, 0x0, 0x0, 0x0, 0x0, 0x8,
    0xf7, 0x8f, 0x60, 0x0, 0x0, 0x0, 0x0, 0x9f,
    0x56, 0xfa, 0x0, 0x0, 0x0, 0x0, 0xd, 0xf3,
    0x1f, 0xf1, 0x0, 0x0, 0x0, 0x4, 0xfd, 0x0,
    0x9f, 0xb0, 0x0, 0x0, 0x1, 0xdf, 0x60, 0x0,
    0xdf, 0xc4, 0x0, 0x5, 0xef, 0xb0, 0x0, 0x1,
    0xcf, 0xff, 0xef, 0xff, 0xa0, 0x0, 0x0, 0x0,
    0x5b, 0xef, 0xda, 0x40, 0x0, 0x0,

    /* U+0151 "ő" */
    0x0, 0xc, 0xf4, 0xc, 0xf4, 0x0, 0x0, 0x2f,
    0xb0, 0x6f, 0x70, 0x0, 0x0, 0x9f, 0x20, 0xeb,
    0x0, 0x0, 0x0, 0x11, 0x0, 0x10, 0x0, 0x0,
    0x0, 0x0, 0x0, 0x0, 0x0, 0x0, 0x0, 0x29,
    0xdf, 0xea, 0x30, 0x0, 0x3, 0xef, 0xeb, 0xdf,
    0xf6, 0x0, 0xe, 0xf7, 0x0, 0x5, 0xff, 0x20,
    0x6f, 0xa0, 0x0, 0x0, 0x7f, 0x90, 0xbf, 0x40,
    0x0, 0x0, 0x1f, 0xe0, 0xdf, 0x10, 0x0, 0x0,
    0xe, 0xf0, 0xdf, 0x10, 0x0, 0x0, 0xe, 0xf0,
    0xbf, 0x40, 0x0, 0x0, 0x1f, 0xe0, 0x6f, 0xa0,
    0x0, 0x0, 0x7f, 0xa0, 0x1e, 0xf7, 0x0, 0x4,
    0xff, 0x20, 0x3, 0xef, 0xeb, 0xdf, 0xf6, 0x0,
    0x0, 0x29, 0xdf, 0xea, 0x30, 0x0,

    /* U+0152 "Œ" */
    0x0, 0x0, 0x5b, 0xdf, 0xff, 0xff, 0xff, 0xff,
    0xff, 0xf9, 0x0, 0x1c, 0xff, 0xec, 0xcd, 0xff,
    0xcc, 0xcc, 0xcc, 0xc7, 0x0, 0xdf, 0xc3, 0x0,
    0x3, 0xfd, 0x0, 0x0, 0x0, 0x0, 0x9, 0xfb,
    0x0, 0x0, 0x3, 0xfd, 0x0, 0x0, 0x0, 0x0,
    0xf, 0xf2, 0x0, 0x0, 0x3, 0xfd, 0x0, 0x0,
    0x0, 0x0, 0x5f, 0xb0, 0x0, 0x0, 0x3, 0xfd,
    0x0, 0x0, 0x0, 0x0, 0x8f, 0x70, 0x0, 0x0,
    0x3, 0xfd, 0x0, 0x0, 0x0, 0x0, 0xaf, 0x50,
    0x0, 0x0, 0x3, 0xff, 0xcc, 0xcc, 0xcc, 0xc0,
    0xaf, 0x50, 0x0, 0x0, 0x3, 0xff, 0xff, 0xff,
    0xff, 0xf0, 0x8f, 0x70, 0x0, 0x0, 0x3, 0xfd,
    0x0, 0x0, 0x0, 0x0, 0x5f, 0xb0, 0x0, 0x0,
    0x3, 0xfd, 0x0, 0x0, 0x0, 0x0, 0xf, 0xf2,
    0x0, 0x0, 0x3, 0xfd, 0x0, 0x0, 0x0, 0x0,
    0x8, 0xfb, 0x0, 0x0, 0x3, 0xfd, 0x0, 0x0,
    0x0, 0x0, 0x0, 0xdf, 0xc3, 0x0, 0x3, 0xfd,
    0x0, 0x0, 0x0, 0x0, 0x0, 0x1c, 0xff, 0xec,
    0xcd, 0xff, 0xcc, 0xcc, 0xcc, 0xc8, 0x0, 0x0,
    0x5b, 0xef, 0xff, 0xff, 0xff, 0xff, 0xff, 0xfa,

    /* U+0153 "œ" */
    0x0, 0x29, 0xdf, 0xea, 0x30, 0x1, 0x8d, 0xfe,
    0xa3, 0x0, 0x3, 0xef, 0xeb, 0xdf, 0xf6, 0x2d,
    0xfe, 0xbd, 0xff, 0x60, 0xe, 0xf7, 0x0, 0x5,
    0xff, 0xff, 0x80, 0x0, 0x4f, 0xf2, 0x6f, 0xa0,
    0x0, 0x0, 0x7f, 0xfb, 0x0, 0x0, 0x7, 0xf9,
    0xbf, 0x40, 0x0, 0x0, 0x1f, 0xf5, 0x0, 0x0,
    0x2, 0xfc, 0xdf, 0x10, 0x0, 0x0, 0xf, 0xff,
    0xff, 0xff, 0xff, 0xfe, 0xdf, 0x10, 0x0, 0x0,
    0xf, 0xfb, 0x99, 0x99, 0x99, 0x98, 0xbf, 0x40,
    0x0, 0x0, 0x1f, 0xf6, 0x0, 0x0, 0x0, 0x0,
    0x6f, 0xa0, 0x0, 0x0, 0x7f, 0xfc, 0x0, 0x0,
    0x1, 0x40, 0x1e, 0xf7, 0x0, 0x4, 0xff, 0xff,
    0x90, 0x0, 0x1c, 0xf7, 0x3, 0xef, 0xeb, 0xdf,
    0xf6, 0x2d, 0xff, 0xcc, 0xff, 0xb0, 0x0, 0x29,
    0xdf, 0xea, 0x30, 0x1, 0x8d, 0xfe, 0xc6, 0x0,

    /* U+0154 "Ŕ" */
    0x0, 0x0, 0x0, 0x38, 0x50, 0x0, 0x0, 0x0,
    0x0, 0xd, 0xf2, 0x0, 0x0, 0x0, 0x0, 0x5,
    0xf6, 0x0, 0x0, 0x0, 0x0, 0x0, 0x57, 0x0,
    0x0, 0x0, 0x0, 0x0, 0x0, 0x0, 0x0, 0x0,
    0x1, 0xff, 0xff, 0xff, 0xeb, 0x40, 0x0, 0x1f,
    0xfc, 0xcc, 0xce, 0xff, 0x80, 0x1, 0xff, 0x0,
    0x0, 0x4, 0xff, 0x40, 0x1f, 0xf0, 0x0, 0x0,
    0x7, 0xfa, 0x1, 0xff, 0x0, 0x0, 0x0, 0x3f,
    0xd0, 0x1f, 0xf0, 0x0, 0x0, 0x3, 0xfc, 0x1,
    0xff, 0x0, 0x0, 0x0, 0x8f, 0xa0, 0x1f, 0xf0,
    0x0, 0x1, 0x7f, 0xf3, 0x1, 0xff, 0xff, 0xff,
    0xff, 0xf6, 0x0, 0x1f, 0xfc, 0xcc, 0xdf, 0xf2,
    0x0, 0x1, 0xff, 0x0, 0x0, 0xdf, 0x70, 0x0,
    0x1f, 0xf0, 0x0, 0x4, 0xff, 0x10, 0x1, 0xff,
    0x0, 0x0, 0xc, 0xf9, 0x0, 0x1f, 0xf0, 0x0,
    0x0, 0x3f, 0xf2, 0x1, 0xff, 0x0, 0x0, 0x0,
    0xaf, 0xa0, 0x1f, 0xf0, 0x0, 0x0, 0x2, 0xff,
    0x30,

    /* U+0155 "ŕ" */
    0x0, 0x0, 0x78, 0x10, 0x0, 0x4f, 0xb0, 0x0,
    0xc, 0xe1, 0x0, 0x1, 0x83, 0x0, 0x0, 0x0,
    0x0, 0x4, 0xf9, 0x3b, 0xfc, 0x4f, 0xbf, 0xeb,
    0x94, 0xff, 0x80, 0x0, 0x4f, 0xd0, 0x0, 0x4,
    0xfa, 0x0, 0x0, 0x4f, 0xa0, 0x0, 0x4, 0xfa,
    0x0, 0x0, 0x4f, 0xa0, 0x0, 0x4, 0xfa, 0x0,
    0x0, 0x4f, 0xa0, 0x0, 0x4, 0xfa, 0x0, 0x0,
    0x4f, 0xa0, 0x0, 0x0,

    /* U+0156 "Ŗ" */
    0x1f, 0xff, 0xff, 0xfe, 0xb4, 0x0, 0x1, 0xff,
    0xcc, 0xcc, 0xef, 0xf8, 0x0, 0x1f, 0xf0, 0x0,
    0x0, 0x4f, 0xf4, 0x1, 0xff, 0x0, 0x0, 0x0,
    0x7f, 0xa0, 0x1f, 0xf0, 0x0, 0x0, 0x3, 0xfd,
    0x1, 0xff, 0x0, 0x0, 0x0, 0x3f, 0xc0, 0x1f,
    0xf0, 0x0, 0x0, 0x8, 0xfa, 0x1, 0xff, 0x0,
    0x0, 0x17, 0xff, 0x30, 0x1f, 0xff, 0xff, 0xff,
    0xff, 0x60, 0x1, 0xff, 0xcc, 0xcd, 0xff, 0x20,
    0x0, 0x1f, 0xf0, 0x0, 0xd, 0xf7, 0x0, 0x1,
    0xff, 0x0, 0x0, 0x4f, 0xf1, 0x0, 0x1f, 0xf0,
    0x0, 0x0, 0xcf, 0x90, 0x1, 0xff, 0x0, 0x0,
    0x3, 0xff, 0x20, 0x1f, 0xf0, 0x0, 0x0, 0xa,
    0xfa, 0x1, 0xff, 0x0, 0x0, 0x0, 0x2f, 0xf3,
    0x0, 0x0, 0x0, 0x0, 0x0, 0x0, 0x0, 0x0,
    0x0, 0xdf, 0x10, 0x0, 0x0, 0x0, 0x0, 0x1f,
    0xb0, 0x0, 0x0, 0x0, 0x0, 0x4, 0xf6, 0x0,
    0x0, 0x0, 0x0, 0x0, 0x8f, 0x10, 0x0, 0x0,
    0x0,

    /* U+0157 "ŗ" */
    0x4, 0xf9, 0x3b, 0xfc, 0x4, 0xfb, 0xfe, 0xb9,
    0x4, 0xff, 0x80, 0x0, 0x4, 0xfd, 0x0, 0x0,
    0x4, 0xfa, 0x0, 0x0, 0x4, 0xfa, 0x0, 0x0,
    0x4, 0xfa, 0x0, 0x0, 0x4, 0xfa, 0x0, 0x0,
    0x4, 0xfa, 0x0, 0x0, 0x4, 0xfa, 0x0, 0x0,
    0x4, 0xfa, 0x0, 0x0, 0x4, 0xfa, 0x0, 0x0,
    0x0, 0x0, 0x0, 0x0, 0x7, 0xf7, 0x0, 0x0,
    0xa, 0xf1, 0x0, 0x0, 0xe, 0xc0, 0x0, 0x0,
    0x1f, 0x60, 0x0, 0x0,

    /* U+0158 "Ř" */
    0x0, 0x18, 0x50, 0x5, 0x82, 0x0, 0x0, 0x0,
    0x9f, 0x44, 0xfa, 0x0, 0x0, 0x0, 0x0, 0xce,
    0xec, 0x0, 0x0, 0x0, 0x0, 0x1, 0x77, 0x10,
    0x0, 0x0, 0x0, 0x0, 0x0, 0x0, 0x0, 0x0,
    0x1, 0xff, 0xff, 0xff, 0xeb, 0x40, 0x0, 0x1f,
    0xfc, 0xcc, 0xce, 0xff, 0x80, 0x1, 0xff, 0x0,
    0x0, 0x4, 0xff, 0x40, 0x1f, 0xf0, 0x0, 0x0,
    0x7, 0xfa, 0x1, 0xff, 0x0, 0x0, 0x0, 0x3f,
    0xd0, 0x1f, 0xf0, 0x0, 0x0, 0x3, 0xfc, 0x1,
    0xff, 0x0, 0x0, 0x0, 0x8f, 0xa0, 0x1f, 0xf0,
    0x0, 0x1, 0x7f, 0xf3, 0x1, 0xff, 0xff, 0xff,
    0xff, 0xf6, 0x0, 0x1f, 0xfc, 0xcc, 0xdf, 0xf2,
    0x0, 0x1, 0xff, 0x0, 0x0, 0xdf, 0x70, 0x0,
    0x1f, 0xf0, 0x0, 0x4, 0xff, 0x10, 0x1, 0xff,
    0x0, 0x0, 0xc, 0xf9, 0x0, 0x1f, 0xf0, 0x0,
    0x0, 0x3f, 0xf2, 0x1, 0xff, 0x0, 0x0, 0x0,
    0xaf, 0xa0, 0x1f, 0xf0, 0x0, 0x0, 0x2, 0xff,
    0x30,

    /* U+0159 "ř" */
    0x58, 0x10, 0x7, 0x70, 0x1e, 0xd0, 0xaf, 0x40,
    0x3, 0xfd, 0xf5, 0x0, 0x0, 0x48, 0x50, 0x0,
    0x0, 0x0, 0x0, 0x0, 0x4f, 0x93, 0xbf, 0xc0,
    0x4f, 0xbf, 0xeb, 0x90, 0x4f, 0xf8, 0x0, 0x0,
    0x4f, 0xd0, 0x0, 0x0, 0x4f, 0xa0, 0x0, 0x0,
    0x4f, 0xa0, 0x0, 0x0, 0x4f, 0xa0, 0x0, 0x0,
    0x4f, 0xa0, 0x0, 0x0, 0x4f, 0xa0, 0x0, 0x0,
    0x4f, 0xa0, 0x0, 0x0, 0x4f, 0xa0, 0x0, 0x0,
    0x4f, 0xa0, 0x0, 0x0,

    /* U+015A "Ś" */
    0x0, 0x0, 0x0, 0x8f, 0x80, 0x0, 0x0, 0x0,
    0x0, 0xee, 0x0, 0x0, 0x0, 0x0, 0x5, 0xf5,
    0x0, 0x0, 0x0, 0x0, 0x5, 0x70, 0x0, 0x0,
    0x0, 0x0, 0x0, 0x0, 0x0, 0x0, 0x0, 0x7,
    0xce, 0xfd, 0x92, 0x0, 0x2, 0xdf, 0xfd, 0xdf,
    0xff, 0x60, 0xc, 0xfa, 0x10, 0x0, 0x7f, 0xf2,
    0x2f, 0xe0, 0x0, 0x0, 0x9, 0xf8, 0x4f, 0xb0,
    0x0, 0x0, 0x0, 0x21, 0x1f, 0xf3, 0x0, 0x0,
    0x0, 0x0, 0x8, 0xff, 0xa4, 0x0, 0x0, 0x0,
    0x0, 0x5e, 0xff, 0xfb, 0x60, 0x0, 0x0, 0x0,
    0x49, 0xdf, 0xfe, 0x40, 0x0, 0x0, 0x0, 0x3,
    0x9f, 0xf4, 0x0, 0x0, 0x0, 0x0, 0x6, 0xfb,
    0x45, 0x20, 0x0, 0x0, 0x2, 0xfd, 0x9f, 0x90,
    0x0, 0x0, 0x6, 0xfb, 0x3f, 0xf8, 0x0, 0x0,
    0x6f, 0xf5, 0x6, 0xff, 0xfd, 0xdf, 0xff, 0x80,
    0x0, 0x29, 0xdf, 0xfd, 0xa3, 0x0,

    /* U+015B "ś" */
    0x0, 0x0, 0x9, 0xf7, 0x0, 0x0, 0x0, 0x1f,
    0xd0, 0x0, 0x0, 0x0, 0x7f, 0x40, 0x0, 0x0,
    0x0, 0x66, 0x0, 0x0, 0x0, 0x0, 0x0, 0x0,
    0x0, 0x0, 0x7c, 0xfe, 0xc5, 0x0, 0xb, 0xfe,
    0xab, 0xff, 0x80, 0x4f, 0xc0, 0x0, 0x1d, 0xf1,
    0x6f, 0x80, 0x0, 0x1, 0x0, 0x3f, 0xf6, 0x10,
    0x0, 0x0, 0x7, 0xff, 0xfd, 0x93, 0x0, 0x0,
    0x17, 0xbe, 0xff, 0x90, 0x0, 0x0, 0x0, 0x4e,
    0xf4, 0x26, 0x0, 0x0, 0x8, 0xf7, 0x9f, 0x90,
    0x0, 0x1d, 0xf4, 0x2e, 0xfe, 0xbc, 0xff, 0xb0,
    0x1, 0x8d, 0xff, 0xc6, 0x0,

    /* U+015C "Ŝ" */
    0x0, 0x0, 0x5f, 0xf6, 0x0, 0x0, 0x0, 0x3,
    0xfb, 0xaf, 0x30, 0x0, 0x0, 0x2e, 0xd0, 0xc,
    0xe2, 0x0, 0x0, 0x0, 0x0, 0x0, 0x0, 0x0,
    0x0, 0x0, 0x0, 0x0, 0x0, 0x0, 0x0, 0x7,
    0xce, 0xfd, 0x92, 0x0, 0x2, 0xdf, 0xfd, 0xdf,
    0xff, 0x60, 0xc, 0xfa, 0x10, 0x0, 0x7f, 0xf2,
    0x2f, 0xe0, 0x0, 0x0, 0x9, 0xf8, 0x4f, 0xb0,
    0x0, 0x0, 0x0, 0x21, 0x1f, 0xf3, 0x0, 0x0,
    0x0, 0x0, 0x8, 0xff, 0xa4, 0x0, 0x0, 0x0,
    0x0, 0x5e, 0xff, 0xfb, 0x60, 0x0, 0x0, 0x0,
    0x49, 0xdf, 0xfe, 0x40, 0x0, 0x0, 0x0, 0x3,
    0x9f, 0xf4, 0x0, 0x0, 0x0, 0x0, 0x6, 0xfb,
    0x45, 0x20, 0x0, 0x0, 0x2, 0xfd, 0x9f, 0x90,
    0x0, 0x0, 0x6, 0xfb, 0x3f, 0xf8, 0x0, 0x0,
    0x6f, 0xf5, 0x6, 0xff, 0xfd, 0xdf, 0xff, 0x80,
    0x0, 0x29, 0xdf, 0xfd, 0xa3, 0x0,

    /* U+015D "ŝ" */
    0x0, 0x6, 0xff, 0x40, 0x0, 0x0, 0x4f, 0x9b,
    0xf2, 0x0, 0x3, 0xfc, 0x1, 0xde, 0x10, 0x0,
    0x0, 0x0, 0x0, 0x0, 0x0, 0x0, 0x0, 0x0,
    0x0, 0x0, 0x7c, 0xfe, 0xc5, 0x0, 0xb, 0xfe,
    0xab, 0xff, 0x80, 0x4f, 0xc0, 0x0, 0x1d, 0xf1,
    0x6f, 0x80, 0x0, 0x1, 0x0, 0x3f, 0xf6, 0x10,
    0x0, 0x0, 0x7, 0xff, 0xfd, 0x93, 0x0, 0x0,
    0x17, 0xbe, 0xff, 0x90, 0x0, 0x0, 0x0, 0x4e,
    0xf4, 0x26, 0x0, 0x0, 0x8, 0xf7, 0x9f, 0x90,
    0x0, 0x1d, 0xf4, 0x2e, 0xfe, 0xbc, 0xff, 0xb0,
    0x1, 0x8d, 0xff, 0xc6, 0x0,

    /* U+015E "Ş" */
    0x0, 0x7, 0xce, 0xfd, 0x92, 0x0, 0x2, 0xdf,
    0xfd, 0xdf, 0xff, 0x60, 0xc, 0xfa, 0x10, 0x0,
    0x7f, 0xf2, 0x2f, 0xe0, 0x0, 0x0, 0x9, 0xf8,
    0x4f, 0xb0, 0x0, 0x0, 0x0, 0x21, 0x1f, 0xf3,
    0x0, 0x0, 0x0, 0x0, 0x8, 0xff, 0xa4, 0x0,
    0x0, 0x0, 0x0, 0x5e, 0xff, 0xfb, 0x60, 0x0,
    0x0, 0x0, 0x49, 0xdf, 0xfe, 0x40, 0x0, 0x0,
    0x0, 0x3, 0x9f, 0xf4, 0x0, 0x0, 0x0, 0x0,
    0x6, 0xfb, 0x45, 0x20, 0x0, 0x0, 0x2, 0xfd,
    0x9f, 0x90, 0x0, 0x0, 0x6, 0xfb, 0x3f, 0xf8,
    0x0, 0x0, 0x6f, 0xf5, 0x6, 0xff, 0xfd, 0xdf,
    0xff, 0x80, 0x0, 0x29, 0xdf, 0xfd, 0xa3, 0x0,
    0x0, 0x0, 0x9, 0xb3, 0x0, 0x0, 0x0, 0x0,
    0x6, 0x9f, 0x60, 0x0, 0x0, 0x0, 0x2, 0x2e,
    0x90, 0x0, 0x0, 0x0, 0x2f, 0xfc, 0x20, 0x0,

    /* U+015F "ş" */
    0x0, 0x7c, 0xfe, 0xc5, 0x0, 0xb, 0xfe, 0xab,
    0xff, 0x80, 0x4f, 0xc0, 0x0, 0x1d, 0xf1, 0x6f,
    0x80, 0x0, 0x1, 0x0, 0x3f, 0xf6, 0x10, 0x0,
    0x0, 0x7, 0xff, 0xfd, 0x93, 0x0, 0x0, 0x17,
    0xbe, 0xff, 0x90, 0x0, 0x0, 0x0, 0x4e, 0xf4,
    0x26, 0x0, 0x0, 0x8, 0xf7, 0x9f, 0x90, 0x0,
    0x1d, 0xf4, 0x2e, 0xfe, 0xbc, 0xff, 0xb0, 0x1,
    0x8d, 0xff, 0xc6, 0x0, 0x0, 0x0, 0xca, 0x20,
    0x0, 0x0, 0x0, 0x7a, 0xf4, 0x0, 0x0, 0x0,
    0x23, 0xf6, 0x0, 0x0, 0x4, 0xff, 0xb1, 0x0,

    /* U+0160 "Š" */
    0x0, 0x1e, 0xd0, 0xc, 0xf3, 0x0, 0x0, 0x3,
    0xfb, 0xaf, 0x40, 0x0, 0x0, 0x0, 0x4f, 0xf6,
    0x0, 0x0, 0x0, 0x0, 0x0, 0x0, 0x0, 0x0,
    0x0, 0x0, 0x0, 0x0, 0x0, 0x0, 0x0, 0x7,
    0xce, 0xfd, 0x92, 0x0, 0x2, 0xdf, 0xfd, 0xdf,
    0xff, 0x60, 0xc, 0xfa, 0x10, 0x0, 0x7f, 0xf2,
    0x2f, 0xe0, 0x0, 0x0, 0x9, 0xf8, 0x4f, 0xb0,
    0x0, 0x0, 0x0, 0x21, 0x1f, 0xf3, 0x0, 0x0,
    0x0, 0x0, 0x8, 0xff, 0xa4, 0x0, 0x0, 0x0,
    0x0, 0x5e, 0xff, 0xfb, 0x60, 0x0, 0x0, 0x0,
    0x49, 0xdf, 0xfe, 0x40, 0x0, 0x0, 0x0, 0x3,
    0x9f, 0xf4, 0x0, 0x0, 0x0, 0x0, 0x6, 0xfb,
    0x45, 0x20, 0x0, 0x0, 0x2, 0xfd, 0x9f, 0x90,
    0x0, 0x0, 0x6, 0xfb, 0x3f, 0xf8, 0x0, 0x0,
    0x6f, 0xf5, 0x6, 0xff, 0xfd, 0xdf, 0xff, 0x80,
    0x0, 0x29, 0xdf, 0xfd, 0xa3, 0x0,

    /* U+0161 "š" */
    0x2, 0xec, 0x1, 0xde, 0x10, 0x0, 0x4f, 0x9b,
    0xf3, 0x0, 0x0, 0x6, 0xff, 0x40, 0x0, 0x0,
    0x0, 0x0, 0x0, 0x0, 0x0, 0x0, 0x0, 0x0,
    0x0, 0x0, 0x7c, 0xfe, 0xc5, 0x0, 0xb, 0xfe,
    0xab, 0xff, 0x80, 0x4f, 0xc0, 0x0, 0x1d, 0xf1,
    0x6f, 0x80, 0x0, 0x1, 0x0, 0x3f, 0xf6, 0x10,
    0x0, 0x0, 0x7, 0xff, 0xfd, 0x93, 0x0, 0x0,
    0x17, 0xbe, 0xff, 0x90, 0x0, 0x0, 0x0, 0x4e,
    0xf4, 0x26, 0x0, 0x0, 0x8, 0xf7, 0x9f, 0x90,
    0x0, 0x1d, 0xf4, 0x2e, 0xfe, 0xbc, 0xff, 0xb0,
    0x1, 0x8d, 0xff, 0xc6, 0x0,

    /* U+0162 "Ţ" */
    0xff, 0xff, 0xff, 0xff, 0xff, 0xff, 0x2b, 0xcc,
    0xcc, 0xff, 0xcc, 0xcc, 0xc1, 0x0, 0x0, 0xe,
    0xf2, 0x0, 0x0, 0x0, 0x0, 0x0, 0xef, 0x20,
    0x0, 0x0, 0x0, 0x0, 0xe, 0xf2, 0x0, 0x0,
    0x0, 0x0, 0x0, 0xef, 0x20, 0x0, 0x0, 0x0,
    0x0, 0xe, 0xf2, 0x0, 0x0, 0x0, 0x0, 0x0,
    0xef, 0x20, 0x0, 0x0, 0x0, 0x0, 0xe, 0xf2,
    0x0, 0x0, 0x0, 0x0, 0x0, 0xef, 0x20, 0x0,
    0x0, 0x0, 0x0, 0xe, 0xf2, 0x0, 0x0, 0x0,
    0x0, 0x0, 0xef, 0x20, 0x0, 0x0, 0x0, 0x0,
    0xe, 0xf2, 0x0, 0x0, 0x0, 0x0, 0x0, 0xef,
    0x20, 0x0, 0x0, 0x0, 0x0, 0xe, 0xf2, 0x0,
    0x0, 0x0, 0x0, 0x0, 0xff, 0x20, 0x0, 0x0,
    0x0, 0x0, 0x8, 0xb1, 0x0, 0x0, 0x0, 0x0,
    0x0, 0x7b, 0xf6, 0x0, 0x0, 0x0, 0x0, 0x2,
    0x2e, 0xa0, 0x0, 0x0, 0x0, 0x1, 0xff, 0xd3,
    0x0, 0x0,

    /* U+0163 "ţ" */
    0x0, 0xff, 0x0, 0x0, 0x0, 0xff, 0x0, 0x0,
    0x0, 0xff, 0x0, 0x0, 0xcf, 0xff, 0xff, 0x60,
    0x8a, 0xff, 0xaa, 0x40, 0x0, 0xff, 0x0, 0x0,
    0x0, 0xff, 0x0, 0x0, 0x0, 0xff, 0x0, 0x0,
    0x0, 0xff, 0x0, 0x0, 0x0, 0xff, 0x0, 0x0,
    0x0, 0xff, 0x0, 0x0, 0x0, 0xff, 0x0, 0x0,
    0x0, 0xef, 0x10, 0x0, 0x0, 0x9f, 0xeb, 0x50,
    0x0, 0x8, 0xff, 0x90, 0x0, 0x0, 0xf5, 0x0,
    0x0, 0x1, 0xad, 0xe0, 0x0, 0x1, 0x27, 0xf2,
    0x0, 0x9, 0xfe, 0x90,

    /* U+0164 "Ť" */
    0x0, 0x17, 0x60, 0x4, 0x83, 0x0, 0x0, 0x0,
    0x8f, 0x53, 0xfb, 0x0, 0x0, 0x0, 0x0, 0xaf,
    0xed, 0x10, 0x0, 0x0, 0x0, 0x0, 0x78, 0x10,
    0x0, 0x0, 0x0, 0x0, 0x0, 0x0, 0x0, 0x0,
    0xf, 0xff, 0xff, 0xff, 0xff, 0xff, 0xf2, 0xbc,
    0xcc, 0xcf, 0xfc, 0xcc, 0xcc, 0x10, 0x0, 0x0,
    0xef, 0x20, 0x0, 0x0, 0x0, 0x0, 0xe, 0xf2,
    0x0, 0x0, 0x0, 0x0, 0x0, 0xef, 0x20, 0x0,
    0x0, 0x0, 0x0, 0xe, 0xf2, 0x0, 0x0, 0x0,
    0x0, 0x0, 0xef, 0x20, 0x0, 0x0, 0x0, 0x0,
    0xe, 0xf2, 0x0, 0x0, 0x0, 0x0, 0x0, 0xef,
    0x20, 0x0, 0x0, 0x0, 0x0, 0xe, 0xf2, 0x0,
    0x0, 0x0, 0x0, 0x0, 0xef, 0x20, 0x0, 0x0,
    0x0, 0x0, 0xe, 0xf2, 0x0, 0x0, 0x0, 0x0,
    0x0, 0xef, 0x20, 0x0, 0x0, 0x0, 0x0, 0xe,
    0xf2, 0x0, 0x0, 0x0, 0x0, 0x0, 0xef, 0x20,
    0x0, 0x0, 0x0, 0x0, 0xe, 0xf2, 0x0, 0x0,
    0x0,

    /* U+0165 "ť" */
    0x0, 0x0, 0x0, 0x0, 0x0, 0x0, 0xc, 0xf1,
    0x0, 0x0, 0xc, 0xe0, 0x0, 0x55, 0xc, 0xc0,
    0x0, 0xff, 0xc, 0xa0, 0x0, 0xff, 0x0, 0x0,
    0xcf, 0xff, 0xff, 0x60, 0x8a, 0xff, 0xaa, 0x40,
    0x0, 0xff, 0x0, 0x0, 0x0, 0xff, 0x0, 0x0,
    0x0, 0xff, 0x0, 0x0, 0x0, 0xff, 0x0, 0x0,
    0x0, 0xff, 0x0, 0x0, 0x0, 0xff, 0x0, 0x0,
    0x0, 0xff, 0x0, 0x0, 0x0, 0xef, 0x10, 0x0,
    0x0, 0x9f, 0xeb, 0x50, 0x0, 0x8, 0xef, 0x90,

    /* U+0166 "Ŧ" */
    0xff, 0xff, 0xff, 0xff, 0xff, 0xff, 0x2b, 0xcc,
    0xcc, 0xff, 0xcc, 0xcc, 0xc1, 0x0, 0x0, 0xe,
    0xf2, 0x0, 0x0, 0x0, 0x0, 0x0, 0xef, 0x20,
    0x0, 0x0, 0x0, 0x0, 0xe, 0xf2, 0x0, 0x0,
    0x0, 0x0, 0x0, 0xef, 0x20, 0x0, 0x0, 0x0,
    0x0, 0xe, 0xf2, 0x0, 0x0, 0x0, 0x4f, 0xff,
    0xff, 0xff, 0xf7, 0x0, 0x2, 0xaa, 0xaf, 0xfc,
    0xaa, 0x40, 0x0, 0x0, 0x0, 0xef, 0x20, 0x0,
    0x0, 0x0, 0x0, 0xe, 0xf2, 0x0, 0x0, 0x0,
    0x0, 0x0, 0xef, 0x20, 0x0, 0x0, 0x0, 0x0,
    0xe, 0xf2, 0x0, 0x0, 0x0, 0x0, 0x0, 0xef,
    0x20, 0x0, 0x0, 0x0, 0x0, 0xe, 0xf2, 0x0,
    0x0, 0x0, 0x0, 0x0, 0xef, 0x20, 0x0, 0x0,

    /* U+0167 "ŧ" */
    0x0, 0xff, 0x0, 0x0, 0xf, 0xf0, 0x0, 0x0,
    0xff, 0x0, 0xc, 0xff, 0xff, 0xf6, 0x8a, 0xff,
    0xaa, 0x40, 0xf, 0xf0, 0x0, 0x0, 0xff, 0x0,
    0xc, 0xff, 0xff, 0xf6, 0x7a, 0xff, 0xaa, 0x40,
    0xf, 0xf0, 0x0, 0x0, 0xff, 0x0, 0x0, 0xf,
    0xf0, 0x0, 0x0, 0xef, 0x10, 0x0, 0x9, 0xfe,
    0xb5, 0x0, 0x8, 0xef, 0x90,

    /* U+0168 "Ũ" */
    0x0, 0x0, 0x0, 0x0, 0x1, 0x0, 0x0, 0x0,
    0x0, 0x5f, 0xe6, 0x4f, 0x30, 0x0, 0x0, 0x0,
    0xcb, 0x7e, 0xfd, 0x0, 0x0, 0x0, 0x0, 0x31,
    0x0, 0x30, 0x0, 0x0, 0x0, 0x0, 0x0, 0x0,
    0x0, 0x0, 0x0, 0x1f, 0xf0, 0x0, 0x0, 0x0,
    0x9, 0xf7, 0x1f, 0xf0, 0x0, 0x0, 0x0, 0x9,
    0xf7, 0x1f, 0xf0, 0x0, 0x0, 0x0, 0x9, 0xf7,
    0x1f, 0xf0, 0x0, 0x0, 0x0, 0x9, 0xf7, 0x1f,
    0xf0, 0x0, 0x0, 0x0, 0x9, 0xf7, 0x1f, 0xf0,
    0x0, 0x0, 0x0, 0x9, 0xf7, 0x1f, 0xf0, 0x0,
    0x0, 0x0, 0x9, 0xf7, 0x1f, 0xf0, 0x0, 0x0,
    0x0, 0x9, 0xf7, 0x1f, 0xf0, 0x0, 0x0, 0x0,
    0x9, 0xf7, 0x1f, 0xf0, 0x0, 0x0, 0x0, 0x9,
    0xf7, 0xf, 0xf0, 0x0, 0x0, 0x0, 0xa, 0xf6,
    0xe, 0xf3, 0x0, 0x0, 0x0, 0xd, 0xf4, 0xa,
    0xfb, 0x0, 0x0, 0x0, 0x5f, 0xf0, 0x2, 0xff,
    0xa2, 0x0, 0x7, 0xff, 0x70, 0x0, 0x4e, 0xff,
    0xee, 0xff, 0xf8, 0x0, 0x0, 0x1, 0x7c, 0xef,
    0xda, 0x30, 0x0,

    /* U+0169 "ũ" */
    0x0, 0x1d, 0xe8, 0x2d, 0x80, 0x0, 0x7, 0xe7,
    0xdf, 0xf3, 0x0, 0x0, 0x23, 0x0, 0x21, 0x0,
    0x0, 0x0, 0x0, 0x0, 0x0, 0x0, 0x4f, 0xa0,
    0x0, 0x0, 0xaf, 0x54, 0xfa, 0x0, 0x0, 0xa,
    0xf5, 0x4f, 0xa0, 0x0, 0x0, 0xaf, 0x54, 0xfa,
    0x0, 0x0, 0xa, 0xf5, 0x4f, 0xa0, 0x0, 0x0,
    0xaf, 0x54, 0xfa, 0x0, 0x0, 0xa, 0xf5, 0x4f,
    0xa0, 0x0, 0x0, 0xaf, 0x54, 0xfa, 0x0, 0x0,
    0xb, 0xf5, 0x3f, 0xd0, 0x0, 0x0, 0xef, 0x50,
    0xff, 0x70, 0x0, 0xaf, 0xf5, 0x7, 0xff, 0xdc,
    0xed, 0x9f, 0x50, 0x6, 0xdf, 0xea, 0x19, 0xf5,

    /* U+016A "Ū" */
    0x0, 0x0, 0xcf, 0xff, 0xff, 0x20, 0x0, 0x0,
    0x0, 0x68, 0x88, 0x88, 0x10, 0x0, 0x0, 0x0,
    0x0, 0x0, 0x0, 0x0, 0x0, 0x0, 0x0, 0x0,
    0x0, 0x0, 0x0, 0x0, 0x1f, 0xf0, 0x0, 0x0,
    0x0, 0x9, 0xf7, 0x1f, 0xf0, 0x0, 0x0, 0x0,
    0x9, 0xf7, 0x1f, 0xf0, 0x0, 0x0, 0x0, 0x9,
    0xf7, 0x1f, 0xf0, 0x0, 0x0, 0x0, 0x9, 0xf7,
    0x1f, 0xf0, 0x0, 0x0, 0x0, 0x9, 0xf7, 0x1f,
    0xf0, 0x0, 0x0, 0x0, 0x9, 0xf7, 0x1f, 0xf0,
    0x0, 0x0, 0x0, 0x9, 0xf7, 0x1f, 0xf0, 0x0,
    0x0, 0x0, 0x9, 0xf7, 0x1f, 0xf0, 0x0, 0x0,
    0x0, 0x9, 0xf7, 0x1f, 0xf0, 0x0, 0x0, 0x0,
    0x9, 0xf7, 0xf, 0xf0, 0x0, 0x0, 0x0, 0xa,
    0xf6, 0xe, 0xf3, 0x0, 0x0, 0x0, 0xd, 0xf4,
    0xa, 0xfb, 0x0, 0x0, 0x0, 0x5f, 0xf0, 0x2,
    0xff, 0xa2, 0x0, 0x7, 0xff, 0x70, 0x0, 0x4e,
    0xff, 0xee, 0xff, 0xf8, 0x0, 0x0, 0x1, 0x7c,
    0xef, 0xda, 0x30, 0x0,

    /* U+016B "ū" */
    0x0, 0x7f, 0xff, 0xff, 0x70, 0x0, 0x3, 0x88,
    0x88, 0x83, 0x0, 0x0, 0x0, 0x0, 0x0, 0x0,
    0x0, 0x0, 0x0, 0x0, 0x0, 0x0, 0x4f, 0xa0,
    0x0, 0x0, 0xaf, 0x54, 0xfa, 0x0, 0x0, 0xa,
    0xf5, 0x4f, 0xa0, 0x0, 0x0, 0xaf, 0x54, 0xfa,
    0x0, 0x0, 0xa, 0xf5, 0x4f, 0xa0, 0x0, 0x0,
    0xaf, 0x54, 0xfa, 0x0, 0x0, 0xa, 0xf5, 0x4f,
    0xa0, 0x0, 0x0, 0xaf, 0x54, 0xfa, 0x0, 0x0,
    0xb, 0xf5, 0x3f, 0xd0, 0x0, 0x0, 0xef, 0x50,
    0xff, 0x70, 0x0, 0xaf, 0xf5, 0x7, 0xff, 0xdc,
    0xed, 0x9f, 0x50, 0x6, 0xdf, 0xea, 0x19, 0xf5,

    /* U+016C "Ŭ" */
    0x0, 0x0, 0x74, 0x0, 0x18, 0x20, 0x0, 0x0,
    0x0, 0xae, 0x32, 0xaf, 0x10, 0x0, 0x0, 0x0,
    0x1c, 0xff, 0xf5, 0x0, 0x0, 0x0, 0x0, 0x0,
    0x23, 0x0, 0x0, 0x0, 0x0, 0x0, 0x0, 0x0,
    0x0, 0x0, 0x0, 0x1f, 0xf0, 0x0, 0x0, 0x0,
    0x9, 0xf7, 0x1f, 0xf0, 0x0, 0x0, 0x0, 0x9,
    0xf7, 0x1f, 0xf0, 0x0, 0x0, 0x0, 0x9, 0xf7,
    0x1f, 0xf0, 0x0, 0x0, 0x0, 0x9, 0xf7, 0x1f,
    0xf0, 0x0, 0x0, 0x0, 0x9, 0xf7, 0x1f, 0xf0,
    0x0, 0x0, 0x0, 0x9, 0xf7, 0x1f, 0xf0, 0x0,
    0x0, 0x0, 0x9, 0xf7, 0x1f, 0xf0, 0x0, 0x0,
    0x0, 0x9, 0xf7, 0x1f, 0xf0, 0x0, 0x0, 0x0,
    0x9, 0xf7, 0x1f, 0xf0, 0x0, 0x0, 0x0, 0x9,
    0xf7, 0xf, 0xf0, 0x0, 0x0, 0x0, 0xa, 0xf6,
    0xe, 0xf3, 0x0, 0x0, 0x0, 0xd, 0xf4, 0xa,
    0xfb, 0x0, 0x0, 0x0, 0x5f, 0xf0, 0x2, 0xff,
    0xa2, 0x0, 0x7, 0xff, 0x70, 0x0, 0x4e, 0xff,
    0xee, 0xff, 0xf8, 0x0, 0x0, 0x1, 0x7c, 0xef,
    0xda, 0x30, 0x0,

    /* U+016D "ŭ" */
    0x0, 0x46, 0x0, 0x6, 0x40, 0x0, 0x6, 0xf6,
    0x16, 0xf5, 0x0, 0x0, 0x9, 0xff, 0xf9, 0x0,
    0x0, 0x0, 0x1, 0x31, 0x0, 0x0, 0x0, 0x0,
    0x0, 0x0, 0x0, 0x4, 0xfa, 0x0, 0x0, 0xa,
    0xf5, 0x4f, 0xa0, 0x0, 0x0, 0xaf, 0x54, 0xfa,
    0x0, 0x0, 0xa, 0xf5, 0x4f, 0xa0, 0x0, 0x0,
    0xaf, 0x54, 0xfa, 0x0, 0x0, 0xa, 0xf5, 0x4f,
    0xa0, 0x0, 0x0, 0xaf, 0x54, 0xfa, 0x0, 0x0,
    0xa, 0xf5, 0x4f, 0xa0, 0x0, 0x0, 0xbf, 0x53,
    0xfd, 0x0, 0x0, 0xe, 0xf5, 0xf, 0xf7, 0x0,
    0xa, 0xff, 0x50, 0x7f, 0xfd, 0xce, 0xd9, 0xf5,
    0x0, 0x6d, 0xfe, 0xa1, 0x9f, 0x50,

    /* U+016E "Ů" */
    0x0, 0x0, 0x0, 0x0, 0x0, 0x0, 0x0, 0x0,
    0x0, 0x7, 0xff, 0xb1, 0x0, 0x0, 0x0, 0x0,
    0x5f, 0x85, 0xeb, 0x0, 0x0, 0x0, 0x0, 0x9e,
    0x0, 0x8f, 0x0, 0x0, 0x0, 0x0, 0x6f, 0x52,
    0xdd, 0x0, 0x0, 0x0, 0x0, 0xa, 0xff, 0xe3,
    0x0, 0x0, 0x0, 0x0, 0x0, 0x23, 0x0, 0x0,
    0x0, 0x1f, 0xf0, 0x0, 0x0, 0x0, 0x9, 0xf7,
    0x1f, 0xf0, 0x0, 0x0, 0x0, 0x9, 0xf7, 0x1f,
    0xf0, 0x0, 0x0, 0x0, 0x9, 0xf7, 0x1f, 0xf0,
    0x0, 0x0, 0x0, 0x9, 0xf7, 0x1f, 0xf0, 0x0,
    0x0, 0x0, 0x9, 0xf7, 0x1f, 0xf0, 0x0, 0x0,
    0x0, 0x9, 0xf7, 0x1f, 0xf0, 0x0, 0x0, 0x0,
    0x9, 0xf7, 0x1f, 0xf0, 0x0, 0x0, 0x0, 0x9,
    0xf7, 0x1f, 0xf0, 0x0, 0x0, 0x0, 0x9, 0xf7,
    0x1f, 0xf0, 0x0, 0x0, 0x0, 0x9, 0xf7, 0xf,
    0xf0, 0x0, 0x0, 0x0, 0xa, 0xf6, 0xe, 0xf3,
    0x0, 0x0, 0x0, 0xd, 0xf4, 0xa, 0xfb, 0x0,
    0x0, 0x0, 0x5f, 0xf0, 0x2, 0xff, 0xa2, 0x0,
    0x7, 0xff, 0x70, 0x0, 0x4e, 0xff, 0xee, 0xff,
    0xf8, 0x0, 0x0, 0x1, 0x7c, 0xef, 0xda, 0x30,
    0x0,

    /* U+016F "ů" */
    0x0, 0x0, 0x0, 0x0, 0x0, 0x0, 0x0, 0x3d,
    0xfd, 0x40, 0x0, 0x0, 0x1f, 0xb4, 0xbf, 0x10,
    0x0, 0x4, 0xf3, 0x3, 0xf4, 0x0, 0x0, 0x2f,
    0x91, 0x9f, 0x20, 0x0, 0x0, 0x5f, 0xff, 0x60,
    0x0, 0x0, 0x0, 0x13, 0x10, 0x0, 0x4, 0xfa,
    0x0, 0x0, 0xa, 0xf5, 0x4f, 0xa0, 0x0, 0x0,
    0xaf, 0x54, 0xfa, 0x0, 0x0, 0xa, 0xf5, 0x4f,
    0xa0, 0x0, 0x0, 0xaf, 0x54, 0xfa, 0x0, 0x0,
    0xa, 0xf5, 0x4f, 0xa0, 0x0, 0x0, 0xaf, 0x54,
    0xfa, 0x0, 0x0, 0xa, 0xf5, 0x4f, 0xa0, 0x0,
    0x0, 0xbf, 0x53, 0xfd, 0x0, 0x0, 0xe, 0xf5,
    0xf, 0xf7, 0x0, 0xa, 0xff, 0x50, 0x7f, 0xfd,
    0xce, 0xd9, 0xf5, 0x0, 0x6d, 0xfe, 0xa1, 0x9f,
    0x50,

    /* U+0170 "Ű" */
    0x0, 0x0, 0x2f, 0xd0, 0x3f, 0xd0, 0x0, 0x0,
    0x0, 0x9f, 0x40, 0xcf, 0x20, 0x0, 0x0, 0x0,
    0xeb, 0x5, 0xf5, 0x0, 0x0, 0x0, 0x0, 0x20,
    0x1, 0x10, 0x0, 0x0, 0x0, 0x0, 0x0, 0x0,
    0x0, 0x0, 0x0, 0x1f, 0xf0, 0x0, 0x0, 0x0,
    0x9, 0xf7, 0x1f, 0xf0, 0x0, 0x0, 0x0, 0x9,
    0xf7, 0x1f, 0xf0, 0x0, 0x0, 0x0, 0x9, 0xf7,
    0x1f, 0xf0, 0x0, 0x0, 0x0, 0x9, 0xf7, 0x1f,
    0xf0, 0x0, 0x0, 0x0, 0x9, 0xf7, 0x1f, 0xf0,
    0x0, 0x0, 0x0, 0x9, 0xf7, 0x1f, 0xf0, 0x0,
    0x0, 0x0, 0x9, 0xf7, 0x1f, 0xf0, 0x0, 0x0,
    0x0, 0x9, 0xf7, 0x1f, 0xf0, 0x0, 0x0, 0x0,
    0x9, 0xf7, 0x1f, 0xf0, 0x0, 0x0, 0x0, 0x9,
    0xf7, 0xf, 0xf0, 0x0, 0x0, 0x0, 0xa, 0xf6,
    0xe, 0xf3, 0x0, 0x0, 0x0, 0xd, 0xf4, 0xa,
    0xfb, 0x0, 0x0, 0x0, 0x5f, 0xf0, 0x2, 0xff,
    0xa2, 0x0, 0x7, 0xff, 0x70, 0x0, 0x4e, 0xff,
    0xee, 0xff, 0xf8, 0x0, 0x0, 0x1, 0x7c, 0xef,
    0xda, 0x30, 0x0,

    /* U+0171 "ű" */
    0x0, 0xd, 0xf3, 0xd, 0xf3, 0x0, 0x4, 0xf9,
    0x7, 0xf6, 0x0, 0x0, 0xae, 0x11, 0xfa, 0x0,
    0x0, 0x1, 0x10, 0x1, 0x0, 0x0, 0x0, 0x0,
    0x0, 0x0, 0x0, 0x4, 0xfa, 0x0, 0x0, 0xa,
    0xf5, 0x4f, 0xa0, 0x0, 0x0, 0xaf, 0x54, 0xfa,
    0x0, 0x0, 0xa, 0xf5, 0x4f, 0xa0, 0x0, 0x0,
    0xaf, 0x54, 0xfa, 0x0, 0x0, 0xa, 0xf5, 0x4f,
    0xa0, 0x0, 0x0, 0xaf, 0x54, 0xfa, 0x0, 0x0,
    0xa, 0xf5, 0x4f, 0xa0, 0x0, 0x0, 0xbf, 0x53,
    0xfd, 0x0, 0x0, 0xe, 0xf5, 0xf, 0xf7, 0x0,
    0xa, 0xff, 0x50, 0x7f, 0xfd, 0xce, 0xd9, 0xf5,
    0x0, 0x6d, 0xfe, 0xa1, 0x9f, 0x50,

    /* U+0172 "Ų" */
    0x1f, 0xf0, 0x0, 0x0, 0x0, 0x9, 0xf7, 0x1f,
    0xf0, 0x0, 0x0, 0x0, 0x9, 0xf7, 0x1f, 0xf0,
    0x0, 0x0, 0x0, 0x9, 0xf7, 0x1f, 0xf0, 0x0,
    0x0, 0x0, 0x9, 0xf7, 0x1f, 0xf0, 0x0, 0x0,
    0x0, 0x9, 0xf7, 0x1f, 0xf0, 0x0, 0x0, 0x0,
    0x9, 0xf7, 0x1f, 0xf0, 0x0, 0x0, 0x0, 0x9,
    0xf7, 0x1f, 0xf0, 0x0, 0x0, 0x0, 0x9, 0xf7,
    0x1f, 0xf0, 0x0, 0x0, 0x0, 0x9, 0xf7, 0x1f,
    0xf0, 0x0, 0x0, 0x0, 0x9, 0xf7, 0xf, 0xf0,
    0x0, 0x0, 0x0, 0xa, 0xfa, 0xe, 0xf3, 0x0,
    0x0, 0x0, 0xd, 0xf9, 0xa, 0xfb, 0x0, 0x0,
    0x0, 0x5f, 0xf1, 0x2, 0xff, 0xa2, 0x0, 0x7,
    0xff, 0xd0, 0x0, 0x4e, 0xff, 0xee, 0xff, 0xff,
    0x0, 0x0, 0x1, 0x7c, 0xef, 0xff, 0x50, 0x0,
    0x0, 0x0, 0x1, 0xbd, 0x30, 0x0, 0x0, 0x0,
    0x0, 0x8, 0xf5, 0x0, 0x0, 0x0, 0x0, 0x0,
    0x9, 0xfd, 0xa4, 0x0, 0x0, 0x0, 0x0, 0x1,
    0xbf, 0xe7, 0x0, 0x0,

    /* U+0173 "ų" */
    0x4f, 0xa0, 0x0, 0x0, 0xaf, 0x50, 0x4f, 0xa0,
    0x0, 0x0, 0xaf, 0x50, 0x4f, 0xa0, 0x0, 0x0,
    0xaf, 0x50, 0x4f, 0xa0, 0x0, 0x0, 0xaf, 0x50,
    0x4f, 0xa0, 0x0, 0x0, 0xaf, 0x50, 0x4f, 0xa0,
    0x0, 0x0, 0xaf, 0x50, 0x4f, 0xa0, 0x0, 0x0,
    0xaf, 0x50, 0x4f, 0xa0, 0x0, 0x0, 0xbf, 0x50,
    0x3f, 0xd0, 0x0, 0x0, 0xef, 0x50, 0xf, 0xf7,
    0x0, 0xa, 0xff, 0x50, 0x7, 0xff, 0xdc, 0xed,
    0x9f, 0x50, 0x0, 0x6d, 0xfe, 0xa1, 0xdf, 0x50,
    0x0, 0x0, 0x0, 0x9, 0xf6, 0x0, 0x0, 0x0,
    0x0, 0x4f, 0x90, 0x0, 0x0, 0x0, 0x0, 0x5f,
    0xea, 0x70, 0x0, 0x0, 0x0, 0x9, 0xef, 0xa0,

    /* U+0174 "Ŵ" */
    0x0, 0x0, 0x0, 0x0, 0x2, 0x87, 0x0, 0x0,
    0x0, 0x0, 0x0, 0x0, 0x0, 0x0, 0x0, 0x1d,
    0xef, 0x90, 0x0, 0x0, 0x0, 0x0, 0x0, 0x0,
    0x0, 0x0, 0xcf, 0x27, 0xf6, 0x0, 0x0, 0x0,
    0x0, 0x0, 0x0, 0x0, 0x3, 0x83, 0x0, 0x67,
    0x0, 0x0, 0x0, 0x0, 0x0, 0x0, 0x0, 0x0,
    0x0, 0x0, 0x0, 0x0, 0x0, 0x0, 0x0, 0x4f,
    0xc0, 0x0, 0x0, 0x7, 0xff, 0x20, 0x0, 0x0,
    0x1f, 0xf0, 0xf, 0xf0, 0x0, 0x0, 0xb, 0xff,
    0x60, 0x0, 0x0, 0x6f, 0xb0, 0xc, 0xf4, 0x0,
    0x0, 0xf, 0xef, 0xa0, 0x0, 0x0, 0xaf, 0x70,
    0x7, 0xf8, 0x0, 0x0, 0x4f, 0x9e, 0xe0, 0x0,
    0x0, 0xef, 0x20, 0x3, 0xfc, 0x0, 0x0, 0x8f,
    0x5b, 0xf2, 0x0, 0x2, 0xfe, 0x0, 0x0, 0xef,
    0x10, 0x0, 0xcf, 0x27, 0xf6, 0x0, 0x6, 0xf9,
    0x0, 0x0, 0xaf, 0x50, 0x0, 0xfd, 0x3, 0xfb,
    0x0, 0xa, 0xf5, 0x0, 0x0, 0x6f, 0x90, 0x4,
    0xf9, 0x0, 0xef, 0x0, 0xe, 0xf1, 0x0, 0x0,
    0x1f, 0xd0, 0x9, 0xf5, 0x0, 0xaf, 0x30, 0x2f,
    0xc0, 0x0, 0x0, 0xd, 0xf1, 0xd, 0xf1, 0x0,
    0x6f, 0x70, 0x6f, 0x80, 0x0, 0x0, 0x9, 0xf5,
    0x1f, 0xc0, 0x0, 0x2f, 0xb0, 0xaf, 0x30, 0x0,
    0x0, 0x4, 0xf9, 0x5f, 0x80, 0x0, 0xd, 0xf0,
    0xef, 0x0, 0x0, 0x0, 0x0, 0xfc, 0x8f, 0x40,
    0x0, 0x9, 0xf5, 0xfb, 0x0, 0x0, 0x0, 0x0,
    0xcf, 0xcf, 0x0, 0x0, 0x5, 0xfc, 0xf6, 0x0,
    0x0, 0x0, 0x0, 0x7f, 0xfb, 0x0, 0x0, 0x0,
    0xff, 0xf2, 0x0, 0x0, 0x0, 0x0, 0x3f, 0xf7,
    0x0, 0x0, 0x0, 0xcf, 0xd0, 0x0, 0x0,

    /* U+0175 "ŵ" */
    0x0, 0x0, 0x0, 0x1, 0x77, 0x10, 0x0, 0x0,
    0x0, 0x0, 0x0, 0x0, 0xc, 0xee, 0xb0, 0x0,
    0x0, 0x0, 0x0, 0x0, 0x0, 0xaf, 0x44, 0xf9,
    0x0, 0x0, 0x0, 0x0, 0x0, 0x2, 0x85, 0x0,
    0x58, 0x10, 0x0, 0x0, 0x0, 0x0, 0x0, 0x0,
    0x0, 0x0, 0x0, 0x0, 0x0, 0x1f, 0xe0, 0x0,
    0x2, 0xff, 0x30, 0x0, 0xe, 0xf1, 0xc, 0xf3,
    0x0, 0x6, 0xff, 0x70, 0x0, 0x3f, 0xc0, 0x7,
    0xf7, 0x0, 0xb, 0xee, 0xb0, 0x0, 0x8f, 0x70,
    0x3, 0xfc, 0x0, 0xf, 0xab, 0xf0, 0x0, 0xcf,
    0x20, 0x0, 0xef, 0x10, 0x4f, 0x77, 0xf4, 0x1,
    0xfe, 0x0, 0x0, 0x9f, 0x50, 0x8f, 0x22, 0xf8,
    0x5, 0xf9, 0x0, 0x0, 0x4f, 0x90, 0xce, 0x0,
    0xec, 0x9, 0xf4, 0x0, 0x0, 0xf, 0xd0, 0xf9,
    0x0, 0x9f, 0xd, 0xf0, 0x0, 0x0, 0xa, 0xf5,
    0xf5, 0x0, 0x5f, 0x5f, 0xa0, 0x0, 0x0, 0x5,
    0xfc, 0xf0, 0x0, 0xf, 0xdf, 0x50, 0x0, 0x0,
    0x1, 0xff, 0xb0, 0x0, 0xb, 0xff, 0x10, 0x0,
    0x0, 0x0, 0xcf, 0x70, 0x0, 0x7, 0xfc, 0x0,
    0x0,

    /* U+0176 "Ŷ" */
    0x0, 0x0, 0x0, 0x58, 0x40, 0x0, 0x0, 0x0,
    0x0, 0x0, 0x5f, 0xdf, 0x30, 0x0, 0x0, 0x0,
    0x0, 0x3f, 0xb0, 0xce, 0x20, 0x0, 0x0, 0x0,
    0x6, 0x71, 0x1, 0x85, 0x0, 0x0, 0x0, 0x0,
    0x0, 0x0, 0x0, 0x0, 0x0, 0x2, 0xff, 0x30,
    0x0, 0x0, 0x0, 0x4f, 0xf1, 0x8, 0xfd, 0x0,
    0x0, 0x0, 0xd, 0xf7, 0x0, 0xd, 0xf7, 0x0,
    0x0, 0x8, 0xfc, 0x0, 0x0, 0x4f, 0xf1, 0x0,
    0x2, 0xff, 0x30, 0x0, 0x0, 0xaf, 0xa0, 0x0,
    0xbf, 0x90, 0x0, 0x0, 0x1, 0xef, 0x40, 0x5f,
    0xe0, 0x0, 0x0, 0x0, 0x6, 0xfd, 0xd, 0xf5,
    0x0, 0x0, 0x0, 0x0, 0xc, 0xfb, 0xfb, 0x0,
    0x0, 0x0, 0x0, 0x0, 0x2f, 0xff, 0x10, 0x0,
    0x0, 0x0, 0x0, 0x0, 0x9f, 0x80, 0x0, 0x0,
    0x0, 0x0, 0x0, 0x8, 0xf7, 0x0, 0x0, 0x0,
    0x0, 0x0, 0x0, 0x8f, 0x70, 0x0, 0x0, 0x0,
    0x0, 0x0, 0x8, 0xf7, 0x0, 0x0, 0x0, 0x0,
    0x0, 0x0, 0x8f, 0x70, 0x0, 0x0, 0x0, 0x0,
    0x0, 0x8, 0xf7, 0x0, 0x0, 0x0, 0x0, 0x0,
    0x0, 0x8f, 0x70, 0x0, 0x0, 0x0,

    /* U+0177 "ŷ" */
    0x0, 0x0, 0x3f, 0xf8, 0x0, 0x0, 0x0, 0x2,
    0xed, 0x8f, 0x50, 0x0, 0x0, 0x1d, 0xe2, 0xa,
    0xf3, 0x0, 0x0, 0x0, 0x0, 0x0, 0x0, 0x0,
    0x0, 0x0, 0x0, 0x0, 0x0, 0x0, 0x3f, 0xe0,
    0x0, 0x0, 0x8, 0xf9, 0xd, 0xf4, 0x0, 0x0,
    0xe, 0xf2, 0x6, 0xfa, 0x0, 0x0, 0x4f, 0xc0,
    0x1, 0xff, 0x0, 0x0, 0xaf, 0x60, 0x0, 0xaf,
    0x50, 0x0, 0xff, 0x0, 0x0, 0x4f, 0xb0, 0x6,
    0xf9, 0x0, 0x0, 0xd, 0xf1, 0xc, 0xf3, 0x0,
    0x0, 0x7, 0xf7, 0x1f, 0xd0, 0x0, 0x0, 0x1,
    0xfc, 0x7f, 0x60, 0x0, 0x0, 0x0, 0xaf, 0xcf,
    0x0, 0x0, 0x0, 0x0, 0x4f, 0xfa, 0x0, 0x0,
    0x0, 0x0, 0xe, 0xf3, 0x0, 0x0, 0x0, 0x0,
    0x2f, 0xd0, 0x0, 0x0, 0x0, 0x0, 0xaf, 0x60,
    0x0, 0x0, 0x1, 0xbc, 0xfd, 0x0, 0x0, 0x0,
    0x5, 0xfe, 0xa1, 0x0, 0x0, 0x0,

    /* U+0178 "Ÿ" */
    0x0, 0x0, 0xbe, 0x30, 0x3e, 0xa0, 0x0, 0x0,
    0x0, 0xf, 0xf6, 0x7, 0xfe, 0x0, 0x0, 0x0,
    0x0, 0x36, 0x0, 0x7, 0x30, 0x0, 0x0, 0x0,
    0x0, 0x0, 0x0, 0x0, 0x0, 0x0, 0x2f, 0xf3,
    0x0, 0x0, 0x0, 0x4, 0xff, 0x10, 0x8f, 0xd0,
    0x0, 0x0, 0x0, 0xdf, 0x70, 0x0, 0xdf, 0x70,
    0x0, 0x0, 0x8f, 0xc0, 0x0, 0x4, 0xff, 0x10,
    0x0, 0x2f, 0xf3, 0x0, 0x0, 0xa, 0xfa, 0x0,
    0xb, 0xf9, 0x0, 0x0, 0x0, 0x1e, 0xf4, 0x5,
    0xfe, 0x0, 0x0, 0x0, 0x0, 0x6f, 0xd0, 0xdf,
    0x50, 0x0, 0x0, 0x0, 0x0, 0xcf, 0xbf, 0xb0,
    0x0, 0x0, 0x0, 0x0, 0x2, 0xff, 0xf1, 0x0,
    0x0, 0x0, 0x0, 0x0, 0x9, 0xf8, 0x0, 0x0,
    0x0, 0x0, 0x0, 0x0, 0x8f, 0x70, 0x0, 0x0,
    0x0, 0x0, 0x0, 0x8, 0xf7, 0x0, 0x0, 0x0,
    0x0, 0x0, 0x0, 0x8f, 0x70, 0x0, 0x0, 0x0,
    0x0, 0x0, 0x8, 0xf7, 0x0, 0x0, 0x0, 0x0,
    0x0, 0x0, 0x8f, 0x70, 0x0, 0x0, 0x0, 0x0,
    0x0, 0x8, 0xf7, 0x0, 0x0, 0x0,

    /* U+0179 "Ź" */
    0x0, 0x0, 0x0, 0x48, 0x40, 0x0, 0x0, 0x0,
    0x0, 0xee, 0x10, 0x0, 0x0, 0x0, 0x6, 0xf5,
    0x0, 0x0, 0x0, 0x0, 0x6, 0x60, 0x0, 0x0,
    0x0, 0x0, 0x0, 0x0, 0x0, 0x0, 0xbf, 0xff,
    0xff, 0xff, 0xff, 0xf7, 0x8c, 0xcc, 0xcc, 0xcc,
    0xcf, 0xf5, 0x0, 0x0, 0x0, 0x0, 0x6f, 0xb0,
    0x0, 0x0, 0x0, 0x2, 0xff, 0x10, 0x0, 0x0,
    0x0, 0xc, 0xf6, 0x0, 0x0, 0x0, 0x0, 0x8f,
    0xb0, 0x0, 0x0, 0x0, 0x3, 0xfe, 0x10, 0x0,
    0x0, 0x0, 0xd, 0xf5, 0x0, 0x0, 0x0, 0x0,
    0x8f, 0xb0, 0x0, 0x0, 0x0, 0x3, 0xfe, 0x10,
    0x0, 0x0, 0x0, 0xd, 0xf5, 0x0, 0x0, 0x0,
    0x0, 0x8f, 0xa0, 0x0, 0x0, 0x0, 0x3, 0xfe,
    0x10, 0x0, 0x0, 0x0, 0xd, 0xf4, 0x0, 0x0,
    0x0, 0x0, 0x7f, 0xfc, 0xcc, 0xcc, 0xcc, 0xc6,
    0x9f, 0xff, 0xff, 0xff, 0xff, 0xf8,

    /* U+017A "ź" */
    0x0, 0x0, 0x4, 0x84, 0x0, 0x0, 0x0, 0xd,
    0xf2, 0x0, 0x0, 0x0, 0x6f, 0x60, 0x0, 0x0,
    0x0, 0x66, 0x0, 0x0, 0x0, 0x0, 0x0, 0x0,
    0x0, 0x7f, 0xff, 0xff, 0xff, 0xf9, 0x5d, 0xdd,
    0xdd, 0xdf, 0xf7, 0x0, 0x0, 0x0, 0x6f, 0xc0,
    0x0, 0x0, 0x3, 0xff, 0x20, 0x0, 0x0, 0x1e,
    0xf5, 0x0, 0x0, 0x0, 0xbf, 0x90, 0x0, 0x0,
    0x7, 0xfc, 0x0, 0x0, 0x0, 0x4f, 0xe2, 0x0,
    0x0, 0x1, 0xef, 0x50, 0x0, 0x0, 0xc, 0xf8,
    0x0, 0x0, 0x0, 0x8f, 0xfd, 0xdd, 0xdd, 0xda,
    0xaf, 0xff, 0xff, 0xff, 0xfc,

    /* U+017B "Ż" */
    0x0, 0x0, 0x2e, 0xd0, 0x0, 0x0, 0x0, 0x0,
    0x5f, 0xf2, 0x0, 0x0, 0x0, 0x0, 0x6, 0x50,
    0x0, 0x0, 0x0, 0x0, 0x0, 0x0, 0x0, 0x0,
    0xbf, 0xff, 0xff, 0xff, 0xff, 0xf7, 0x8c, 0xcc,
    0xcc, 0xcc, 0xcf, 0xf5, 0x0, 0x0, 0x0, 0x0,
    0x6f, 0xb0, 0x0, 0x0, 0x0, 0x2, 0xff, 0x10,
    0x0, 0x0, 0x0, 0xc, 0xf6, 0x0, 0x0, 0x0,
    0x0, 0x8f, 0xb0, 0x0, 0x0, 0x0, 0x3, 0xfe,
    0x10, 0x0, 0x0, 0x0, 0xd, 0xf5, 0x0, 0x0,
    0x0, 0x0, 0x8f, 0xb0, 0x0, 0x0, 0x0, 0x3,
    0xfe, 0x10, 0x0, 0x0, 0x0, 0xd, 0xf5, 0x0,
    0x0, 0x0, 0x0, 0x8f, 0xa0, 0x0, 0x0, 0x0,
    0x3, 0xfe, 0x10, 0x0, 0x0, 0x0, 0xd, 0xf4,
    0x0, 0x0, 0x0, 0x0, 0x7f, 0xfc, 0xcc, 0xcc,
    0xcc, 0xc6, 0x9f, 0xff, 0xff, 0xff, 0xff, 0xf8,

    /* U+017C "ż" */
    0x0, 0x0, 0x55, 0x0, 0x0, 0x0, 0x4, 0xff,
    0x30, 0x0, 0x0, 0x2, 0xed, 0x10, 0x0, 0x0,
    0x0, 0x0, 0x0, 0x0, 0x0, 0x0, 0x0, 0x0,
    0x0, 0x7f, 0xff, 0xff, 0xff, 0xf9, 0x5d, 0xdd,
    0xdd, 0xdf, 0xf7, 0x0, 0x0, 0x0, 0x6f, 0xc0,
    0x0, 0x0, 0x3, 0xff, 0x20, 0x0, 0x0, 0x1e,
    0xf5, 0x0, 0x0, 0x0, 0xbf, 0x90, 0x0, 0x0,
    0x7, 0xfc, 0x0, 0x0, 0x0, 0x4f, 0xe2, 0x0,
    0x0, 0x1, 0xef, 0x50, 0x0, 0x0, 0xc, 0xf8,
    0x0, 0x0, 0x0, 0x8f, 0xfd, 0xdd, 0xdd, 0xda,
    0xaf, 0xff, 0xff, 0xff, 0xfc,

    /* U+017D "Ž" */
    0x0, 0x28, 0x40, 0x6, 0x81, 0x0, 0x0, 0xa,
    0xf3, 0x5f, 0x90, 0x0, 0x0, 0x0, 0xce, 0xfb,
    0x0, 0x0, 0x0, 0x0, 0x18, 0x70, 0x0, 0x0,
    0x0, 0x0, 0x0, 0x0, 0x0, 0x0, 0xbf, 0xff,
    0xff, 0xff, 0xff, 0xf7, 0x8c, 0xcc, 0xcc, 0xcc,
    0xcf, 0xf5, 0x0, 0x0, 0x0, 0x0, 0x6f, 0xb0,
    0x0, 0x0, 0x0, 0x2, 0xff, 0x10, 0x0, 0x0,
    0x0, 0xc, 0xf6, 0x0, 0x0, 0x0, 0x0, 0x8f,
    0xb0, 0x0, 0x0, 0x0, 0x3, 0xfe, 0x10, 0x0,
    0x0, 0x0, 0xd, 0xf5, 0x0, 0x0, 0x0, 0x0,
    0x8f, 0xb0, 0x0, 0x0, 0x0, 0x3, 0xfe, 0x10,
    0x0, 0x0, 0x0, 0xd, 0xf5, 0x0, 0x0, 0x0,
    0x0, 0x8f, 0xa0, 0x0, 0x0, 0x0, 0x3, 0xfe,
    0x10, 0x0, 0x0, 0x0, 0xd, 0xf4, 0x0, 0x0,
    0x0, 0x0, 0x7f, 0xfc, 0xcc, 0xcc, 0xcc, 0xc6,
    0x9f, 0xff, 0xff, 0xff, 0xff, 0xf8,

    /* U+017E "ž" */
    0x2, 0x84, 0x0, 0x58, 0x20, 0x0, 0xaf, 0x35,
    0xf9, 0x0, 0x0, 0xc, 0xef, 0xb0, 0x0, 0x0,
    0x1, 0x77, 0x0, 0x0, 0x0, 0x0, 0x0, 0x0,
    0x0, 0x7f, 0xff, 0xff, 0xff, 0xf9, 0x5d, 0xdd,
    0xdd, 0xdf, 0xf7, 0x0, 0x0, 0x0, 0x6f, 0xc0,
    0x0, 0x0, 0x3, 0xff, 0x20, 0x0, 0x0, 0x1e,
    0xf5, 0x0, 0x0, 0x0, 0xbf, 0x90, 0x0, 0x0,
    0x7, 0xfc, 0x0, 0x0, 0x0, 0x4f, 0xe2, 0x0,
    0x0, 0x1, 0xef, 0x50, 0x0, 0x0, 0xc, 0xf8,
    0x0, 0x0, 0x0, 0x8f, 0xfd, 0xdd, 0xdd, 0xda,
    0xaf, 0xff, 0xff, 0xff, 0xfc,

    /* U+017F "ſ" */
    0x0, 0x26, 0x74, 0x6, 0xff, 0xfb, 0x1f, 0xf7,
    0x42, 0x4f, 0xb0, 0x0, 0x4f, 0xa0, 0x0, 0x4f,
    0xa0, 0x0, 0x4f, 0xa0, 0x0, 0x4f, 0xa0, 0x0,
    0x4f, 0xa0, 0x0, 0x4f, 0xa0, 0x0, 0x4f, 0xa0,
    0x0, 0x4f, 0xa0, 0x0, 0x4f, 0xa0, 0x0, 0x4f,
    0xa0, 0x0, 0x4f, 0xa0, 0x0, 0x4f, 0xa0, 0x0,
    0x4f, 0xa0, 0x0,

    /* U+0384 "΄" */
    0x1, 0x10, 0xf, 0xe0, 0x1f, 0x90, 0x3f, 0x40,

    /* U+0385 "΅" */
    0x0, 0x0, 0x1, 0x10, 0x0, 0x0, 0x0, 0xf,
    0xe0, 0x0, 0x0, 0x0, 0x2f, 0x80, 0x0, 0x3,
    0x50, 0x4f, 0x20, 0x61, 0xf, 0xf5, 0x0, 0x9,
    0xfc, 0xb, 0xe2, 0x0, 0x5, 0xf8,

    /* U+0386 "Ά" */
    0x4, 0xfa, 0x0, 0xcf, 0xe0, 0x0, 0x0, 0x0,
    0x6f, 0x40, 0x2f, 0xff, 0x40, 0x0, 0x0, 0x8,
    0xe0, 0x8, 0xf7, 0xfa, 0x0, 0x0, 0x0, 0x11,
    0x0, 0xef, 0xe, 0xf0, 0x0, 0x0, 0x0, 0x0,
    0x4f, 0xb0, 0x9f, 0x60, 0x0, 0x0, 0x0, 0xa,
    0xf6, 0x4, 0xfc, 0x0, 0x0, 0x0, 0x0, 0xff,
    0x10, 0xf, 0xf2, 0x0, 0x0, 0x0, 0x5f, 0xb0,
    0x0, 0xaf, 0x70, 0x0, 0x0, 0xb, 0xf6, 0x0,
    0x4, 0xfd, 0x0, 0x0, 0x1, 0xff, 0x10, 0x0,
    0xe, 0xf3, 0x0, 0x0, 0x7f, 0xff, 0xff, 0xff,
    0xff, 0x90, 0x0, 0xc, 0xfd, 0xcc, 0xcc, 0xcc,
    0xfe, 0x0, 0x2, 0xff, 0x0, 0x0, 0x0, 0xd,
    0xf5, 0x0, 0x8f, 0xa0, 0x0, 0x0, 0x0, 0x7f,
    0xb0, 0xe, 0xf4, 0x0, 0x0, 0x0, 0x1, 0xff,
    0x14, 0xfe, 0x0, 0x0, 0x0, 0x0, 0xb, 0xf7,

    /* U+0387 "·" */
    0xc, 0xe3, 0x3f, 0xf9, 0xa, 0xc2,

    /* U+0388 "Έ" */
    0xaf, 0x40, 0xff, 0xff, 0xff, 0xff, 0xfb, 0xce,
    0x0, 0xff, 0xcc, 0xcc, 0xcc, 0xc8, 0xe9, 0x0,
    0xff, 0x0, 0x0, 0x0, 0x0, 0x10, 0x0, 0xff,
    0x0, 0x0, 0x0, 0x0, 0x0, 0x0, 0xff, 0x0,
    0x0, 0x0, 0x0, 0x0, 0x0, 0xff, 0x0, 0x0,
    0x0, 0x0, 0x0, 0x0, 0xff, 0x0, 0x0, 0x0,
    0x0, 0x0, 0x0, 0xff, 0xcc, 0xcc, 0xcc, 0xc2,
    0x0, 0x0, 0xff, 0xff, 0xff, 0xff, 0xf3, 0x0,
    0x0, 0xff, 0x0, 0x0, 0x0, 0x0, 0x0, 0x0,
    0xff, 0x0, 0x0, 0x0, 0x0, 0x0, 0x0, 0xff,
    0x0, 0x0, 0x0, 0x0, 0x0, 0x0, 0xff, 0x0,
    0x0, 0x0, 0x0, 0x0, 0x0, 0xff, 0x0, 0x0,
    0x0, 0x0, 0x0, 0x0, 0xff, 0xcc, 0xcc, 0xcc,
    0xc9, 0x0, 0x0, 0xff, 0xff, 0xff, 0xff, 0xfc,

    /* U+0389 "Ή" */
    0xaf, 0x40, 0xff, 0x0, 0x0, 0x0, 0x0, 0x9f,
    0x7c, 0xe0, 0xf, 0xf0, 0x0, 0x0, 0x0, 0x9,
    0xf7, 0xe9, 0x0, 0xff, 0x0, 0x0, 0x0, 0x0,
    0x9f, 0x71, 0x0, 0xf, 0xf0, 0x0, 0x0, 0x0,
    0x9, 0xf7, 0x0, 0x0, 0xff, 0x0, 0x0, 0x0,
    0x0, 0x9f, 0x70, 0x0, 0xf, 0xf0, 0x0, 0x0,
    0x0, 0x9, 0xf7, 0x0, 0x0, 0xff, 0x0, 0x0,
    0x0, 0x0, 0x9f, 0x70, 0x0, 0xf, 0xff, 0xff,
    0xff, 0xff, 0xff, 0xf7, 0x0, 0x0, 0xff, 0xcc,
    0xcc, 0xcc, 0xcc, 0xef, 0x70, 0x0, 0xf, 0xf0,
    0x0, 0x0, 0x0, 0x9, 0xf7, 0x0, 0x0, 0xff,
    0x0, 0x0, 0x0, 0x0, 0x9f, 0x70, 0x0, 0xf,
    0xf0, 0x0, 0x0, 0x0, 0x9, 0xf7, 0x0, 0x0,
    0xff, 0x0, 0x0, 0x0, 0x0, 0x9f, 0x70, 0x0,
    0xf, 0xf0, 0x0, 0x0, 0x0, 0x9, 0xf7, 0x0,
    0x0, 0xff, 0x0, 0x0, 0x0, 0x0, 0x9f, 0x70,
    0x0, 0xf, 0xf0, 0x0, 0x0, 0x0, 0x9, 0xf7,

    /* U+038A "Ί" */
    0xaf, 0x40, 0xff, 0xce, 0x0, 0xff, 0xe9, 0x0,
    0xff, 0x10, 0x0, 0xff, 0x0, 0x0, 0xff, 0x0,
    0x0, 0xff, 0x0, 0x0, 0xff, 0x0, 0x0, 0xff,
    0x0, 0x0, 0xff, 0x0, 0x0, 0xff, 0x0, 0x0,
    0xff, 0x0, 0x0, 0xff, 0x0, 0x0, 0xff, 0x0,
    0x0, 0xff, 0x0, 0x0, 0xff, 0x0, 0x0, 0xff,

    /* U+038C "Ό" */
    0xaf, 0x50, 0x0, 0x4a, 0xdf, 0xeb, 0x50, 0x0,
    0xb, 0xf0, 0x0, 0xbf, 0xff, 0xef, 0xff, 0xc1,
    0x0, 0xda, 0x0, 0xcf, 0xd5, 0x0, 0x4, 0xdf,
    0xd0, 0x4, 0x20, 0x7f, 0xd1, 0x0, 0x0, 0x0,
    0xcf, 0x80, 0x0, 0xe, 0xf3, 0x0, 0x0, 0x0,
    0x2, 0xff, 0x0, 0x3, 0xfd, 0x0, 0x0, 0x0,
    0x0, 0xb, 0xf5, 0x0, 0x6f, 0x90, 0x0, 0x0,
    0x0, 0x0, 0x7f, 0x80, 0x7, 0xf7, 0x0, 0x0,
    0x0, 0x0, 0x6, 0xf9, 0x0, 0x8f, 0x70, 0x0,
    0x0, 0x0, 0x0, 0x6f, 0x90, 0x6, 0xf9, 0x0,
    0x0, 0x0, 0x0, 0x7, 0xf8, 0x0, 0x3f, 0xd0,
    0x0, 0x0, 0x0, 0x0, 0xbf, 0x50, 0x0, 0xef,
    0x30, 0x0, 0x0, 0x0, 0x2f, 0xf0, 0x0, 0x7,
    0xfd, 0x10, 0x0, 0x0, 0xc, 0xf8, 0x0, 0x0,
    0xc, 0xfd, 0x50, 0x0, 0x4d, 0xfd, 0x0, 0x0,
    0x0, 0xb, 0xff, 0xfe, 0xff, 0xfc, 0x10, 0x0,
    0x0, 0x0, 0x4, 0xad, 0xfe, 0xb5, 0x0, 0x0,

    /* U+038E "Ύ" */
    0xaf, 0x40, 0xbf, 0x90, 0x0, 0x0, 0x0, 0xd,
    0xf7, 0xce, 0x0, 0x2f, 0xf3, 0x0, 0x0, 0x0,
    0x8f, 0xc0, 0xe9, 0x0, 0x7, 0xfd, 0x0, 0x0,
    0x2, 0xff, 0x30, 0x10, 0x0, 0x0, 0xdf, 0x70,
    0x0, 0xb, 0xf9, 0x0, 0x0, 0x0, 0x0, 0x3f,
    0xf2, 0x0, 0x5f, 0xe0, 0x0, 0x0, 0x0, 0x0,
    0x9, 0xfb, 0x0, 0xef, 0x50, 0x0, 0x0, 0x0,
    0x0, 0x1, 0xef, 0x48, 0xfb, 0x0, 0x0, 0x0,
    0x0, 0x0, 0x0, 0x5f, 0xcf, 0xf1, 0x0, 0x0,
    0x0, 0x0, 0x0, 0x0, 0xb, 0xff, 0x70, 0x0,
    0x0, 0x0, 0x0, 0x0, 0x0, 0x3, 0xfe, 0x0,
    0x0, 0x0, 0x0, 0x0, 0x0, 0x0, 0x2, 0xfe,
    0x0, 0x0, 0x0, 0x0, 0x0, 0x0, 0x0, 0x2,
    0xfe, 0x0, 0x0, 0x0, 0x0, 0x0, 0x0, 0x0,
    0x2, 0xfe, 0x0, 0x0, 0x0, 0x0, 0x0, 0x0,
    0x0, 0x2, 0xfe, 0x0, 0x0, 0x0, 0x0, 0x0,
    0x0, 0x0, 0x2, 0xfe, 0x0, 0x0, 0x0, 0x0,
    0x0, 0x0, 0x0, 0x2, 0xfe, 0x0, 0x0, 0x0,

    /* U+038F "Ώ" */
    0xaf, 0x50, 0x0, 0x4a, 0xdf, 0xec, 0x60, 0x0,
    0xb, 0xf0, 0x0, 0xbf, 0xff, 0xef, 0xff, 0xe3,
    0x0, 0xda, 0x0, 0xcf, 0xd5, 0x0, 0x3, 0xaf,
    0xf2, 0x4, 0x20, 0x7f, 0xd1, 0x0, 0x0, 0x0,
    0x8f, 0xd0, 0x0, 0xe, 0xf3, 0x0, 0x0, 0x0,
    0x0, 0xdf, 0x40, 0x3, 0xfd, 0x0, 0x0, 0x0,
    0x0, 0x7, 0xf9, 0x0, 0x5f, 0xa0, 0x0, 0x0,
    0x0, 0x0, 0x4f, 0xb0, 0x7, 0xf9, 0x0, 0x0,
    0x0, 0x0, 0x3, 0xfd, 0x0, 0x5f, 0xb0, 0x0,
    0x0, 0x0, 0x0, 0x5f, 0xc0, 0x2, 0xfe, 0x0,
    0x0, 0x0, 0x0, 0x8, 0xf9, 0x0, 0xc, 0xf5,
    0x0, 0x0, 0x0, 0x0, 0xef, 0x30, 0x0, 0x4f,
    0xe3, 0x0, 0x0, 0x0, 0xbf, 0xa0, 0x0, 0x0,
    0x6f, 0xf8, 0x10, 0x5, 0xdf, 0xa0, 0x0, 0x0,
    0x0, 0x1b, 0xf5, 0x0, 0xff, 0x30, 0x0, 0x0,
    0x5c, 0xcc, 0xef, 0x50, 0xf, 0xfc, 0xcc, 0x90,
    0x7, 0xff, 0xff, 0xf5, 0x0, 0xff, 0xff, 0xfc,

    /* U+0390 "ΐ" */
    0x0, 0x1, 0x10, 0x0, 0x0, 0xcf, 0x20, 0x0,
    0xe, 0xd0, 0x0, 0x0, 0xf7, 0x0, 0x0, 0x0,
    0x0, 0x4, 0xf8, 0x4, 0xe9, 0x8f, 0xc0, 0x7f,
    0xd0, 0x62, 0x0, 0x62, 0x0, 0x0, 0x0, 0x0,
    0x4, 0xfa, 0x0, 0x0, 0x4f, 0xa0, 0x0, 0x4,
    0xfa, 0x0, 0x0, 0x4f, 0xa0, 0x0, 0x4, 0xfa,
    0x0, 0x0, 0x4f, 0xa0, 0x0, 0x4, 0xfa, 0x0,
    0x0, 0x4f, 0xa0, 0x0, 0x4, 0xfa, 0x0, 0x0,
    0x4f, 0xb0, 0x0, 0x1, 0xff, 0xb6, 0x0, 0x5,
    0xdf, 0xa0,

    /* U+0391 "Α" */
    0x0, 0x0, 0x0, 0xcf, 0xe0, 0x0, 0x0, 0x0,
    0x0, 0x0, 0x2f, 0xff, 0x40, 0x0, 0x0, 0x0,
    0x0, 0x8, 0xf8, 0xfa, 0x0, 0x0, 0x0, 0x0,
    0x0, 0xef, 0xe, 0xf0, 0x0, 0x0, 0x0, 0x0,
    0x4f, 0xb0, 0x9f, 0x60, 0x0, 0x0, 0x0, 0xa,
    0xf6, 0x5, 0xfc, 0x0, 0x0, 0x0, 0x0, 0xff,
    0x10, 0xf, 0xf2, 0x0, 0x0, 0x0, 0x5f, 0xc0,
    0x0, 0xaf, 0x70, 0x0, 0x0, 0xb, 0xf6, 0x0,
    0x4, 0xfd, 0x0, 0x0, 0x1, 0xff, 0x10, 0x0,
    0xe, 0xf3, 0x0, 0x0, 0x7f, 0xff, 0xff, 0xff,
    0xff, 0x90, 0x0, 0xc, 0xfd, 0xcc, 0xcc, 0xcc,
    0xfe, 0x0, 0x2, 0xff, 0x0, 0x0, 0x0, 0xd,
    0xf5, 0x0, 0x8f, 0xa0, 0x0, 0x0, 0x0, 0x7f,
    0xb0, 0xe, 0xf4, 0x0, 0x0, 0x0, 0x1, 0xff,
    0x14, 0xfe, 0x0, 0x0, 0x0, 0x0, 0xb, 0xf7,

    /* U+0392 "Β" */
    0x1f, 0xff, 0xff, 0xfe, 0xb4, 0x0, 0x1, 0xff,
    0xcc, 0xcc, 0xef, 0xf8, 0x0, 0x1f, 0xf0, 0x0,
    0x0, 0x4f, 0xf2, 0x1, 0xff, 0x0, 0x0, 0x0,
    0x9f, 0x70, 0x1f, 0xf0, 0x0, 0x0, 0x7, 0xf7,
    0x1, 0xff, 0x0, 0x0, 0x0, 0xcf, 0x40, 0x1f,
    0xf0, 0x0, 0x2, 0xaf, 0xa0, 0x1, 0xff, 0xff,
    0xff, 0xff, 0x70, 0x0, 0x1f, 0xfb, 0xbb, 0xbc,
    0xff, 0xa0, 0x1, 0xff, 0x0, 0x0, 0x1, 0xcf,
    0x90, 0x1f, 0xf0, 0x0, 0x0, 0x2, 0xff, 0x1,
    0xff, 0x0, 0x0, 0x0, 0xd, 0xf1, 0x1f, 0xf0,
    0x0, 0x0, 0x0, 0xff, 0x1, 0xff, 0x0, 0x0,
    0x0, 0xaf, 0xc0, 0x1f, 0xfc, 0xcc, 0xcd, 0xff,
    0xe2, 0x1, 0xff, 0xff, 0xff, 0xfd, 0x81, 0x0,

    /* U+0393 "Γ" */
    0x1f, 0xff, 0xff, 0xff, 0xff, 0xa1, 0xff, 0xcc,
    0xcc, 0xcc, 0xc8, 0x1f, 0xf0, 0x0, 0x0, 0x0,
    0x1, 0xff, 0x0, 0x0, 0x0, 0x0, 0x1f, 0xf0,
    0x0, 0x0, 0x0, 0x1, 0xff, 0x0, 0x0, 0x0,
    0x0, 0x1f, 0xf0, 0x0, 0x0, 0x0, 0x1, 0xff,
    0x0, 0x0, 0x0, 0x0, 0x1f, 0xf0, 0x0, 0x0,
    0x0, 0x1, 0xff, 0x0, 0x0, 0x0, 0x0, 0x1f,
    0xf0, 0x0, 0x0, 0x0, 0x1, 0xff, 0x0, 0x0,
    0x0, 0x0, 0x1f, 0xf0, 0x0, 0x0, 0x0, 0x1,
    0xff, 0x0, 0x0, 0x0, 0x0, 0x1f, 0xf0, 0x0,
    0x0, 0x0, 0x1, 0xff, 0x0, 0x0, 0x0, 0x0,

    /* U+0394 "Δ" */
    0x0, 0x0, 0x0, 0xcf, 0xc0, 0x0, 0x0, 0x0,
    0x0, 0x0, 0x2f, 0xff, 0x20, 0x0, 0x0, 0x0,
    0x0, 0x7, 0xfe, 0xf8, 0x0, 0x0, 0x0, 0x0,
    0x0, 0xdf, 0x4f, 0xd0, 0x0, 0x0, 0x0, 0x0,
    0x3f, 0xc0, 0xcf, 0x30, 0x0, 0x0, 0x0, 0x9,
    0xf6, 0x6, 0xf9, 0x0, 0x0, 0x0, 0x0, 0xef,
    0x10, 0x1f, 0xe0, 0x0, 0x0, 0x0, 0x5f, 0xb0,
    0x0, 0xbf, 0x50, 0x0, 0x0, 0xb, 0xf5, 0x0,
    0x5, 0xfb, 0x0, 0x0, 0x1, 0xff, 0x0, 0x0,
    0xf, 0xf1, 0x0, 0x0, 0x6f, 0xa0, 0x0, 0x0,
    0xaf, 0x60, 0x0, 0xc, 0xf5, 0x0, 0x0, 0x4,
    0xfc, 0x0, 0x2, 0xff, 0x0, 0x0, 0x0, 0xe,
    0xf2, 0x0, 0x8f, 0x90, 0x0, 0x0, 0x0, 0x9f,
    0x80, 0xe, 0xfd, 0xcc, 0xcc, 0xcc, 0xcd, 0xfd,
    0x4, 0xff, 0xff, 0xff, 0xff, 0xff, 0xff, 0xf3,

    /* U+0395 "Ε" */
    0x1f, 0xff, 0xff, 0xff, 0xff, 0xb1, 0xff, 0xcc,
    0xcc, 0xcc, 0xc8, 0x1f, 0xf0, 0x0, 0x0, 0x0,
    0x1, 0xff, 0x0, 0x0, 0x0, 0x0, 0x1f, 0xf0,
    0x0, 0x0, 0x0, 0x1, 0xff, 0x0, 0x0, 0x0,
    0x0, 0x1f, 0xf0, 0x0, 0x0, 0x0, 0x1, 0xff,
    0xcc, 0xcc, 0xcc, 0xc1, 0x1f, 0xff, 0xff, 0xff,
    0xff, 0x21, 0xff, 0x0, 0x0, 0x0, 0x0, 0x1f,
    0xf0, 0x0, 0x0, 0x0, 0x1, 0xff, 0x0, 0x0,
    0x0, 0x0, 0x1f, 0xf0, 0x0, 0x0, 0x0, 0x1,
    0xff, 0x0, 0x0, 0x0, 0x0, 0x1f, 0xfc, 0xcc,
    0xcc, 0xcc, 0x91, 0xff, 0xff, 0xff, 0xff, 0xfc,

    /* U+0396 "Ζ" */
    0xbf, 0xff, 0xff, 0xff, 0xff, 0xf7, 0x8c, 0xcc,
    0xcc, 0xcc, 0xcf, 0xf5, 0x0, 0x0, 0x0, 0x0,
    0x6f, 0xb0, 0x0, 0x0, 0x0, 0x2, 0xff, 0x10,
    0x0, 0x0, 0x0, 0xc, 0xf6, 0x0, 0x0, 0x0,
    0x0, 0x8f, 0xb0, 0x0, 0x0, 0x0, 0x3, 0xfe,
    0x10, 0x0, 0x0, 0x0, 0xd, 0xf5, 0x0, 0x0,
    0x0, 0x0, 0x8f, 0xb0, 0x0, 0x0, 0x0, 0x3,
    0xfe, 0x10, 0x0, 0x0, 0x0, 0xd, 0xf5, 0x0,
    0x0, 0x0, 0x0, 0x8f, 0xa0, 0x0, 0x0, 0x0,
    0x3, 0xfe, 0x10, 0x0, 0x0, 0x0, 0xd, 0xf4,
    0x0, 0x0, 0x0, 0x0, 0x7f, 0xfc, 0xcc, 0xcc,
    0xcc, 0xc6, 0x9f, 0xff, 0xff, 0xff, 0xff, 0xf8,

    /* U+0397 "Η" */
    0x1f, 0xf0, 0x0, 0x0, 0x0, 0xa, 0xf6, 0x1f,
    0xf0, 0x0, 0x0, 0x0, 0xa, 0xf6, 0x1f, 0xf0,
    0x0, 0x0, 0x0, 0xa, 0xf6, 0x1f, 0xf0, 0x0,
    0x0, 0x0, 0xa, 0xf6, 0x1f, 0xf0, 0x0, 0x0,
    0x0, 0xa, 0xf6, 0x1f, 0xf0, 0x0, 0x0, 0x0,
    0xa, 0xf6, 0x1f, 0xf0, 0x0, 0x0, 0x0, 0xa,
    0xf6, 0x1f, 0xff, 0xff, 0xff, 0xff, 0xff, 0xf6,
    0x1f, 0xfc, 0xcc, 0xcc, 0xcc, 0xce, 0xf6, 0x1f,
    0xf0, 0x0, 0x0, 0x0, 0xa, 0xf6, 0x1f, 0xf0,
    0x0, 0x0, 0x0, 0xa, 0xf6, 0x1f, 0xf0, 0x0,
    0x0, 0x0, 0xa, 0xf6, 0x1f, 0xf0, 0x0, 0x0,
    0x0, 0xa, 0xf6, 0x1f, 0xf0, 0x0, 0x0, 0x0,
    0xa, 0xf6, 0x1f, 0xf0, 0x0, 0x0, 0x0, 0xa,
    0xf6, 0x1f, 0xf0, 0x0, 0x0, 0x0, 0xa, 0xf6,

    /* U+0398 "Θ" */
    0x0, 0x0, 0x5b, 0xef, 0xda, 0x40, 0x0, 0x0,
    0x1, 0xcf, 0xff, 0xef, 0xff, 0xa0, 0x0, 0x0,
    0xdf, 0xc4, 0x0, 0x5, 0xef, 0xb0, 0x0, 0x9f,
    0xc0, 0x0, 0x0, 0x1, 0xdf, 0x60, 0x1f, 0xf1,
    0x0, 0x0, 0x0, 0x4, 0xfd, 0x6, 0xfa, 0x0,
    0x0, 0x0, 0x0, 0xd, 0xf3, 0x8f, 0x60, 0x0,
    0x0, 0x0, 0x0, 0x9f, 0x5a, 0xf5, 0xf, 0xff,
    0xff, 0xfc, 0x8, 0xf7, 0xaf, 0x50, 0xab, 0xbb,
    0xbb, 0x80, 0x8f, 0x78, 0xf6, 0x0, 0x0, 0x0,
    0x0, 0x9, 0xf5, 0x6f, 0xa0, 0x0, 0x0, 0x0,
    0x0, 0xdf, 0x31, 0xff, 0x10, 0x0, 0x0, 0x0,
    0x4f, 0xd0, 0x9, 0xfb, 0x0, 0x0, 0x0, 0x1d,
    0xf6, 0x0, 0xd, 0xfc, 0x40, 0x0, 0x5e, 0xfb,
    0x0, 0x0, 0x1c, 0xff, 0xfe, 0xff, 0xfa, 0x0,
    0x0, 0x0, 0x5, 0xbe, 0xfd, 0xa4, 0x0, 0x0,

    /* U+0399 "Ι" */
    0x1f, 0xf1, 0xff, 0x1f, 0xf1, 0xff, 0x1f, 0xf1,
    0xff, 0x1f, 0xf1, 0xff, 0x1f, 0xf1, 0xff, 0x1f,
    0xf1, 0xff, 0x1f, 0xf1, 0xff, 0x1f, 0xf1, 0xff,

    /* U+039A "Κ" */
    0x1f, 0xf0, 0x0, 0x0, 0x1, 0xdf, 0xa0, 0x1f,
    0xf0, 0x0, 0x0, 0x1d, 0xfb, 0x0, 0x1f, 0xf0,
    0x0, 0x0, 0xcf, 0xc0, 0x0, 0x1f, 0xf0, 0x0,
    0xb, 0xfd, 0x10, 0x0, 0x1f, 0xf0, 0x0, 0xaf,
    0xd1, 0x0, 0x0, 0x1f, 0xf0, 0x9, 0xfe, 0x10,
    0x0, 0x0, 0x1f, 0xf0, 0x7f, 0xe2, 0x0, 0x0,
    0x0, 0x1f, 0xf5, 0xff, 0xf2, 0x0, 0x0, 0x0,
    0x1f, 0xff, 0xea, 0xfc, 0x0, 0x0, 0x0, 0x1f,
    0xff, 0x30, 0xdf, 0x80, 0x0, 0x0, 0x1f, 0xf3,
    0x0, 0x3f, 0xf4, 0x0, 0x0, 0x1f, 0xf0, 0x0,
    0x7, 0xfe, 0x10, 0x0, 0x1f, 0xf0, 0x0, 0x0,
    0xbf, 0xa0, 0x0, 0x1f, 0xf0, 0x0, 0x0, 0x1e,
    0xf6, 0x0, 0x1f, 0xf0, 0x0, 0x0, 0x5, 0xff,
    0x20, 0x1f, 0xf0, 0x0, 0x0, 0x0, 0x9f, 0xc0,

    /* U+039B "Λ" */
    0x0, 0x0, 0x0, 0xcf, 0xe0, 0x0, 0x0, 0x0,
    0x0, 0x0, 0x2f, 0xff, 0x40, 0x0, 0x0, 0x0,
    0x0, 0x8, 0xf7, 0xfa, 0x0, 0x0, 0x0, 0x0,
    0x0, 0xef, 0xe, 0xf0, 0x0, 0x0, 0x0, 0x0,
    0x4f, 0xa0, 0x9f, 0x60, 0x0, 0x0, 0x0, 0xa,
    0xf5, 0x4, 0xfc, 0x0, 0x0, 0x0, 0x0, 0xff,
    0x0, 0xe, 0xf2, 0x0, 0x0, 0x0, 0x5f, 0xa0,
    0x0, 0x9f, 0x70, 0x0, 0x0, 0xb, 0xf5, 0x0,
    0x3, 0xfd, 0x0, 0x0, 0x1, 0xff, 0x0, 0x0,
    0xd, 0xf3, 0x0, 0x0, 0x7f, 0xa0, 0x0, 0x0,
    0x7f, 0x90, 0x0, 0xc, 0xf4, 0x0, 0x0, 0x2,
    0xfe, 0x0, 0x2, 0xfe, 0x0, 0x0, 0x0, 0xc,
    0xf5, 0x0, 0x8f, 0x90, 0x0, 0x0, 0x0, 0x6f,
    0xb0, 0xe, 0xf4, 0x0, 0x0, 0x0, 0x1, 0xff,
    0x14, 0xfe, 0x0, 0x0, 0x0, 0x0, 0xb, 0xf7,

    /* U+039C "Μ" */
    0x1f, 0xff, 0x0, 0x0, 0x0, 0x0, 0x2, 0xff,
    0xf1, 0xff, 0xf6, 0x0, 0x0, 0x0, 0x0, 0x8f,
    0xff, 0x1f, 0xef, 0xc0, 0x0, 0x0, 0x0, 0xe,
    0xef, 0xf1, 0xfd, 0xcf, 0x30, 0x0, 0x0, 0x5,
    0xf9, 0xff, 0x1f, 0xd6, 0xf9, 0x0, 0x0, 0x0,
    0xbf, 0x4f, 0xf1, 0xfd, 0x1f, 0xf0, 0x0, 0x0,
    0x1f, 0xe0, 0xff, 0x1f, 0xd0, 0xbf, 0x50, 0x0,
    0x7, 0xf8, 0x1f, 0xf1, 0xfe, 0x5, 0xfc, 0x0,
    0x0, 0xdf, 0x21, 0xff, 0x1f, 0xe0, 0xe, 0xf2,
    0x0, 0x3f, 0xb0, 0x1f, 0xf1, 0xfe, 0x0, 0x8f,
    0x80, 0xa, 0xf5, 0x1, 0xff, 0x1f, 0xe0, 0x2,
    0xfe, 0x0, 0xfe, 0x0, 0x1f, 0xf1, 0xfe, 0x0,
    0xb, 0xf4, 0x5f, 0x90, 0x1, 0xff, 0x1f, 0xe0,
    0x0, 0x5f, 0x9a, 0xf2, 0x0, 0x1f, 0xf1, 0xfe,
    0x0, 0x0, 0xee, 0xfc, 0x0, 0x1, 0xff, 0x1f,
    0xe0, 0x0, 0x8, 0xff, 0x60, 0x0, 0x1f, 0xf1,
    0xfe, 0x0, 0x0, 0x2f, 0xf0, 0x0, 0x1, 0xff,

    /* U+039D "Ν" */
    0x1f, 0xfa, 0x0, 0x0, 0x0, 0x6, 0xfa, 0x1f,
    0xff, 0x40, 0x0, 0x0, 0x6, 0xfa, 0x1f, 0xff,
    0xe0, 0x0, 0x0, 0x6, 0xfa, 0x1f, 0xd9, 0xf9,
    0x0, 0x0, 0x6, 0xfa, 0x1f, 0xe1, 0xff, 0x30,
    0x0, 0x6, 0xfa, 0x1f, 0xf0, 0x7f, 0xd0, 0x0,
    0x6, 0xfa, 0x1f, 0xf0, 0xd, 0xf7, 0x0, 0x6,
    0xfa, 0x1f, 0xf0, 0x3, 0xff, 0x20, 0x6, 0xfa,
    0x1f, 0xf0, 0x0, 0x9f, 0xb0, 0x6, 0xfa, 0x1f,
    0xf0, 0x0, 0xe, 0xf6, 0x6, 0xfa, 0x1f, 0xf0,
    0x0, 0x4, 0xfe, 0x16, 0xfa, 0x1f, 0xf0, 0x0,
    0x0, 0xaf, 0x96, 0xfa, 0x1f, 0xf0, 0x0, 0x0,
    0x1e, 0xf7, 0xfa, 0x1f, 0xf0, 0x0, 0x0, 0x6,
    0xfe, 0xfa, 0x1f, 0xf0, 0x0, 0x0, 0x0, 0xbf,
    0xfa, 0x1f, 0xf0, 0x0, 0x0, 0x0, 0x2f, 0xfa,

    /* U+039E "Ξ" */
    0x6f, 0xff, 0xff, 0xff, 0xff, 0xfd, 0x4c, 0xcc,
    0xcc, 0xcc, 0xcc, 0xca, 0x0, 0x0, 0x0, 0x0,
    0x0, 0x0, 0x0, 0x0, 0x0, 0x0, 0x0, 0x0,
    0x0, 0x0, 0x0, 0x0, 0x0, 0x0, 0x0, 0x0,
    0x0, 0x0, 0x0, 0x0, 0x0, 0x0, 0x0, 0x0,
    0x0, 0x0, 0x7, 0xcc, 0xcc, 0xcc, 0xcc, 0xc0,
    0x9, 0xff, 0xff, 0xff, 0xff, 0xf0, 0x0, 0x0,
    0x0, 0x0, 0x0, 0x0, 0x0, 0x0, 0x0, 0x0,
    0x0, 0x0, 0x0, 0x0, 0x0, 0x0, 0x0, 0x0,
    0x0, 0x0, 0x0, 0x0, 0x0, 0x0, 0x0, 0x0,
    0x0, 0x0, 0x0, 0x0, 0x6c, 0xcc, 0xcc, 0xcc,
    0xcc, 0xcb, 0x8f, 0xff, 0xff, 0xff, 0xff, 0xff,

    /* U+039F "Ο" */
    0x0, 0x0, 0x5b, 0xef, 0xda, 0x40, 0x0, 0x0,
    0x1, 0xcf, 0xff, 0xef, 0xff, 0xa0, 0x0, 0x0,
    0xdf, 0xc4, 0x0, 0x5, 0xef, 0xb0, 0x0, 0x9f,
    0xc0, 0x0, 0x0, 0x1, 0xdf, 0x60, 0x1f, 0xf1,
    0x0, 0x0, 0x0, 0x4, 0xfd, 0x6, 0xfa, 0x0,
    0x0, 0x0, 0x0, 0xd, 0xf3, 0x8f, 0x60, 0x0,
    0x0, 0x0, 0x0, 0x9f, 0x5a, 0xf5, 0x0, 0x0,
    0x0, 0x0, 0x8, 0xf7, 0xaf, 0x50, 0x0, 0x0,
    0x0, 0x0, 0x8f, 0x78, 0xf6, 0x0, 0x0, 0x0,
    0x0, 0x9, 0xf5, 0x6f, 0xa0, 0x0, 0x0, 0x0,
    0x0, 0xdf, 0x31, 0xff, 0x10, 0x0, 0x0, 0x0,
    0x4f, 0xd0, 0x9, 0xfb, 0x0, 0x0, 0x0, 0x1d,
    0xf6, 0x0, 0xd, 0xfc, 0x40, 0x0, 0x5e, 0xfb,
    0x0, 0x0, 0x1c, 0xff, 0xfe, 0xff, 0xfa, 0x0,
    0x0, 0x0, 0x5, 0xbe, 0xfd, 0xa4, 0x0, 0x0,

    /* U+03A0 "Π" */
    0x1f, 0xff, 0xff, 0xff, 0xff, 0xff, 0xf6, 0x1f,
    0xfc, 0xcc, 0xcc, 0xcc, 0xce, 0xf6, 0x1f, 0xf0,
    0x0, 0x0, 0x0, 0xa, 0xf6, 0x1f, 0xf0, 0x0,
    0x0, 0x0, 0xa, 0xf6, 0x1f, 0xf0, 0x0, 0x0,
    0x0, 0xa, 0xf6, 0x1f, 0xf0, 0x0, 0x0, 0x0,
    0xa, 0xf6, 0x1f, 0xf0, 0x0, 0x0, 0x0, 0xa,
    0xf6, 0x1f, 0xf0, 0x0, 0x0, 0x0, 0xa, 0xf6,
    0x1f, 0xf0, 0x0, 0x0, 0x0, 0xa, 0xf6, 0x1f,
    0xf0, 0x0, 0x0, 0x0, 0xa, 0xf6, 0x1f, 0xf0,
    0x0, 0x0, 0x0, 0xa, 0xf6, 0x1f, 0xf0, 0x0,
    0x0, 0x0, 0xa, 0xf6, 0x1f, 0xf0, 0x0, 0x0,
    0x0, 0xa, 0xf6, 0x1f, 0xf0, 0x0, 0x0, 0x0,
    0xa, 0xf6, 0x1f, 0xf0, 0x0, 0x0, 0x0, 0xa,
    0xf6, 0x1f, 0xf0, 0x0, 0x0, 0x0, 0xa, 0xf6,

    /* U+03A1 "Ρ" */
    0x1f, 0xff, 0xff, 0xfe, 0xa4, 0x0, 0x1f, 0xfc,
    0xcc, 0xce, 0xff, 0x80, 0x1f, 0xf0, 0x0, 0x0,
    0x4f, 0xf4, 0x1f, 0xf0, 0x0, 0x0, 0x8, 0xfa,
    0x1f, 0xf0, 0x0, 0x0, 0x3, 0xfd, 0x1f, 0xf0,
    0x0, 0x0, 0x3, 0xfd, 0x1f, 0xf0, 0x0, 0x0,
    0x8, 0xfa, 0x1f, 0xf0, 0x0, 0x0, 0x4f, 0xf4,
    0x1f, 0xfc, 0xcc, 0xce, 0xff, 0x80, 0x1f, 0xff,
    0xff, 0xfe, 0xb4, 0x0, 0x1f, 0xf0, 0x0, 0x0,
    0x0, 0x0, 0x1f, 0xf0, 0x0, 0x0, 0x0, 0x0,
    0x1f, 0xf0, 0x0, 0x0, 0x0, 0x0, 0x1f, 0xf0,
    0x0, 0x0, 0x0, 0x0, 0x1f, 0xf0, 0x0, 0x0,
    0x0, 0x0, 0x1f, 0xf0, 0x0, 0x0, 0x0, 0x0,

    /* U+03A3 "Σ" */
    0x3f, 0xff, 0xff, 0xff, 0xff, 0xff, 0x91, 0xff,
    0xdb, 0xbb, 0xbb, 0xbb, 0xb7, 0x4, 0xfe, 0x30,
    0x0, 0x0, 0x0, 0x0, 0x5, 0xff, 0x40, 0x0,
    0x0, 0x0, 0x0, 0x5, 0xff, 0x30, 0x0, 0x0,
    0x0, 0x0, 0x6, 0xff, 0x30, 0x0, 0x0, 0x0,
    0x0, 0x6, 0xfe, 0x30, 0x0, 0x0, 0x0, 0x0,
    0x5, 0xfe, 0x0, 0x0, 0x0, 0x0, 0x0, 0xbf,
    0x90, 0x0, 0x0, 0x0, 0x0, 0xcf, 0xa0, 0x0,
    0x0, 0x0, 0x0, 0xcf, 0xb0, 0x0, 0x0, 0x0,
    0x0, 0xbf, 0xb0, 0x0, 0x0, 0x0, 0x0, 0xaf,
    0xc0, 0x0, 0x0, 0x0, 0x0, 0xaf, 0xb0, 0x0,
    0x0, 0x0, 0x0, 0x7f, 0xfc, 0xbb, 0xbb, 0xbb,
    0xbb, 0x89, 0xff, 0xff, 0xff, 0xff, 0xff, 0xfb,

    /* U+03A4 "Τ" */
    0xff, 0xff, 0xff, 0xff, 0xff, 0xff, 0x2b, 0xcc,
    0xcc, 0xff, 0xcc, 0xcc, 0xc1, 0x0, 0x0, 0xe,
    0xf2, 0x0, 0x0, 0x0, 0x0, 0x0, 0xef, 0x20,
    0x0, 0x0, 0x0, 0x0, 0xe, 0xf2, 0x0, 0x0,
    0x0, 0x0, 0x0, 0xef, 0x20, 0x0, 0x0, 0x0,
    0x0, 0xe, 0xf2, 0x0, 0x0, 0x0, 0x0, 0x0,
    0xef, 0x20, 0x0, 0x0, 0x0, 0x0, 0xe, 0xf2,
    0x0, 0x0, 0x0, 0x0, 0x0, 0xef, 0x20, 0x0,
    0x0, 0x0, 0x0, 0xe, 0xf2, 0x0, 0x0, 0x0,
    0x0, 0x0, 0xef, 0x20, 0x0, 0x0, 0x0, 0x0,
    0xe, 0xf2, 0x0, 0x0, 0x0, 0x0, 0x0, 0xef,
    0x20, 0x0, 0x0, 0x0, 0x0, 0xe, 0xf2, 0x0,
    0x0, 0x0, 0x0, 0x0, 0xef, 0x20, 0x0, 0x0,

    /* U+03A5 "Υ" */
    0x2f, 0xf3, 0x0, 0x0, 0x0, 0x4, 0xff, 0x10,
    0x8f, 0xd0, 0x0, 0x0, 0x0, 0xdf, 0x70, 0x0,
    0xdf, 0x70, 0x0, 0x0, 0x8f, 0xc0, 0x0, 0x4,
    0xff, 0x10, 0x0, 0x2f, 0xf3, 0x0, 0x0, 0xa,
    0xfa, 0x0, 0xb, 0xf9, 0x0, 0x0, 0x0, 0x1e,
    0xf4, 0x5, 0xfe, 0x0, 0x0, 0x0, 0x0, 0x6f,
    0xd0, 0xdf, 0x50, 0x0, 0x0, 0x0, 0x0, 0xcf,
    0xbf, 0xb0, 0x0, 0x0, 0x0, 0x0, 0x2, 0xff,
    0xf1, 0x0, 0x0, 0x0, 0x0, 0x0, 0x9, 0xf8,
    0x0, 0x0, 0x0, 0x0, 0x0, 0x0, 0x8f, 0x70,
    0x0, 0x0, 0x0, 0x0, 0x0, 0x8, 0xf7, 0x0,
    0x0, 0x0, 0x0, 0x0, 0x0, 0x8f, 0x70, 0x0,
    0x0, 0x0, 0x0, 0x0, 0x8, 0xf7, 0x0, 0x0,
    0x0, 0x0, 0x0, 0x0, 0x8f, 0x70, 0x0, 0x0,
    0x0, 0x0, 0x0, 0x8, 0xf7, 0x0, 0x0, 0x0,

    /* U+03A6 "Φ" */
    0x0, 0x0, 0x0, 0x0, 0x21, 0x0, 0x0, 0x0,
    0x0, 0x0, 0x0, 0x0, 0x4, 0xfa, 0x0, 0x0,
    0x0, 0x0, 0x0, 0x0, 0x16, 0x9c, 0xfe, 0xa8,
    0x30, 0x0, 0x0, 0x0, 0x8, 0xff, 0xff, 0xff,
    0xff, 0xfc, 0x10, 0x0, 0x0, 0xbf, 0xe7, 0x25,
    0xfa, 0x14, 0xbf, 0xe2, 0x0, 0x8, 0xfc, 0x10,
    0x4, 0xfa, 0x0, 0x8, 0xfd, 0x0, 0x1f, 0xf2,
    0x0, 0x4, 0xfa, 0x0, 0x0, 0xbf, 0x60, 0x6f,
    0xa0, 0x0, 0x4, 0xfa, 0x0, 0x0, 0x5f, 0xc0,
    0x9f, 0x70, 0x0, 0x4, 0xfa, 0x0, 0x0, 0x1f,
    0xf0, 0xaf, 0x60, 0x0, 0x4, 0xfa, 0x0, 0x0,
    0xf, 0xf0, 0x9f, 0x70, 0x0, 0x4, 0xfa, 0x0,
    0x0, 0x1f, 0xf0, 0x6f, 0xa0, 0x0, 0x4, 0xfa,
    0x0, 0x0, 0x5f, 0xc0, 0x1f, 0xf2, 0x0, 0x4,
    0xfa, 0x0, 0x0, 0xbf, 0x60, 0x8, 0xfc, 0x10,
    0x4, 0xfa, 0x0, 0x8, 0xfd, 0x0, 0x0, 0xbf,
    0xe7, 0x25, 0xfa, 0x14, 0xbf, 0xe2, 0x0, 0x0,
    0x8, 0xff, 0xff, 0xff, 0xff, 0xfc, 0x20, 0x0,
    0x0, 0x0, 0x17, 0x9c, 0xfe, 0xa8, 0x30, 0x0,
    0x0, 0x0, 0x0, 0x0, 0x4, 0xfa, 0x0, 0x0,
    0x0, 0x0,

    /* U+03A7 "Χ" */
    0xa, 0xfa, 0x0, 0x0, 0x0, 0x9, 0xfb, 0x0,
    0x1e, 0xf5, 0x0, 0x0, 0x4, 0xfe, 0x10, 0x0,
    0x5f, 0xe1, 0x0, 0x0, 0xef, 0x50, 0x0, 0x0,
    0xaf, 0xb0, 0x0, 0xaf, 0xa0, 0x0, 0x0, 0x0,
    0xef, 0x50, 0x4f, 0xe1, 0x0, 0x0, 0x0, 0x4,
    0xfe, 0x1e, 0xf4, 0x0, 0x0, 0x0, 0x0, 0x9,
    0xfd, 0xf9, 0x0, 0x0, 0x0, 0x0, 0x0, 0xd,
    0xfe, 0x0, 0x0, 0x0, 0x0, 0x0, 0x2, 0xff,
    0xf4, 0x0, 0x0, 0x0, 0x0, 0x0, 0xcf, 0x9f,
    0xe0, 0x0, 0x0, 0x0, 0x0, 0x8f, 0xb0, 0xbf,
    0x90, 0x0, 0x0, 0x0, 0x3f, 0xf1, 0x1, 0xff,
    0x40, 0x0, 0x0, 0xe, 0xf5, 0x0, 0x5, 0xfe,
    0x10, 0x0, 0xa, 0xfa, 0x0, 0x0, 0xa, 0xfa,
    0x0, 0x5, 0xfe, 0x10, 0x0, 0x0, 0x1e, 0xf5,
    0x1, 0xef, 0x40, 0x0, 0x0, 0x0, 0x4f, 0xe1,

    /* U+03A8 "Ψ" */
    0x1f, 0xe0, 0x0, 0x5, 0xfa, 0x0, 0x0, 0x8f,
    0x61, 0xfe, 0x0, 0x0, 0x5f, 0xa0, 0x0, 0x8,
    0xf6, 0x1f, 0xe0, 0x0, 0x5, 0xfa, 0x0, 0x0,
    0x8f, 0x61, 0xfe, 0x0, 0x0, 0x5f, 0xa0, 0x0,
    0x8, 0xf6, 0xf, 0xe0, 0x0, 0x5, 0xfa, 0x0,
    0x0, 0x9f, 0x60, 0xff, 0x0, 0x0, 0x5f, 0xa0,
    0x0, 0xa, 0xf5, 0xd, 0xf1, 0x0, 0x5, 0xfa,
    0x0, 0x0, 0xcf, 0x30, 0x9f, 0x60, 0x0, 0x5f,
    0xa0, 0x0, 0x1f, 0xf0, 0x3, 0xfe, 0x10, 0x5,
    0xfa, 0x0, 0x9, 0xf9, 0x0, 0x9, 0xfd, 0x51,
    0x5f, 0xa1, 0x3a, 0xfe, 0x10, 0x0, 0x8, 0xff,
    0xff, 0xff, 0xff, 0xfc, 0x10, 0x0, 0x0, 0x1,
    0x69, 0xbf, 0xe9, 0x73, 0x0, 0x0, 0x0, 0x0,
    0x0, 0x5, 0xfa, 0x0, 0x0, 0x0, 0x0, 0x0,
    0x0, 0x0, 0x5f, 0xa0, 0x0, 0x0, 0x0, 0x0,
    0x0, 0x0, 0x5, 0xfa, 0x0, 0x0, 0x0, 0x0,
    0x0, 0x0, 0x0, 0x5f, 0xa0, 0x0, 0x0, 0x0,

    /* U+03A9 "Ω" */
    0x0, 0x0, 0x5b, 0xef, 0xdb, 0x50, 0x0, 0x0,
    0x2, 0xdf, 0xff, 0xef, 0xff, 0xc1, 0x0, 0x1,
    0xef, 0xc4, 0x0, 0x4, 0xcf, 0xd0, 0x0, 0xbf,
    0xa0, 0x0, 0x0, 0x0, 0xbf, 0xa0, 0x2f, 0xe0,
    0x0, 0x0, 0x0, 0x1, 0xff, 0x17, 0xf9, 0x0,
    0x0, 0x0, 0x0, 0xb, 0xf6, 0x9f, 0x70, 0x0,
    0x0, 0x0, 0x0, 0x8f, 0x8a, 0xf6, 0x0, 0x0,
    0x0, 0x0, 0x7, 0xf9, 0x8f, 0x70, 0x0, 0x0,
    0x0, 0x0, 0x9f, 0x86, 0xfb, 0x0, 0x0, 0x0,
    0x0, 0xc, 0xf5, 0xf, 0xf2, 0x0, 0x0, 0x0,
    0x3, 0xff, 0x0, 0x8f, 0xd1, 0x0, 0x0, 0x1,
    0xdf, 0x60, 0x0, 0x9f, 0xe7, 0x0, 0x7, 0xef,
    0x80, 0x0, 0x0, 0x2d, 0xf1, 0x2, 0xfc, 0x20,
    0x0, 0x7c, 0xcc, 0xff, 0x10, 0x2f, 0xec, 0xcc,
    0x7a, 0xff, 0xff, 0xf1, 0x2, 0xff, 0xff, 0xf9,

    /* U+03AA "Ϊ" */
    0x4e, 0x90, 0xb, 0xe3, 0x7f, 0xe0, 0xf, 0xf6,
    0x7, 0x30, 0x3, 0x60, 0x0, 0x0, 0x0, 0x0,
    0x0, 0x1f, 0xf0, 0x0, 0x0, 0x1f, 0xf0, 0x0,
    0x0, 0x1f, 0xf0, 0x0, 0x0, 0x1f, 0xf0, 0x0,
    0x0, 0x1f, 0xf0, 0x0, 0x0, 0x1f, 0xf0, 0x0,
    0x0, 0x1f, 0xf0, 0x0, 0x0, 0x1f, 0xf0, 0x0,
    0x0, 0x1f, 0xf0, 0x0, 0x0, 0x1f, 0xf0, 0x0,
    0x0, 0x1f, 0xf0, 0x0, 0x0, 0x1f, 0xf0, 0x0,
    0x0, 0x1f, 0xf0, 0x0, 0x0, 0x1f, 0xf0, 0x0,
    0x0, 0x1f, 0xf0, 0x0, 0x0, 0x1f, 0xf0, 0x0,

    /* U+03AB "Ϋ" */
    0x0, 0x0, 0xbe, 0x30, 0x3e, 0xa0, 0x0, 0x0,
    0x0, 0xf, 0xf6, 0x7, 0xfe, 0x0, 0x0, 0x0,
    0x0, 0x36, 0x0, 0x7, 0x30, 0x0, 0x0, 0x0,
    0x0, 0x0, 0x0, 0x0, 0x0, 0x0, 0x2f, 0xf3,
    0x0, 0x0, 0x0, 0x4, 0xff, 0x10, 0x8f, 0xd0,
    0x0, 0x0, 0x0, 0xdf, 0x70, 0x0, 0xdf, 0x70,
    0x0, 0x0, 0x8f, 0xc0, 0x0, 0x4, 0xff, 0x10,
    0x0, 0x2f, 0xf3, 0x0, 0x0, 0xa, 0xfa, 0x0,
    0xb, 0xf9, 0x0, 0x0, 0x0, 0x1e, 0xf4, 0x5,
    0xfe, 0x0, 0x0, 0x0, 0x0, 0x6f, 0xd0, 0xdf,
    0x50, 0x0, 0x0, 0x0, 0x0, 0xcf, 0xbf, 0xb0,
    0x0, 0x0, 0x0, 0x0, 0x2, 0xff, 0xf1, 0x0,
    0x0, 0x0, 0x0, 0x0, 0x9, 0xf8, 0x0, 0x0,
    0x0, 0x0, 0x0, 0x0, 0x8f, 0x70, 0x0, 0x0,
    0x0, 0x0, 0x0, 0x8, 0xf7, 0x0, 0x0, 0x0,
    0x0, 0x0, 0x0, 0x8f, 0x70, 0x0, 0x0, 0x0,
    0x0, 0x0, 0x8, 0xf7, 0x0, 0x0, 0x0, 0x0,
    0x0, 0x0, 0x8f, 0x70, 0x0, 0x0, 0x0, 0x0,
    0x0, 0x8, 0xf7, 0x0, 0x0, 0x0,

    /* U+03AC "ά" */
    0x0, 0x0, 0xc, 0xf3, 0x0, 0x0, 0x0, 0x0,
    0x0, 0xed, 0x0, 0x0, 0x0, 0x0, 0x0, 0xf,
    0x70, 0x0, 0x0, 0x0, 0x0, 0x0, 0x10, 0x0,
    0x0, 0x0, 0x0, 0x0, 0x0, 0x0, 0x0, 0x0,
    0x0, 0x2, 0x9d, 0xfe, 0x80, 0x5, 0xf7, 0x3,
    0xef, 0xdb, 0xdf, 0xc0, 0x8f, 0x20, 0xef, 0x60,
    0x0, 0x5f, 0x8c, 0xe0, 0x6f, 0xa0, 0x0, 0x0,
    0x8e, 0xfa, 0xb, 0xf4, 0x0, 0x0, 0x1, 0xff,
    0x50, 0xdf, 0x20, 0x0, 0x0, 0xa, 0xf1, 0xd,
    0xf2, 0x0, 0x0, 0x0, 0xbf, 0x10, 0xbf, 0x40,
    0x0, 0x0, 0x1f, 0xf6, 0x6, 0xfa, 0x0, 0x0,
    0x9, 0xee, 0xb0, 0x1e, 0xf6, 0x0, 0x8, 0xf7,
    0xaf, 0x0, 0x3f, 0xfd, 0xbe, 0xfb, 0x6, 0xf5,
    0x0, 0x29, 0xef, 0xd7, 0x0, 0x2f, 0x90,

    /* U+03AD "έ" */
    0x0, 0x0, 0x5f, 0x90, 0x0, 0x0, 0x0, 0x7f,
    0x40, 0x0, 0x0, 0x0, 0x9e, 0x0, 0x0, 0x0,
    0x0, 0x11, 0x0, 0x0, 0x0, 0x0, 0x0, 0x0,
    0x0, 0x0, 0x7c, 0xef, 0xd7, 0x0, 0x1d, 0xff,
    0xbb, 0xff, 0xb0, 0x7f, 0xc0, 0x0, 0x1d, 0xf4,
    0x9f, 0x60, 0x0, 0x2, 0x20, 0x5f, 0xd3, 0x0,
    0x0, 0x0, 0x7, 0xef, 0xff, 0x50, 0x0, 0x9,
    0xfd, 0xa9, 0x30, 0x0, 0x8f, 0xa0, 0x0, 0x0,
    0x0, 0xcf, 0x40, 0x0, 0x3, 0x73, 0xaf, 0xa0,
    0x0, 0xb, 0xf6, 0x2e, 0xff, 0xcc, 0xef, 0xc0,
    0x1, 0x8d, 0xff, 0xd7, 0x0,

    /* U+03AE "ή" */
    0x0, 0x0, 0xb, 0xf4, 0x0, 0x0, 0x0, 0x0,
    0xde, 0x0, 0x0, 0x0, 0x0, 0xe, 0x80, 0x0,
    0x0, 0x0, 0x0, 0x10, 0x0, 0x0, 0x0, 0x0,
    0x0, 0x0, 0x0, 0x4, 0xf9, 0x1a, 0xef, 0xd6,
    0x0, 0x4f, 0xae, 0xda, 0xbf, 0xf8, 0x4, 0xff,
    0x80, 0x0, 0x5f, 0xf0, 0x4f, 0xd0, 0x0, 0x0,
    0xcf, 0x34, 0xfa, 0x0, 0x0, 0xa, 0xf4, 0x4f,
    0xa0, 0x0, 0x0, 0xaf, 0x54, 0xfa, 0x0, 0x0,
    0xa, 0xf5, 0x4f, 0xa0, 0x0, 0x0, 0xaf, 0x54,
    0xfa, 0x0, 0x0, 0xa, 0xf5, 0x4f, 0xa0, 0x0,
    0x0, 0xaf, 0x54, 0xfa, 0x0, 0x0, 0xa, 0xf5,
    0x4f, 0xa0, 0x0, 0x0, 0xaf, 0x50, 0x0, 0x0,
    0x0, 0xa, 0xf5, 0x0, 0x0, 0x0, 0x0, 0xaf,
    0x50, 0x0, 0x0, 0x0, 0xa, 0xf5, 0x0, 0x0,
    0x0, 0x0, 0xaf, 0x50,

    /* U+03AF "ί" */
    0xb, 0xf4, 0x0, 0xde, 0x0, 0xe, 0x80, 0x0,
    0x10, 0x0, 0x0, 0x0, 0x4, 0xfa, 0x0, 0x4f,
    0xa0, 0x4, 0xfa, 0x0, 0x4f, 0xa0, 0x4, 0xfa,
    0x0, 0x4f, 0xa0, 0x4, 0xfa, 0x0, 0x4f, 0xa0,
    0x4, 0xfa, 0x0, 0x4f, 0xb0, 0x1, 0xff, 0xb6,
    0x5, 0xdf, 0xa0,

    /* U+03B0 "ΰ" */
    0x0, 0x0, 0x1, 0x10, 0x0, 0x0, 0x0, 0x0,
    0xff, 0x0, 0x0, 0x0, 0x0, 0x1f, 0xa0, 0x0,
    0x0, 0x0, 0x2, 0xf4, 0x0, 0x0, 0x9, 0xe4,
    0x0, 0x4, 0xe9, 0x0, 0xdf, 0x70, 0x0, 0x7f,
    0xd0, 0x2, 0x60, 0x0, 0x0, 0x62, 0x0, 0x0,
    0x0, 0x0, 0x0, 0x0, 0x4f, 0xa0, 0x0, 0x0,
    0xaf, 0x54, 0xfa, 0x0, 0x0, 0xa, 0xf5, 0x4f,
    0xa0, 0x0, 0x0, 0xaf, 0x54, 0xfa, 0x0, 0x0,
    0xa, 0xf5, 0x4f, 0xa0, 0x0, 0x0, 0xaf, 0x54,
    0xfa, 0x0, 0x0, 0xa, 0xf5, 0x4f, 0xa0, 0x0,
    0x0, 0xaf, 0x54, 0xfa, 0x0, 0x0, 0xa, 0xf4,
    0x2f, 0xd0, 0x0, 0x0, 0xdf, 0x30, 0xef, 0x70,
    0x0, 0x7f, 0xe0, 0x4, 0xff, 0xec, 0xef, 0xf4,
    0x0, 0x3, 0xae, 0xfe, 0xb3, 0x0,

    /* U+03B1 "α" */
    0x0, 0x29, 0xdf, 0xe8, 0x0, 0x5f, 0x70, 0x3e,
    0xfd, 0xbd, 0xfc, 0x8, 0xf2, 0xe, 0xf6, 0x0,
    0x5, 0xf8, 0xce, 0x6, 0xfa, 0x0, 0x0, 0x8,
    0xef, 0xa0, 0xbf, 0x40, 0x0, 0x0, 0x1f, 0xf5,
    0xd, 0xf2, 0x0, 0x0, 0x0, 0xaf, 0x10, 0xdf,
    0x20, 0x0, 0x0, 0xb, 0xf1, 0xb, 0xf4, 0x0,
    0x0, 0x1, 0xff, 0x60, 0x6f, 0xa0, 0x0, 0x0,
    0x9e, 0xeb, 0x1, 0xef, 0x60, 0x0, 0x8f, 0x7a,
    0xf0, 0x3, 0xff, 0xdb, 0xef, 0xb0, 0x6f, 0x50,
    0x2, 0x9e, 0xfd, 0x70, 0x2, 0xf9,

    /* U+03B2 "β" */
    0x0, 0x2a, 0xef, 0xea, 0x20, 0x0, 0x4f, 0xfe,
    0xde, 0xff, 0x40, 0xe, 0xf7, 0x0, 0x7, 0xfd,
    0x3, 0xfc, 0x0, 0x0, 0xd, 0xf2, 0x4f, 0xa0,
    0x0, 0x0, 0xdf, 0x14, 0xfa, 0x0, 0x0, 0x7f,
    0xb0, 0x4f, 0xa0, 0x4c, 0xee, 0x80, 0x4, 0xfa,
    0x6, 0xff, 0xf9, 0x10, 0x4f, 0xa0, 0x0, 0x16,
    0xfe, 0x14, 0xfa, 0x0, 0x0, 0x7, 0xf8, 0x4f,
    0xa0, 0x0, 0x0, 0x2f, 0xc4, 0xfa, 0x0, 0x0,
    0x2, 0xfc, 0x4f, 0xd0, 0x0, 0x0, 0x6f, 0xa4,
    0xff, 0x90, 0x0, 0x4e, 0xf4, 0x4f, 0xbf, 0xfd,
    0xef, 0xf8, 0x4, 0xfa, 0x3b, 0xff, 0xc5, 0x0,
    0x4f, 0xa0, 0x0, 0x0, 0x0, 0x4, 0xfa, 0x0,
    0x0, 0x0, 0x0, 0x4f, 0xa0, 0x0, 0x0, 0x0,
    0x4, 0xfa, 0x0, 0x0, 0x0, 0x0,

    /* U+03B3 "γ" */
    0x3f, 0xe0, 0x0, 0x0, 0x8, 0xf9, 0xd, 0xf4,
    0x0, 0x0, 0xe, 0xf3, 0x7, 0xf9, 0x0, 0x0,
    0x4f, 0xc0, 0x1, 0xff, 0x0, 0x0, 0xaf, 0x60,
    0x0, 0xaf, 0x50, 0x0, 0xff, 0x0, 0x0, 0x4f,
    0xb0, 0x5, 0xf9, 0x0, 0x0, 0xd, 0xf1, 0xb,
    0xf3, 0x0, 0x0, 0x7, 0xf7, 0x1f, 0xd0, 0x0,
    0x0, 0x1, 0xfc, 0x6f, 0x60, 0x0, 0x0, 0x0,
    0xbf, 0xcf, 0x10, 0x0, 0x0, 0x0, 0x4f, 0xfa,
    0x0, 0x0, 0x0, 0x0, 0xe, 0xf4, 0x0, 0x0,
    0x0, 0x0, 0xc, 0xf2, 0x0, 0x0, 0x0, 0x0,
    0xc, 0xf2, 0x0, 0x0, 0x0, 0x0, 0xc, 0xf2,
    0x0, 0x0, 0x0, 0x0, 0xc, 0xf2, 0x0, 0x0,

    /* U+03B4 "δ" */
    0x0, 0x6, 0xbe, 0xff, 0xf3, 0x0, 0xc, 0xff,
    0xdb, 0xbb, 0x20, 0x3, 0xfe, 0x10, 0x0, 0x0,
    0x0, 0xe, 0xd0, 0x0, 0x0, 0x0, 0x0, 0x29,
    0xc7, 0x20, 0x0, 0x0, 0x6, 0xcf, 0xff, 0xc3,
    0x0, 0x9, 0xfc, 0x53, 0x5d, 0xf5, 0x4, 0xfd,
    0x0, 0x0, 0x1f, 0xe1, 0xaf, 0x60, 0x0, 0x0,
    0x9f, 0x6d, 0xf3, 0x0, 0x0, 0x5, 0xfa, 0xdf,
    0x10, 0x0, 0x0, 0x4f, 0xbc, 0xf2, 0x0, 0x0,
    0x6, 0xfa, 0x8f, 0x70, 0x0, 0x0, 0xaf, 0x72,
    0xff, 0x40, 0x0, 0x6f, 0xf1, 0x6, 0xff, 0xdb,
    0xef, 0xf4, 0x0, 0x3, 0xae, 0xfe, 0x92, 0x0,

    /* U+03B5 "ε" */
    0x0, 0x7c, 0xef, 0xd7, 0x0, 0x1d, 0xff, 0xbb,
    0xff, 0xb0, 0x7f, 0xc0, 0x0, 0x1d, 0xf4, 0x9f,
    0x60, 0x0, 0x2, 0x20, 0x5f, 0xd3, 0x0, 0x0,
    0x0, 0x7, 0xef, 0xff, 0x50, 0x0, 0x9, 0xfd,
    0xa9, 0x30, 0x0, 0x8f, 0xa0, 0x0, 0x0, 0x0,
    0xcf, 0x40, 0x0, 0x3, 0x73, 0xaf, 0xa0, 0x0,
    0xb, 0xf6, 0x2e, 0xff, 0xcc, 0xef, 0xc0, 0x1,
    0x8d, 0xff, 0xd7, 0x0,

    /* U+03B6 "ζ" */
    0x6f, 0xff, 0xff, 0xff, 0xf0, 0x4b, 0xbb, 0xba,
    0xbf, 0xe0, 0x0, 0x0, 0x1, 0xdf, 0x30, 0x0,
    0x0, 0xc, 0xf6, 0x0, 0x0, 0x0, 0x9f, 0xa0,
    0x0, 0x0, 0x6, 0xfd, 0x0, 0x0, 0x0, 0x3f,
    0xf2, 0x0, 0x0, 0x1, 0xef, 0x50, 0x0, 0x0,
    0xb, 0xf8, 0x0, 0x0, 0x0, 0x4f, 0xc0, 0x0,
    0x0, 0x0, 0xbf, 0x40, 0x0, 0x0, 0x0, 0xdf,
    0x10, 0x0, 0x0, 0x0, 0xcf, 0x30, 0x0, 0x0,
    0x0, 0x8f, 0xc1, 0x0, 0x0, 0x0, 0xc, 0xff,
    0xca, 0x97, 0x0, 0x0, 0x7c, 0xff, 0xff, 0xc0,
    0x0, 0x0, 0x0, 0x1d, 0xf1, 0x0, 0x0, 0x0,
    0xb, 0xf2, 0x0, 0x0, 0x0, 0xb, 0xf2,

    /* U+03B7 "η" */
    0x4f, 0x91, 0xae, 0xfd, 0x60, 0x4, 0xfa, 0xed,
    0xab, 0xff, 0x80, 0x4f, 0xf8, 0x0, 0x5, 0xff,
    0x4, 0xfd, 0x0, 0x0, 0xc, 0xf3, 0x4f, 0xa0,
    0x0, 0x0, 0xaf, 0x44, 0xfa, 0x0, 0x0, 0xa,
    0xf5, 0x4f, 0xa0, 0x0, 0x0, 0xaf, 0x54, 0xfa,
    0x0, 0x0, 0xa, 0xf5, 0x4f, 0xa0, 0x0, 0x0,
    0xaf, 0x54, 0xfa, 0x0, 0x0, 0xa, 0xf5, 0x4f,
    0xa0, 0x0, 0x0, 0xaf, 0x54, 0xfa, 0x0, 0x0,
    0xa, 0xf5, 0x0, 0x0, 0x0, 0x0, 0xaf, 0x50,
    0x0, 0x0, 0x0, 0xa, 0xf5, 0x0, 0x0, 0x0,
    0x0, 0xaf, 0x50, 0x0, 0x0, 0x0, 0xa, 0xf5,

    /* U+03B8 "θ" */
    0x0, 0x6, 0xcf, 0xea, 0x30, 0x0, 0x0, 0xaf,
    0xfb, 0xcf, 0xf5, 0x0, 0x6, 0xfb, 0x0, 0x3,
    0xef, 0x20, 0xe, 0xe0, 0x0, 0x0, 0x5f, 0x90,
    0x4f, 0x90, 0x0, 0x0, 0xe, 0xe0, 0x8f, 0x60,
    0x0, 0x0, 0xb, 0xf2, 0x9f, 0x40, 0x0, 0x0,
    0x9, 0xf4, 0xaf, 0xff, 0xff, 0xff, 0xff, 0xf5,
    0xaf, 0xb9, 0x99, 0x99, 0x9d, 0xf5, 0x9f, 0x40,
    0x0, 0x0, 0xa, 0xf4, 0x8f, 0x60, 0x0, 0x0,
    0xc, 0xf2, 0x4f, 0xa0, 0x0, 0x0, 0xf, 0xe0,
    0xe, 0xf1, 0x0, 0x0, 0x6f, 0x90, 0x6, 0xfb,
    0x10, 0x3, 0xef, 0x20, 0x0, 0xaf, 0xfb, 0xcf,
    0xf5, 0x0, 0x0, 0x6, 0xcf, 0xeb, 0x30, 0x0,

    /* U+03B9 "ι" */
    0x4f, 0xa0, 0x4, 0xfa, 0x0, 0x4f, 0xa0, 0x4,
    0xfa, 0x0, 0x4f, 0xa0, 0x4, 0xfa, 0x0, 0x4f,
    0xa0, 0x4, 0xfa, 0x0, 0x4f, 0xa0, 0x4, 0xfb,
    0x0, 0x1f, 0xfb, 0x60, 0x5d, 0xfa,

    /* U+03BA "κ" */
    0x4f, 0xa0, 0x0, 0x8, 0xfc, 0x4, 0xfa, 0x0,
    0x6, 0xfd, 0x10, 0x4f, 0xa0, 0x4, 0xfd, 0x10,
    0x4, 0xfa, 0x3, 0xfe, 0x20, 0x0, 0x4f, 0xa2,
    0xef, 0x30, 0x0, 0x4, 0xff, 0xff, 0x50, 0x0,
    0x0, 0x4f, 0xb7, 0xfc, 0x0, 0x0, 0x4, 0xfa,
    0x9, 0xf9, 0x0, 0x0, 0x4f, 0xa0, 0xd, 0xf6,
    0x0, 0x4, 0xfa, 0x0, 0x2f, 0xf3, 0x0, 0x4f,
    0xa0, 0x0, 0x5f, 0xe1, 0x4, 0xfa, 0x0, 0x0,
    0x9f, 0xc0,

    /* U+03BB "λ" */
    0x3, 0xfe, 0xa2, 0x0, 0x0, 0x0, 0x0, 0x0,
    0xcd, 0xfe, 0x10, 0x0, 0x0, 0x0, 0x0, 0x0,
    0x9f, 0x80, 0x0, 0x0, 0x0, 0x0, 0x0, 0x1f,
    0xe0, 0x0, 0x0, 0x0, 0x0, 0x0, 0xf, 0xf5,
    0x0, 0x0, 0x0, 0x0, 0x0, 0x5f, 0xfb, 0x0,
    0x0, 0x0, 0x0, 0x0, 0xcf, 0xbf, 0x10, 0x0,
    0x0, 0x0, 0x2, 0xfb, 0x5f, 0x70, 0x0, 0x0,
    0x0, 0x8, 0xf6, 0xf, 0xd0, 0x0, 0x0, 0x0,
    0xe, 0xf1, 0xa, 0xf4, 0x0, 0x0, 0x0, 0x4f,
    0xb0, 0x3, 0xfa, 0x0, 0x0, 0x0, 0xaf, 0x50,
    0x0, 0xdf, 0x10, 0x0, 0x1, 0xff, 0x0, 0x0,
    0x7f, 0x60, 0x0, 0x7, 0xf9, 0x0, 0x0, 0x1f,
    0xd0, 0x0, 0xd, 0xf3, 0x0, 0x0, 0x7, 0xfc,
    0x84, 0x3f, 0xe0, 0x0, 0x0, 0x0, 0x7d, 0xfb,

    /* U+03BC "μ" */
    0x4f, 0xa0, 0x0, 0x0, 0xaf, 0x50, 0x4f, 0xa0,
    0x0, 0x0, 0xaf, 0x50, 0x4f, 0xa0, 0x0, 0x0,
    0xaf, 0x50, 0x4f, 0xa0, 0x0, 0x0, 0xaf, 0x50,
    0x4f, 0xa0, 0x0, 0x0, 0xaf, 0x50, 0x4f, 0xa0,
    0x0, 0x0, 0xaf, 0x50, 0x4f, 0xa0, 0x0, 0x0,
    0xaf, 0x50, 0x4f, 0xa0, 0x0, 0x0, 0xaf, 0x50,
    0x4f, 0xd0, 0x0, 0x0, 0xcf, 0x50, 0x4f, 0xf5,
    0x0, 0x5, 0xff, 0x50, 0x4f, 0xdf, 0xb8, 0xbf,
    0xaf, 0xd6, 0x4f, 0xa5, 0xdf, 0xd6, 0x8, 0xec,
    0x4f, 0xa0, 0x0, 0x0, 0x0, 0x0, 0x4f, 0xa0,
    0x0, 0x0, 0x0, 0x0, 0x4f, 0xa0, 0x0, 0x0,
    0x0, 0x0, 0x4f, 0xa0, 0x0, 0x0, 0x0, 0x0,

    /* U+03BD "ν" */
    0x6e, 0xa1, 0x0, 0x0, 0x0, 0xef, 0x24, 0xdf,
    0xb0, 0x0, 0x0, 0x4f, 0xc0, 0x0, 0xef, 0x10,
    0x0, 0xa, 0xf5, 0x0, 0x8, 0xf7, 0x0, 0x1,
    0xff, 0x0, 0x0, 0x2f, 0xd0, 0x0, 0x6f, 0x90,
    0x0, 0x0, 0xcf, 0x30, 0xc, 0xf3, 0x0, 0x0,
    0x6, 0xf8, 0x1, 0xfd, 0x0, 0x0, 0x0, 0xf,
    0xe0, 0x7f, 0x70, 0x0, 0x0, 0x0, 0xaf, 0x3c,
    0xf1, 0x0, 0x0, 0x0, 0x3, 0xf9, 0xfb, 0x0,
    0x0, 0x0, 0x0, 0xd, 0xff, 0x50, 0x0, 0x0,
    0x0, 0x0, 0x7f, 0xe0, 0x0, 0x0,

    /* U+03BE "ξ" */
    0xf, 0xff, 0xff, 0xff, 0xf8, 0x8, 0x8b, 0xfd,
    0xa9, 0x84, 0x1, 0xcd, 0x20, 0x0, 0x0, 0xa,
    0xf2, 0x0, 0x0, 0x0, 0xe, 0xf0, 0x0, 0x0,
    0x0, 0xd, 0xf4, 0x0, 0x0, 0x0, 0x5, 0xfe,
    0x51, 0x0, 0x0, 0x0, 0x29, 0xff, 0xff, 0xc0,
    0x2, 0xaf, 0xec, 0xbb, 0x80, 0x1e, 0xf4, 0x0,
    0x0, 0x0, 0x8f, 0x70, 0x0, 0x0, 0x0, 0xbf,
    0x30, 0x0, 0x0, 0x0, 0xaf, 0x60, 0x0, 0x0,
    0x0, 0x6f, 0xe3, 0x0, 0x0, 0x0, 0xa, 0xff,
    0xdb, 0xa9, 0x50, 0x0, 0x5b, 0xef, 0xff, 0xf7,
    0x0, 0x0, 0x0, 0x3, 0xfc, 0x0, 0x0, 0x0,
    0x0, 0xfd, 0x0, 0x0, 0x0, 0x0, 0xfd,

    /* U+03BF "ο" */
    0x0, 0x29, 0xdf, 0xea, 0x30, 0x0, 0x3, 0xef,
    0xeb, 0xdf, 0xf6, 0x0, 0xe, 0xf7, 0x0, 0x5,
    0xff, 0x20, 0x6f, 0xa0, 0x0, 0x0, 0x7f, 0x90,
    0xbf, 0x40, 0x0, 0x0, 0x1f, 0xe0, 0xdf, 0x10,
    0x0, 0x0, 0xe, 0xf0, 0xdf, 0x10, 0x0, 0x0,
    0xe, 0xf0, 0xbf, 0x40, 0x0, 0x0, 0x1f, 0xe0,
    0x6f, 0xa0, 0x0, 0x0, 0x7f, 0xa0, 0x1e, 0xf7,
    0x0, 0x4, 0xff, 0x20, 0x3, 0xef, 0xeb, 0xdf,
    0xf6, 0x0, 0x0, 0x29, 0xdf, 0xea, 0x30, 0x0,

    /* U+03C0 "π" */
    0x9f, 0xff, 0xff, 0xff, 0xff, 0xff, 0xd5, 0xad,
    0xfb, 0xaa, 0xab, 0xfe, 0xa8, 0x0, 0x9f, 0x50,
    0x0, 0x3f, 0xb0, 0x0, 0x9, 0xf5, 0x0, 0x3,
    0xfb, 0x0, 0x0, 0x9f, 0x50, 0x0, 0x3f, 0xb0,
    0x0, 0x9, 0xf5, 0x0, 0x3, 0xfb, 0x0, 0x0,
    0x9f, 0x50, 0x0, 0x3f, 0xb0, 0x0, 0x9, 0xf5,
    0x0, 0x3, 0xfb, 0x0, 0x0, 0x9f, 0x50, 0x0,
    0x3f, 0xb0, 0x0, 0x9, 0xf5, 0x0, 0x2, 0xfc,
    0x0, 0x0, 0x9f, 0x50, 0x0, 0xe, 0xfb, 0x60,
    0x9, 0xf5, 0x0, 0x0, 0x4d, 0xfb,

    /* U+03C1 "ρ" */
    0x0, 0x6, 0xce, 0xfc, 0x60, 0x0, 0x0, 0xaf,
    0xfc, 0xcf, 0xfb, 0x0, 0x7, 0xfc, 0x10, 0x1,
    0xcf, 0x70, 0xe, 0xf2, 0x0, 0x0, 0x2f, 0xe0,
    0x2f, 0xc0, 0x0, 0x0, 0xc, 0xf3, 0x4f, 0xa0,
    0x0, 0x0, 0xa, 0xf5, 0x4f, 0xa0, 0x0, 0x0,
    0xa, 0xf4, 0x4f, 0xd0, 0x0, 0x0, 0xd, 0xf3,
    0x4f, 0xf3, 0x0, 0x0, 0x3f, 0xe0, 0x4f, 0xfc,
    0x10, 0x2, 0xdf, 0x70, 0x4f, 0xac, 0xfc, 0xcf,
    0xfb, 0x0, 0x4f, 0xa1, 0x9e, 0xfd, 0x70, 0x0,
    0x4f, 0xa0, 0x0, 0x0, 0x0, 0x0, 0x4f, 0xa0,
    0x0, 0x0, 0x0, 0x0, 0x4f, 0xa0, 0x0, 0x0,
    0x0, 0x0, 0x4f, 0xa0, 0x0, 0x0, 0x0, 0x0,

    /* U+03C2 "ς" */
    0x0, 0x19, 0xdf, 0xea, 0x30, 0x0, 0x3e, 0xfe,
    0xbd, 0xff, 0x50, 0xd, 0xf7, 0x0, 0x5, 0xff,
    0x16, 0xfb, 0x0, 0x0, 0x7, 0x82, 0xbf, 0x40,
    0x0, 0x0, 0x0, 0xd, 0xf2, 0x0, 0x0, 0x0,
    0x0, 0xdf, 0x10, 0x0, 0x0, 0x0, 0xb, 0xf3,
    0x0, 0x0, 0x0, 0x0, 0x7f, 0x90, 0x0, 0x0,
    0x0, 0x1, 0xef, 0x50, 0x0, 0x0, 0x0, 0x4,
    0xff, 0xdb, 0xa8, 0x30, 0x0, 0x2, 0x9e, 0xff,
    0xff, 0x60, 0x0, 0x0, 0x0, 0x3, 0xfe, 0x0,
    0x0, 0x0, 0x0, 0xc, 0xf1, 0x0, 0x0, 0x0,
    0x0, 0xcf, 0x10,

    /* U+03C3 "σ" */
    0x0, 0x29, 0xdf, 0xff, 0xff, 0xff, 0x40, 0x3e,
    0xfc, 0xac, 0xfc, 0xaa, 0xa2, 0x1e, 0xf5, 0x0,
    0x3, 0xe7, 0x0, 0x6, 0xf9, 0x0, 0x0, 0x6,
    0xf5, 0x0, 0xbf, 0x40, 0x0, 0x0, 0x1f, 0xc0,
    0xd, 0xf1, 0x0, 0x0, 0x0, 0xef, 0x0, 0xdf,
    0x20, 0x0, 0x0, 0xe, 0xf0, 0xb, 0xf4, 0x0,
    0x0, 0x1, 0xfe, 0x0, 0x6f, 0xa0, 0x0, 0x0,
    0x7f, 0xa0, 0x0, 0xef, 0x70, 0x0, 0x5f, 0xf3,
    0x0, 0x3, 0xef, 0xeb, 0xdf, 0xf6, 0x0, 0x0,
    0x1, 0x9d, 0xfe, 0xa3, 0x0, 0x0,

    /* U+03C4 "τ" */
    0xcf, 0xff, 0xff, 0xff, 0xff, 0x8, 0xbb, 0xbf,
    0xfb, 0xbb, 0xb0, 0x0, 0x0, 0xdf, 0x10, 0x0,
    0x0, 0x0, 0xd, 0xf1, 0x0, 0x0, 0x0, 0x0,
    0xdf, 0x10, 0x0, 0x0, 0x0, 0xd, 0xf1, 0x0,
    0x0, 0x0, 0x0, 0xdf, 0x10, 0x0, 0x0, 0x0,
    0xd, 0xf1, 0x0, 0x0, 0x0, 0x0, 0xdf, 0x10,
    0x0, 0x0, 0x0, 0xb, 0xf3, 0x0, 0x0, 0x0,
    0x0, 0x6f, 0xeb, 0x70, 0x0, 0x0, 0x0, 0x7d,
    0xfa, 0x0,

    /* U+03C5 "υ" */
    0x4f, 0xa0, 0x0, 0x0, 0xaf, 0x54, 0xfa, 0x0,
    0x0, 0xa, 0xf5, 0x4f, 0xa0, 0x0, 0x0, 0xaf,
    0x54, 0xfa, 0x0, 0x0, 0xa, 0xf5, 0x4f, 0xa0,
    0x0, 0x0, 0xaf, 0x54, 0xfa, 0x0, 0x0, 0xa,
    0xf5, 0x4f, 0xa0, 0x0, 0x0, 0xaf, 0x54, 0xfa,
    0x0, 0x0, 0xa, 0xf4, 0x2f, 0xd0, 0x0, 0x0,
    0xdf, 0x30, 0xef, 0x70, 0x0, 0x7f, 0xe0, 0x4,
    0xff, 0xec, 0xef, 0xf4, 0x0, 0x3, 0xae, 0xfe,
    0xb3, 0x0,

    /* U+03C6 "φ" */
    0x0, 0x3a, 0x0, 0x9, 0xef, 0xb4, 0x0, 0x4,
    0xff, 0x30, 0x9f, 0xeb, 0xff, 0x50, 0x1e, 0xf3,
    0x0, 0xef, 0x10, 0x2f, 0xe1, 0x7f, 0x80, 0x0,
    0xfe, 0x0, 0x9, 0xf6, 0xbf, 0x30, 0x1, 0xfe,
    0x0, 0x5, 0xf9, 0xdf, 0x10, 0x1, 0xfe, 0x0,
    0x3, 0xfb, 0xdf, 0x20, 0x1, 0xfe, 0x0, 0x4,
    0xfa, 0xbf, 0x40, 0x1, 0xfe, 0x0, 0x7, 0xf8,
    0x5f, 0xb0, 0x1, 0xfe, 0x0, 0xe, 0xf3, 0xc,
    0xfa, 0x11, 0xfe, 0x2, 0xcf, 0x90, 0x1, 0xcf,
    0xfd, 0xff, 0xef, 0xf9, 0x0, 0x0, 0x5, 0xad,
    0xff, 0xd9, 0x30, 0x0, 0x0, 0x0, 0x1, 0xfe,
    0x0, 0x0, 0x0, 0x0, 0x0, 0x1, 0xfe, 0x0,
    0x0, 0x0, 0x0, 0x0, 0x1, 0xfe, 0x0, 0x0,
    0x0, 0x0, 0x0, 0x1, 0xfe, 0x0, 0x0, 0x0,

    /* U+03C7 "χ" */
    0xcf, 0xa0, 0x0, 0x0, 0xa, 0xf6, 0x9, 0xef,
    0xa0, 0x0, 0x2, 0xfd, 0x0, 0x0, 0xcf, 0x40,
    0x0, 0xbf, 0x50, 0x0, 0x4, 0xfc, 0x0, 0x4f,
    0xc0, 0x0, 0x0, 0xb, 0xf5, 0xc, 0xf3, 0x0,
    0x0, 0x0, 0x2f, 0xd5, 0xfa, 0x0, 0x0, 0x0,
    0x0, 0x9f, 0xff, 0x20, 0x0, 0x0, 0x0, 0x1,
    0xff, 0x80, 0x0, 0x0, 0x0, 0x0, 0x1f, 0xf8,
    0x0, 0x0, 0x0, 0x0, 0xa, 0xff, 0xf1, 0x0,
    0x0, 0x0, 0x3, 0xfd, 0x6f, 0x90, 0x0, 0x0,
    0x0, 0xbf, 0x40, 0xdf, 0x20, 0x0, 0x0, 0x4f,
    0xb0, 0x5, 0xfa, 0x0, 0x0, 0xd, 0xf3, 0x0,
    0xd, 0xf3, 0x0, 0x6, 0xfa, 0x0, 0x0, 0x4f,
    0xfc, 0x30, 0xef, 0x20, 0x0, 0x0, 0x5d, 0xf4,

    /* U+03C8 "ψ" */
    0x0, 0x0, 0x0, 0x6f, 0x80, 0x0, 0x0, 0x0,
    0x0, 0x0, 0x6, 0xf8, 0x0, 0x0, 0x0, 0x0,
    0x0, 0x0, 0x6f, 0x80, 0x0, 0x0, 0x4, 0xfa,
    0x0, 0x6, 0xf8, 0x0, 0x8, 0xf6, 0x4f, 0xa0,
    0x0, 0x6f, 0x80, 0x0, 0x8f, 0x64, 0xfa, 0x0,
    0x6, 0xf8, 0x0, 0x8, 0xf6, 0x4f, 0xa0, 0x0,
    0x6f, 0x80, 0x0, 0x8f, 0x64, 0xfa, 0x0, 0x6,
    0xf8, 0x0, 0x8, 0xf6, 0x4f, 0xa0, 0x0, 0x6f,
    0x80, 0x0, 0x8f, 0x63, 0xfa, 0x0, 0x6, 0xf8,
    0x0, 0x9, 0xf5, 0x1f, 0xd0, 0x0, 0x6f, 0x80,
    0x0, 0xbf, 0x30, 0xdf, 0x30, 0x6, 0xf8, 0x0,
    0x2f, 0xe0, 0x5, 0xfe, 0x30, 0x6f, 0x80, 0x2d,
    0xf7, 0x0, 0x8, 0xff, 0xdd, 0xfd, 0xdf, 0xfa,
    0x0, 0x0, 0x4, 0xbe, 0xff, 0xfe, 0xb5, 0x0,
    0x0, 0x0, 0x0, 0x6, 0xf8, 0x0, 0x0, 0x0,
    0x0, 0x0, 0x0, 0x6f, 0x80, 0x0, 0x0, 0x0,
    0x0, 0x0, 0x6, 0xf8, 0x0, 0x0, 0x0, 0x0,
    0x0, 0x0, 0x6f, 0x80, 0x0, 0x0, 0x0,

    /* U+03C9 "ω" */
    0x0, 0xbf, 0x70, 0x0, 0x0, 0xc, 0xf7, 0x0,
    0x7, 0xfb, 0x0, 0x0, 0x0, 0x1, 0xef, 0x20,
    0xf, 0xf1, 0x0, 0x0, 0x0, 0x0, 0x5f, 0xb0,
    0x6f, 0x90, 0x0, 0x0, 0x0, 0x0, 0xe, 0xf1,
    0xaf, 0x50, 0x0, 0x1d, 0xa0, 0x0, 0xa, 0xf5,
    0xcf, 0x20, 0x0, 0x1f, 0xd0, 0x0, 0x7, 0xf8,
    0xdf, 0x10, 0x0, 0x1f, 0xd0, 0x0, 0x6, 0xf9,
    0xdf, 0x20, 0x0, 0x2f, 0xd0, 0x0, 0x7, 0xf8,
    0xaf, 0x60, 0x0, 0x5f, 0xf0, 0x0, 0xb, 0xf5,
    0x5f, 0xd1, 0x0, 0xcf, 0xf8, 0x0, 0x4f, 0xf1,
    0xa, 0xff, 0xce, 0xf6, 0xcf, 0xdc, 0xff, 0x60,
    0x0, 0x7d, 0xfd, 0x60, 0x1a, 0xef, 0xc4, 0x0,

    /* U+03CA "ϊ" */
    0x8f, 0x50, 0x1d, 0xc0, 0xcf, 0x90, 0x4f, 0xf2,
    0x27, 0x10, 0x6, 0x50, 0x0, 0x0, 0x0, 0x0,
    0x0, 0x4f, 0xa0, 0x0, 0x0, 0x4f, 0xa0, 0x0,
    0x0, 0x4f, 0xa0, 0x0, 0x0, 0x4f, 0xa0, 0x0,
    0x0, 0x4f, 0xa0, 0x0, 0x0, 0x4f, 0xa0, 0x0,
    0x0, 0x4f, 0xa0, 0x0, 0x0, 0x4f, 0xa0, 0x0,
    0x0, 0x4f, 0xa0, 0x0, 0x0, 0x4f, 0xb0, 0x0,
    0x0, 0x1f, 0xfb, 0x60, 0x0, 0x5, 0xdf, 0xa0,

    /* U+03CB "ϋ" */
    0x0, 0xae, 0x30, 0x3e, 0xa0, 0x0, 0xf, 0xf7,
    0x7, 0xff, 0x0, 0x0, 0x37, 0x0, 0x7, 0x30,
    0x0, 0x0, 0x0, 0x0, 0x0, 0x0, 0x4f, 0xa0,
    0x0, 0x0, 0xaf, 0x54, 0xfa, 0x0, 0x0, 0xa,
    0xf5, 0x4f, 0xa0, 0x0, 0x0, 0xaf, 0x54, 0xfa,
    0x0, 0x0, 0xa, 0xf5, 0x4f, 0xa0, 0x0, 0x0,
    0xaf, 0x54, 0xfa, 0x0, 0x0, 0xa, 0xf5, 0x4f,
    0xa0, 0x0, 0x0, 0xaf, 0x54, 0xfa, 0x0, 0x0,
    0xa, 0xf4, 0x2f, 0xd0, 0x0, 0x0, 0xdf, 0x30,
    0xef, 0x70, 0x0, 0x7f, 0xe0, 0x4, 0xff, 0xec,
    0xef, 0xf4, 0x0, 0x3, 0xae, 0xfe, 0xb3, 0x0,

    /* U+03CC "ό" */
    0x0, 0x0, 0xc, 0xf2, 0x0, 0x0, 0x0, 0x0,
    0xe, 0xd0, 0x0, 0x0, 0x0, 0x0, 0xf, 0x70,
    0x0, 0x0, 0x0, 0x0, 0x1, 0x0, 0x0, 0x0,
    0x0, 0x0, 0x0, 0x0, 0x0, 0x0, 0x0, 0x29,
    0xdf, 0xea, 0x30, 0x0, 0x3, 0xef, 0xeb, 0xdf,
    0xf6, 0x0, 0xe, 0xf7, 0x0, 0x5, 0xff, 0x20,
    0x6f, 0xa0, 0x0, 0x0, 0x7f, 0x90, 0xbf, 0x40,
    0x0, 0x0, 0x1f, 0xe0, 0xdf, 0x10, 0x0, 0x0,
    0xe, 0xf0, 0xdf, 0x10, 0x0, 0x0, 0xe, 0xf0,
    0xbf, 0x40, 0x0, 0x0, 0x1f, 0xe0, 0x6f, 0xa0,
    0x0, 0x0, 0x7f, 0xa0, 0x1e, 0xf7, 0x0, 0x4,
    0xff, 0x20, 0x3, 0xef, 0xeb, 0xdf, 0xf6, 0x0,
    0x0, 0x29, 0xdf, 0xea, 0x30, 0x0,

    /* U+03CD "ύ" */
    0x0, 0x0, 0xd, 0xf1, 0x0, 0x0, 0x0, 0x0,
    0xfb, 0x0, 0x0, 0x0, 0x0, 0x1f, 0x60, 0x0,
    0x0, 0x0, 0x0, 0x10, 0x0, 0x0, 0x0, 0x0,
    0x0, 0x0, 0x0, 0x4, 0xfa, 0x0, 0x0, 0xa,
    0xf5, 0x4f, 0xa0, 0x0, 0x0, 0xaf, 0x54, 0xfa,
    0x0, 0x0, 0xa, 0xf5, 0x4f, 0xa0, 0x0, 0x0,
    0xaf, 0x54, 0xfa, 0x0, 0x0, 0xa, 0xf5, 0x4f,
    0xa0, 0x0, 0x0, 0xaf, 0x54, 0xfa, 0x0, 0x0,
    0xa, 0xf5, 0x4f, 0xa0, 0x0, 0x0, 0xaf, 0x42,
    0xfd, 0x0, 0x0, 0xd, 0xf3, 0xe, 0xf7, 0x0,
    0x7, 0xfe, 0x0, 0x4f, 0xfe, 0xce, 0xff, 0x40,
    0x0, 0x3a, 0xef, 0xeb, 0x30, 0x0,

    /* U+03CE "ώ" */
    0x0, 0x0, 0x0, 0x7, 0xf7, 0x0, 0x0, 0x0,
    0x0, 0x0, 0x0, 0x9, 0xf1, 0x0, 0x0, 0x0,
    0x0, 0x0, 0x0, 0xb, 0xc0, 0x0, 0x0, 0x0,
    0x0, 0x0, 0x0, 0x1, 0x0, 0x0, 0x0, 0x0,
    0x0, 0x0, 0x0, 0x0, 0x0, 0x0, 0x0, 0x0,
    0x0, 0xbf, 0x70, 0x0, 0x0, 0xc, 0xf7, 0x0,
    0x7, 0xfb, 0x0, 0x0, 0x0, 0x1, 0xef, 0x20,
    0xf, 0xf1, 0x0, 0x0, 0x0, 0x0, 0x5f, 0xb0,
    0x6f, 0x90, 0x0, 0x0, 0x0, 0x0, 0xe, 0xf1,
    0xaf, 0x50, 0x0, 0x1d, 0xa0, 0x0, 0xa, 0xf5,
    0xcf, 0x20, 0x0, 0x1f, 0xd0, 0x0, 0x7, 0xf8,
    0xdf, 0x10, 0x0, 0x1f, 0xd0, 0x0, 0x6, 0xf9,
    0xdf, 0x20, 0x0, 0x2f, 0xd0, 0x0, 0x7, 0xf8,
    0xaf, 0x60, 0x0, 0x5f, 0xf0, 0x0, 0xb, 0xf5,
    0x5f, 0xd1, 0x0, 0xcf, 0xf8, 0x0, 0x4f, 0xf1,
    0xa, 0xff, 0xce, 0xf6, 0xcf, 0xdc, 0xff, 0x60,
    0x0, 0x7d, 0xfd, 0x60, 0x1a, 0xef, 0xc4, 0x0,

    /* U+0400 "Ѐ" */
    0x0, 0x1, 0x20, 0x0, 0x0, 0x0, 0x0, 0x8f,
    0x70, 0x0, 0x0, 0x0, 0x0, 0xde, 0x0, 0x0,
    0x0, 0x0, 0x3, 0xf7, 0x0, 0x0, 0x0, 0x0,
    0x0, 0x0, 0x0, 0x1, 0xff, 0xff, 0xff, 0xff,
    0xfb, 0x1f, 0xfc, 0xcc, 0xcc, 0xcc, 0x81, 0xff,
    0x0, 0x0, 0x0, 0x0, 0x1f, 0xf0, 0x0, 0x0,
    0x0, 0x1, 0xff, 0x0, 0x0, 0x0, 0x0, 0x1f,
    0xf0, 0x0, 0x0, 0x0, 0x1, 0xff, 0x0, 0x0,
    0x0, 0x0, 0x1f, 0xfc, 0xcc, 0xcc, 0xcc, 0x11,
    0xff, 0xff, 0xff, 0xff, 0xf2, 0x1f, 0xf0, 0x0,
    0x0, 0x0, 0x1, 0xff, 0x0, 0x0, 0x0, 0x0,
    0x1f, 0xf0, 0x0, 0x0, 0x0, 0x1, 0xff, 0x0,
    0x0, 0x0, 0x0, 0x1f, 0xf0, 0x0, 0x0, 0x0,
    0x1, 0xff, 0xcc, 0xcc, 0xcc, 0xc9, 0x1f, 0xff,
    0xff, 0xff, 0xff, 0xc0,

    /* U+0401 "Ё" */
    0x0, 0x5f, 0x80, 0xc, 0xe2, 0x0, 0x9, 0xfc,
    0x1, 0xff, 0x50, 0x0, 0x17, 0x20, 0x4, 0x60,
    0x0, 0x0, 0x0, 0x0, 0x0, 0x0, 0x1f, 0xff,
    0xff, 0xff, 0xff, 0xb1, 0xff, 0xcc, 0xcc, 0xcc,
    0xc8, 0x1f, 0xf0, 0x0, 0x0, 0x0, 0x1, 0xff,
    0x0, 0x0, 0x0, 0x0, 0x1f, 0xf0, 0x0, 0x0,
    0x0, 0x1, 0xff, 0x0, 0x0, 0x0, 0x0, 0x1f,
    0xf0, 0x0, 0x0, 0x0, 0x1, 0xff, 0xcc, 0xcc,
    0xcc, 0xc1, 0x1f, 0xff, 0xff, 0xff, 0xff, 0x21,
    0xff, 0x0, 0x0, 0x0, 0x0, 0x1f, 0xf0, 0x0,
    0x0, 0x0, 0x1, 0xff, 0x0, 0x0, 0x0, 0x0,
    0x1f, 0xf0, 0x0, 0x0, 0x0, 0x1, 0xff, 0x0,
    0x0, 0x0, 0x0, 0x1f, 0xfc, 0xcc, 0xcc, 0xcc,
    0x91, 0xff, 0xff, 0xff, 0xff, 0xfc,

    /* U+0402 "Ђ" */
    0xff, 0xff, 0xff, 0xff, 0xff, 0xff, 0x20, 0x0,
    0xb, 0xcc, 0xcc, 0xff, 0xcc, 0xcc, 0xc1, 0x0,
    0x0, 0x0, 0x0, 0xe, 0xf2, 0x0, 0x0, 0x0,
    0x0, 0x0, 0x0, 0x0, 0xef, 0x20, 0x0, 0x0,
    0x0, 0x0, 0x0, 0x0, 0xe, 0xf2, 0x0, 0x0,
    0x0, 0x0, 0x0, 0x0, 0x0, 0xef, 0x20, 0x0,
    0x0, 0x0, 0x0, 0x0, 0x0, 0xe, 0xf2, 0x5b,
    0xdc, 0x93, 0x0, 0x0, 0x0, 0x0, 0xef, 0xbf,
    0xff, 0xff, 0xf8, 0x0, 0x0, 0x0, 0xe, 0xff,
    0xa3, 0x2, 0x7f, 0xf7, 0x0, 0x0, 0x0, 0xef,
    0xe0, 0x0, 0x0, 0x4f, 0xe0, 0x0, 0x0, 0xe,
    0xf6, 0x0, 0x0, 0x0, 0xdf, 0x40, 0x0, 0x0,
    0xef, 0x40, 0x0, 0x0, 0xb, 0xf5, 0x0, 0x0,
    0xe, 0xf2, 0x0, 0x0, 0x0, 0xcf, 0x40, 0x0,
    0x0, 0xef, 0x20, 0x0, 0x0, 0x3f, 0xf1, 0x0,
    0x0, 0xe, 0xf2, 0x0, 0x0, 0x4e, 0xf9, 0x0,
    0x0, 0x0, 0xef, 0x20, 0x5d, 0xff, 0xfb, 0x0,
    0x0, 0x0, 0x0, 0x0, 0x6, 0xfe, 0xb5, 0x0,
    0x0,

    /* U+0403 "Ѓ" */
    0x0, 0x0, 0x0, 0x58, 0x30, 0x0, 0x0, 0x0,
    0x1f, 0xe0, 0x0, 0x0, 0x0, 0x8, 0xf4, 0x0,
    0x0, 0x0, 0x0, 0x75, 0x0, 0x0, 0x0, 0x0,
    0x0, 0x0, 0x0, 0x1, 0xff, 0xff, 0xff, 0xff,
    0xfa, 0x1f, 0xfc, 0xcc, 0xcc, 0xcc, 0x81, 0xff,
    0x0, 0x0, 0x0, 0x0, 0x1f, 0xf0, 0x0, 0x0,
    0x0, 0x1, 0xff, 0x0, 0x0, 0x0, 0x0, 0x1f,
    0xf0, 0x0, 0x0, 0x0, 0x1, 0xff, 0x0, 0x0,
    0x0, 0x0, 0x1f, 0xf0, 0x0, 0x0, 0x0, 0x1,
    0xff, 0x0, 0x0, 0x0, 0x0, 0x1f, 0xf0, 0x0,
    0x0, 0x0, 0x1, 0xff, 0x0, 0x0, 0x0, 0x0,
    0x1f, 0xf0, 0x0, 0x0, 0x0, 0x1, 0xff, 0x0,
    0x0, 0x0, 0x0, 0x1f, 0xf0, 0x0, 0x0, 0x0,
    0x1, 0xff, 0x0, 0x0, 0x0, 0x0, 0x1f, 0xf0,
    0x0, 0x0, 0x0, 0x0,

    /* U+0404 "Є" */
    0x0, 0x0, 0x5b, 0xef, 0xea, 0x40, 0x0, 0x0,
    0x1c, 0xff, 0xfe, 0xff, 0xfa, 0x0, 0x0, 0xdf,
    0xd4, 0x0, 0x5, 0xdf, 0xb0, 0x9, 0xfc, 0x0,
    0x0, 0x0, 0x1e, 0xf5, 0x1f, 0xf1, 0x0, 0x0,
    0x0, 0x6, 0xfa, 0x6f, 0xa0, 0x0, 0x0, 0x0,
    0x0, 0x21, 0x8f, 0x70, 0x0, 0x0, 0x0, 0x0,
    0x0, 0xaf, 0xff, 0xff, 0xff, 0xf0, 0x0, 0x0,
    0xaf, 0xdc, 0xcc, 0xcc, 0xc0, 0x0, 0x0, 0x8f,
    0x60, 0x0, 0x0, 0x0, 0x0, 0x0, 0x6f, 0xa0,
    0x0, 0x0, 0x0, 0x0, 0x11, 0x1f, 0xf1, 0x0,
    0x0, 0x0, 0x6, 0xfb, 0x9, 0xfb, 0x0, 0x0,
    0x0, 0x1e, 0xf5, 0x0, 0xdf, 0xc4, 0x0, 0x5,
    0xdf, 0xb0, 0x0, 0x1c, 0xff, 0xfe, 0xff, 0xfb,
    0x0, 0x0, 0x0, 0x5b, 0xef, 0xea, 0x40, 0x0,

    /* U+0405 "Ѕ" */
    0x0, 0x7, 0xce, 0xfd, 0x92, 0x0, 0x2, 0xdf,
    0xfd, 0xdf, 0xff, 0x60, 0xc, 0xfa, 0x10, 0x0,
    0x7f, 0xf2, 0x2f, 0xe0, 0x0, 0x0, 0x9, 0xf8,
    0x4f, 0xb0, 0x0, 0x0, 0x0, 0x21, 0x1f, 0xf3,
    0x0, 0x0, 0x0, 0x0, 0x8, 0xff, 0xa4, 0x0,
    0x0, 0x0, 0x0, 0x5e, 0xff, 0xfb, 0x60, 0x0,
    0x0, 0x0, 0x49, 0xdf, 0xfe, 0x40, 0x0, 0x0,
    0x0, 0x3, 0x9f, 0xf4, 0x0, 0x0, 0x0, 0x0,
    0x6, 0xfb, 0x45, 0x20, 0x0, 0x0, 0x2, 0xfd,
    0x9f, 0x90, 0x0, 0x0, 0x6, 0xfb, 0x3f, 0xf8,
    0x0, 0x0, 0x6f, 0xf5, 0x6, 0xff, 0xfd, 0xdf,
    0xff, 0x80, 0x0, 0x29, 0xdf, 0xfd, 0xa3, 0x0,

    /* U+0406 "І" */
    0x1f, 0xf1, 0xff, 0x1f, 0xf1, 0xff, 0x1f, 0xf1,
    0xff, 0x1f, 0xf1, 0xff, 0x1f, 0xf1, 0xff, 0x1f,
    0xf1, 0xff, 0x1f, 0xf1, 0xff, 0x1f, 0xf1, 0xff,

    /* U+0407 "Ї" */
    0x4e, 0x90, 0xb, 0xe3, 0x7f, 0xe0, 0xf, 0xf6,
    0x7, 0x30, 0x3, 0x60, 0x0, 0x0, 0x0, 0x0,
    0x0, 0x1f, 0xf0, 0x0, 0x0, 0x1f, 0xf0, 0x0,
    0x0, 0x1f, 0xf0, 0x0, 0x0, 0x1f, 0xf0, 0x0,
    0x0, 0x1f, 0xf0, 0x0, 0x0, 0x1f, 0xf0, 0x0,
    0x0, 0x1f, 0xf0, 0x0, 0x0, 0x1f, 0xf0, 0x0,
    0x0, 0x1f, 0xf0, 0x0, 0x0, 0x1f, 0xf0, 0x0,
    0x0, 0x1f, 0xf0, 0x0, 0x0, 0x1f, 0xf0, 0x0,
    0x0, 0x1f, 0xf0, 0x0, 0x0, 0x1f, 0xf0, 0x0,
    0x0, 0x1f, 0xf0, 0x0, 0x0, 0x1f, 0xf0, 0x0,

    /* U+0408 "Ј" */
    0x0, 0x0, 0x0, 0x6, 0xfa, 0x0, 0x0, 0x0,
    0x6, 0xfa, 0x0, 0x0, 0x0, 0x6, 0xfa, 0x0,
    0x0, 0x0, 0x6, 0xfa, 0x0, 0x0, 0x0, 0x6,
    0xfa, 0x0, 0x0, 0x0, 0x6, 0xfa, 0x0, 0x0,
    0x0, 0x6, 0xfa, 0x0, 0x0, 0x0, 0x6, 0xfa,
    0x0, 0x0, 0x0, 0x6, 0xfa, 0x0, 0x0, 0x0,
    0x6, 0xfa, 0x89, 0x10, 0x0, 0x6, 0xfa, 0xef,
    0x20, 0x0, 0x7, 0xf9, 0xcf, 0x50, 0x0, 0xa,
    0xf7, 0x7f, 0xd2, 0x0, 0x5f, 0xf2, 0xc, 0xff,
    0xde, 0xff, 0x80, 0x0, 0x7d, 0xff, 0xc5, 0x0,

    /* U+0409 "Љ" */
    0x0, 0x6, 0xff, 0xff, 0xff, 0xff, 0xf3, 0x0,
    0x0, 0x0, 0x0, 0x0, 0x0, 0x7f, 0xcb, 0xbb,
    0xbb, 0xff, 0x30, 0x0, 0x0, 0x0, 0x0, 0x0,
    0x8, 0xf5, 0x0, 0x0, 0xd, 0xf3, 0x0, 0x0,
    0x0, 0x0, 0x0, 0x0, 0xaf, 0x40, 0x0, 0x0,
    0xdf, 0x30, 0x0, 0x0, 0x0, 0x0, 0x0, 0xb,
    0xf2, 0x0, 0x0, 0xd, 0xf3, 0x0, 0x0, 0x0,
    0x0, 0x0, 0x0, 0xcf, 0x10, 0x0, 0x0, 0xdf,
    0x30, 0x0, 0x0, 0x0, 0x0, 0x0, 0xe, 0xf0,
    0x0, 0x0, 0xd, 0xfc, 0xcc, 0xcb, 0x94, 0x0,
    0x0, 0x0, 0xfe, 0x0, 0x0, 0x0, 0xdf, 0xff,
    0xff, 0xff, 0xfc, 0x10, 0x0, 0xf, 0xd0, 0x0,
    0x0, 0xd, 0xf3, 0x0, 0x1, 0x4d, 0xfb, 0x0,
    0x1, 0xfc, 0x0, 0x0, 0x0, 0xdf, 0x30, 0x0,
    0x0, 0x1f, 0xf2, 0x0, 0x3f, 0xa0, 0x0, 0x0,
    0xd, 0xf3, 0x0, 0x0, 0x0, 0xbf, 0x50, 0x5,
    0xf9, 0x0, 0x0, 0x0, 0xdf, 0x30, 0x0, 0x0,
    0xb, 0xf5, 0x0, 0x8f, 0x60, 0x0, 0x0, 0xd,
    0xf3, 0x0, 0x0, 0x0, 0xef, 0x20, 0xd, 0xf2,
    0x0, 0x0, 0x0, 0xdf, 0x30, 0x0, 0x1, 0xbf,
    0xc0, 0xae, 0xfb, 0x0, 0x0, 0x0, 0xd, 0xfc,
    0xbb, 0xbc, 0xff, 0xe2, 0xf, 0xe9, 0x0, 0x0,
    0x0, 0x0, 0xdf, 0xff, 0xff, 0xfd, 0x81, 0x0,

    /* U+040A "Њ" */
    0x1f, 0xe0, 0x0, 0x0, 0x0, 0x9, 0xf7, 0x0,
    0x0, 0x0, 0x0, 0x1, 0xfe, 0x0, 0x0, 0x0,
    0x0, 0x9f, 0x70, 0x0, 0x0, 0x0, 0x0, 0x1f,
    0xe0, 0x0, 0x0, 0x0, 0x9, 0xf7, 0x0, 0x0,
    0x0, 0x0, 0x1, 0xfe, 0x0, 0x0, 0x0, 0x0,
    0x9f, 0x70, 0x0, 0x0, 0x0, 0x0, 0x1f, 0xe0,
    0x0, 0x0, 0x0, 0x9, 0xf7, 0x0, 0x0, 0x0,
    0x0, 0x1, 0xfe, 0x0, 0x0, 0x0, 0x0, 0x9f,
    0x70, 0x0, 0x0, 0x0, 0x0, 0x1f, 0xfb, 0xbb,
    0xbb, 0xbb, 0xbe, 0xfd, 0xbb, 0xba, 0x95, 0x0,
    0x1, 0xff, 0xff, 0xff, 0xff, 0xff, 0xff, 0xff,
    0xff, 0xff, 0xfd, 0x20, 0x1f, 0xe0, 0x0, 0x0,
    0x0, 0x9, 0xf7, 0x0, 0x0, 0x3b, 0xfe, 0x1,
    0xfe, 0x0, 0x0, 0x0, 0x0, 0x9f, 0x70, 0x0,
    0x0, 0xc, 0xf6, 0x1f, 0xe0, 0x0, 0x0, 0x0,
    0x9, 0xf7, 0x0, 0x0, 0x0, 0x7f, 0x91, 0xfe,
    0x0, 0x0, 0x0, 0x0, 0x9f, 0x70, 0x0, 0x0,
    0x7, 0xf9, 0x1f, 0xe0, 0x0, 0x0, 0x0, 0x9,
    0xf7, 0x0, 0x0, 0x0, 0xcf, 0x71, 0xfe, 0x0,
    0x0, 0x0, 0x0, 0x9f, 0x70, 0x0, 0x0, 0x8f,
    0xf1, 0x1f, 0xe0, 0x0, 0x0, 0x0, 0x9, 0xfd,
    0xcc, 0xcc, 0xff, 0xf5, 0x1, 0xfe, 0x0, 0x0,
    0x0, 0x0, 0x9f, 0xff, 0xff, 0xfe, 0xa2, 0x0,

    /* U+040B "Ћ" */
    0xff, 0xff, 0xff, 0xff, 0xff, 0xff, 0xe0, 0x0,
    0xb, 0xcc, 0xcc, 0xff, 0xcc, 0xcc, 0xcb, 0x0,
    0x0, 0x0, 0x0, 0xe, 0xf2, 0x0, 0x0, 0x0,
    0x0, 0x0, 0x0, 0x0, 0xef, 0x20, 0x0, 0x0,
    0x0, 0x0, 0x0, 0x0, 0xe, 0xf2, 0x0, 0x0,
    0x0, 0x0, 0x0, 0x0, 0x0, 0xef, 0x20, 0x0,
    0x0, 0x0, 0x0, 0x0, 0x0, 0xe, 0xf2, 0x49,
    0xbc, 0xb8, 0x20, 0x0, 0x0, 0x0, 0xef, 0xef,
    0xff, 0xff, 0xff, 0x60, 0x0, 0x0, 0xe, 0xff,
    0x83, 0x0, 0x3a, 0xff, 0x20, 0x0, 0x0, 0xef,
    0x20, 0x0, 0x0, 0xc, 0xf8, 0x0, 0x0, 0xe,
    0xf2, 0x0, 0x0, 0x0, 0x6f, 0xb0, 0x0, 0x0,
    0xef, 0x20, 0x0, 0x0, 0x4, 0xfb, 0x0, 0x0,
    0xe, 0xf2, 0x0, 0x0, 0x0, 0x4f, 0xc0, 0x0,
    0x0, 0xef, 0x20, 0x0, 0x0, 0x4, 0xfc, 0x0,
    0x0, 0xe, 0xf2, 0x0, 0x0, 0x0, 0x4f, 0xc0,
    0x0, 0x0, 0xef, 0x20, 0x0, 0x0, 0x4, 0xfc,

    /* U+040C "Ќ" */
    0x0, 0x0, 0x0, 0x7, 0x70, 0x0, 0x0, 0x0,
    0x0, 0x0, 0x7f, 0x70, 0x0, 0x0, 0x0, 0x0,
    0x0, 0xec, 0x0, 0x0, 0x0, 0x0, 0x0, 0x2,
    0x82, 0x0, 0x0, 0x0, 0x0, 0x0, 0x0, 0x0,
    0x0, 0x0, 0x0, 0x1f, 0xf0, 0x0, 0x0, 0x1,
    0xdf, 0x80, 0x1f, 0xf0, 0x0, 0x0, 0xa, 0xfb,
    0x0, 0x1f, 0xf0, 0x0, 0x0, 0x6f, 0xe1, 0x0,
    0x1f, 0xf0, 0x0, 0x3, 0xff, 0x30, 0x0, 0x1f,
    0xf0, 0x0, 0xd, 0xf7, 0x0, 0x0, 0x1f, 0xf0,
    0x0, 0xaf, 0xb0, 0x0, 0x0, 0x1f, 0xf0, 0x6,
    0xfd, 0x10, 0x0, 0x0, 0x1f, 0xff, 0xff, 0xf3,
    0x0, 0x0, 0x0, 0x1f, 0xfc, 0xce, 0xf7, 0x0,
    0x0, 0x0, 0x1f, 0xf0, 0x2, 0xff, 0x40, 0x0,
    0x0, 0x1f, 0xf0, 0x0, 0x6f, 0xe1, 0x0, 0x0,
    0x1f, 0xf0, 0x0, 0xa, 0xfc, 0x0, 0x0, 0x1f,
    0xf0, 0x0, 0x0, 0xdf, 0x80, 0x0, 0x1f, 0xf0,
    0x0, 0x0, 0x3f, 0xf4, 0x0, 0x1f, 0xf0, 0x0,
    0x0, 0x6, 0xfe, 0x10, 0x1f, 0xf0, 0x0, 0x0,
    0x0, 0xaf, 0xc0,

    /* U+040D "Ѝ" */
    0x0, 0x0, 0x12, 0x10, 0x0, 0x0, 0x0, 0x0,
    0x0, 0x2f, 0xe0, 0x0, 0x0, 0x0, 0x0, 0x0,
    0x7, 0xf6, 0x0, 0x0, 0x0, 0x0, 0x0, 0x0,
    0xcd, 0x0, 0x0, 0x0, 0x0, 0x0, 0x0, 0x0,
    0x0, 0x0, 0x0, 0x1f, 0xf0, 0x0, 0x0, 0x0,
    0x2f, 0xfa, 0x1f, 0xf0, 0x0, 0x0, 0x0, 0xbf,
    0xfa, 0x1f, 0xf0, 0x0, 0x0, 0x5, 0xfe, 0xfa,
    0x1f, 0xf0, 0x0, 0x0, 0x1e, 0xf7, 0xfa, 0x1f,
    0xf0, 0x0, 0x0, 0xaf, 0x95, 0xfa, 0x1f, 0xf0,
    0x0, 0x4, 0xff, 0x15, 0xfa, 0x1f, 0xf0, 0x0,
    0xd, 0xf6, 0x6, 0xfa, 0x1f, 0xf0, 0x0, 0x8f,
    0xc0, 0x6, 0xfa, 0x1f, 0xf0, 0x3, 0xff, 0x20,
    0x6, 0xfa, 0x1f, 0xf0, 0xc, 0xf7, 0x0, 0x6,
    0xfa, 0x1f, 0xf0, 0x7f, 0xd0, 0x0, 0x6, 0xfa,
    0x1f, 0xf1, 0xff, 0x30, 0x0, 0x6, 0xfa, 0x1f,
    0xe9, 0xf9, 0x0, 0x0, 0x6, 0xfa, 0x1f, 0xef,
    0xe0, 0x0, 0x0, 0x6, 0xfa, 0x1f, 0xff, 0x50,
    0x0, 0x0, 0x6, 0xfa, 0x1f, 0xfa, 0x0, 0x0,
    0x0, 0x6, 0xfa,

    /* U+040E "Ў" */
    0x0, 0x1, 0x82, 0x0, 0x37, 0x0, 0x0, 0x0,
    0x0, 0xeb, 0x23, 0xdc, 0x0, 0x0, 0x0, 0x0,
    0x4e, 0xff, 0xd2, 0x0, 0x0, 0x0, 0x0, 0x0,
    0x33, 0x0, 0x0, 0x0, 0x0, 0x0, 0x0, 0x0,
    0x0, 0x0, 0x0, 0x3f, 0xf1, 0x0, 0x0, 0x0,
    0x2f, 0xf1, 0xc, 0xf7, 0x0, 0x0, 0x0, 0x8f,
    0xa0, 0x4, 0xfe, 0x0, 0x0, 0x0, 0xef, 0x30,
    0x0, 0xdf, 0x50, 0x0, 0x5, 0xfd, 0x0, 0x0,
    0x6f, 0xc0, 0x0, 0xb, 0xf6, 0x0, 0x0, 0xe,
    0xf3, 0x0, 0x2f, 0xf0, 0x0, 0x0, 0x7, 0xf9,
    0x0, 0x8f, 0x90, 0x0, 0x0, 0x1, 0xff, 0x0,
    0xef, 0x20, 0x0, 0x0, 0x0, 0x9f, 0x53, 0xfb,
    0x0, 0x0, 0x0, 0x0, 0x2f, 0xa9, 0xf5, 0x0,
    0x0, 0x0, 0x0, 0xa, 0xfe, 0xe0, 0x0, 0x0,
    0x0, 0x0, 0x3, 0xff, 0x80, 0x0, 0x0, 0x0,
    0x0, 0x0, 0xef, 0x10, 0x0, 0x0, 0x0, 0x0,
    0x6, 0xfa, 0x0, 0x0, 0x0, 0x0, 0x2c, 0xdf,
    0xf1, 0x0, 0x0, 0x0, 0x0, 0x3f, 0xfb, 0x30,
    0x0, 0x0, 0x0,

    /* U+040F "Џ" */
    0x1f, 0xf0, 0x0, 0x0, 0x0, 0x1f, 0xf1, 0xff,
    0x0, 0x0, 0x0, 0x1, 0xff, 0x1f, 0xf0, 0x0,
    0x0, 0x0, 0x1f, 0xf1, 0xff, 0x0, 0x0, 0x0,
    0x1, 0xff, 0x1f, 0xf0, 0x0, 0x0, 0x0, 0x1f,
    0xf1, 0xff, 0x0, 0x0, 0x0, 0x1, 0xff, 0x1f,
    0xf0, 0x0, 0x0, 0x0, 0x1f, 0xf1, 0xff, 0x0,
    0x0, 0x0, 0x1, 0xff, 0x1f, 0xf0, 0x0, 0x0,
    0x0, 0x1f, 0xf1, 0xff, 0x0, 0x0, 0x0, 0x1,
    0xff, 0x1f, 0xf0, 0x0, 0x0, 0x0, 0x1f, 0xf1,
    0xff, 0x0, 0x0, 0x0, 0x1, 0xff, 0x1f, 0xf0,
    0x0, 0x0, 0x0, 0x1f, 0xf1, 0xff, 0x0, 0x0,
    0x0, 0x1, 0xff, 0x1f, 0xfc, 0xcc, 0xcc, 0xcc,
    0xcf, 0xf1, 0xff, 0xff, 0xff, 0xff, 0xff, 0xff,
    0x0, 0x0, 0x0, 0xfe, 0x0, 0x0, 0x0, 0x0,
    0x0, 0xf, 0xe0, 0x0, 0x0, 0x0, 0x0, 0x0,
    0xfe, 0x0, 0x0, 0x0, 0x0, 0x0, 0x8, 0x70,
    0x0, 0x0,

    /* U+0410 "А" */
    0x0, 0x0, 0x0, 0xcf, 0xe0, 0x0, 0x0, 0x0,
    0x0, 0x0, 0x2f, 0xff, 0x40, 0x0, 0x0, 0x0,
    0x0, 0x8, 0xf8, 0xfa, 0x0, 0x0, 0x0, 0x0,
    0x0, 0xef, 0xe, 0xf0, 0x0, 0x0, 0x0, 0x0,
    0x4f, 0xb0, 0x9f, 0x60, 0x0, 0x0, 0x0, 0xa,
    0xf6, 0x5, 0xfc, 0x0, 0x0, 0x0, 0x0, 0xff,
    0x10, 0xf, 0xf2, 0x0, 0x0, 0x0, 0x5f, 0xc0,
    0x0, 0xaf, 0x70, 0x0, 0x0, 0xb, 0xf6, 0x0,
    0x4, 0xfd, 0x0, 0x0, 0x1, 0xff, 0x10, 0x0,
    0xe, 0xf3, 0x0, 0x0, 0x7f, 0xff, 0xff, 0xff,
    0xff, 0x90, 0x0, 0xc, 0xfd, 0xcc, 0xcc, 0xcc,
    0xfe, 0x0, 0x2, 0xff, 0x0, 0x0, 0x0, 0xd,
    0xf5, 0x0, 0x8f, 0xa0, 0x0, 0x0, 0x0, 0x7f,
    0xb0, 0xe, 0xf4, 0x0, 0x0, 0x0, 0x1, 0xff,
    0x14, 0xfe, 0x0, 0x0, 0x0, 0x0, 0xb, 0xf7,

    /* U+0411 "Б" */
    0x1f, 0xff, 0xff, 0xff, 0xff, 0x80, 0x1f, 0xfc,
    0xcc, 0xcc, 0xcc, 0x60, 0x1f, 0xf0, 0x0, 0x0,
    0x0, 0x0, 0x1f, 0xf0, 0x0, 0x0, 0x0, 0x0,
    0x1f, 0xf0, 0x0, 0x0, 0x0, 0x0, 0x1f, 0xf0,
    0x0, 0x0, 0x0, 0x0, 0x1f, 0xf0, 0x0, 0x0,
    0x0, 0x0, 0x1f, 0xff, 0xff, 0xff, 0xc6, 0x0,
    0x1f, 0xfc, 0xcc, 0xcd, 0xff, 0xc0, 0x1f, 0xf0,
    0x0, 0x0, 0x2d, 0xf8, 0x1f, 0xf0, 0x0, 0x0,
    0x3, 0xfd, 0x1f, 0xf0, 0x0, 0x0, 0x1, 0xff,
    0x1f, 0xf0, 0x0, 0x0, 0x4, 0xfd, 0x1f, 0xf0,
    0x0, 0x0, 0x3d, 0xf7, 0x1f, 0xfc, 0xcc, 0xce,
    0xff, 0xb0, 0x1f, 0xff, 0xff, 0xff, 0xc6, 0x0,

    /* U+0412 "В" */
    0x1f, 0xff, 0xff, 0xfe, 0xb4, 0x0, 0x1, 0xff,
    0xcc, 0xcc, 0xef, 0xf8, 0x0, 0x1f, 0xf0, 0x0,
    0x0, 0x4f, 0xf2, 0x1, 0xff, 0x0, 0x0, 0x0,
    0x9f, 0x70, 0x1f, 0xf0, 0x0, 0x0, 0x7, 0xf7,
    0x1, 0xff, 0x0, 0x0, 0x0, 0xcf, 0x40, 0x1f,
    0xf0, 0x0, 0x2, 0xaf, 0xa0, 0x1, 0xff, 0xff,
    0xff, 0xff, 0x70, 0x0, 0x1f, 0xfb, 0xbb, 0xbc,
    0xff, 0xa0, 0x1, 0xff, 0x0, 0x0, 0x1, 0xcf,
    0x90, 0x1f, 0xf0, 0x0, 0x0, 0x2, 0xff, 0x1,
    0xff, 0x0, 0x0, 0x0, 0xd, 0xf1, 0x1f, 0xf0,
    0x0, 0x0, 0x0, 0xff, 0x1, 0xff, 0x0, 0x0,
    0x0, 0xaf, 0xc0, 0x1f, 0xfc, 0xcc, 0xcd, 0xff,
    0xe2, 0x1, 0xff, 0xff, 0xff, 0xfd, 0x81, 0x0,

    /* U+0413 "Г" */
    0x1f, 0xff, 0xff, 0xff, 0xff, 0xa1, 0xff, 0xcc,
    0xcc, 0xcc, 0xc8, 0x1f, 0xf0, 0x0, 0x0, 0x0,
    0x1, 0xff, 0x0, 0x0, 0x0, 0x0, 0x1f, 0xf0,
    0x0, 0x0, 0x0, 0x1, 0xff, 0x0, 0x0, 0x0,
    0x0, 0x1f, 0xf0, 0x0, 0x0, 0x0, 0x1, 0xff,
    0x0, 0x0, 0x0, 0x0, 0x1f, 0xf0, 0x0, 0x0,
    0x0, 0x1, 0xff, 0x0, 0x0, 0x0, 0x0, 0x1f,
    0xf0, 0x0, 0x0, 0x0, 0x1, 0xff, 0x0, 0x0,
    0x0, 0x0, 0x1f, 0xf0, 0x0, 0x0, 0x0, 0x1,
    0xff, 0x0, 0x0, 0x0, 0x0, 0x1f, 0xf0, 0x0,
    0x0, 0x0, 0x1, 0xff, 0x0, 0x0, 0x0, 0x0,

    /* U+0414 "Д" */
    0x0, 0x0, 0xdf, 0xff, 0xff, 0xff, 0xff, 0x30,
    0x0, 0x0, 0xff, 0xcc, 0xcc, 0xcc, 0xff, 0x30,
    0x0, 0x0, 0xff, 0x0, 0x0, 0x0, 0xdf, 0x30,
    0x0, 0x1, 0xfe, 0x0, 0x0, 0x0, 0xdf, 0x30,
    0x0, 0x3, 0xfc, 0x0, 0x0, 0x0, 0xdf, 0x30,
    0x0, 0x4, 0xfb, 0x0, 0x0, 0x0, 0xdf, 0x30,
    0x0, 0x5, 0xfa, 0x0, 0x0, 0x0, 0xdf, 0x30,
    0x0, 0x7, 0xf8, 0x0, 0x0, 0x0, 0xdf, 0x30,
    0x0, 0x9, 0xf6, 0x0, 0x0, 0x0, 0xdf, 0x30,
    0x0, 0xb, 0xf4, 0x0, 0x0, 0x0, 0xdf, 0x30,
    0x0, 0xe, 0xf1, 0x0, 0x0, 0x0, 0xdf, 0x30,
    0x0, 0x2f, 0xe0, 0x0, 0x0, 0x0, 0xdf, 0x30,
    0x0, 0x8f, 0x90, 0x0, 0x0, 0x0, 0xdf, 0x30,
    0x1, 0xff, 0x30, 0x0, 0x0, 0x0, 0xdf, 0x30,
    0xbe, 0xff, 0xcc, 0xcc, 0xcc, 0xcc, 0xff, 0xcb,
    0xff, 0xff, 0xff, 0xff, 0xff, 0xff, 0xff, 0xff,
    0xff, 0x0, 0x0, 0x0, 0x0, 0x0, 0x0, 0xff,
    0xff, 0x0, 0x0, 0x0, 0x0, 0x0, 0x0, 0xff,
    0xff, 0x0, 0x0, 0x0, 0x0, 0x0, 0x0, 0xff,
    0x56, 0x0, 0x0, 0x0, 0x0, 0x0, 0x0, 0x66,

    /* U+0415 "Е" */
    0x1f, 0xff, 0xff, 0xff, 0xff, 0xb1, 0xff, 0xcc,
    0xcc, 0xcc, 0xc8, 0x1f, 0xf0, 0x0, 0x0, 0x0,
    0x1, 0xff, 0x0, 0x0, 0x0, 0x0, 0x1f, 0xf0,
    0x0, 0x0, 0x0, 0x1, 0xff, 0x0, 0x0, 0x0,
    0x0, 0x1f, 0xf0, 0x0, 0x0, 0x0, 0x1, 0xff,
    0xcc, 0xcc, 0xcc, 0xc1, 0x1f, 0xff, 0xff, 0xff,
    0xff, 0x21, 0xff, 0x0, 0x0, 0x0, 0x0, 0x1f,
    0xf0, 0x0, 0x0, 0x0, 0x1, 0xff, 0x0, 0x0,
    0x0, 0x0, 0x1f, 0xf0, 0x0, 0x0, 0x0, 0x1,
    0xff, 0x0, 0x0, 0x0, 0x0, 0x1f, 0xfc, 0xcc,
    0xcc, 0xcc, 0x91, 0xff, 0xff, 0xff, 0xff, 0xfc,

    /* U+0416 "Ж" */
    0xa, 0xfc, 0x0, 0x0, 0x7, 0xf9, 0x0, 0x0,
    0xa, 0xfc, 0x0, 0x1f, 0xf5, 0x0, 0x0, 0x7f,
    0x90, 0x0, 0x3, 0xff, 0x30, 0x0, 0x7f, 0xe0,
    0x0, 0x7, 0xf9, 0x0, 0x0, 0xcf, 0x90, 0x0,
    0x0, 0xdf, 0x70, 0x0, 0x7f, 0x90, 0x0, 0x5f,
    0xe0, 0x0, 0x0, 0x3, 0xff, 0x10, 0x7, 0xf9,
    0x0, 0xe, 0xf5, 0x0, 0x0, 0x0, 0x9, 0xfa,
    0x0, 0x7f, 0x90, 0x7, 0xfb, 0x0, 0x0, 0x0,
    0x0, 0x1e, 0xf3, 0x7, 0xf9, 0x1, 0xff, 0x20,
    0x0, 0x0, 0x0, 0x0, 0x6f, 0xec, 0xef, 0xec,
    0xdf, 0x80, 0x0, 0x0, 0x0, 0x0, 0xa, 0xff,
    0xff, 0xff, 0xff, 0xfc, 0x0, 0x0, 0x0, 0x0,
    0x4, 0xfe, 0x0, 0x7f, 0x90, 0xc, 0xf6, 0x0,
    0x0, 0x0, 0x0, 0xef, 0x40, 0x7, 0xf9, 0x0,
    0x3f, 0xf1, 0x0, 0x0, 0x0, 0x9f, 0xb0, 0x0,
    0x7f, 0x90, 0x0, 0x9f, 0xa0, 0x0, 0x0, 0x3f,
    0xf1, 0x0, 0x7, 0xf9, 0x0, 0x0, 0xef, 0x40,
    0x0, 0xc, 0xf7, 0x0, 0x0, 0x7f, 0x90, 0x0,
    0x5, 0xfe, 0x0, 0x7, 0xfd, 0x0, 0x0, 0x7,
    0xf9, 0x0, 0x0, 0xb, 0xf8, 0x1, 0xff, 0x30,
    0x0, 0x0, 0x7f, 0x90, 0x0, 0x0, 0x2f, 0xf3,

    /* U+0417 "З" */
    0x0, 0x18, 0xdf, 0xec, 0x50, 0x0, 0x2, 0xef,
    0xfc, 0xdf, 0xf8, 0x0, 0xd, 0xf9, 0x0, 0x3,
    0xef, 0x40, 0x3f, 0xd0, 0x0, 0x0, 0x7f, 0x90,
    0x2, 0x10, 0x0, 0x0, 0x5f, 0xa0, 0x0, 0x0,
    0x0, 0x0, 0x9f, 0x70, 0x0, 0x0, 0x0, 0x28,
    0xfd, 0x0, 0x0, 0x0, 0xcf, 0xff, 0x91, 0x0,
    0x0, 0x0, 0x9c, 0xdf, 0xf9, 0x0, 0x0, 0x0,
    0x0, 0x2, 0xcf, 0xa0, 0x0, 0x0, 0x0, 0x0,
    0x1f, 0xf1, 0x12, 0x0, 0x0, 0x0, 0xc, 0xf3,
    0x8f, 0x90, 0x0, 0x0, 0xf, 0xf2, 0x3f, 0xf7,
    0x0, 0x2, 0xbf, 0xb0, 0x6, 0xff, 0xfd, 0xdf,
    0xfd, 0x10, 0x0, 0x39, 0xdf, 0xec, 0x70, 0x0,

    /* U+0418 "И" */
    0x1f, 0xf0, 0x0, 0x0, 0x0, 0x2f, 0xfa, 0x1f,
    0xf0, 0x0, 0x0, 0x0, 0xbf, 0xfa, 0x1f, 0xf0,
    0x0, 0x0, 0x5, 0xfe, 0xfa, 0x1f, 0xf0, 0x0,
    0x0, 0x1e, 0xf7, 0xfa, 0x1f, 0xf0, 0x0, 0x0,
    0xaf, 0x95, 0xfa, 0x1f, 0xf0, 0x0, 0x4, 0xff,
    0x15, 0xfa, 0x1f, 0xf0, 0x0, 0xd, 0xf6, 0x6,
    0xfa, 0x1f, 0xf0, 0x0, 0x8f, 0xc0, 0x6, 0xfa,
    0x1f, 0xf0, 0x3, 0xff, 0x20, 0x6, 0xfa, 0x1f,
    0xf0, 0xc, 0xf7, 0x0, 0x6, 0xfa, 0x1f, 0xf0,
    0x7f, 0xd0, 0x0, 0x6, 0xfa, 0x1f, 0xf1, 0xff,
    0x30, 0x0, 0x6, 0xfa, 0x1f, 0xe9, 0xf9, 0x0,
    0x0, 0x6, 0xfa, 0x1f, 0xef, 0xe0, 0x0, 0x0,
    0x6, 0xfa, 0x1f, 0xff, 0x50, 0x0, 0x0, 0x6,
    0xfa, 0x1f, 0xfa, 0x0, 0x0, 0x0, 0x6, 0xfa,

    /* U+0419 "Й" */
    0x0, 0x0, 0x65, 0x0, 0x8, 0x20, 0x0, 0x0,
    0x0, 0x9e, 0x41, 0x8f, 0x20, 0x0, 0x0, 0x0,
    0xb, 0xff, 0xf6, 0x0, 0x0, 0x0, 0x0, 0x0,
    0x23, 0x10, 0x0, 0x0, 0x0, 0x0, 0x0, 0x0,
    0x0, 0x0, 0x0, 0x1f, 0xf0, 0x0, 0x0, 0x0,
    0x2f, 0xfa, 0x1f, 0xf0, 0x0, 0x0, 0x0, 0xbf,
    0xfa, 0x1f, 0xf0, 0x0, 0x0, 0x5, 0xfe, 0xfa,
    0x1f, 0xf0, 0x0, 0x0, 0x1e, 0xf7, 0xfa, 0x1f,
    0xf0, 0x0, 0x0, 0xaf, 0x95, 0xfa, 0x1f, 0xf0,
    0x0, 0x4, 0xff, 0x15, 0xfa, 0x1f, 0xf0, 0x0,
    0xd, 0xf6, 0x6, 0xfa, 0x1f, 0xf0, 0x0, 0x8f,
    0xc0, 0x6, 0xfa, 0x1f, 0xf0, 0x3, 0xff, 0x20,
    0x6, 0xfa, 0x1f, 0xf0, 0xc, 0xf7, 0x0, 0x6,
    0xfa, 0x1f, 0xf0, 0x7f, 0xd0, 0x0, 0x6, 0xfa,
    0x1f, 0xf1, 0xff, 0x30, 0x0, 0x6, 0xfa, 0x1f,
    0xe9, 0xf9, 0x0, 0x0, 0x6, 0xfa, 0x1f, 0xef,
    0xe0, 0x0, 0x0, 0x6, 0xfa, 0x1f, 0xff, 0x50,
    0x0, 0x0, 0x6, 0xfa, 0x1f, 0xfa, 0x0, 0x0,
    0x0, 0x6, 0xfa,

    /* U+041A "К" */
    0x1f, 0xf0, 0x0, 0x0, 0x1, 0xdf, 0x80, 0x1f,
    0xf0, 0x0, 0x0, 0xa, 0xfb, 0x0, 0x1f, 0xf0,
    0x0, 0x0, 0x6f, 0xe1, 0x0, 0x1f, 0xf0, 0x0,
    0x3, 0xff, 0x30, 0x0, 0x1f, 0xf0, 0x0, 0xd,
    0xf7, 0x0, 0x0, 0x1f, 0xf0, 0x0, 0xaf, 0xb0,
    0x0, 0x0, 0x1f, 0xf0, 0x6, 0xfd, 0x10, 0x0,
    0x0, 0x1f, 0xff, 0xff, 0xf3, 0x0, 0x0, 0x0,
    0x1f, 0xfc, 0xce, 0xf7, 0x0, 0x0, 0x0, 0x1f,
    0xf0, 0x2, 0xff, 0x40, 0x0, 0x0, 0x1f, 0xf0,
    0x0, 0x6f, 0xe1, 0x0, 0x0, 0x1f, 0xf0, 0x0,
    0xa, 0xfc, 0x0, 0x0, 0x1f, 0xf0, 0x0, 0x0,
    0xdf, 0x80, 0x0, 0x1f, 0xf0, 0x0, 0x0, 0x3f,
    0xf4, 0x0, 0x1f, 0xf0, 0x0, 0x0, 0x6, 0xfe,
    0x10, 0x1f, 0xf0, 0x0, 0x0, 0x0, 0xaf, 0xc0,

    /* U+041B "Л" */
    0x0, 0x6, 0xff, 0xff, 0xff, 0xff, 0xf8, 0x0,
    0x7, 0xfe, 0xcc, 0xcc, 0xce, 0xf8, 0x0, 0x9,
    0xf7, 0x0, 0x0, 0x8, 0xf8, 0x0, 0xa, 0xf5,
    0x0, 0x0, 0x8, 0xf8, 0x0, 0xb, 0xf4, 0x0,
    0x0, 0x8, 0xf8, 0x0, 0xc, 0xf3, 0x0, 0x0,
    0x8, 0xf8, 0x0, 0xe, 0xf1, 0x0, 0x0, 0x8,
    0xf8, 0x0, 0xf, 0xf0, 0x0, 0x0, 0x8, 0xf8,
    0x0, 0xf, 0xf0, 0x0, 0x0, 0x8, 0xf8, 0x0,
    0x2f, 0xd0, 0x0, 0x0, 0x8, 0xf8, 0x0, 0x3f,
    0xc0, 0x0, 0x0, 0x8, 0xf8, 0x0, 0x5f, 0xa0,
    0x0, 0x0, 0x8, 0xf8, 0x0, 0x8f, 0x70, 0x0,
    0x0, 0x8, 0xf8, 0x1, 0xef, 0x30, 0x0, 0x0,
    0x8, 0xf8, 0xbf, 0xfb, 0x0, 0x0, 0x0, 0x8,
    0xf8, 0xfe, 0x91, 0x0, 0x0, 0x0, 0x8, 0xf8,

    /* U+041C "М" */
    0x1f, 0xff, 0x0, 0x0, 0x0, 0x0, 0x2, 0xff,
    0xf1, 0xff, 0xf6, 0x0, 0x0, 0x0, 0x0, 0x8f,
    0xff, 0x1f, 0xef, 0xc0, 0x0, 0x0, 0x0, 0xe,
    0xef, 0xf1, 0xfd, 0xcf, 0x30, 0x0, 0x0, 0x5,
    0xf9, 0xff, 0x1f, 0xd6, 0xf9, 0x0, 0x0, 0x0,
    0xbf, 0x4f, 0xf1, 0xfd, 0x1f, 0xf0, 0x0, 0x0,
    0x1f, 0xe0, 0xff, 0x1f, 0xd0, 0xbf, 0x50, 0x0,
    0x7, 0xf8, 0x1f, 0xf1, 0xfe, 0x5, 0xfc, 0x0,
    0x0, 0xdf, 0x21, 0xff, 0x1f, 0xe0, 0xe, 0xf2,
    0x0, 0x3f, 0xb0, 0x1f, 0xf1, 0xfe, 0x0, 0x8f,
    0x80, 0xa, 0xf5, 0x1, 0xff, 0x1f, 0xe0, 0x2,
    0xfe, 0x0, 0xfe, 0x0, 0x1f, 0xf1, 0xfe, 0x0,
    0xb, 0xf4, 0x5f, 0x90, 0x1, 0xff, 0x1f, 0xe0,
    0x0, 0x5f, 0x9a, 0xf2, 0x0, 0x1f, 0xf1, 0xfe,
    0x0, 0x0, 0xee, 0xfc, 0x0, 0x1, 0xff, 0x1f,
    0xe0, 0x0, 0x8, 0xff, 0x60, 0x0, 0x1f, 0xf1,
    0xfe, 0x0, 0x0, 0x2f, 0xf0, 0x0, 0x1, 0xff,

    /* U+041D "Н" */
    0x1f, 0xf0, 0x0, 0x0, 0x0, 0xa, 0xf6, 0x1f,
    0xf0, 0x0, 0x0, 0x0, 0xa, 0xf6, 0x1f, 0xf0,
    0x0, 0x0, 0x0, 0xa, 0xf6, 0x1f, 0xf0, 0x0,
    0x0, 0x0, 0xa, 0xf6, 0x1f, 0xf0, 0x0, 0x0,
    0x0, 0xa, 0xf6, 0x1f, 0xf0, 0x0, 0x0, 0x0,
    0xa, 0xf6, 0x1f, 0xf0, 0x0, 0x0, 0x0, 0xa,
    0xf6, 0x1f, 0xff, 0xff, 0xff, 0xff, 0xff, 0xf6,
    0x1f, 0xfc, 0xcc, 0xcc, 0xcc, 0xce, 0xf6, 0x1f,
    0xf0, 0x0, 0x0, 0x0, 0xa, 0xf6, 0x1f, 0xf0,
    0x0, 0x0, 0x0, 0xa, 0xf6, 0x1f, 0xf0, 0x0,
    0x0, 0x0, 0xa, 0xf6, 0x1f, 0xf0, 0x0, 0x0,
    0x0, 0xa, 0xf6, 0x1f, 0xf0, 0x0, 0x0, 0x0,
    0xa, 0xf6, 0x1f, 0xf0, 0x0, 0x0, 0x0, 0xa,
    0xf6, 0x1f, 0xf0, 0x0, 0x0, 0x0, 0xa, 0xf6,

    /* U+041E "О" */
    0x0, 0x0, 0x5b, 0xef, 0xda, 0x40, 0x0, 0x0,
    0x1, 0xcf, 0xff, 0xef, 0xff, 0xa0, 0x0, 0x0,
    0xdf, 0xc4, 0x0, 0x5, 0xef, 0xb0, 0x0, 0x9f,
    0xc0, 0x0, 0x0, 0x1, 0xdf, 0x60, 0x1f, 0xf1,
    0x0, 0x0, 0x0, 0x4, 0xfd, 0x6, 0xfa, 0x0,
    0x0, 0x0, 0x0, 0xd, 0xf3, 0x8f, 0x60, 0x0,
    0x0, 0x0, 0x0, 0x9f, 0x5a, 0xf5, 0x0, 0x0,
    0x0, 0x0, 0x8, 0xf7, 0xaf, 0x50, 0x0, 0x0,
    0x0, 0x0, 0x8f, 0x78, 0xf6, 0x0, 0x0, 0x0,
    0x0, 0x9, 0xf5, 0x6f, 0xa0, 0x0, 0x0, 0x0,
    0x0, 0xdf, 0x31, 0xff, 0x10, 0x0, 0x0, 0x0,
    0x4f, 0xd0, 0x9, 0xfb, 0x0, 0x0, 0x0, 0x1d,
    0xf6, 0x0, 0xd, 0xfc, 0x40, 0x0, 0x5e, 0xfb,
    0x0, 0x0, 0x1c, 0xff, 0xfe, 0xff, 0xfa, 0x0,
    0x0, 0x0, 0x5, 0xbe, 0xfd, 0xa4, 0x0, 0x0,

    /* U+041F "П" */
    0x1f, 0xff, 0xff, 0xff, 0xff, 0xff, 0xf6, 0x1f,
    0xfc, 0xcc, 0xcc, 0xcc, 0xce, 0xf6, 0x1f, 0xf0,
    0x0, 0x0, 0x0, 0xa, 0xf6, 0x1f, 0xf0, 0x0,
    0x0, 0x0, 0xa, 0xf6, 0x1f, 0xf0, 0x0, 0x0,
    0x0, 0xa, 0xf6, 0x1f, 0xf0, 0x0, 0x0, 0x0,
    0xa, 0xf6, 0x1f, 0xf0, 0x0, 0x0, 0x0, 0xa,
    0xf6, 0x1f, 0xf0, 0x0, 0x0, 0x0, 0xa, 0xf6,
    0x1f, 0xf0, 0x0, 0x0, 0x0, 0xa, 0xf6, 0x1f,
    0xf0, 0x0, 0x0, 0x0, 0xa, 0xf6, 0x1f, 0xf0,
    0x0, 0x0, 0x0, 0xa, 0xf6, 0x1f, 0xf0, 0x0,
    0x0, 0x0, 0xa, 0xf6, 0x1f, 0xf0, 0x0, 0x0,
    0x0, 0xa, 0xf6, 0x1f, 0xf0, 0x0, 0x0, 0x0,
    0xa, 0xf6, 0x1f, 0xf0, 0x0, 0x0, 0x0, 0xa,
    0xf6, 0x1f, 0xf0, 0x0, 0x0, 0x0, 0xa, 0xf6,

    /* U+0420 "Р" */
    0x1f, 0xff, 0xff, 0xfe, 0xa4, 0x0, 0x1f, 0xfc,
    0xcc, 0xce, 0xff, 0x80, 0x1f, 0xf0, 0x0, 0x0,
    0x4f, 0xf4, 0x1f, 0xf0, 0x0, 0x0, 0x8, 0xfa,
    0x1f, 0xf0, 0x0, 0x0, 0x3, 0xfd, 0x1f, 0xf0,
    0x0, 0x0, 0x3, 0xfd, 0x1f, 0xf0, 0x0, 0x0,
    0x8, 0xfa, 0x1f, 0xf0, 0x0, 0x0, 0x4f, 0xf4,
    0x1f, 0xfc, 0xcc, 0xce, 0xff, 0x80, 0x1f, 0xff,
    0xff, 0xfe, 0xb4, 0x0, 0x1f, 0xf0, 0x0, 0x0,
    0x0, 0x0, 0x1f, 0xf0, 0x0, 0x0, 0x0, 0x0,
    0x1f, 0xf0, 0x0, 0x0, 0x0, 0x0, 0x1f, 0xf0,
    0x0, 0x0, 0x0, 0x0, 0x1f, 0xf0, 0x0, 0x0,
    0x0, 0x0, 0x1f, 0xf0, 0x0, 0x0, 0x0, 0x0,

    /* U+0421 "С" */
    0x0, 0x0, 0x5b, 0xef, 0xea, 0x40, 0x0, 0x0,
    0x1c, 0xff, 0xfe, 0xff, 0xfb, 0x0, 0x0, 0xdf,
    0xc4, 0x0, 0x5, 0xdf, 0xb0, 0x9, 0xfc, 0x0,
    0x0, 0x0, 0x1e, 0xf5, 0x1f, 0xf1, 0x0, 0x0,
    0x0, 0x6, 0xfb, 0x6f, 0xa0, 0x0, 0x0, 0x0,
    0x0, 0x21, 0x8f, 0x60, 0x0, 0x0, 0x0, 0x0,
    0x0, 0xaf, 0x50, 0x0, 0x0, 0x0, 0x0, 0x0,
    0xaf, 0x50, 0x0, 0x0, 0x0, 0x0, 0x0, 0x8f,
    0x60, 0x0, 0x0, 0x0, 0x0, 0x0, 0x6f, 0xa0,
    0x0, 0x0, 0x0, 0x0, 0x21, 0x1f, 0xf1, 0x0,
    0x0, 0x0, 0x6, 0xfa, 0x9, 0xfb, 0x0, 0x0,
    0x0, 0x1e, 0xf5, 0x0, 0xdf, 0xc4, 0x0, 0x5,
    0xdf, 0xb0, 0x0, 0x1c, 0xff, 0xfe, 0xff, 0xfb,
    0x0, 0x0, 0x0, 0x5b, 0xef, 0xea, 0x40, 0x0,

    /* U+0422 "Т" */
    0xff, 0xff, 0xff, 0xff, 0xff, 0xff, 0x2b, 0xcc,
    0xcc, 0xff, 0xcc, 0xcc, 0xc1, 0x0, 0x0, 0xe,
    0xf2, 0x0, 0x0, 0x0, 0x0, 0x0, 0xef, 0x20,
    0x0, 0x0, 0x0, 0x0, 0xe, 0xf2, 0x0, 0x0,
    0x0, 0x0, 0x0, 0xef, 0x20, 0x0, 0x0, 0x0,
    0x0, 0xe, 0xf2, 0x0, 0x0, 0x0, 0x0, 0x0,
    0xef, 0x20, 0x0, 0x0, 0x0, 0x0, 0xe, 0xf2,
    0x0, 0x0, 0x0, 0x0, 0x0, 0xef, 0x20, 0x0,
    0x0, 0x0, 0x0, 0xe, 0xf2, 0x0, 0x0, 0x0,
    0x0, 0x0, 0xef, 0x20, 0x0, 0x0, 0x0, 0x0,
    0xe, 0xf2, 0x0, 0x0, 0x0, 0x0, 0x0, 0xef,
    0x20, 0x0, 0x0, 0x0, 0x0, 0xe, 0xf2, 0x0,
    0x0, 0x0, 0x0, 0x0, 0xef, 0x20, 0x0, 0x0,

    /* U+0423 "У" */
    0x3f, 0xf1, 0x0, 0x0, 0x0, 0x2f, 0xf1, 0xc,
    0xf7, 0x0, 0x0, 0x0, 0x8f, 0xa0, 0x4, 0xfe,
    0x0, 0x0, 0x0, 0xef, 0x30, 0x0, 0xdf, 0x50,
    0x0, 0x5, 0xfd, 0x0, 0x0, 0x6f, 0xc0, 0x0,
    0xb, 0xf6, 0x0, 0x0, 0xe, 0xf3, 0x0, 0x2f,
    0xf0, 0x0, 0x0, 0x7, 0xf9, 0x0, 0x8f, 0x90,
    0x0, 0x0, 0x1, 0xff, 0x0, 0xef, 0x20, 0x0,
    0x0, 0x0, 0x9f, 0x53, 0xfb, 0x0, 0x0, 0x0,
    0x0, 0x2f, 0xa9, 0xf5, 0x0, 0x0, 0x0, 0x0,
    0xa, 0xfe, 0xe0, 0x0, 0x0, 0x0, 0x0, 0x3,
    0xff, 0x80, 0x0, 0x0, 0x0, 0x0, 0x0, 0xef,
    0x10, 0x0, 0x0, 0x0, 0x0, 0x6, 0xfa, 0x0,
    0x0, 0x0, 0x0, 0x2c, 0xdf, 0xf1, 0x0, 0x0,
    0x0, 0x0, 0x3f, 0xfb, 0x30, 0x0, 0x0, 0x0,

    /* U+0424 "Ф" */
    0x0, 0x0, 0x0, 0x9, 0xa1, 0x0, 0x0, 0x0,
    0x0, 0x0, 0x0, 0xe, 0xf2, 0x0, 0x0, 0x0,
    0x0, 0x1, 0x6b, 0xdf, 0xfd, 0xb8, 0x10, 0x0,
    0x0, 0x4e, 0xff, 0xff, 0xff, 0xff, 0xf6, 0x0,
    0x3, 0xff, 0x93, 0xe, 0xf2, 0x27, 0xff, 0x60,
    0xd, 0xf6, 0x0, 0xe, 0xf2, 0x0, 0x3f, 0xf1,
    0x4f, 0xc0, 0x0, 0xe, 0xf2, 0x0, 0x8, 0xf7,
    0x8f, 0x70, 0x0, 0xe, 0xf2, 0x0, 0x3, 0xfb,
    0xaf, 0x40, 0x0, 0xe, 0xf2, 0x0, 0x1, 0xfd,
    0xaf, 0x50, 0x0, 0xe, 0xf2, 0x0, 0x1, 0xfd,
    0x8f, 0x70, 0x0, 0xe, 0xf2, 0x0, 0x3, 0xfb,
    0x4f, 0xc0, 0x0, 0xe, 0xf2, 0x0, 0x8, 0xf7,
    0xd, 0xf6, 0x0, 0xe, 0xf2, 0x0, 0x3f, 0xf1,
    0x3, 0xff, 0x93, 0xe, 0xf2, 0x27, 0xff, 0x60,
    0x0, 0x4e, 0xff, 0xff, 0xff, 0xff, 0xf6, 0x0,
    0x0, 0x1, 0x6b, 0xdf, 0xfd, 0xb7, 0x10, 0x0,
    0x0, 0x0, 0x0, 0xe, 0xf2, 0x0, 0x0, 0x0,
    0x0, 0x0, 0x0, 0xe, 0xf2, 0x0, 0x0, 0x0,

    /* U+0425 "Х" */
    0xa, 0xfa, 0x0, 0x0, 0x0, 0x9, 0xfb, 0x0,
    0x1e, 0xf5, 0x0, 0x0, 0x4, 0xfe, 0x10, 0x0,
    0x5f, 0xe1, 0x0, 0x0, 0xef, 0x50, 0x0, 0x0,
    0xaf, 0xb0, 0x0, 0xaf, 0xa0, 0x0, 0x0, 0x0,
    0xef, 0x50, 0x4f, 0xe1, 0x0, 0x0, 0x0, 0x4,
    0xfe, 0x1e, 0xf4, 0x0, 0x0, 0x0, 0x0, 0x9,
    0xfd, 0xf9, 0x0, 0x0, 0x0, 0x0, 0x0, 0xd,
    0xfe, 0x0, 0x0, 0x0, 0x0, 0x0, 0x2, 0xff,
    0xf4, 0x0, 0x0, 0x0, 0x0, 0x0, 0xcf, 0x9f,
    0xe0, 0x0, 0x0, 0x0, 0x0, 0x8f, 0xb0, 0xbf,
    0x90, 0x0, 0x0, 0x0, 0x3f, 0xf1, 0x1, 0xff,
    0x40, 0x0, 0x0, 0xe, 0xf5, 0x0, 0x5, 0xfe,
    0x10, 0x0, 0xa, 0xfa, 0x0, 0x0, 0xa, 0xfa,
    0x0, 0x5, 0xfe, 0x10, 0x0, 0x0, 0x1e, 0xf5,
    0x1, 0xef, 0x40, 0x0, 0x0, 0x0, 0x4f, 0xe1,

    /* U+0426 "Ц" */
    0x1f, 0xf0, 0x0, 0x0, 0x0, 0x1f, 0xf0, 0x1,
    0xff, 0x0, 0x0, 0x0, 0x1, 0xff, 0x0, 0x1f,
    0xf0, 0x0, 0x0, 0x0, 0x1f, 0xf0, 0x1, 0xff,
    0x0, 0x0, 0x0, 0x1, 0xff, 0x0, 0x1f, 0xf0,
    0x0, 0x0, 0x0, 0x1f, 0xf0, 0x1, 0xff, 0x0,
    0x0, 0x0, 0x1, 0xff, 0x0, 0x1f, 0xf0, 0x0,
    0x0, 0x0, 0x1f, 0xf0, 0x1, 0xff, 0x0, 0x0,
    0x0, 0x1, 0xff, 0x0, 0x1f, 0xf0, 0x0, 0x0,
    0x0, 0x1f, 0xf0, 0x1, 0xff, 0x0, 0x0, 0x0,
    0x1, 0xff, 0x0, 0x1f, 0xf0, 0x0, 0x0, 0x0,
    0x1f, 0xf0, 0x1, 0xff, 0x0, 0x0, 0x0, 0x1,
    0xff, 0x0, 0x1f, 0xf0, 0x0, 0x0, 0x0, 0x1f,
    0xf0, 0x1, 0xff, 0x0, 0x0, 0x0, 0x1, 0xff,
    0x0, 0x1f, 0xfc, 0xcc, 0xcc, 0xcc, 0xcf, 0xfc,
    0x61, 0xff, 0xff, 0xff, 0xff, 0xff, 0xff, 0xf8,
    0x0, 0x0, 0x0, 0x0, 0x0, 0x0, 0x6f, 0x80,
    0x0, 0x0, 0x0, 0x0, 0x0, 0x6, 0xf8, 0x0,
    0x0, 0x0, 0x0, 0x0, 0x0, 0x6f, 0x80, 0x0,
    0x0, 0x0, 0x0, 0x0, 0x3, 0x84,

    /* U+0427 "Ч" */
    0x4f, 0xb0, 0x0, 0x0, 0x0, 0x9f, 0x74, 0xfb,
    0x0, 0x0, 0x0, 0x9, 0xf7, 0x4f, 0xb0, 0x0,
    0x0, 0x0, 0x9f, 0x74, 0xfb, 0x0, 0x0, 0x0,
    0x9, 0xf7, 0x4f, 0xb0, 0x0, 0x0, 0x0, 0x9f,
    0x74, 0xfc, 0x0, 0x0, 0x0, 0x9, 0xf7, 0x1f,
    0xf1, 0x0, 0x0, 0x0, 0x9f, 0x70, 0xcf, 0xc3,
    0x0, 0x2, 0x9f, 0xf7, 0x2, 0xef, 0xfe, 0xde,
    0xff, 0xff, 0x70, 0x1, 0x8d, 0xff, 0xea, 0x49,
    0xf7, 0x0, 0x0, 0x0, 0x0, 0x0, 0x9f, 0x70,
    0x0, 0x0, 0x0, 0x0, 0x9, 0xf7, 0x0, 0x0,
    0x0, 0x0, 0x0, 0x9f, 0x70, 0x0, 0x0, 0x0,
    0x0, 0x9, 0xf7, 0x0, 0x0, 0x0, 0x0, 0x0,
    0x9f, 0x70, 0x0, 0x0, 0x0, 0x0, 0x9, 0xf7,

    /* U+0428 "Ш" */
    0x1f, 0xf0, 0x0, 0x0, 0x7f, 0x80, 0x0, 0x0,
    0xef, 0x21, 0xff, 0x0, 0x0, 0x7, 0xf8, 0x0,
    0x0, 0xe, 0xf2, 0x1f, 0xf0, 0x0, 0x0, 0x7f,
    0x80, 0x0, 0x0, 0xef, 0x21, 0xff, 0x0, 0x0,
    0x7, 0xf8, 0x0, 0x0, 0xe, 0xf2, 0x1f, 0xf0,
    0x0, 0x0, 0x7f, 0x80, 0x0, 0x0, 0xef, 0x21,
    0xff, 0x0, 0x0, 0x7, 0xf8, 0x0, 0x0, 0xe,
    0xf2, 0x1f, 0xf0, 0x0, 0x0, 0x7f, 0x80, 0x0,
    0x0, 0xef, 0x21, 0xff, 0x0, 0x0, 0x7, 0xf8,
    0x0, 0x0, 0xe, 0xf2, 0x1f, 0xf0, 0x0, 0x0,
    0x7f, 0x80, 0x0, 0x0, 0xef, 0x21, 0xff, 0x0,
    0x0, 0x7, 0xf8, 0x0, 0x0, 0xe, 0xf2, 0x1f,
    0xf0, 0x0, 0x0, 0x7f, 0x80, 0x0, 0x0, 0xef,
    0x21, 0xff, 0x0, 0x0, 0x7, 0xf8, 0x0, 0x0,
    0xe, 0xf2, 0x1f, 0xf0, 0x0, 0x0, 0x7f, 0x80,
    0x0, 0x0, 0xef, 0x21, 0xff, 0x0, 0x0, 0x7,
    0xf8, 0x0, 0x0, 0xe, 0xf2, 0x1f, 0xfc, 0xcc,
    0xcc, 0xef, 0xec, 0xcc, 0xcc, 0xff, 0x21, 0xff,
    0xff, 0xff, 0xff, 0xff, 0xff, 0xff, 0xff, 0xf2,

    /* U+0429 "Щ" */
    0x1f, 0xf0, 0x0, 0x0, 0x7f, 0x80, 0x0, 0x0,
    0xef, 0x20, 0x1f, 0xf0, 0x0, 0x0, 0x7f, 0x80,
    0x0, 0x0, 0xef, 0x20, 0x1f, 0xf0, 0x0, 0x0,
    0x7f, 0x80, 0x0, 0x0, 0xef, 0x20, 0x1f, 0xf0,
    0x0, 0x0, 0x7f, 0x80, 0x0, 0x0, 0xef, 0x20,
    0x1f, 0xf0, 0x0, 0x0, 0x7f, 0x80, 0x0, 0x0,
    0xef, 0x20, 0x1f, 0xf0, 0x0, 0x0, 0x7f, 0x80,
    0x0, 0x0, 0xef, 0x20, 0x1f, 0xf0, 0x0, 0x0,
    0x7f, 0x80, 0x0, 0x0, 0xef, 0x20, 0x1f, 0xf0,
    0x0, 0x0, 0x7f, 0x80, 0x0, 0x0, 0xef, 0x20,
    0x1f, 0xf0, 0x0, 0x0, 0x7f, 0x80, 0x0, 0x0,
    0xef, 0x20, 0x1f, 0xf0, 0x0, 0x0, 0x7f, 0x80,
    0x0, 0x0, 0xef, 0x20, 0x1f, 0xf0, 0x0, 0x0,
    0x7f, 0x80, 0x0, 0x0, 0xef, 0x20, 0x1f, 0xf0,
    0x0, 0x0, 0x7f, 0x80, 0x0, 0x0, 0xef, 0x20,
    0x1f, 0xf0, 0x0, 0x0, 0x7f, 0x80, 0x0, 0x0,
    0xef, 0x20, 0x1f, 0xf0, 0x0, 0x0, 0x7f, 0x80,
    0x0, 0x0, 0xef, 0x20, 0x1f, 0xfc, 0xcc, 0xcc,
    0xef, 0xec, 0xcc, 0xcc, 0xff, 0xe8, 0x1f, 0xff,
    0xff, 0xff, 0xff, 0xff, 0xff, 0xff, 0xff, 0xfb,
    0x0, 0x0, 0x0, 0x0, 0x0, 0x0, 0x0, 0x0,
    0x3, 0xfb, 0x0, 0x0, 0x0, 0x0, 0x0, 0x0,
    0x0, 0x0, 0x3, 0xfb, 0x0, 0x0, 0x0, 0x0,
    0x0, 0x0, 0x0, 0x0, 0x3, 0xfb, 0x0, 0x0,
    0x0, 0x0, 0x0, 0x0, 0x0, 0x0, 0x1, 0x85,

    /* U+042A "Ъ" */
    0xff, 0xff, 0xff, 0xa0, 0x0, 0x0, 0x0, 0x0,
    0xab, 0xbb, 0xcf, 0xa0, 0x0, 0x0, 0x0, 0x0,
    0x0, 0x0, 0x6f, 0xa0, 0x0, 0x0, 0x0, 0x0,
    0x0, 0x0, 0x6f, 0xa0, 0x0, 0x0, 0x0, 0x0,
    0x0, 0x0, 0x6f, 0xa0, 0x0, 0x0, 0x0, 0x0,
    0x0, 0x0, 0x6f, 0xa0, 0x0, 0x0, 0x0, 0x0,
    0x0, 0x0, 0x6f, 0xec, 0xcc, 0xca, 0x71, 0x0,
    0x0, 0x0, 0x6f, 0xff, 0xff, 0xff, 0xff, 0x50,
    0x0, 0x0, 0x6f, 0xa0, 0x0, 0x2, 0x9f, 0xf2,
    0x0, 0x0, 0x6f, 0xa0, 0x0, 0x0, 0x9, 0xf9,
    0x0, 0x0, 0x6f, 0xa0, 0x0, 0x0, 0x4, 0xfc,
    0x0, 0x0, 0x6f, 0xa0, 0x0, 0x0, 0x4, 0xfc,
    0x0, 0x0, 0x6f, 0xa0, 0x0, 0x0, 0x8, 0xfa,
    0x0, 0x0, 0x6f, 0xa0, 0x0, 0x0, 0x5f, 0xf4,
    0x0, 0x0, 0x6f, 0xec, 0xcc, 0xce, 0xff, 0x70,
    0x0, 0x0, 0x6f, 0xff, 0xff, 0xfe, 0xb4, 0x0,

    /* U+042B "Ы" */
    0x1f, 0xf0, 0x0, 0x0, 0x0, 0x0, 0x0, 0x8f,
    0x71, 0xff, 0x0, 0x0, 0x0, 0x0, 0x0, 0x8,
    0xf7, 0x1f, 0xf0, 0x0, 0x0, 0x0, 0x0, 0x0,
    0x8f, 0x71, 0xff, 0x0, 0x0, 0x0, 0x0, 0x0,
    0x8, 0xf7, 0x1f, 0xf0, 0x0, 0x0, 0x0, 0x0,
    0x0, 0x8f, 0x71, 0xff, 0x0, 0x0, 0x0, 0x0,
    0x0, 0x8, 0xf7, 0x1f, 0xfc, 0xcc, 0xcb, 0x83,
    0x0, 0x0, 0x8f, 0x71, 0xff, 0xff, 0xff, 0xff,
    0xf9, 0x0, 0x8, 0xf7, 0x1f, 0xf0, 0x0, 0x1,
    0x6e, 0xf7, 0x0, 0x8f, 0x71, 0xff, 0x0, 0x0,
    0x0, 0x4f, 0xe0, 0x8, 0xf7, 0x1f, 0xf0, 0x0,
    0x0, 0x0, 0xef, 0x10, 0x8f, 0x71, 0xff, 0x0,
    0x0, 0x0, 0xe, 0xf2, 0x8, 0xf7, 0x1f, 0xf0,
    0x0, 0x0, 0x3, 0xff, 0x0, 0x8f, 0x71, 0xff,
    0x0, 0x0, 0x3, 0xdf, 0x90, 0x8, 0xf7, 0x1f,
    0xfc, 0xcc, 0xcd, 0xff, 0xc0, 0x0, 0x8f, 0x71,
    0xff, 0xff, 0xff, 0xfc, 0x70, 0x0, 0x8, 0xf7,

    /* U+042C "Ь" */
    0x1f, 0xf0, 0x0, 0x0, 0x0, 0x0, 0x1, 0xff,
    0x0, 0x0, 0x0, 0x0, 0x0, 0x1f, 0xf0, 0x0,
    0x0, 0x0, 0x0, 0x1, 0xff, 0x0, 0x0, 0x0,
    0x0, 0x0, 0x1f, 0xf0, 0x0, 0x0, 0x0, 0x0,
    0x1, 0xff, 0x0, 0x0, 0x0, 0x0, 0x0, 0x1f,
    0xfc, 0xcc, 0xcb, 0x83, 0x0, 0x1, 0xff, 0xff,
    0xff, 0xff, 0xf9, 0x0, 0x1f, 0xf0, 0x0, 0x1,
    0x6e, 0xf7, 0x1, 0xff, 0x0, 0x0, 0x0, 0x4f,
    0xe0, 0x1f, 0xf0, 0x0, 0x0, 0x0, 0xef, 0x11,
    0xff, 0x0, 0x0, 0x0, 0xe, 0xf2, 0x1f, 0xf0,
    0x0, 0x0, 0x3, 0xff, 0x1, 0xff, 0x0, 0x0,
    0x3, 0xdf, 0x90, 0x1f, 0xfc, 0xcc, 0xcd, 0xff,
    0xc0, 0x1, 0xff, 0xff, 0xff, 0xfc, 0x70, 0x0,

    /* U+042D "Э" */
    0x0, 0x4, 0xae, 0xfe, 0xb6, 0x0, 0x0, 0x0,
    0xaf, 0xff, 0xef, 0xff, 0xd2, 0x0, 0xa, 0xfe,
    0x50, 0x0, 0x4c, 0xfe, 0x10, 0x3f, 0xe1, 0x0,
    0x0, 0x0, 0xbf, 0xa0, 0x9f, 0x70, 0x0, 0x0,
    0x0, 0x1f, 0xf1, 0x12, 0x0, 0x0, 0x0, 0x0,
    0x9, 0xf7, 0x0, 0x0, 0x0, 0x0, 0x0, 0x6,
    0xf9, 0x0, 0x0, 0xe, 0xff, 0xff, 0xff, 0xfb,
    0x0, 0x0, 0xb, 0xcc, 0xcc, 0xcd, 0xfb, 0x0,
    0x0, 0x0, 0x0, 0x0, 0x5, 0xf9, 0x1, 0x0,
    0x0, 0x0, 0x0, 0x9, 0xf7, 0xaf, 0x70, 0x0,
    0x0, 0x0, 0xf, 0xf1, 0x4f, 0xe1, 0x0, 0x0,
    0x0, 0xaf, 0xa0, 0xa, 0xfe, 0x50, 0x0, 0x3c,
    0xfe, 0x10, 0x0, 0xaf, 0xff, 0xef, 0xff, 0xd2,
    0x0, 0x0, 0x4, 0xae, 0xfe, 0xb6, 0x0, 0x0,

    /* U+042E "Ю" */
    0x1f, 0xf0, 0x0, 0x0, 0x2, 0x8d, 0xfe, 0xc7,
    0x10, 0x0, 0x1, 0xff, 0x0, 0x0, 0x6, 0xff,
    0xfe, 0xff, 0xfe, 0x40, 0x0, 0x1f, 0xf0, 0x0,
    0x6, 0xff, 0x81, 0x0, 0x2a, 0xff, 0x40, 0x1,
    0xff, 0x0, 0x2, 0xff, 0x40, 0x0, 0x0, 0x7,
    0xfe, 0x0, 0x1f, 0xf0, 0x0, 0x9f, 0x90, 0x0,
    0x0, 0x0, 0xc, 0xf5, 0x1, 0xff, 0x0, 0xe,
    0xf2, 0x0, 0x0, 0x0, 0x0, 0x5f, 0xb0, 0x1f,
    0xf0, 0x1, 0xfe, 0x0, 0x0, 0x0, 0x0, 0x1,
    0xfd, 0x1, 0xff, 0xff, 0xff, 0xd0, 0x0, 0x0,
    0x0, 0x0, 0xf, 0xf0, 0x1f, 0xfb, 0xbb, 0xfd,
    0x0, 0x0, 0x0, 0x0, 0x0, 0xff, 0x1, 0xff,
    0x0, 0xf, 0xe0, 0x0, 0x0, 0x0, 0x0, 0x1f,
    0xd0, 0x1f, 0xf0, 0x0, 0xdf, 0x20, 0x0, 0x0,
    0x0, 0x5, 0xfb, 0x1, 0xff, 0x0, 0x8, 0xf9,
    0x0, 0x0, 0x0, 0x0, 0xcf, 0x50, 0x1f, 0xf0,
    0x0, 0x2f, 0xf4, 0x0, 0x0, 0x0, 0x7f, 0xe0,
    0x1, 0xff, 0x0, 0x0, 0x6f, 0xf8, 0x10, 0x2,
    0x9f, 0xf4, 0x0, 0x1f, 0xf0, 0x0, 0x0, 0x6f,
    0xff, 0xef, 0xff, 0xe4, 0x0, 0x1, 0xff, 0x0,
    0x0, 0x0, 0x28, 0xdf, 0xec, 0x71, 0x0, 0x0,

    /* U+042F "Я" */
    0x0, 0x3, 0xae, 0xff, 0xff, 0xff, 0x30, 0x6,
    0xff, 0xec, 0xcc, 0xcf, 0xf3, 0x2, 0xff, 0x50,
    0x0, 0x0, 0xdf, 0x30, 0x8f, 0xa0, 0x0, 0x0,
    0xd, 0xf3, 0xa, 0xf6, 0x0, 0x0, 0x0, 0xdf,
    0x30, 0xaf, 0x60, 0x0, 0x0, 0xd, 0xf3, 0x7,
    0xfb, 0x0, 0x0, 0x0, 0xdf, 0x30, 0x1f, 0xf9,
    0x20, 0x0, 0xd, 0xf3, 0x0, 0x4f, 0xff, 0xff,
    0xff, 0xff, 0x30, 0x0, 0x1e, 0xfd, 0xcc, 0xcf,
    0xf3, 0x0, 0x5, 0xfe, 0x0, 0x0, 0xdf, 0x30,
    0x0, 0xdf, 0x70, 0x0, 0xd, 0xf3, 0x0, 0x6f,
    0xe0, 0x0, 0x0, 0xdf, 0x30, 0xe, 0xf5, 0x0,
    0x0, 0xd, 0xf3, 0x8, 0xfd, 0x0, 0x0, 0x0,
    0xdf, 0x31, 0xff, 0x40, 0x0, 0x0, 0xd, 0xf3,

    /* U+0430 "а" */
    0x0, 0x7, 0xce, 0xfd, 0x80, 0x0, 0xc, 0xff,
    0xcb, 0xef, 0xc0, 0x7, 0xfc, 0x10, 0x0, 0xcf,
    0x60, 0x2, 0x10, 0x0, 0x5, 0xf9, 0x0, 0x0,
    0x0, 0x2, 0x9f, 0xa0, 0x2, 0x8c, 0xef, 0xff,
    0xfa, 0x5, 0xff, 0xd9, 0x75, 0x5f, 0xa0, 0xef,
    0x50, 0x0, 0x4, 0xfa, 0xf, 0xf0, 0x0, 0x0,
    0x8f, 0xa0, 0xdf, 0x50, 0x0, 0x4f, 0xfa, 0x5,
    0xff, 0xdb, 0xdf, 0x9f, 0xa0, 0x4, 0xbf, 0xfc,
    0x44, 0xfa,

    /* U+0431 "б" */
    0x0, 0x0, 0x0, 0x0, 0xde, 0x0, 0x0, 0x16,
    0x89, 0xcf, 0xa0, 0x0, 0x9f, 0xff, 0xfd, 0x90,
    0x0, 0x9f, 0x93, 0x10, 0x0, 0x0, 0x2f, 0x80,
    0x49, 0xa7, 0x0, 0x7, 0xf2, 0xbf, 0xff, 0xfe,
    0x20, 0xad, 0xbc, 0x30, 0x18, 0xfe, 0xc, 0xfd,
    0x0, 0x0, 0xa, 0xf7, 0xdf, 0x50, 0x0, 0x0,
    0x3f, 0xcd, 0xf1, 0x0, 0x0, 0x1, 0xfe, 0xdf,
    0x10, 0x0, 0x0, 0xf, 0xeb, 0xf3, 0x0, 0x0,
    0x2, 0xfc, 0x6f, 0x90, 0x0, 0x0, 0x8f, 0x70,
    0xef, 0x60, 0x0, 0x4f, 0xe1, 0x3, 0xef, 0xdb,
    0xcf, 0xe3, 0x0, 0x1, 0x9d, 0xfe, 0x92, 0x0,

    /* U+0432 "в" */
    0x4f, 0xff, 0xff, 0xeb, 0x30, 0x4, 0xfe, 0xcc,
    0xce, 0xff, 0x50, 0x4f, 0x80, 0x0, 0x7, 0xfc,
    0x4, 0xf8, 0x0, 0x0, 0x2f, 0xd0, 0x4f, 0x80,
    0x0, 0x2a, 0xf7, 0x4, 0xff, 0xff, 0xff, 0xf5,
    0x0, 0x4f, 0xc9, 0x99, 0xae, 0xf5, 0x4, 0xf8,
    0x0, 0x0, 0x1e, 0xf1, 0x4f, 0x80, 0x0, 0x0,
    0xbf, 0x44, 0xf8, 0x0, 0x0, 0x1e, 0xf3, 0x4f,
    0xeb, 0xbb, 0xcf, 0xfc, 0x4, 0xff, 0xff, 0xff,
    0xd8, 0x0,

    /* U+0433 "г" */
    0x4f, 0xff, 0xff, 0xff, 0x24, 0xfe, 0xcc, 0xcc,
    0xc1, 0x4f, 0xa0, 0x0, 0x0, 0x4, 0xfa, 0x0,
    0x0, 0x0, 0x4f, 0xa0, 0x0, 0x0, 0x4, 0xfa,
    0x0, 0x0, 0x0, 0x4f, 0xa0, 0x0, 0x0, 0x4,
    0xfa, 0x0, 0x0, 0x0, 0x4f, 0xa0, 0x0, 0x0,
    0x4, 0xfa, 0x0, 0x0, 0x0, 0x4f, 0xa0, 0x0,
    0x0, 0x4, 0xfa, 0x0, 0x0, 0x0,

    /* U+0434 "д" */
    0x0, 0x8, 0xff, 0xff, 0xff, 0xf3, 0x0, 0x0,
    0xa, 0xfd, 0xcc, 0xce, 0xf3, 0x0, 0x0, 0xb,
    0xf2, 0x0, 0xb, 0xf3, 0x0, 0x0, 0xc, 0xf1,
    0x0, 0xb, 0xf3, 0x0, 0x0, 0xe, 0xf0, 0x0,
    0xb, 0xf3, 0x0, 0x0, 0xf, 0xe0, 0x0, 0xb,
    0xf3, 0x0, 0x0, 0x1f, 0xc0, 0x0, 0xb, 0xf3,
    0x0, 0x0, 0x4f, 0x90, 0x0, 0xb, 0xf3, 0x0,
    0x0, 0x8f, 0x50, 0x0, 0xb, 0xf3, 0x0, 0x1,
    0xfe, 0x10, 0x0, 0xb, 0xf3, 0x0, 0x6e, 0xfe,
    0xcc, 0xcc, 0xce, 0xfd, 0xc0, 0x9f, 0xff, 0xff,
    0xff, 0xff, 0xff, 0xf1, 0x9f, 0x50, 0x0, 0x0,
    0x0, 0xd, 0xf1, 0x9f, 0x50, 0x0, 0x0, 0x0,
    0xd, 0xf1, 0x9f, 0x50, 0x0, 0x0, 0x0, 0xd,
    0xf1, 0x36, 0x20, 0x0, 0x0, 0x0, 0x5, 0x60,

    /* U+0435 "е" */
    0x0, 0x29, 0xdf, 0xea, 0x20, 0x0, 0x3e, 0xfd,
    0xbd, 0xff, 0x40, 0xe, 0xf5, 0x0, 0x6, 0xfe,
    0x6, 0xf8, 0x0, 0x0, 0xa, 0xf6, 0xbf, 0x20,
    0x0, 0x0, 0x5f, 0xad, 0xff, 0xff, 0xff, 0xff,
    0xfb, 0xdf, 0xa9, 0x99, 0x99, 0x99, 0x7b, 0xf3,
    0x0, 0x0, 0x0, 0x0, 0x7f, 0x90, 0x0, 0x0,
    0x23, 0x1, 0xef, 0x60, 0x0, 0x2d, 0xf5, 0x3,
    0xef, 0xeb, 0xcf, 0xf9, 0x0, 0x2, 0x9d, 0xfe,
    0xb5, 0x0,

    /* U+0436 "ж" */
    0xc, 0xf6, 0x0, 0x0, 0xfe, 0x0, 0x0, 0x9f,
    0xa0, 0x2, 0xef, 0x30, 0x0, 0xfe, 0x0, 0x5,
    0xfd, 0x0, 0x0, 0x4f, 0xd0, 0x0, 0xfe, 0x0,
    0x2f, 0xf2, 0x0, 0x0, 0x7, 0xfa, 0x0, 0xfe,
    0x0, 0xdf, 0x50, 0x0, 0x0, 0x0, 0xaf, 0x60,
    0xfe, 0x9, 0xf8, 0x0, 0x0, 0x0, 0x0, 0xd,
    0xfc, 0xff, 0xcf, 0xb0, 0x0, 0x0, 0x0, 0x0,
    0xd, 0xff, 0xff, 0xff, 0xb0, 0x0, 0x0, 0x0,
    0x0, 0xaf, 0xa0, 0xfe, 0xc, 0xf8, 0x0, 0x0,
    0x0, 0x7, 0xfc, 0x0, 0xfe, 0x1, 0xef, 0x50,
    0x0, 0x0, 0x4f, 0xe2, 0x0, 0xfe, 0x0, 0x3f,
    0xf2, 0x0, 0x2, 0xff, 0x40, 0x0, 0xfe, 0x0,
    0x6, 0xfd, 0x10, 0xd, 0xf7, 0x0, 0x0, 0xfe,
    0x0, 0x0, 0x9f, 0xb0,

    /* U+0437 "з" */
    0x2, 0x9e, 0xfe, 0x91, 0x2, 0xef, 0xb9, 0xcf,
    0xd0, 0x9f, 0x60, 0x0, 0xbf, 0x40, 0x0, 0x0,
    0x9, 0xf5, 0x0, 0x1, 0x26, 0xfd, 0x0, 0x0,
    0xaf, 0xfa, 0x10, 0x0, 0x3, 0x59, 0xfd, 0x20,
    0x0, 0x0, 0x6, 0xfa, 0x22, 0x0, 0x0, 0x3f,
    0xdd, 0xf5, 0x0, 0x9, 0xfa, 0x5f, 0xfc, 0xad,
    0xfe, 0x20, 0x3b, 0xef, 0xe9, 0x10,

    /* U+0438 "и" */
    0x4f, 0xa0, 0x0, 0x0, 0xdf, 0x54, 0xfa, 0x0,
    0x0, 0x8f, 0xf5, 0x4f, 0xa0, 0x0, 0x2f, 0xff,
    0x54, 0xfa, 0x0, 0xc, 0xfc, 0xf5, 0x4f, 0xa0,
    0x7, 0xf7, 0xaf, 0x54, 0xfa, 0x2, 0xfc, 0xa,
    0xf5, 0x4f, 0xa0, 0xcf, 0x20, 0xaf, 0x54, 0xfa,
    0x7f, 0x70, 0xa, 0xf5, 0x4f, 0xcf, 0xd0, 0x0,
    0xaf, 0x54, 0xff, 0xf3, 0x0, 0xa, 0xf5, 0x4f,
    0xf8, 0x0, 0x0, 0xaf, 0x54, 0xfd, 0x0, 0x0,
    0xa, 0xf5,

    /* U+0439 "й" */
    0x0, 0x46, 0x0, 0x6, 0x40, 0x0, 0x6, 0xf6,
    0x16, 0xf5, 0x0, 0x0, 0x9, 0xff, 0xf9, 0x0,
    0x0, 0x0, 0x1, 0x31, 0x0, 0x0, 0x0, 0x0,
    0x0, 0x0, 0x0, 0x4, 0xfa, 0x0, 0x0, 0xd,
    0xf5, 0x4f, 0xa0, 0x0, 0x8, 0xff, 0x54, 0xfa,
    0x0, 0x2, 0xff, 0xf5, 0x4f, 0xa0, 0x0, 0xcf,
    0xcf, 0x54, 0xfa, 0x0, 0x7f, 0x7a, 0xf5, 0x4f,
    0xa0, 0x2f, 0xc0, 0xaf, 0x54, 0xfa, 0xc, 0xf2,
    0xa, 0xf5, 0x4f, 0xa7, 0xf7, 0x0, 0xaf, 0x54,
    0xfc, 0xfd, 0x0, 0xa, 0xf5, 0x4f, 0xff, 0x30,
    0x0, 0xaf, 0x54, 0xff, 0x80, 0x0, 0xa, 0xf5,
    0x4f, 0xd0, 0x0, 0x0, 0xaf, 0x50,

    /* U+043A "к" */
    0x4f, 0xa0, 0x0, 0x4, 0xff, 0x34, 0xfa, 0x0,
    0x2, 0xff, 0x50, 0x4f, 0xa0, 0x1, 0xdf, 0x80,
    0x4, 0xfa, 0x0, 0xbf, 0xa0, 0x0, 0x4f, 0xa0,
    0x9f, 0xd0, 0x0, 0x4, 0xfe, 0xcf, 0xf2, 0x0,
    0x0, 0x4f, 0xff, 0xff, 0x40, 0x0, 0x4, 0xfa,
    0x5, 0xfe, 0x20, 0x0, 0x4f, 0xa0, 0x8, 0xfd,
    0x0, 0x4, 0xfa, 0x0, 0xc, 0xfa, 0x0, 0x4f,
    0xa0, 0x0, 0x1e, 0xf7, 0x4, 0xfa, 0x0, 0x0,
    0x3f, 0xf3,

    /* U+043B "л" */
    0x0, 0x2f, 0xff, 0xff, 0xff, 0xf0, 0x3, 0xfe,
    0xcc, 0xcc, 0xff, 0x0, 0x3f, 0xa0, 0x0, 0xf,
    0xf0, 0x4, 0xf9, 0x0, 0x0, 0xff, 0x0, 0x5f,
    0x90, 0x0, 0xf, 0xf0, 0x5, 0xf8, 0x0, 0x0,
    0xff, 0x0, 0x6f, 0x70, 0x0, 0xf, 0xf0, 0x8,
    0xf6, 0x0, 0x0, 0xff, 0x0, 0xaf, 0x30, 0x0,
    0xf, 0xf0, 0x1f, 0xf0, 0x0, 0x0, 0xff, 0x9f,
    0xf9, 0x0, 0x0, 0xf, 0xfc, 0xe9, 0x0, 0x0,
    0x0, 0xff,

    /* U+043C "м" */
    0x4f, 0xfc, 0x0, 0x0, 0x0, 0xe, 0xff, 0x44,
    0xff, 0xf3, 0x0, 0x0, 0x5, 0xff, 0xf4, 0x4f,
    0xcf, 0xa0, 0x0, 0x0, 0xbf, 0xcf, 0x44, 0xf9,
    0xef, 0x10, 0x0, 0x2f, 0xca, 0xf4, 0x4f, 0x98,
    0xf7, 0x0, 0x8, 0xf6, 0xbf, 0x44, 0xf9, 0x2f,
    0xd0, 0x0, 0xef, 0xb, 0xf4, 0x4f, 0xa0, 0xbf,
    0x40, 0x5f, 0x90, 0xbf, 0x44, 0xfa, 0x4, 0xfa,
    0xb, 0xf2, 0xb, 0xf4, 0x4f, 0xa0, 0xd, 0xf2,
    0xfc, 0x0, 0xbf, 0x44, 0xfa, 0x0, 0x7f, 0xaf,
    0x50, 0xb, 0xf4, 0x4f, 0xa0, 0x1, 0xff, 0xe0,
    0x0, 0xbf, 0x44, 0xfa, 0x0, 0x9, 0xf8, 0x0,
    0xb, 0xf4,

    /* U+043D "н" */
    0x4f, 0xa0, 0x0, 0x0, 0xbf, 0x44, 0xfa, 0x0,
    0x0, 0xb, 0xf4, 0x4f, 0xa0, 0x0, 0x0, 0xbf,
    0x44, 0xfa, 0x0, 0x0, 0xb, 0xf4, 0x4f, 0xa0,
    0x0, 0x0, 0xbf, 0x44, 0xff, 0xff, 0xff, 0xff,
    0xf4, 0x4f, 0xec, 0xcc, 0xcc, 0xef, 0x44, 0xfa,
    0x0, 0x0, 0xb, 0xf4, 0x4f, 0xa0, 0x0, 0x0,
    0xbf, 0x44, 0xfa, 0x0, 0x0, 0xb, 0xf4, 0x4f,
    0xa0, 0x0, 0x0, 0xbf, 0x44, 0xfa, 0x0, 0x0,
    0xb, 0xf4,

    /* U+043E "о" */
    0x0, 0x29, 0xdf, 0xea, 0x30, 0x0, 0x3, 0xef,
    0xeb, 0xdf, 0xf6, 0x0, 0xe, 0xf7, 0x0, 0x5,
    0xff, 0x20, 0x6f, 0xa0, 0x0, 0x0, 0x7f, 0x90,
    0xbf, 0x40, 0x0, 0x0, 0x1f, 0xe0, 0xdf, 0x10,
    0x0, 0x0, 0xe, 0xf0, 0xdf, 0x10, 0x0, 0x0,
    0xe, 0xf0, 0xbf, 0x40, 0x0, 0x0, 0x1f, 0xe0,
    0x6f, 0xa0, 0x0, 0x0, 0x7f, 0xa0, 0x1e, 0xf7,
    0x0, 0x4, 0xff, 0x20, 0x3, 0xef, 0xeb, 0xdf,
    0xf6, 0x0, 0x0, 0x29, 0xdf, 0xea, 0x30, 0x0,

    /* U+043F "п" */
    0x4f, 0xff, 0xff, 0xff, 0xff, 0x34, 0xfe, 0xcc,
    0xcc, 0xce, 0xf3, 0x4f, 0xa0, 0x0, 0x0, 0xbf,
    0x34, 0xfa, 0x0, 0x0, 0xb, 0xf3, 0x4f, 0xa0,
    0x0, 0x0, 0xbf, 0x34, 0xfa, 0x0, 0x0, 0xb,
    0xf3, 0x4f, 0xa0, 0x0, 0x0, 0xbf, 0x34, 0xfa,
    0x0, 0x0, 0xb, 0xf3, 0x4f, 0xa0, 0x0, 0x0,
    0xbf, 0x34, 0xfa, 0x0, 0x0, 0xb, 0xf3, 0x4f,
    0xa0, 0x0, 0x0, 0xbf, 0x34, 0xfa, 0x0, 0x0,
    0xb, 0xf3,

    /* U+0440 "р" */
    0x4f, 0x91, 0xae, 0xfd, 0x70, 0x0, 0x4f, 0xad,
    0xe9, 0xae, 0xfb, 0x0, 0x4f, 0xfb, 0x0, 0x0,
    0xbf, 0x80, 0x4f, 0xf2, 0x0, 0x0, 0x1f, 0xe0,
    0x4f, 0xc0, 0x0, 0x0, 0xc, 0xf3, 0x4f, 0xa0,
    0x0, 0x0, 0xa, 0xf4, 0x4f, 0xa0, 0x0, 0x0,
    0xa, 0xf4, 0x4f, 0xd0, 0x0, 0x0, 0xd, 0xf3,
    0x4f, 0xf3, 0x0, 0x0, 0x3f, 0xe0, 0x4f, 0xfc,
    0x10, 0x2, 0xdf, 0x70, 0x4f, 0xac, 0xfc, 0xcf,
    0xfb, 0x0, 0x4f, 0xa1, 0x9e, 0xfd, 0x70, 0x0,
    0x4f, 0xa0, 0x0, 0x0, 0x0, 0x0, 0x4f, 0xa0,
    0x0, 0x0, 0x0, 0x0, 0x4f, 0xa0, 0x0, 0x0,
    0x0, 0x0, 0x4f, 0xa0, 0x0, 0x0, 0x0, 0x0,

    /* U+0441 "с" */
    0x0, 0x29, 0xdf, 0xea, 0x30, 0x0, 0x3e, 0xfe,
    0xbd, 0xff, 0x50, 0xe, 0xf7, 0x0, 0x4, 0xff,
    0x16, 0xfa, 0x0, 0x0, 0x6, 0x71, 0xbf, 0x40,
    0x0, 0x0, 0x0, 0xd, 0xf1, 0x0, 0x0, 0x0,
    0x0, 0xdf, 0x10, 0x0, 0x0, 0x0, 0xb, 0xf4,
    0x0, 0x0, 0x0, 0x0, 0x6f, 0xa0, 0x0, 0x0,
    0x79, 0x21, 0xef, 0x70, 0x0, 0x4f, 0xf1, 0x3,
    0xef, 0xeb, 0xdf, 0xf5, 0x0, 0x2, 0x9d, 0xfe,
    0xa3, 0x0,

    /* U+0442 "т" */
    0xcf, 0xff, 0xff, 0xff, 0xff, 0x8, 0xbb, 0xbf,
    0xfb, 0xbb, 0xb0, 0x0, 0x0, 0xdf, 0x10, 0x0,
    0x0, 0x0, 0xd, 0xf1, 0x0, 0x0, 0x0, 0x0,
    0xdf, 0x10, 0x0, 0x0, 0x0, 0xd, 0xf1, 0x0,
    0x0, 0x0, 0x0, 0xdf, 0x10, 0x0, 0x0, 0x0,
    0xd, 0xf1, 0x0, 0x0, 0x0, 0x0, 0xdf, 0x10,
    0x0, 0x0, 0x0, 0xd, 0xf1, 0x0, 0x0, 0x0,
    0x0, 0xdf, 0x10, 0x0, 0x0, 0x0, 0xd, 0xf1,
    0x0, 0x0,

    /* U+0443 "у" */
    0x3f, 0xe0, 0x0, 0x0, 0x8, 0xf9, 0xd, 0xf4,
    0x0, 0x0, 0xe, 0xf2, 0x6, 0xfa, 0x0, 0x0,
    0x4f, 0xc0, 0x1, 0xff, 0x0, 0x0, 0xaf, 0x60,
    0x0, 0xaf, 0x50, 0x0, 0xff, 0x0, 0x0, 0x4f,
    0xb0, 0x6, 0xf9, 0x0, 0x0, 0xd, 0xf1, 0xc,
    0xf3, 0x0, 0x0, 0x7, 0xf7, 0x1f, 0xd0, 0x0,
    0x0, 0x1, 0xfc, 0x7f, 0x60, 0x0, 0x0, 0x0,
    0xaf, 0xcf, 0x0, 0x0, 0x0, 0x0, 0x4f, 0xfa,
    0x0, 0x0, 0x0, 0x0, 0xe, 0xf3, 0x0, 0x0,
    0x0, 0x0, 0x2f, 0xd0, 0x0, 0x0, 0x0, 0x0,
    0xaf, 0x60, 0x0, 0x0, 0x1, 0xbc, 0xfd, 0x0,
    0x0, 0x0, 0x5, 0xfe, 0xa1, 0x0, 0x0, 0x0,

    /* U+0444 "ф" */
    0x0, 0x0, 0x6, 0xf8, 0x0, 0x0, 0x0, 0x0,
    0x0, 0x6f, 0x80, 0x0, 0x0, 0x0, 0x0, 0x6,
    0xf8, 0x0, 0x0, 0x0, 0x0, 0x0, 0x6f, 0x80,
    0x0, 0x0, 0x0, 0x29, 0xdf, 0xff, 0xea, 0x20,
    0x0, 0x3e, 0xfb, 0xbf, 0xcb, 0xff, 0x50, 0xe,
    0xf5, 0x6, 0xf8, 0x3, 0xff, 0x16, 0xf9, 0x0,
    0x6f, 0x80, 0x7, 0xf8, 0xbf, 0x30, 0x6, 0xf8,
    0x0, 0x2f, 0xdd, 0xf1, 0x0, 0x6f, 0x80, 0x0,
    0xff, 0xdf, 0x10, 0x6, 0xf8, 0x0, 0xf, 0xfb,
    0xf3, 0x0, 0x6f, 0x80, 0x2, 0xfd, 0x6f, 0x90,
    0x6, 0xf8, 0x0, 0x8f, 0x81, 0xef, 0x50, 0x6f,
    0x80, 0x4f, 0xf2, 0x3, 0xef, 0xcc, 0xfd, 0xcf,
    0xf5, 0x0, 0x2, 0x9d, 0xff, 0xfe, 0xa2, 0x0,
    0x0, 0x0, 0x6, 0xf8, 0x0, 0x0, 0x0, 0x0,
    0x0, 0x6f, 0x80, 0x0, 0x0, 0x0, 0x0, 0x6,
    0xf8, 0x0, 0x0, 0x0, 0x0, 0x0, 0x6f, 0x80,
    0x0, 0x0,

    /* U+0445 "х" */
    0xb, 0xf8, 0x0, 0x0, 0x6f, 0xc0, 0x1, 0xef,
    0x20, 0x1, 0xff, 0x20, 0x0, 0x5f, 0xc0, 0xb,
    0xf6, 0x0, 0x0, 0xa, 0xf6, 0x4f, 0xb0, 0x0,
    0x0, 0x1, 0xee, 0xdf, 0x20, 0x0, 0x0, 0x0,
    0x5f, 0xf6, 0x0, 0x0, 0x0, 0x0, 0x8f, 0xf7,
    0x0, 0x0, 0x0, 0x3, 0xfc, 0xcf, 0x30, 0x0,
    0x0, 0xd, 0xf3, 0x3f, 0xd0, 0x0, 0x0, 0x9f,
    0x90, 0x9, 0xf9, 0x0, 0x4, 0xfe, 0x0, 0x0,
    0xdf, 0x40, 0x1e, 0xf4, 0x0, 0x0, 0x4f, 0xe1,

    /* U+0446 "ц" */
    0x4f, 0xa0, 0x0, 0x0, 0xbf, 0x30, 0x4f, 0xa0,
    0x0, 0x0, 0xbf, 0x30, 0x4f, 0xa0, 0x0, 0x0,
    0xbf, 0x30, 0x4f, 0xa0, 0x0, 0x0, 0xbf, 0x30,
    0x4f, 0xa0, 0x0, 0x0, 0xbf, 0x30, 0x4f, 0xa0,
    0x0, 0x0, 0xbf, 0x30, 0x4f, 0xa0, 0x0, 0x0,
    0xbf, 0x30, 0x4f, 0xa0, 0x0, 0x0, 0xbf, 0x30,
    0x4f, 0xa0, 0x0, 0x0, 0xbf, 0x30, 0x4f, 0xa0,
    0x0, 0x0, 0xbf, 0x30, 0x4f, 0xec, 0xcc, 0xcc,
    0xef, 0xf9, 0x4f, 0xff, 0xff, 0xff, 0xff, 0xfd,
    0x0, 0x0, 0x0, 0x0, 0x2, 0xfd, 0x0, 0x0,
    0x0, 0x0, 0x2, 0xfd, 0x0, 0x0, 0x0, 0x0,
    0x2, 0xfd, 0x0, 0x0, 0x0, 0x0, 0x1, 0x86,

    /* U+0447 "ч" */
    0x4f, 0xa0, 0x0, 0x0, 0xef, 0x4, 0xfa, 0x0,
    0x0, 0xe, 0xf0, 0x4f, 0xa0, 0x0, 0x0, 0xef,
    0x4, 0xfa, 0x0, 0x0, 0xe, 0xf0, 0x3f, 0xc0,
    0x0, 0x0, 0xef, 0x0, 0xff, 0x50, 0x0, 0xe,
    0xf0, 0x6, 0xff, 0xdc, 0xdf, 0xff, 0x0, 0x4,
    0xbf, 0xfe, 0xcf, 0xf0, 0x0, 0x0, 0x0, 0x0,
    0xef, 0x0, 0x0, 0x0, 0x0, 0xe, 0xf0, 0x0,
    0x0, 0x0, 0x0, 0xef, 0x0, 0x0, 0x0, 0x0,
    0xe, 0xf0,

    /* U+0448 "ш" */
    0x4f, 0xa0, 0x0, 0xe, 0xf0, 0x0, 0x8, 0xf6,
    0x4f, 0xa0, 0x0, 0xe, 0xf0, 0x0, 0x8, 0xf6,
    0x4f, 0xa0, 0x0, 0xe, 0xf0, 0x0, 0x8, 0xf6,
    0x4f, 0xa0, 0x0, 0xe, 0xf0, 0x0, 0x8, 0xf6,
    0x4f, 0xa0, 0x0, 0xe, 0xf0, 0x0, 0x8, 0xf6,
    0x4f, 0xa0, 0x0, 0xe, 0xf0, 0x0, 0x8, 0xf6,
    0x4f, 0xa0, 0x0, 0xe, 0xf0, 0x0, 0x8, 0xf6,
    0x4f, 0xa0, 0x0, 0xe, 0xf0, 0x0, 0x8, 0xf6,
    0x4f, 0xa0, 0x0, 0xe, 0xf0, 0x0, 0x8, 0xf6,
    0x4f, 0xa0, 0x0, 0xe, 0xf0, 0x0, 0x8, 0xf6,
    0x4f, 0xec, 0xcc, 0xcf, 0xfc, 0xcc, 0xce, 0xf6,
    0x4f, 0xff, 0xff, 0xff, 0xff, 0xff, 0xff, 0xf6,

    /* U+0449 "щ" */
    0x4f, 0xa0, 0x0, 0xe, 0xf0, 0x0, 0x8, 0xf6,
    0x4, 0xfa, 0x0, 0x0, 0xef, 0x0, 0x0, 0x8f,
    0x60, 0x4f, 0xa0, 0x0, 0xe, 0xf0, 0x0, 0x8,
    0xf6, 0x4, 0xfa, 0x0, 0x0, 0xef, 0x0, 0x0,
    0x8f, 0x60, 0x4f, 0xa0, 0x0, 0xe, 0xf0, 0x0,
    0x8, 0xf6, 0x4, 0xfa, 0x0, 0x0, 0xef, 0x0,
    0x0, 0x8f, 0x60, 0x4f, 0xa0, 0x0, 0xe, 0xf0,
    0x0, 0x8, 0xf6, 0x4, 0xfa, 0x0, 0x0, 0xef,
    0x0, 0x0, 0x8f, 0x60, 0x4f, 0xa0, 0x0, 0xe,
    0xf0, 0x0, 0x8, 0xf6, 0x4, 0xfa, 0x0, 0x0,
    0xef, 0x0, 0x0, 0x8f, 0x60, 0x4f, 0xec, 0xcc,
    0xcf, 0xfc, 0xcc, 0xce, 0xff, 0xb4, 0xff, 0xff,
    0xff, 0xff, 0xff, 0xff, 0xff, 0xff, 0x0, 0x0,
    0x0, 0x0, 0x0, 0x0, 0x0, 0xf, 0xf0, 0x0,
    0x0, 0x0, 0x0, 0x0, 0x0, 0x0, 0xff, 0x0,
    0x0, 0x0, 0x0, 0x0, 0x0, 0x0, 0xf, 0xf0,
    0x0, 0x0, 0x0, 0x0, 0x0, 0x0, 0x0, 0x77,

    /* U+044A "ъ" */
    0xcf, 0xff, 0xf8, 0x0, 0x0, 0x0, 0x0, 0x68,
    0x8b, 0xf8, 0x0, 0x0, 0x0, 0x0, 0x0, 0x7,
    0xf8, 0x0, 0x0, 0x0, 0x0, 0x0, 0x7, 0xf8,
    0x0, 0x0, 0x0, 0x0, 0x0, 0x7, 0xfe, 0xcc,
    0xcb, 0x71, 0x0, 0x0, 0x7, 0xff, 0xff, 0xff,
    0xfe, 0x20, 0x0, 0x7, 0xf8, 0x0, 0x2, 0xbf,
    0xb0, 0x0, 0x7, 0xf8, 0x0, 0x0, 0x1f, 0xf0,
    0x0, 0x7, 0xf8, 0x0, 0x0, 0xf, 0xf0, 0x0,
    0x7, 0xf8, 0x0, 0x0, 0x8f, 0xc0, 0x0, 0x7,
    0xfe, 0xcc, 0xce, 0xff, 0x30, 0x0, 0x7, 0xff,
    0xff, 0xfe, 0xa2, 0x0,

    /* U+044B "ы" */
    0x4f, 0xa0, 0x0, 0x0, 0x0, 0x7, 0xf8, 0x4f,
    0xa0, 0x0, 0x0, 0x0, 0x7, 0xf8, 0x4f, 0xa0,
    0x0, 0x0, 0x0, 0x7, 0xf8, 0x4f, 0xa0, 0x0,
    0x0, 0x0, 0x7, 0xf8, 0x4f, 0xec, 0xcc, 0xb8,
    0x10, 0x7, 0xf8, 0x4f, 0xff, 0xff, 0xff, 0xf3,
    0x7, 0xf8, 0x4f, 0xa0, 0x0, 0x2a, 0xfd, 0x7,
    0xf8, 0x4f, 0xa0, 0x0, 0x0, 0xef, 0x17, 0xf8,
    0x4f, 0xa0, 0x0, 0x0, 0xdf, 0x17, 0xf8, 0x4f,
    0xa0, 0x0, 0x6, 0xfe, 0x7, 0xf8, 0x4f, 0xec,
    0xcc, 0xef, 0xf5, 0x7, 0xf8, 0x4f, 0xff, 0xff,
    0xeb, 0x40, 0x7, 0xf8,

    /* U+044C "ь" */
    0x4f, 0xa0, 0x0, 0x0, 0x0, 0x4, 0xfa, 0x0,
    0x0, 0x0, 0x0, 0x4f, 0xa0, 0x0, 0x0, 0x0,
    0x4, 0xfa, 0x0, 0x0, 0x0, 0x0, 0x4f, 0xec,
    0xcc, 0xb8, 0x10, 0x4, 0xff, 0xff, 0xff, 0xff,
    0x30, 0x4f, 0xa0, 0x0, 0x2a, 0xfd, 0x4, 0xfa,
    0x0, 0x0, 0xe, 0xf1, 0x4f, 0xa0, 0x0, 0x0,
    0xdf, 0x14, 0xfa, 0x0, 0x0, 0x6f, 0xe0, 0x4f,
    0xec, 0xcc, 0xef, 0xf5, 0x4, 0xff, 0xff, 0xfe,
    0xb4, 0x0,

    /* U+044D "э" */
    0x0, 0x6c, 0xee, 0xc6, 0x0, 0x0, 0xbf, 0xfc,
    0xcf, 0xfb, 0x0, 0x8f, 0xb1, 0x0, 0x1c, 0xf8,
    0x4, 0x81, 0x0, 0x0, 0x2f, 0xf0, 0x0, 0x0,
    0x0, 0x0, 0xbf, 0x40, 0x0, 0xcf, 0xff, 0xff,
    0xf6, 0x0, 0x8, 0xbb, 0xbb, 0xef, 0x60, 0x0,
    0x0, 0x0, 0xb, 0xf4, 0x6b, 0x10, 0x0, 0x1,
    0xff, 0x8, 0xfc, 0x10, 0x1, 0xcf, 0x80, 0xb,
    0xff, 0xcc, 0xff, 0xb0, 0x0, 0x6, 0xce, 0xfc,
    0x60, 0x0,

    /* U+044E "ю" */
    0x4f, 0x80, 0x0, 0x0, 0x7c, 0xfe, 0xc5, 0x0,
    0x4, 0xf8, 0x0, 0x0, 0xcf, 0xea, 0xae, 0xfa,
    0x0, 0x4f, 0x80, 0x0, 0xaf, 0xa0, 0x0, 0xb,
    0xf7, 0x4, 0xf8, 0x0, 0x2f, 0xe0, 0x0, 0x0,
    0x1f, 0xe0, 0x4f, 0x80, 0x6, 0xf9, 0x0, 0x0,
    0x0, 0xbf, 0x44, 0xff, 0xff, 0xff, 0x70, 0x0,
    0x0, 0x9, 0xf5, 0x4f, 0xdb, 0xbd, 0xf7, 0x0,
    0x0, 0x0, 0x9f, 0x54, 0xf8, 0x0, 0x5f, 0xa0,
    0x0, 0x0, 0xb, 0xf4, 0x4f, 0x80, 0x1, 0xff,
    0x10, 0x0, 0x2, 0xff, 0x4, 0xf8, 0x0, 0x9,
    0xfb, 0x10, 0x1, 0xcf, 0x80, 0x4f, 0x80, 0x0,
    0xc, 0xff, 0xcc, 0xff, 0xb0, 0x4, 0xf8, 0x0,
    0x0, 0x6, 0xcf, 0xec, 0x60, 0x0,

    /* U+044F "я" */
    0x0, 0x2a, 0xef, 0xff, 0xff, 0x80, 0x3f, 0xfd,
    0xba, 0xac, 0xf8, 0xb, 0xf7, 0x0, 0x0, 0x6f,
    0x80, 0xef, 0x0, 0x0, 0x6, 0xf8, 0xe, 0xf1,
    0x0, 0x0, 0x6f, 0x80, 0x9f, 0xb3, 0x0, 0x6,
    0xf8, 0x0, 0xcf, 0xff, 0xff, 0xff, 0x80, 0x0,
    0xcf, 0xb9, 0x9c, 0xf8, 0x0, 0x4f, 0xd0, 0x0,
    0x6f, 0x80, 0xd, 0xf4, 0x0, 0x6, 0xf8, 0x8,
    0xfa, 0x0, 0x0, 0x6f, 0x83, 0xff, 0x10, 0x0,
    0x6, 0xf8,

    /* U+0450 "ѐ" */
    0x0, 0x1e, 0xf1, 0x0, 0x0, 0x0, 0x0, 0x5f,
    0x80, 0x0, 0x0, 0x0, 0x0, 0xbf, 0x10, 0x0,
    0x0, 0x0, 0x0, 0x10, 0x0, 0x0, 0x0, 0x0,
    0x0, 0x0, 0x0, 0x0, 0x2, 0x9d, 0xfe, 0xa2,
    0x0, 0x3, 0xef, 0xdb, 0xdf, 0xf4, 0x0, 0xef,
    0x50, 0x0, 0x6f, 0xe0, 0x6f, 0x80, 0x0, 0x0,
    0xaf, 0x6b, 0xf2, 0x0, 0x0, 0x5, 0xfa, 0xdf,
    0xff, 0xff, 0xff, 0xff, 0xbd, 0xfa, 0x99, 0x99,
    0x99, 0x97, 0xbf, 0x30, 0x0, 0x0, 0x0, 0x7,
    0xf9, 0x0, 0x0, 0x2, 0x30, 0x1e, 0xf6, 0x0,
    0x2, 0xdf, 0x50, 0x3e, 0xfe, 0xbc, 0xff, 0x90,
    0x0, 0x29, 0xdf, 0xeb, 0x50, 0x0,

    /* U+0451 "ё" */
    0x0, 0xbe, 0x30, 0x3e, 0xa0, 0x0, 0xf, 0xf6,
    0x7, 0xff, 0x0, 0x0, 0x46, 0x0, 0x7, 0x30,
    0x0, 0x0, 0x0, 0x0, 0x0, 0x0, 0x0, 0x29,
    0xdf, 0xea, 0x20, 0x0, 0x3e, 0xfd, 0xbd, 0xff,
    0x40, 0xe, 0xf5, 0x0, 0x6, 0xfe, 0x6, 0xf8,
    0x0, 0x0, 0xa, 0xf6, 0xbf, 0x20, 0x0, 0x0,
    0x5f, 0xad, 0xff, 0xff, 0xff, 0xff, 0xfb, 0xdf,
    0xa9, 0x99, 0x99, 0x99, 0x7b, 0xf3, 0x0, 0x0,
    0x0, 0x0, 0x7f, 0x90, 0x0, 0x0, 0x23, 0x1,
    0xef, 0x60, 0x0, 0x2d, 0xf5, 0x3, 0xef, 0xeb,
    0xcf, 0xf9, 0x0, 0x2, 0x9d, 0xfe, 0xb5, 0x0,

    /* U+0452 "ђ" */
    0x26, 0xfa, 0x22, 0x20, 0x0, 0x0, 0xef, 0xff,
    0xff, 0xf0, 0x0, 0x0, 0x48, 0xfb, 0x55, 0x50,
    0x0, 0x0, 0x4, 0xfa, 0x0, 0x0, 0x0, 0x0,
    0x4, 0xfa, 0x19, 0xef, 0xd6, 0x0, 0x4, 0xfa,
    0xde, 0xcd, 0xff, 0x80, 0x4, 0xff, 0x90, 0x0,
    0x7f, 0xf0, 0x4, 0xfe, 0x0, 0x0, 0xc, 0xf3,
    0x4, 0xfb, 0x0, 0x0, 0xa, 0xf4, 0x4, 0xfa,
    0x0, 0x0, 0xa, 0xf5, 0x4, 0xfa, 0x0, 0x0,
    0xa, 0xf5, 0x4, 0xfa, 0x0, 0x0, 0xa, 0xf5,
    0x4, 0xfa, 0x0, 0x0, 0xa, 0xf5, 0x4, 0xfa,
    0x0, 0x0, 0xa, 0xf5, 0x4, 0xfa, 0x0, 0x0,
    0xa, 0xf5, 0x4, 0xfa, 0x0, 0x0, 0xa, 0xf4,
    0x0, 0x0, 0x0, 0x0, 0xa, 0xf4, 0x0, 0x0,
    0x0, 0x0, 0xb, 0xf4, 0x0, 0x0, 0x0, 0x9,
    0xbf, 0xf1, 0x0, 0x0, 0x0, 0xe, 0xfc, 0x40,

    /* U+0453 "ѓ" */
    0x0, 0x0, 0x7, 0x70, 0x0, 0x0, 0x7, 0xf8,
    0x0, 0x0, 0x0, 0xec, 0x0, 0x0, 0x0, 0x28,
    0x20, 0x0, 0x0, 0x0, 0x0, 0x0, 0x4, 0xff,
    0xff, 0xff, 0xf2, 0x4f, 0xec, 0xcc, 0xcc, 0x14,
    0xfa, 0x0, 0x0, 0x0, 0x4f, 0xa0, 0x0, 0x0,
    0x4, 0xfa, 0x0, 0x0, 0x0, 0x4f, 0xa0, 0x0,
    0x0, 0x4, 0xfa, 0x0, 0x0, 0x0, 0x4f, 0xa0,
    0x0, 0x0, 0x4, 0xfa, 0x0, 0x0, 0x0, 0x4f,
    0xa0, 0x0, 0x0, 0x4, 0xfa, 0x0, 0x0, 0x0,
    0x4f, 0xa0, 0x0, 0x0, 0x0,

    /* U+0454 "є" */
    0x0, 0x29, 0xdf, 0xea, 0x30, 0x0, 0x3e, 0xfe,
    0xbd, 0xff, 0x60, 0xe, 0xf7, 0x0, 0x4, 0xff,
    0x16, 0xfa, 0x0, 0x0, 0x5, 0x71, 0xbf, 0x40,
    0x0, 0x0, 0x0, 0xd, 0xff, 0xff, 0xff, 0x50,
    0x0, 0xdf, 0xcb, 0xbb, 0xb3, 0x0, 0xb, 0xf4,
    0x0, 0x0, 0x0, 0x0, 0x6f, 0xa0, 0x0, 0x0,
    0x79, 0x21, 0xef, 0x70, 0x0, 0x4f, 0xf1, 0x3,
    0xef, 0xeb, 0xdf, 0xf5, 0x0, 0x2, 0x9d, 0xfe,
    0xa3, 0x0,

    /* U+0455 "ѕ" */
    0x0, 0x7c, 0xfe, 0xc5, 0x0, 0xb, 0xfe, 0xab,
    0xff, 0x80, 0x4f, 0xc0, 0x0, 0x1d, 0xf1, 0x6f,
    0x80, 0x0, 0x1, 0x0, 0x3f, 0xf6, 0x10, 0x0,
    0x0, 0x7, 0xff, 0xfd, 0x93, 0x0, 0x0, 0x17,
    0xbe, 0xff, 0x90, 0x0, 0x0, 0x0, 0x4e, 0xf4,
    0x26, 0x0, 0x0, 0x8, 0xf7, 0x9f, 0x90, 0x0,
    0x1d, 0xf4, 0x2e, 0xfe, 0xbc, 0xff, 0xb0, 0x1,
    0x8d, 0xff, 0xc6, 0x0,

    /* U+0456 "і" */
    0x5f, 0xa0, 0x9f, 0xf0, 0x17, 0x30, 0x0, 0x0,
    0x4f, 0xa0, 0x4f, 0xa0, 0x4f, 0xa0, 0x4f, 0xa0,
    0x4f, 0xa0, 0x4f, 0xa0, 0x4f, 0xa0, 0x4f, 0xa0,
    0x4f, 0xa0, 0x4f, 0xa0, 0x4f, 0xa0, 0x4f, 0xa0,

    /* U+0457 "ї" */
    0x8f, 0x50, 0x1d, 0xc0, 0xcf, 0x90, 0x4f, 0xf2,
    0x27, 0x10, 0x6, 0x50, 0x0, 0x0, 0x0, 0x0,
    0x0, 0x4f, 0xa0, 0x0, 0x0, 0x4f, 0xa0, 0x0,
    0x0, 0x4f, 0xa0, 0x0, 0x0, 0x4f, 0xa0, 0x0,
    0x0, 0x4f, 0xa0, 0x0, 0x0, 0x4f, 0xa0, 0x0,
    0x0, 0x4f, 0xa0, 0x0, 0x0, 0x4f, 0xa0, 0x0,
    0x0, 0x4f, 0xa0, 0x0, 0x0, 0x4f, 0xa0, 0x0,
    0x0, 0x4f, 0xa0, 0x0, 0x0, 0x4f, 0xa0, 0x0,

    /* U+0458 "ј" */
    0x0, 0x5f, 0xa0, 0x0, 0x9f, 0xe0, 0x0, 0x17,
    0x30, 0x0, 0x0, 0x0, 0x0, 0x5f, 0xa0, 0x0,
    0x5f, 0xa0, 0x0, 0x5f, 0xa0, 0x0, 0x5f, 0xa0,
    0x0, 0x5f, 0xa0, 0x0, 0x5f, 0xa0, 0x0, 0x5f,
    0xa0, 0x0, 0x5f, 0xa0, 0x0, 0x5f, 0xa0, 0x0,
    0x5f, 0xa0, 0x0, 0x5f, 0xa0, 0x0, 0x5f, 0xa0,
    0x0, 0x5f, 0x90, 0x0, 0x9f, 0x70, 0x3d, 0xff,
    0x20, 0x4f, 0xc3, 0x0,

    /* U+0459 "љ" */
    0x0, 0xf, 0xff, 0xff, 0xff, 0xfd, 0x0, 0x0,
    0x0, 0x0, 0x0, 0xf, 0xfc, 0xcc, 0xcf, 0xfd,
    0x0, 0x0, 0x0, 0x0, 0x0, 0xf, 0xe0, 0x0,
    0xf, 0xfd, 0x0, 0x0, 0x0, 0x0, 0x0, 0xf,
    0xd0, 0x0, 0xf, 0xfd, 0x0, 0x0, 0x0, 0x0,
    0x0, 0x1f, 0xc0, 0x0, 0xf, 0xff, 0xcc, 0xcb,
    0x82, 0x0, 0x0, 0x2f, 0xc0, 0x0, 0xf, 0xff,
    0xff, 0xff, 0xff, 0x40, 0x0, 0x3f, 0xb0, 0x0,
    0xf, 0xfd, 0x0, 0x1, 0x9f, 0xe0, 0x0, 0x4f,
    0x90, 0x0, 0xf, 0xfd, 0x0, 0x0, 0xe, 0xf2,
    0x0, 0x7f, 0x70, 0x0, 0xf, 0xfd, 0x0, 0x0,
    0xc, 0xf2, 0x0, 0xcf, 0x30, 0x0, 0xf, 0xfd,
    0x0, 0x0, 0x5f, 0xe0, 0x6e, 0xfc, 0x0, 0x0,
    0xf, 0xff, 0xcc, 0xcd, 0xff, 0x50, 0x9f, 0xb1,
    0x0, 0x0, 0xf, 0xff, 0xff, 0xfe, 0xb4, 0x0,

    /* U+045A "њ" */
    0x4f, 0xa0, 0x0, 0x0, 0xbf, 0x30, 0x0, 0x0,
    0x0, 0x4f, 0xa0, 0x0, 0x0, 0xbf, 0x30, 0x0,
    0x0, 0x0, 0x4f, 0xa0, 0x0, 0x0, 0xbf, 0x30,
    0x0, 0x0, 0x0, 0x4f, 0xa0, 0x0, 0x0, 0xbf,
    0x30, 0x0, 0x0, 0x0, 0x4f, 0xa0, 0x0, 0x0,
    0xbf, 0x30, 0x0, 0x0, 0x0, 0x4f, 0xff, 0xff,
    0xff, 0xff, 0xff, 0xff, 0xd9, 0x10, 0x4f, 0xec,
    0xcc, 0xcc, 0xef, 0xdc, 0xcc, 0xff, 0xe1, 0x4f,
    0xa0, 0x0, 0x0, 0xbf, 0x30, 0x0, 0xb, 0xf7,
    0x4f, 0xa0, 0x0, 0x0, 0xbf, 0x30, 0x0, 0x6,
    0xf9, 0x4f, 0xa0, 0x0, 0x0, 0xbf, 0x30, 0x0,
    0xb, 0xf7, 0x4f, 0xa0, 0x0, 0x0, 0xbf, 0xdc,
    0xcc, 0xef, 0xe1, 0x4f, 0xa0, 0x0, 0x0, 0xbf,
    0xff, 0xff, 0xd8, 0x10,

    /* U+045B "ћ" */
    0x4, 0xfa, 0x0, 0x0, 0x0, 0x0, 0x27, 0xfc,
    0x22, 0x20, 0x0, 0x0, 0xef, 0xff, 0xff, 0xf0,
    0x0, 0x0, 0x4a, 0xff, 0x55, 0x50, 0x0, 0x0,
    0x4, 0xfa, 0x19, 0xef, 0xd6, 0x0, 0x4, 0xfa,
    0xde, 0xce, 0xff, 0x70, 0x4, 0xff, 0x90, 0x0,
    0x7f, 0xf0, 0x4, 0xfe, 0x0, 0x0, 0xd, 0xf3,
    0x4, 0xfb, 0x0, 0x0, 0xa, 0xf4, 0x4, 0xfa,
    0x0, 0x0, 0xa, 0xf5, 0x4, 0xfa, 0x0, 0x0,
    0xa, 0xf5, 0x4, 0xfa, 0x0, 0x0, 0xa, 0xf5,
    0x4, 0xfa, 0x0, 0x0, 0xa, 0xf5, 0x4, 0xfa,
    0x0, 0x0, 0xa, 0xf5, 0x4, 0xfa, 0x0, 0x0,
    0xa, 0xf5, 0x4, 0xfa, 0x0, 0x0, 0xa, 0xf5,

    /* U+045C "ќ" */
    0x0, 0x0, 0x4, 0x84, 0x0, 0x0, 0x0, 0x0,
    0xdf, 0x20, 0x0, 0x0, 0x0, 0x6f, 0x60, 0x0,
    0x0, 0x0, 0x6, 0x60, 0x0, 0x0, 0x0, 0x0,
    0x0, 0x0, 0x0, 0x4, 0xfa, 0x0, 0x0, 0x4f,
    0xf3, 0x4f, 0xa0, 0x0, 0x2f, 0xf5, 0x4, 0xfa,
    0x0, 0x1d, 0xf8, 0x0, 0x4f, 0xa0, 0xb, 0xfa,
    0x0, 0x4, 0xfa, 0x9, 0xfd, 0x0, 0x0, 0x4f,
    0xec, 0xff, 0x20, 0x0, 0x4, 0xff, 0xff, 0xf4,
    0x0, 0x0, 0x4f, 0xa0, 0x5f, 0xe2, 0x0, 0x4,
    0xfa, 0x0, 0x8f, 0xd0, 0x0, 0x4f, 0xa0, 0x0,
    0xcf, 0xa0, 0x4, 0xfa, 0x0, 0x1, 0xef, 0x70,
    0x4f, 0xa0, 0x0, 0x3, 0xff, 0x30,

    /* U+045D "ѝ" */
    0x0, 0x1, 0x10, 0x0, 0x0, 0x0, 0x0, 0xef,
    0x20, 0x0, 0x0, 0x0, 0x4, 0xf9, 0x0, 0x0,
    0x0, 0x0, 0x9, 0xf1, 0x0, 0x0, 0x0, 0x0,
    0x0, 0x0, 0x0, 0x4, 0xfa, 0x0, 0x0, 0xd,
    0xf5, 0x4f, 0xa0, 0x0, 0x8, 0xff, 0x54, 0xfa,
    0x0, 0x2, 0xff, 0xf5, 0x4f, 0xa0, 0x0, 0xcf,
    0xcf, 0x54, 0xfa, 0x0, 0x7f, 0x7a, 0xf5, 0x4f,
    0xa0, 0x2f, 0xc0, 0xaf, 0x54, 0xfa, 0xc, 0xf2,
    0xa, 0xf5, 0x4f, 0xa7, 0xf7, 0x0, 0xaf, 0x54,
    0xfc, 0xfd, 0x0, 0xa, 0xf5, 0x4f, 0xff, 0x30,
    0x0, 0xaf, 0x54, 0xff, 0x80, 0x0, 0xa, 0xf5,
    0x4f, 0xd0, 0x0, 0x0, 0xaf, 0x50,

    /* U+045E "ў" */
    0x0, 0xd, 0x90, 0x3, 0xf3, 0x0, 0x0, 0x8,
    0xf4, 0x2b, 0xe0, 0x0, 0x0, 0x0, 0xbf, 0xfe,
    0x30, 0x0, 0x0, 0x0, 0x2, 0x30, 0x0, 0x0,
    0x0, 0x0, 0x0, 0x0, 0x0, 0x0, 0x3f, 0xe0,
    0x0, 0x0, 0x8, 0xf9, 0xd, 0xf4, 0x0, 0x0,
    0xe, 0xf2, 0x6, 0xfa, 0x0, 0x0, 0x4f, 0xc0,
    0x1, 0xff, 0x0, 0x0, 0xaf, 0x60, 0x0, 0xaf,
    0x50, 0x0, 0xff, 0x0, 0x0, 0x4f, 0xb0, 0x6,
    0xf9, 0x0, 0x0, 0xd, 0xf1, 0xc, 0xf3, 0x0,
    0x0, 0x7, 0xf7, 0x1f, 0xd0, 0x0, 0x0, 0x1,
    0xfc, 0x7f, 0x60, 0x0, 0x0, 0x0, 0xaf, 0xcf,
    0x0, 0x0, 0x0, 0x0, 0x4f, 0xfa, 0x0, 0x0,
    0x0, 0x0, 0xe, 0xf3, 0x0, 0x0, 0x0, 0x0,
    0x2f, 0xd0, 0x0, 0x0, 0x0, 0x0, 0xaf, 0x60,
    0x0, 0x0, 0x1, 0xbc, 0xfd, 0x0, 0x0, 0x0,
    0x5, 0xfe, 0xa1, 0x0, 0x0, 0x0,

    /* U+045F "џ" */
    0x4f, 0xa0, 0x0, 0x0, 0xbf, 0x34, 0xfa, 0x0,
    0x0, 0xb, 0xf3, 0x4f, 0xa0, 0x0, 0x0, 0xbf,
    0x34, 0xfa, 0x0, 0x0, 0xb, 0xf3, 0x4f, 0xa0,
    0x0, 0x0, 0xbf, 0x34, 0xfa, 0x0, 0x0, 0xb,
    0xf3, 0x4f, 0xa0, 0x0, 0x0, 0xbf, 0x34, 0xfa,
    0x0, 0x0, 0xb, 0xf3, 0x4f, 0xa0, 0x0, 0x0,
    0xbf, 0x34, 0xfa, 0x0, 0x0, 0xb, 0xf3, 0x4f,
    0xec, 0xcc, 0xcc, 0xef, 0x34, 0xff, 0xff, 0xff,
    0xff, 0xf3, 0x0, 0x0, 0x8f, 0x70, 0x0, 0x0,
    0x0, 0x8, 0xf7, 0x0, 0x0, 0x0, 0x0, 0x8f,
    0x70, 0x0, 0x0, 0x0, 0x4, 0x83, 0x0, 0x0,

    /* U+2010 "‐" */
    0x6c, 0xcc, 0xcc, 0xc5, 0x9f, 0xff, 0xff, 0xf7,

    /* U+2011 "‑" */
    0x6c, 0xcc, 0xcc, 0xc5, 0x9f, 0xff, 0xff, 0xf7,

    /* U+2012 "‒" */
    0xbc, 0xcc, 0xcc, 0xcc, 0xcc, 0xcc, 0x2f, 0xff,
    0xff, 0xff, 0xff, 0xff, 0xf3,

    /* U+2013 "–" */
    0xcc, 0xcc, 0xcc, 0xcc, 0xcc, 0xcf, 0xff, 0xff,
    0xff, 0xff, 0xff,

    /* U+2014 "—" */
    0xcc, 0xcc, 0xcc, 0xcc, 0xcc, 0xcc, 0xcc, 0xcc,
    0xcc, 0xcc, 0xcc, 0xff, 0xff, 0xff, 0xff, 0xff,
    0xff, 0xff, 0xff, 0xff, 0xff, 0xff,

    /* U+2015 "―" */
    0xcc, 0xcc, 0xcc, 0xcc, 0xcc, 0xcc, 0xcc, 0xcc,
    0xcc, 0xcc, 0xcc, 0xff, 0xff, 0xff, 0xff, 0xff,
    0xff, 0xff, 0xff, 0xff, 0xff, 0xff,

    /* U+2016 "‖" */
    0x3f, 0x80, 0xfb, 0x3f, 0x80, 0xfb, 0x3f, 0x80,
    0xfb, 0x3f, 0x80, 0xfb, 0x3f, 0x80, 0xfb, 0x3f,
    0x80, 0xfb, 0x3f, 0x80, 0xfb, 0x3f, 0x80, 0xfb,
    0x3f, 0x80, 0xfb, 0x3f, 0x80, 0xfb, 0x3f, 0x80,
    0xfb, 0x3f, 0x80, 0xfb, 0x3f, 0x80, 0xfb, 0x3f,
    0x80, 0xfb, 0x3f, 0x80, 0xfb, 0x3f, 0x80, 0xfb,
    0x3f, 0x80, 0xfb, 0x3f, 0x80, 0xfb, 0x3f, 0x80,
    0xfb, 0x3f, 0x80, 0xfb, 0x3f, 0x80, 0xfb, 0x3f,
    0x80, 0xfb, 0x3f, 0x80, 0xfb, 0x3f, 0x80, 0xfb,
    0x3f, 0x80, 0xfb, 0x3f, 0x80, 0xfb,

    /* U+2017 "‗" */
    0xb, 0xbb, 0xbb, 0xbb, 0xbb, 0xa0, 0xff, 0xff,
    0xff, 0xff, 0xff, 0x0, 0x0, 0x0, 0x0, 0x0,
    0x0, 0xbb, 0xbb, 0xbb, 0xbb, 0xba, 0xf, 0xff,
    0xff, 0xff, 0xff, 0xf0,

    /* U+2018 "‘" */
    0x0, 0xcc, 0x0, 0xfa, 0x4, 0xf7, 0x9, 0xf5,
    0xd, 0xf2, 0x2f, 0xf0, 0x0, 0x0,

    /* U+2019 "’" */
    0x0, 0x0, 0x6, 0xfb, 0x9, 0xf7, 0xb, 0xf2,
    0xe, 0xe0, 0xf, 0x90, 0x3f, 0x50,

    /* U+201A "‚" */
    0x0, 0x0, 0xd, 0xf4, 0xf, 0xf0, 0x2f, 0xb0,
    0x5f, 0x70, 0x7f, 0x20, 0xae, 0x0,

    /* U+201B "‛" */
    0xf, 0xf2, 0x0, 0xbf, 0x40, 0x7, 0xf7, 0x0,
    0x2f, 0x90, 0x0, 0xec, 0x0, 0x9, 0xe0, 0x0,
    0x0, 0x0,

    /* U+201C "“" */
    0x0, 0xcc, 0x0, 0xcb, 0x0, 0xfa, 0x1, 0xf9,
    0x4, 0xf7, 0x5, 0xf7, 0x9, 0xf5, 0xa, 0xf4,
    0xd, 0xf2, 0xe, 0xf2, 0x2f, 0xf0, 0x2f, 0xf0,
    0x0, 0x0, 0x0, 0x0,

    /* U+201D "”" */
    0x0, 0x0, 0x0, 0x0, 0x6, 0xfb, 0x7, 0xfa,
    0x9, 0xf7, 0x9, 0xf6, 0xb, 0xf2, 0xc, 0xf2,
    0xe, 0xe0, 0xe, 0xd0, 0xf, 0x90, 0x1f, 0x90,
    0x3f, 0x50, 0x4f, 0x40,

    /* U+201E "„" */
    0x0, 0x0, 0x0, 0x0, 0xd, 0xf4, 0xe, 0xf4,
    0xf, 0xf0, 0xf, 0xf0, 0x2f, 0xb0, 0x3f, 0xb0,
    0x5f, 0x70, 0x5f, 0x60, 0x7f, 0x20, 0x8f, 0x20,
    0xae, 0x0, 0xad, 0x0,

    /* U+201F "‟" */
    0xf, 0xf2, 0x1f, 0xf1, 0xb, 0xf4, 0xc, 0xf4,
    0x7, 0xf7, 0x7, 0xf6, 0x2, 0xf9, 0x3, 0xf9,
    0x0, 0xec, 0x0, 0xeb, 0x0, 0x9e, 0x0, 0xae,
    0x0, 0x0, 0x0, 0x0,

    /* U+2020 "†" */
    0x0, 0x8, 0xf5, 0x0, 0x0, 0x0, 0x8f, 0x50,
    0x0, 0x0, 0x8, 0xf5, 0x0, 0x7, 0x99, 0xdf,
    0xb9, 0x95, 0xcf, 0xff, 0xff, 0xff, 0x90, 0x0,
    0x8f, 0x50, 0x0, 0x0, 0x8, 0xf5, 0x0, 0x0,
    0x0, 0x8f, 0x50, 0x0, 0x0, 0x7, 0xf4, 0x0,
    0x0, 0x0, 0x6f, 0x20, 0x0, 0x0, 0x4, 0xf1,
    0x0, 0x0, 0x0, 0x2a, 0x0, 0x0,

    /* U+2021 "‡" */
    0x0, 0x8, 0xf5, 0x0, 0x0, 0x0, 0x8f, 0x50,
    0x0, 0x0, 0x8, 0xf5, 0x0, 0x7, 0x99, 0xdf,
    0xb9, 0x95, 0xcf, 0xff, 0xff, 0xff, 0x90, 0x0,
    0x8f, 0x50, 0x0, 0x0, 0x8, 0xf5, 0x0, 0x0,
    0x0, 0x8f, 0x50, 0x0, 0x79, 0x9d, 0xfb, 0x99,
    0x5c, 0xff, 0xff, 0xff, 0xf9, 0x0, 0x8, 0xf5,
    0x0, 0x0, 0x0, 0x8f, 0x50, 0x0, 0x0, 0x7,
    0xf4, 0x0, 0x0, 0x0, 0x6f, 0x30, 0x0, 0x0,
    0x5, 0xf1, 0x0, 0x0, 0x0, 0x3f, 0x0, 0x0,

    /* U+2022 "•" */
    0x0, 0x4a, 0xb7, 0x0, 0x7, 0xff, 0xff, 0xc0,
    0x1f, 0xff, 0xff, 0xf6, 0x3f, 0xff, 0xff, 0xf9,
    0x1f, 0xff, 0xff, 0xf7, 0xa, 0xff, 0xff, 0xe1,
    0x0, 0x8e, 0xfb, 0x20,

    /* U+2023 "‣" */
    0x24, 0x0, 0x0, 0x3, 0xfb, 0x20, 0x0, 0x3f,
    0xff, 0x80, 0x3, 0xff, 0xff, 0xe2, 0x3f, 0xff,
    0xe5, 0x3, 0xff, 0x80, 0x0, 0x3b, 0x20, 0x0,
    0x0, 0x0, 0x0, 0x0,

    /* U+2024 "․" */
    0xa, 0xc2, 0x3f, 0xf9, 0xc, 0xe3,

    /* U+2025 "‥" */
    0xa, 0xc2, 0x0, 0x6, 0xc6, 0x3f, 0xf9, 0x0,
    0xe, 0xfe, 0xc, 0xe3, 0x0, 0x7, 0xf8,

    /* U+2026 "…" */
    0xa, 0xc2, 0x0, 0x6, 0xc6, 0x0, 0x2, 0xca,
    0x3, 0xff, 0x90, 0x0, 0xef, 0xe0, 0x0, 0x8f,
    0xf3, 0xc, 0xe3, 0x0, 0x7, 0xf8, 0x0, 0x3,
    0xec, 0x0,

    /* U+2027 "‧" */
    0xa, 0xc2, 0x3f, 0xf9, 0xc, 0xe3,

    /* U+2030 "‰" */
    0x3, 0xcf, 0xd6, 0x0, 0x0, 0x0, 0x1e, 0xc0,
    0x0, 0x0, 0x0, 0x0, 0x1, 0xfd, 0x6b, 0xf4,
    0x0, 0x0, 0xb, 0xf2, 0x0, 0x0, 0x0, 0x0,
    0x0, 0x7f, 0x30, 0xf, 0xa0, 0x0, 0x6, 0xf6,
    0x0, 0x0, 0x0, 0x0, 0x0, 0x8, 0xf1, 0x0,
    0xeb, 0x0, 0x1, 0xfb, 0x0, 0x0, 0x0, 0x0,
    0x0, 0x0, 0x7f, 0x20, 0xf, 0xb0, 0x0, 0xbf,
    0x10, 0x0, 0x0, 0x0, 0x0, 0x0, 0x3, 0xfa,
    0x27, 0xf6, 0x0, 0x7f, 0x50, 0x0, 0x0, 0x0,
    0x0, 0x0, 0x0, 0x7, 0xff, 0xfa, 0x0, 0x2f,
    0xa0, 0x0, 0x0, 0x0, 0x0, 0x0, 0x0, 0x0,
    0x1, 0x42, 0x0, 0xc, 0xe1, 0x0, 0x0, 0x0,
    0x0, 0x0, 0x0, 0x0, 0x0, 0x0, 0x0, 0x8,
    0xf4, 0x0, 0x0, 0x0, 0x0, 0x0, 0x0, 0x0,
    0x0, 0x0, 0x0, 0x3, 0xf9, 0x0, 0x1b, 0xff,
    0xb1, 0x0, 0x3d, 0xff, 0x90, 0x0, 0x0, 0x0,
    0xde, 0x0, 0xb, 0xf6, 0x6f, 0xb0, 0xe, 0xd5,
    0x8f, 0x80, 0x0, 0x0, 0x9f, 0x40, 0x1, 0xf9,
    0x0, 0x9f, 0x14, 0xf6, 0x0, 0xdd, 0x0, 0x0,
    0x4f, 0x80, 0x0, 0x2f, 0x80, 0x8, 0xf1, 0x5f,
    0x40, 0xb, 0xe0, 0x0, 0xe, 0xd0, 0x0, 0x0,
    0xf9, 0x0, 0xaf, 0x4, 0xf6, 0x0, 0xdd, 0x0,
    0xa, 0xf3, 0x0, 0x0, 0xb, 0xf8, 0x8f, 0xa0,
    0xe, 0xe7, 0xaf, 0x70, 0x5, 0xf7, 0x0, 0x0,
    0x0, 0x1a, 0xff, 0xa1, 0x0, 0x2b, 0xfe, 0x80,

    /* U+20AC "€" */
    0x0, 0x0, 0x0, 0x7c, 0xff, 0xd8, 0x10, 0x0,
    0x0, 0x2d, 0xff, 0xfe, 0xff, 0xe2, 0x0, 0x1,
    0xef, 0xb3, 0x0, 0x18, 0xd0, 0x0, 0x9, 0xfb,
    0x0, 0x0, 0x0, 0x0, 0x0, 0xf, 0xf2, 0x0,
    0x0, 0x0, 0x0, 0x8, 0xaf, 0xe8, 0x88, 0x88,
    0x83, 0x0, 0x4f, 0xff, 0xff, 0xff, 0xff, 0xf0,
    0x0, 0x0, 0x7f, 0x80, 0x0, 0x0, 0x0, 0x0,
    0x8, 0xcf, 0xc9, 0x99, 0x98, 0x0, 0x0, 0x4f,
    0xff, 0xff, 0xff, 0xfa, 0x0, 0x0, 0x0, 0x2f,
    0xe0, 0x0, 0x0, 0x0, 0x0, 0x0, 0xd, 0xf4,
    0x0, 0x0, 0x0, 0x0, 0x0, 0x6, 0xfd, 0x10,
    0x0, 0x0, 0x10, 0x0, 0x0, 0xcf, 0xc3, 0x0,
    0x19, 0xd0, 0x0, 0x0, 0x1c, 0xff, 0xee, 0xff,
    0xe2, 0x0, 0x0, 0x0, 0x6c, 0xff, 0xd8, 0x10,

    /* U+F001 "" */
    0x0, 0x0, 0x0, 0x0, 0x0, 0x0, 0x0, 0x0,
    0x0, 0x0, 0x1, 0x0, 0x0, 0x0, 0x0, 0x0,
    0x0, 0x0, 0x0, 0x0, 0x5, 0x9e, 0xf8, 0x0,
    0x0, 0x0, 0x0, 0x0, 0x0, 0x0, 0x26, 0xbf,
    0xff, 0xff, 0xd0, 0x0, 0x0, 0x0, 0x0, 0x0,
    0x48, 0xdf, 0xff, 0xff, 0xff, 0xfd, 0x0, 0x0,
    0x0, 0x1, 0x5a, 0xff, 0xff, 0xff, 0xff, 0xff,
    0xff, 0xd0, 0x0, 0x0, 0x5, 0xff, 0xff, 0xff,
    0xff, 0xff, 0xff, 0xff, 0xfd, 0x0, 0x0, 0x0,
    0xaf, 0xff, 0xff, 0xff, 0xff, 0xff, 0xff, 0xff,
    0xd0, 0x0, 0x0, 0xa, 0xff, 0xff, 0xff, 0xff,
    0xfd, 0x94, 0xe, 0xfd, 0x0, 0x0, 0x0, 0xaf,
    0xff, 0xff, 0xfc, 0x72, 0x0, 0x0, 0xef, 0xd0,
    0x0, 0x0, 0xa, 0xff, 0xea, 0x51, 0x0, 0x0,
    0x0, 0xe, 0xfd, 0x0, 0x0, 0x0, 0xaf, 0xf1,
    0x0, 0x0, 0x0, 0x0, 0x0, 0xef, 0xd0, 0x0,
    0x0, 0xa, 0xff, 0x10, 0x0, 0x0, 0x0, 0x0,
    0xe, 0xfd, 0x0, 0x0, 0x0, 0xaf, 0xf1, 0x0,
    0x0, 0x0, 0x0, 0x0, 0xef, 0xd0, 0x0, 0x0,
    0xa, 0xff, 0x10, 0x0, 0x0, 0x0, 0x0, 0xe,
    0xfd, 0x0, 0x0, 0x0, 0xaf, 0xf1, 0x0, 0x0,
    0x0, 0x3, 0x54, 0xff, 0xd0, 0x0, 0x0, 0xa,
    0xff, 0x10, 0x0, 0x0, 0x5e, 0xff, 0xff, 0xfd,
    0x0, 0x0, 0x0, 0xaf, 0xf1, 0x0, 0x0, 0x3f,
    0xff, 0xff, 0xff, 0xd0, 0x1, 0x69, 0x9d, 0xff,
    0x10, 0x0, 0x6, 0xff, 0xff, 0xff, 0xfc, 0x6,
    0xff, 0xff, 0xff, 0xf1, 0x0, 0x0, 0x1e, 0xff,
    0xff, 0xff, 0x61, 0xff, 0xff, 0xff, 0xff, 0x10,
    0x0, 0x0, 0x2a, 0xff, 0xfc, 0x50, 0x1f, 0xff,
    0xff, 0xff, 0xf0, 0x0, 0x0, 0x0, 0x0, 0x10,
    0x0, 0x0, 0x9f, 0xff, 0xff, 0xf7, 0x0, 0x0,
    0x0, 0x0, 0x0, 0x0, 0x0, 0x0, 0x4a, 0xcc,
    0xa3, 0x0, 0x0, 0x0, 0x0, 0x0, 0x0, 0x0,
    0x0,

    /* U+F008 "" */
    0x42, 0x0, 0x78, 0x88, 0x88, 0x88, 0x88, 0x88,
    0x87, 0x0, 0x24, 0xf8, 0x22, 0xef, 0xff, 0xff,
    0xff, 0xff, 0xff, 0xfe, 0x22, 0x8f, 0xff, 0xff,
    0xff, 0xb9, 0x99, 0x99, 0x99, 0x9b, 0xff, 0xff,
    0xff, 0xf9, 0x44, 0xff, 0x30, 0x0, 0x0, 0x0,
    0x3, 0xff, 0x44, 0x9f, 0xf6, 0x0, 0xef, 0x30,
    0x0, 0x0, 0x0, 0x3, 0xfe, 0x0, 0x6f, 0xf7,
    0x0, 0xef, 0x30, 0x0, 0x0, 0x0, 0x3, 0xfe,
    0x0, 0x7f, 0xff, 0xff, 0xff, 0x30, 0x0, 0x0,
    0x0, 0x3, 0xff, 0xff, 0xff, 0xfa, 0x66, 0xff,
    0x74, 0x44, 0x44, 0x44, 0x47, 0xff, 0x66, 0xaf,
    0xf6, 0x0, 0xef, 0xff, 0xff, 0xff, 0xff, 0xff,
    0xfe, 0x0, 0x6f, 0xf6, 0x0, 0xef, 0xdc, 0xcc,
    0xcc, 0xcc, 0xcd, 0xfe, 0x0, 0x6f, 0xff, 0xee,
    0xff, 0x30, 0x0, 0x0, 0x0, 0x3, 0xff, 0xee,
    0xff, 0xfc, 0x88, 0xff, 0x30, 0x0, 0x0, 0x0,
    0x3, 0xff, 0x88, 0xcf, 0xf6, 0x0, 0xef, 0x30,
    0x0, 0x0, 0x0, 0x3, 0xfe, 0x0, 0x6f, 0xf6,
    0x0, 0xef, 0x30, 0x0, 0x0, 0x0, 0x3, 0xfe,
    0x0, 0x6f, 0xfe, 0xcc, 0xff, 0x41, 0x11, 0x11,
    0x11, 0x14, 0xff, 0xcc, 0xef, 0xfd, 0xaa, 0xff,
    0xff, 0xff, 0xff, 0xff, 0xff, 0xff, 0xaa, 0xdf,
    0xc6, 0x0, 0xef, 0xff, 0xff, 0xff, 0xff, 0xff,
    0xfe, 0x0, 0x6c,

    /* U+F00B "" */
    0xbf, 0xff, 0xfe, 0x31, 0xdf, 0xff, 0xff, 0xff,
    0xff, 0xff, 0xfb, 0xff, 0xff, 0xff, 0x63, 0xff,
    0xff, 0xff, 0xff, 0xff, 0xff, 0xff, 0xff, 0xff,
    0xff, 0x63, 0xff, 0xff, 0xff, 0xff, 0xff, 0xff,
    0xff, 0xff, 0xff, 0xff, 0x63, 0xff, 0xff, 0xff,
    0xff, 0xff, 0xff, 0xff, 0xff, 0xff, 0xff, 0x63,
    0xff, 0xff, 0xff, 0xff, 0xff, 0xff, 0xff, 0x58,
    0x88, 0x87, 0x0, 0x78, 0x88, 0x88, 0x88, 0x88,
    0x88, 0x85, 0x0, 0x0, 0x0, 0x0, 0x0, 0x0,
    0x0, 0x0, 0x0, 0x0, 0x0, 0xcf, 0xff, 0xff,
    0x31, 0xef, 0xff, 0xff, 0xff, 0xff, 0xff, 0xfc,
    0xff, 0xff, 0xff, 0x63, 0xff, 0xff, 0xff, 0xff,
    0xff, 0xff, 0xff, 0xff, 0xff, 0xff, 0x63, 0xff,
    0xff, 0xff, 0xff, 0xff, 0xff, 0xff, 0xff, 0xff,
    0xff, 0x63, 0xff, 0xff, 0xff, 0xff, 0xff, 0xff,
    0xff, 0xff, 0xff, 0xff, 0x53, 0xff, 0xff, 0xff,
    0xff, 0xff, 0xff, 0xff, 0x47, 0x88, 0x87, 0x0,
    0x68, 0x88, 0x88, 0x88, 0x88, 0x88, 0x74, 0x0,
    0x0, 0x0, 0x0, 0x0, 0x0, 0x0, 0x0, 0x0,
    0x0, 0x0, 0xcf, 0xff, 0xff, 0x31, 0xef, 0xff,
    0xff, 0xff, 0xff, 0xff, 0xfc, 0xff, 0xff, 0xff,
    0x63, 0xff, 0xff, 0xff, 0xff, 0xff, 0xff, 0xff,
    0xff, 0xff, 0xff, 0x63, 0xff, 0xff, 0xff, 0xff,
    0xff, 0xff, 0xff, 0xff, 0xff, 0xff, 0x63, 0xff,
    0xff, 0xff, 0xff, 0xff, 0xff, 0xff, 0xff, 0xff,
    0xff, 0x52, 0xff, 0xff, 0xff, 0xff, 0xff, 0xff,
    0xff, 0x37, 0x77, 0x76, 0x0, 0x57, 0x77, 0x77,
    0x77, 0x77, 0x77, 0x74,

    /* U+F00C "" */
    0x0, 0x0, 0x0, 0x0, 0x0, 0x0, 0x0, 0x0,
    0x0, 0x16, 0x0, 0x0, 0x0, 0x0, 0x0, 0x0,
    0x0, 0x0, 0x0, 0x2, 0xef, 0xb0, 0x0, 0x0,
    0x0, 0x0, 0x0, 0x0, 0x0, 0x0, 0x2e, 0xff,
    0xfb, 0x0, 0x0, 0x0, 0x0, 0x0, 0x0, 0x0,
    0x2, 0xef, 0xff, 0xfe, 0x0, 0x0, 0x0, 0x0,
    0x0, 0x0, 0x0, 0x2e, 0xff, 0xff, 0xf3, 0x0,
    0x0, 0x0, 0x0, 0x0, 0x0, 0x2, 0xef, 0xff,
    0xff, 0x30, 0x4, 0xe8, 0x0, 0x0, 0x0, 0x0,
    0x2e, 0xff, 0xff, 0xf3, 0x0, 0x4f, 0xff, 0x80,
    0x0, 0x0, 0x2, 0xef, 0xff, 0xff, 0x30, 0x0,
    0xef, 0xff, 0xf8, 0x0, 0x0, 0x2e, 0xff, 0xff,
    0xf3, 0x0, 0x0, 0xaf, 0xff, 0xff, 0x80, 0x2,
    0xef, 0xff, 0xff, 0x30, 0x0, 0x0, 0xa, 0xff,
    0xff, 0xf8, 0x2e, 0xff, 0xff, 0xf3, 0x0, 0x0,
    0x0, 0x0, 0xaf, 0xff, 0xff, 0xff, 0xff, 0xff,
    0x30, 0x0, 0x0, 0x0, 0x0, 0xa, 0xff, 0xff,
    0xff, 0xff, 0xf3, 0x0, 0x0, 0x0, 0x0, 0x0,
    0x0, 0xaf, 0xff, 0xff, 0xff, 0x30, 0x0, 0x0,
    0x0, 0x0, 0x0, 0x0, 0xa, 0xff, 0xff, 0xf3,
    0x0, 0x0, 0x0, 0x0, 0x0, 0x0, 0x0, 0x0,
    0xaf, 0xfe, 0x30, 0x0, 0x0, 0x0, 0x0, 0x0,
    0x0, 0x0, 0x0, 0x9, 0xd3, 0x0, 0x0, 0x0,
    0x0, 0x0, 0x0,

    /* U+F00D "" */
    0x8, 0xc4, 0x0, 0x0, 0x0, 0x2, 0xc9, 0x0,
    0x9f, 0xff, 0x40, 0x0, 0x0, 0x2e, 0xff, 0xb0,
    0xff, 0xff, 0xf4, 0x0, 0x2, 0xef, 0xff, 0xf1,
    0x7f, 0xff, 0xff, 0x40, 0x2e, 0xff, 0xff, 0x90,
    0x8, 0xff, 0xff, 0xf6, 0xef, 0xff, 0xfa, 0x0,
    0x0, 0x8f, 0xff, 0xff, 0xff, 0xff, 0xa0, 0x0,
    0x0, 0x8, 0xff, 0xff, 0xff, 0xfa, 0x0, 0x0,
    0x0, 0x0, 0x9f, 0xff, 0xff, 0xb0, 0x0, 0x0,
    0x0, 0x2, 0xef, 0xff, 0xff, 0xf4, 0x0, 0x0,
    0x0, 0x2e, 0xff, 0xff, 0xff, 0xff, 0x40, 0x0,
    0x2, 0xef, 0xff, 0xfd, 0xff, 0xff, 0xf4, 0x0,
    0x2e, 0xff, 0xff, 0xa0, 0x8f, 0xff, 0xff, 0x40,
    0xdf, 0xff, 0xfa, 0x0, 0x8, 0xff, 0xff, 0xf0,
    0xdf, 0xff, 0xa0, 0x0, 0x0, 0x8f, 0xff, 0xe0,
    0x2e, 0xfa, 0x0, 0x0, 0x0, 0x8, 0xff, 0x30,
    0x0, 0x30, 0x0, 0x0, 0x0, 0x0, 0x21, 0x0,

    /* U+F011 "" */
    0x0, 0x0, 0x0, 0x0, 0x1, 0x33, 0x0, 0x0,
    0x0, 0x0, 0x0, 0x0, 0x0, 0x0, 0x0, 0xd,
    0xff, 0x60, 0x0, 0x0, 0x0, 0x0, 0x0, 0x0,
    0x0, 0x0, 0xe, 0xff, 0x80, 0x0, 0x0, 0x0,
    0x0, 0x0, 0x0, 0xaf, 0x50, 0xe, 0xff, 0x80,
    0xb, 0xf4, 0x0, 0x0, 0x0, 0xb, 0xff, 0xe0,
    0xe, 0xff, 0x80, 0x4f, 0xff, 0x50, 0x0, 0x0,
    0x9f, 0xff, 0xe0, 0xe, 0xff, 0x80, 0x5f, 0xff,
    0xf2, 0x0, 0x3, 0xff, 0xfe, 0x30, 0xe, 0xff,
    0x80, 0x8, 0xff, 0xfc, 0x0, 0xb, 0xff, 0xf3,
    0x0, 0xe, 0xff, 0x80, 0x0, 0xaf, 0xff, 0x50,
    0x1f, 0xff, 0x90, 0x0, 0xe, 0xff, 0x80, 0x0,
    0x1f, 0xff, 0xb0, 0x6f, 0xff, 0x30, 0x0, 0xe,
    0xff, 0x80, 0x0, 0x9, 0xff, 0xf0, 0x8f, 0xff,
    0x0, 0x0, 0xe, 0xff, 0x80, 0x0, 0x5, 0xff,
    0xf2, 0xaf, 0xfd, 0x0, 0x0, 0xe, 0xff, 0x80,
    0x0, 0x3, 0xff, 0xf3, 0x9f, 0xfd, 0x0, 0x0,
    0xc, 0xff, 0x50, 0x0, 0x4, 0xff, 0xf2, 0x8f,
    0xff, 0x0, 0x0, 0x0, 0x11, 0x0, 0x0, 0x6,
    0xff, 0xf1, 0x4f, 0xff, 0x50, 0x0, 0x0, 0x0,
    0x0, 0x0, 0xb, 0xff, 0xe0, 0xf, 0xff, 0xc0,
    0x0, 0x0, 0x0, 0x0, 0x0, 0x3f, 0xff, 0x90,
    0x8, 0xff, 0xf8, 0x0, 0x0, 0x0, 0x0, 0x1,
    0xef, 0xff, 0x20, 0x1, 0xef, 0xff, 0x90, 0x0,
    0x0, 0x0, 0x2d, 0xff, 0xf9, 0x0, 0x0, 0x4f,
    0xff, 0xfd, 0x62, 0x1, 0x49, 0xff, 0xff, 0xc0,
    0x0, 0x0, 0x6, 0xff, 0xff, 0xff, 0xff, 0xff,
    0xff, 0xfd, 0x10, 0x0, 0x0, 0x0, 0x4e, 0xff,
    0xff, 0xff, 0xff, 0xff, 0xa0, 0x0, 0x0, 0x0,
    0x0, 0x0, 0x7d, 0xff, 0xff, 0xff, 0xb4, 0x0,
    0x0, 0x0, 0x0, 0x0, 0x0, 0x0, 0x25, 0x65,
    0x30, 0x0, 0x0, 0x0, 0x0,

    /* U+F013 "" */
    0x0, 0x0, 0x0, 0x0, 0x0, 0x0, 0x0, 0x0,
    0x0, 0x0, 0x0, 0x0, 0x0, 0x0, 0x0, 0x6c,
    0xee, 0xc7, 0x0, 0x0, 0x0, 0x0, 0x0, 0x0,
    0x0, 0x0, 0xbf, 0xff, 0xfc, 0x0, 0x0, 0x0,
    0x0, 0x0, 0x0, 0x0, 0x0, 0xbf, 0xff, 0xfc,
    0x0, 0x0, 0x0, 0x0, 0x0, 0x8, 0x30, 0x2a,
    0xff, 0xff, 0xff, 0xb2, 0x3, 0x80, 0x0, 0x0,
    0x8f, 0xfb, 0xff, 0xff, 0xff, 0xff, 0xff, 0xbf,
    0xf8, 0x0, 0x3, 0xff, 0xff, 0xff, 0xff, 0xff,
    0xff, 0xff, 0xff, 0xff, 0x40, 0xb, 0xff, 0xff,
    0xff, 0xff, 0xff, 0xff, 0xff, 0xff, 0xff, 0xb0,
    0x1f, 0xff, 0xff, 0xff, 0xfa, 0x55, 0xaf, 0xff,
    0xff, 0xff, 0xf2, 0x6, 0xef, 0xff, 0xff, 0x70,
    0x0, 0x7, 0xff, 0xff, 0xff, 0x60, 0x0, 0x2f,
    0xff, 0xfd, 0x0, 0x0, 0x0, 0xcf, 0xff, 0xf3,
    0x0, 0x0, 0x3f, 0xff, 0xfa, 0x0, 0x0, 0x0,
    0x9f, 0xff, 0xf3, 0x0, 0x0, 0x2f, 0xff, 0xfb,
    0x0, 0x0, 0x0, 0xaf, 0xff, 0xf3, 0x0, 0x0,
    0x8f, 0xff, 0xff, 0x20, 0x0, 0x1, 0xff, 0xff,
    0xf9, 0x0, 0x1e, 0xff, 0xff, 0xff, 0xd3, 0x0,
    0x3d, 0xff, 0xff, 0xff, 0xe1, 0xe, 0xff, 0xff,
    0xff, 0xff, 0xee, 0xff, 0xff, 0xff, 0xff, 0xe0,
    0x7, 0xff, 0xff, 0xff, 0xff, 0xff, 0xff, 0xff,
    0xff, 0xff, 0x80, 0x0, 0xdf, 0xff, 0xff, 0xff,
    0xff, 0xff, 0xff, 0xff, 0xfd, 0x0, 0x0, 0x2f,
    0xb2, 0x9f, 0xff, 0xff, 0xff, 0xfa, 0x2a, 0xf3,
    0x0, 0x0, 0x1, 0x0, 0x2, 0xdf, 0xff, 0xfe,
    0x30, 0x0, 0x10, 0x0, 0x0, 0x0, 0x0, 0x0,
    0xbf, 0xff, 0xfc, 0x0, 0x0, 0x0, 0x0, 0x0,
    0x0, 0x0, 0x0, 0xbf, 0xff, 0xfb, 0x0, 0x0,
    0x0, 0x0, 0x0, 0x0, 0x0, 0x0, 0x14, 0x66,
    0x41, 0x0, 0x0, 0x0, 0x0,

    /* U+F015 "" */
    0x0, 0x0, 0x0, 0x0, 0x0, 0x1b, 0xe9, 0x0,
    0x5, 0xff, 0xd0, 0x0, 0x0, 0x0, 0x0, 0x0,
    0x0, 0x3e, 0xff, 0xfc, 0x10, 0x7f, 0xff, 0x0,
    0x0, 0x0, 0x0, 0x0, 0x0, 0x6f, 0xff, 0xff,
    0xfe, 0x37, 0xff, 0xf0, 0x0, 0x0, 0x0, 0x0,
    0x0, 0x9f, 0xff, 0xb4, 0xdf, 0xff, 0xbf, 0xff,
    0x0, 0x0, 0x0, 0x0, 0x1, 0xbf, 0xff, 0x80,
    0x1, 0xbf, 0xff, 0xff, 0xf0, 0x0, 0x0, 0x0,
    0x2, 0xdf, 0xff, 0x50, 0x8f, 0x50, 0x9f, 0xff,
    0xff, 0x0, 0x0, 0x0, 0x4, 0xff, 0xfe, 0x30,
    0xbf, 0xff, 0x70, 0x6f, 0xff, 0xf1, 0x0, 0x0,
    0x7, 0xff, 0xfc, 0x12, 0xdf, 0xff, 0xff, 0xa0,
    0x3e, 0xff, 0xe3, 0x0, 0xa, 0xff, 0xfa, 0x3,
    0xef, 0xff, 0xff, 0xff, 0xc1, 0x2d, 0xff, 0xf6,
    0xc, 0xff, 0xf7, 0x6, 0xff, 0xff, 0xff, 0xff,
    0xff, 0xe3, 0xb, 0xff, 0xf8, 0x9f, 0xf5, 0x9,
    0xff, 0xff, 0xff, 0xff, 0xff, 0xff, 0xf5, 0x8,
    0xff, 0x50, 0x93, 0xa, 0xff, 0xff, 0xff, 0xff,
    0xff, 0xff, 0xff, 0xf6, 0x5, 0x70, 0x0, 0x0,
    0xef, 0xff, 0xff, 0xff, 0xff, 0xff, 0xff, 0xff,
    0xa0, 0x0, 0x0, 0x0, 0xe, 0xff, 0xff, 0xff,
    0xcc, 0xcf, 0xff, 0xff, 0xfa, 0x0, 0x0, 0x0,
    0x0, 0xef, 0xff, 0xff, 0x50, 0x0, 0x9f, 0xff,
    0xff, 0xa0, 0x0, 0x0, 0x0, 0xe, 0xff, 0xff,
    0xf5, 0x0, 0x9, 0xff, 0xff, 0xfa, 0x0, 0x0,
    0x0, 0x0, 0xef, 0xff, 0xff, 0x50, 0x0, 0x9f,
    0xff, 0xff, 0xa0, 0x0, 0x0, 0x0, 0xe, 0xff,
    0xff, 0xf5, 0x0, 0x9, 0xff, 0xff, 0xfa, 0x0,
    0x0, 0x0, 0x0, 0xdf, 0xff, 0xff, 0x40, 0x0,
    0x8f, 0xff, 0xff, 0x90, 0x0, 0x0, 0x0, 0x2,
    0x44, 0x44, 0x40, 0x0, 0x1, 0x44, 0x44, 0x41,
    0x0, 0x0,

    /* U+F019 "" */
    0x0, 0x0, 0x0, 0x0, 0x2, 0x22, 0x20, 0x0,
    0x0, 0x0, 0x0, 0x0, 0x0, 0x0, 0x0, 0x9f,
    0xff, 0xf9, 0x0, 0x0, 0x0, 0x0, 0x0, 0x0,
    0x0, 0x0, 0xcf, 0xff, 0xfc, 0x0, 0x0, 0x0,
    0x0, 0x0, 0x0, 0x0, 0x0, 0xcf, 0xff, 0xfc,
    0x0, 0x0, 0x0, 0x0, 0x0, 0x0, 0x0, 0x0,
    0xcf, 0xff, 0xfc, 0x0, 0x0, 0x0, 0x0, 0x0,
    0x0, 0x0, 0x0, 0xcf, 0xff, 0xfc, 0x0, 0x0,
    0x0, 0x0, 0x0, 0x0, 0x0, 0x0, 0xcf, 0xff,
    0xfc, 0x0, 0x0, 0x0, 0x0, 0x0, 0x0, 0x0,
    0x0, 0xcf, 0xff, 0xfc, 0x0, 0x0, 0x0, 0x0,
    0x0, 0x0, 0x0, 0x0, 0xcf, 0xff, 0xfc, 0x0,
    0x0, 0x0, 0x0, 0x0, 0x3, 0xee, 0xee, 0xff,
    0xff, 0xff, 0xee, 0xee, 0x20, 0x0, 0x0, 0x2,
    0xff, 0xff, 0xff, 0xff, 0xff, 0xff, 0xff, 0x20,
    0x0, 0x0, 0x0, 0x3f, 0xff, 0xff, 0xff, 0xff,
    0xff, 0xf3, 0x0, 0x0, 0x0, 0x0, 0x3, 0xff,
    0xff, 0xff, 0xff, 0xff, 0x30, 0x0, 0x0, 0x0,
    0x0, 0x0, 0x3f, 0xff, 0xff, 0xff, 0xf3, 0x0,
    0x0, 0x0, 0x0, 0x0, 0x0, 0x3, 0xff, 0xff,
    0xff, 0x40, 0x0, 0x0, 0x0, 0x0, 0x0, 0x0,
    0x0, 0x4f, 0xff, 0xf4, 0x0, 0x0, 0x0, 0x0,
    0xcf, 0xff, 0xff, 0xfc, 0x4, 0xff, 0x40, 0xcf,
    0xff, 0xff, 0xfc, 0xff, 0xff, 0xff, 0xff, 0xc0,
    0x23, 0xc, 0xff, 0xff, 0xff, 0xff, 0xff, 0xff,
    0xff, 0xff, 0xfc, 0x44, 0xcf, 0xff, 0xff, 0xff,
    0xff, 0xff, 0xff, 0xff, 0xff, 0xff, 0xff, 0xff,
    0xff, 0xff, 0xff, 0xff, 0xff, 0xff, 0xff, 0xff,
    0xff, 0xff, 0xff, 0xf1, 0x6e, 0xb, 0xff, 0xff,
    0xff, 0xff, 0xff, 0xff, 0xff, 0xff, 0xf6, 0xaf,
    0x5d, 0xff, 0xbf, 0xff, 0xff, 0xff, 0xff, 0xff,
    0xff, 0xff, 0xff, 0xff, 0xfb,

    /* U+F01C "" */
    0x0, 0x0, 0x4, 0xab, 0xbb, 0xbb, 0xbb, 0xbb,
    0xbb, 0xa2, 0x0, 0x0, 0x0, 0x0, 0x4, 0xff,
    0xff, 0xff, 0xff, 0xff, 0xff, 0xff, 0xe1, 0x0,
    0x0, 0x0, 0x0, 0xef, 0xff, 0xff, 0xff, 0xff,
    0xff, 0xff, 0xff, 0xb0, 0x0, 0x0, 0x0, 0x9f,
    0xfa, 0x0, 0x0, 0x0, 0x0, 0x0, 0x1d, 0xff,
    0x50, 0x0, 0x0, 0x4f, 0xfe, 0x10, 0x0, 0x0,
    0x0, 0x0, 0x0, 0x4f, 0xfe, 0x10, 0x0, 0xd,
    0xff, 0x60, 0x0, 0x0, 0x0, 0x0, 0x0, 0x0,
    0xaf, 0xfa, 0x0, 0x9, 0xff, 0xc0, 0x0, 0x0,
    0x0, 0x0, 0x0, 0x0, 0x1, 0xef, 0xf5, 0x3,
    0xff, 0xf2, 0x0, 0x0, 0x0, 0x0, 0x0, 0x0,
    0x0, 0x5, 0xff, 0xe1, 0xdf, 0xfa, 0x44, 0x44,
    0x20, 0x0, 0x0, 0x0, 0x34, 0x44, 0x4d, 0xff,
    0x8f, 0xff, 0xff, 0xff, 0xfe, 0x0, 0x0, 0x0,
    0x3f, 0xff, 0xff, 0xff, 0xfb, 0xff, 0xff, 0xff,
    0xff, 0xf7, 0x0, 0x0, 0xb, 0xff, 0xff, 0xff,
    0xff, 0xcf, 0xff, 0xff, 0xff, 0xff, 0xe8, 0x88,
    0x88, 0xff, 0xff, 0xff, 0xff, 0xfc, 0xff, 0xff,
    0xff, 0xff, 0xff, 0xff, 0xff, 0xff, 0xff, 0xff,
    0xff, 0xff, 0xcf, 0xff, 0xff, 0xff, 0xff, 0xff,
    0xff, 0xff, 0xff, 0xff, 0xff, 0xff, 0xfc, 0xff,
    0xff, 0xff, 0xff, 0xff, 0xff, 0xff, 0xff, 0xff,
    0xff, 0xff, 0xff, 0xbd, 0xff, 0xff, 0xff, 0xff,
    0xff, 0xff, 0xff, 0xff, 0xff, 0xff, 0xff, 0xf9,
    0x4e, 0xff, 0xff, 0xff, 0xff, 0xff, 0xff, 0xff,
    0xff, 0xff, 0xff, 0xfc, 0x10,

    /* U+F021 "" */
    0x0, 0x0, 0x0, 0x0, 0x0, 0x0, 0x0, 0x0,
    0x0, 0x6, 0x76, 0x0, 0x0, 0x0, 0x5, 0x9c,
    0xdd, 0xb8, 0x30, 0x0, 0xf, 0xff, 0x0, 0x0,
    0x6, 0xef, 0xff, 0xff, 0xff, 0xfc, 0x40, 0xf,
    0xff, 0x0, 0x0, 0xbf, 0xff, 0xff, 0xff, 0xff,
    0xff, 0xf9, 0xf, 0xff, 0x0, 0xc, 0xff, 0xff,
    0xa5, 0x34, 0x6b, 0xff, 0xff, 0xce, 0xff, 0x0,
    0xaf, 0xff, 0xb2, 0x0, 0x0, 0x0, 0x2b, 0xff,
    0xff, 0xff, 0x5, 0xff, 0xf9, 0x0, 0x0, 0x0,
    0x0, 0x0, 0x8f, 0xff, 0xff, 0xd, 0xff, 0xb0,
    0x0, 0x0, 0x0, 0x7d, 0xdc, 0xbf, 0xff, 0xff,
    0x2f, 0xff, 0x20, 0x0, 0x0, 0x0, 0xaf, 0xff,
    0xff, 0xff, 0xff, 0x6f, 0xfb, 0x0, 0x0, 0x0,
    0x0, 0x9f, 0xff, 0xff, 0xff, 0xff, 0x2, 0x20,
    0x0, 0x0, 0x0, 0x0, 0x2, 0x22, 0x22, 0x22,
    0x21, 0x0, 0x0, 0x0, 0x0, 0x0, 0x0, 0x0,
    0x0, 0x0, 0x0, 0x0, 0x0, 0x0, 0x0, 0x0,
    0x0, 0x0, 0x0, 0x0, 0x0, 0x0, 0x0, 0xde,
    0xee, 0xee, 0xee, 0xe7, 0x0, 0x0, 0x0, 0x0,
    0x9e, 0xe5, 0xff, 0xff, 0xff, 0xff, 0xfa, 0x0,
    0x0, 0x0, 0x1, 0xff, 0xf3, 0xff, 0xff, 0xff,
    0xff, 0xf9, 0x0, 0x0, 0x0, 0x9, 0xff, 0xe0,
    0xff, 0xff, 0xf4, 0x0, 0x10, 0x0, 0x0, 0x0,
    0x5f, 0xff, 0x70, 0xff, 0xff, 0xff, 0x70, 0x0,
    0x0, 0x0, 0x7, 0xff, 0xfd, 0x0, 0xff, 0xff,
    0xff, 0xfd, 0x61, 0x0, 0x5, 0xcf, 0xff, 0xf2,
    0x0, 0xff, 0xe3, 0xef, 0xff, 0xff, 0xee, 0xff,
    0xff, 0xfe, 0x30, 0x0, 0xff, 0xf0, 0x19, 0xff,
    0xff, 0xff, 0xff, 0xff, 0xb1, 0x0, 0x0, 0xff,
    0xf0, 0x0, 0x28, 0xdf, 0xff, 0xfe, 0xa3, 0x0,
    0x0, 0x0, 0xab, 0xa0, 0x0, 0x0, 0x1, 0x33,
    0x10, 0x0, 0x0, 0x0, 0x0,

    /* U+F026 "" */
    0x0, 0x0, 0x0, 0x0, 0x3, 0x30, 0x0, 0x0,
    0x0, 0x6, 0xff, 0x0, 0x0, 0x0, 0x6, 0xff,
    0xf0, 0x0, 0x0, 0x6, 0xff, 0xff, 0x24, 0x44,
    0x47, 0xff, 0xff, 0xfe, 0xff, 0xff, 0xff, 0xff,
    0xff, 0xff, 0xff, 0xff, 0xff, 0xff, 0xff, 0xff,
    0xff, 0xff, 0xff, 0xff, 0xff, 0xff, 0xff, 0xff,
    0xff, 0xff, 0xff, 0xff, 0xff, 0xff, 0xff, 0xff,
    0xff, 0xff, 0xff, 0xff, 0xff, 0xff, 0xff, 0xff,
    0xff, 0xff, 0xbf, 0xff, 0xff, 0xff, 0xff, 0xf0,
    0x0, 0x0, 0x2e, 0xff, 0xff, 0x0, 0x0, 0x0,
    0x2e, 0xff, 0xf0, 0x0, 0x0, 0x0, 0x2e, 0xff,
    0x0, 0x0, 0x0, 0x0, 0x2e, 0xc0, 0x0, 0x0,
    0x0, 0x0, 0x0,

    /* U+F027 "" */
    0x0, 0x0, 0x0, 0x0, 0x3, 0x30, 0x0, 0x0,
    0x0, 0x0, 0x0, 0x0, 0x6, 0xff, 0x0, 0x0,
    0x0, 0x0, 0x0, 0x0, 0x6, 0xff, 0xf0, 0x0,
    0x0, 0x0, 0x0, 0x0, 0x6, 0xff, 0xff, 0x0,
    0x0, 0x0, 0x24, 0x44, 0x47, 0xff, 0xff, 0xf0,
    0x0, 0x0, 0xe, 0xff, 0xff, 0xff, 0xff, 0xff,
    0x0, 0x75, 0x0, 0xff, 0xff, 0xff, 0xff, 0xff,
    0xf0, 0x2f, 0xf7, 0xf, 0xff, 0xff, 0xff, 0xff,
    0xff, 0x0, 0x7f, 0xf0, 0xff, 0xff, 0xff, 0xff,
    0xff, 0xf0, 0x0, 0xdf, 0x3f, 0xff, 0xff, 0xff,
    0xff, 0xff, 0x0, 0xf, 0xf3, 0xff, 0xff, 0xff,
    0xff, 0xff, 0xf0, 0xc, 0xfd, 0xf, 0xff, 0xff,
    0xff, 0xff, 0xff, 0x1, 0xfe, 0x20, 0xbf, 0xff,
    0xff, 0xff, 0xff, 0xf0, 0x1, 0x0, 0x0, 0x0,
    0x0, 0x2e, 0xff, 0xff, 0x0, 0x0, 0x0, 0x0,
    0x0, 0x0, 0x2e, 0xff, 0xf0, 0x0, 0x0, 0x0,
    0x0, 0x0, 0x0, 0x2e, 0xff, 0x0, 0x0, 0x0,
    0x0, 0x0, 0x0, 0x0, 0x2d, 0xc0, 0x0, 0x0,
    0x0, 0x0, 0x0, 0x0, 0x0, 0x0, 0x0, 0x0,
    0x0,

    /* U+F028 "" */
    0x0, 0x0, 0x0, 0x0, 0x0, 0x0, 0x0, 0x0,
    0x0, 0x73, 0x0, 0x0, 0x0, 0x0, 0x0, 0x0,
    0x0, 0x0, 0x0, 0x0, 0x0, 0x4f, 0xf7, 0x0,
    0x0, 0x0, 0x0, 0x0, 0x0, 0x3, 0x30, 0x0,
    0x0, 0x0, 0x9f, 0xf7, 0x0, 0x0, 0x0, 0x0,
    0x0, 0x6, 0xff, 0x0, 0x0, 0x1, 0x0, 0x7f,
    0xf5, 0x0, 0x0, 0x0, 0x0, 0x6, 0xff, 0xf0,
    0x0, 0x5, 0xf9, 0x0, 0x9f, 0xe1, 0x0, 0x0,
    0x0, 0x6, 0xff, 0xff, 0x0, 0x0, 0x4f, 0xfb,
    0x0, 0xdf, 0x80, 0x24, 0x44, 0x47, 0xff, 0xff,
    0xf0, 0x0, 0x0, 0x3f, 0xf7, 0x4, 0xff, 0xe,
    0xff, 0xff, 0xff, 0xff, 0xff, 0x0, 0x86, 0x0,
    0x4f, 0xf1, 0xd, 0xf4, 0xff, 0xff, 0xff, 0xff,
    0xff, 0xf0, 0x2f, 0xf7, 0x0, 0xcf, 0x60, 0x9f,
    0x8f, 0xff, 0xff, 0xff, 0xff, 0xff, 0x0, 0x6f,
    0xf1, 0x7, 0xf9, 0x6, 0xfa, 0xff, 0xff, 0xff,
    0xff, 0xff, 0xf0, 0x0, 0xdf, 0x40, 0x5f, 0xb0,
    0x5f, 0xbf, 0xff, 0xff, 0xff, 0xff, 0xff, 0x0,
    0x1f, 0xf2, 0x5, 0xfa, 0x5, 0xfb, 0xff, 0xff,
    0xff, 0xff, 0xff, 0xf0, 0xd, 0xfc, 0x0, 0x9f,
    0x80, 0x7f, 0x9f, 0xff, 0xff, 0xff, 0xff, 0xff,
    0x1, 0xfd, 0x20, 0x1e, 0xf3, 0xb, 0xf6, 0xbf,
    0xff, 0xff, 0xff, 0xff, 0xf0, 0x1, 0x0, 0xa,
    0xfc, 0x1, 0xff, 0x20, 0x0, 0x0, 0x2e, 0xff,
    0xff, 0x0, 0x0, 0xb, 0xff, 0x20, 0x8f, 0xc0,
    0x0, 0x0, 0x0, 0x2e, 0xff, 0xf0, 0x0, 0x7,
    0xff, 0x40, 0x2f, 0xf4, 0x0, 0x0, 0x0, 0x0,
    0x2e, 0xff, 0x0, 0x0, 0x19, 0x20, 0x1d, 0xfa,
    0x0, 0x0, 0x0, 0x0, 0x0, 0x2e, 0xc0, 0x0,
    0x0, 0x0, 0x2d, 0xfd, 0x10, 0x0, 0x0, 0x0,
    0x0, 0x0, 0x0, 0x0, 0x0, 0x0, 0x2f, 0xfd,
    0x20, 0x0, 0x0, 0x0, 0x0, 0x0, 0x0, 0x0,
    0x0, 0x0, 0x2, 0xfb, 0x10, 0x0, 0x0, 0x0,
    0x0, 0x0, 0x0, 0x0, 0x0, 0x0, 0x0, 0x0,
    0x0, 0x0, 0x0,

    /* U+F03E "" */
    0x5, 0x77, 0x77, 0x77, 0x77, 0x77, 0x77, 0x77,
    0x77, 0x77, 0x50, 0x9f, 0xff, 0xff, 0xff, 0xff,
    0xff, 0xff, 0xff, 0xff, 0xff, 0xf9, 0xff, 0xff,
    0xff, 0xff, 0xff, 0xff, 0xff, 0xff, 0xff, 0xff,
    0xff, 0xff, 0xf6, 0x1, 0xbf, 0xff, 0xff, 0xff,
    0xff, 0xff, 0xff, 0xff, 0xff, 0x90, 0x0, 0xf,
    0xff, 0xff, 0xff, 0xff, 0xff, 0xff, 0xff, 0xff,
    0x70, 0x0, 0xd, 0xff, 0xff, 0xff, 0xdb, 0xff,
    0xff, 0xff, 0xff, 0xc0, 0x0, 0x2f, 0xff, 0xff,
    0xfd, 0x10, 0xaf, 0xff, 0xff, 0xff, 0xfb, 0x56,
    0xef, 0xff, 0xff, 0xd1, 0x0, 0xa, 0xff, 0xff,
    0xff, 0xff, 0xff, 0xff, 0xff, 0xfd, 0x10, 0x0,
    0x0, 0xaf, 0xff, 0xff, 0xff, 0xf7, 0x2e, 0xff,
    0xd1, 0x0, 0x0, 0x0, 0xd, 0xff, 0xff, 0xff,
    0x70, 0x2, 0xed, 0x10, 0x0, 0x0, 0x0, 0xc,
    0xff, 0xff, 0xf7, 0x0, 0x0, 0x21, 0x0, 0x0,
    0x0, 0x0, 0xc, 0xff, 0xff, 0xc0, 0x0, 0x0,
    0x0, 0x0, 0x0, 0x0, 0x0, 0xc, 0xff, 0xff,
    0xc0, 0x0, 0x0, 0x0, 0x0, 0x0, 0x0, 0x0,
    0xc, 0xff, 0xff, 0xfc, 0xcc, 0xcc, 0xcc, 0xcc,
    0xcc, 0xcc, 0xcc, 0xcf, 0xff, 0xef, 0xff, 0xff,
    0xff, 0xff, 0xff, 0xff, 0xff, 0xff, 0xff, 0xfd,
    0x4e, 0xff, 0xff, 0xff, 0xff, 0xff, 0xff, 0xff,
    0xff, 0xff, 0xe4,

    /* U+F043 "" */
    0x0, 0x0, 0x0, 0x1, 0x0, 0x0, 0x0, 0x0,
    0x0, 0x0, 0x0, 0x7f, 0x90, 0x0, 0x0, 0x0,
    0x0, 0x0, 0x0, 0xef, 0xf1, 0x0, 0x0, 0x0,
    0x0, 0x0, 0x5, 0xff, 0xf7, 0x0, 0x0, 0x0,
    0x0, 0x0, 0xc, 0xff, 0xfd, 0x0, 0x0, 0x0,
    0x0, 0x0, 0x4f, 0xff, 0xff, 0x60, 0x0, 0x0,
    0x0, 0x0, 0xcf, 0xff, 0xff, 0xe0, 0x0, 0x0,
    0x0, 0x6, 0xff, 0xff, 0xff, 0xf8, 0x0, 0x0,
    0x0, 0x2f, 0xff, 0xff, 0xff, 0xff, 0x30, 0x0,
    0x0, 0xcf, 0xff, 0xff, 0xff, 0xff, 0xd0, 0x0,
    0x7, 0xff, 0xff, 0xff, 0xff, 0xff, 0xf9, 0x0,
    0x1f, 0xff, 0xff, 0xff, 0xff, 0xff, 0xff, 0x20,
    0x7f, 0xff, 0xff, 0xff, 0xff, 0xff, 0xff, 0x90,
    0xcf, 0xff, 0xff, 0xff, 0xff, 0xff, 0xff, 0xe0,
    0xef, 0xfb, 0xff, 0xff, 0xff, 0xff, 0xff, 0xf0,
    0xff, 0xc0, 0xdf, 0xff, 0xff, 0xff, 0xff, 0xf1,
    0xdf, 0xe0, 0x9f, 0xff, 0xff, 0xff, 0xff, 0xf0,
    0x9f, 0xf5, 0x1e, 0xff, 0xff, 0xff, 0xff, 0xb0,
    0x3f, 0xfe, 0x21, 0x8b, 0xff, 0xff, 0xff, 0x50,
    0xa, 0xff, 0xf7, 0x20, 0xdf, 0xff, 0xfb, 0x0,
    0x0, 0xbf, 0xff, 0xff, 0xff, 0xff, 0xd1, 0x0,
    0x0, 0x8, 0xff, 0xff, 0xff, 0xfa, 0x0, 0x0,
    0x0, 0x0, 0x17, 0xab, 0xa7, 0x20, 0x0, 0x0,

    /* U+F048 "" */
    0x0, 0x0, 0x0, 0x0, 0x0, 0x0, 0x0, 0x1,
    0xef, 0xc0, 0x0, 0x0, 0x0, 0xb, 0xd3, 0x2f,
    0xfe, 0x0, 0x0, 0x0, 0x1d, 0xff, 0x82, 0xff,
    0xe0, 0x0, 0x0, 0x2d, 0xff, 0xf9, 0x2f, 0xfe,
    0x0, 0x0, 0x2e, 0xff, 0xff, 0x92, 0xff, 0xe0,
    0x0, 0x3e, 0xff, 0xff, 0xf9, 0x2f, 0xfe, 0x0,
    0x4f, 0xff, 0xff, 0xff, 0x92, 0xff, 0xe0, 0x5f,
    0xff, 0xff, 0xff, 0xf9, 0x2f, 0xfe, 0x6f, 0xff,
    0xff, 0xff, 0xff, 0x92, 0xff, 0xff, 0xff, 0xff,
    0xff, 0xff, 0xf9, 0x2f, 0xff, 0xff, 0xff, 0xff,
    0xff, 0xff, 0x92, 0xff, 0xff, 0xff, 0xff, 0xff,
    0xff, 0xf9, 0x2f, 0xff, 0xcf, 0xff, 0xff, 0xff,
    0xff, 0x92, 0xff, 0xe0, 0xbf, 0xff, 0xff, 0xff,
    0xf9, 0x2f, 0xfe, 0x0, 0xaf, 0xff, 0xff, 0xff,
    0x92, 0xff, 0xe0, 0x0, 0x8f, 0xff, 0xff, 0xf9,
    0x2f, 0xfe, 0x0, 0x0, 0x7f, 0xff, 0xff, 0x92,
    0xff, 0xe0, 0x0, 0x0, 0x6f, 0xff, 0xf9, 0x2f,
    0xfe, 0x0, 0x0, 0x0, 0x5f, 0xff, 0x92, 0xff,
    0xe0, 0x0, 0x0, 0x0, 0x4f, 0xf5, 0x4, 0x43,
    0x0, 0x0, 0x0, 0x0, 0x13, 0x0,

    /* U+F04B "" */
    0x2, 0x20, 0x0, 0x0, 0x0, 0x0, 0x0, 0x0,
    0x0, 0x0, 0x8f, 0xfb, 0x20, 0x0, 0x0, 0x0,
    0x0, 0x0, 0x0, 0x0, 0xff, 0xff, 0xf8, 0x0,
    0x0, 0x0, 0x0, 0x0, 0x0, 0x0, 0xff, 0xff,
    0xff, 0xe5, 0x0, 0x0, 0x0, 0x0, 0x0, 0x0,
    0xff, 0xff, 0xff, 0xff, 0xc2, 0x0, 0x0, 0x0,
    0x0, 0x0, 0xff, 0xff, 0xff, 0xff, 0xff, 0x91,
    0x0, 0x0, 0x0, 0x0, 0xff, 0xff, 0xff, 0xff,
    0xff, 0xfe, 0x60, 0x0, 0x0, 0x0, 0xff, 0xff,
    0xff, 0xff, 0xff, 0xff, 0xfc, 0x30, 0x0, 0x0,
    0xff, 0xff, 0xff, 0xff, 0xff, 0xff, 0xff, 0xf9,
    0x10, 0x0, 0xff, 0xff, 0xff, 0xff, 0xff, 0xff,
    0xff, 0xff, 0xf7, 0x0, 0xff, 0xff, 0xff, 0xff,
    0xff, 0xff, 0xff, 0xff, 0xff, 0xc0, 0xff, 0xff,
    0xff, 0xff, 0xff, 0xff, 0xff, 0xff, 0xff, 0xf3,
    0xff, 0xff, 0xff, 0xff, 0xff, 0xff, 0xff, 0xff,
    0xff, 0xf1, 0xff, 0xff, 0xff, 0xff, 0xff, 0xff,
    0xff, 0xff, 0xfe, 0x40, 0xff, 0xff, 0xff, 0xff,
    0xff, 0xff, 0xff, 0xff, 0x80, 0x0, 0xff, 0xff,
    0xff, 0xff, 0xff, 0xff, 0xff, 0xb2, 0x0, 0x0,
    0xff, 0xff, 0xff, 0xff, 0xff, 0xff, 0xd4, 0x0,
    0x0, 0x0, 0xff, 0xff, 0xff, 0xff, 0xff, 0xf7,
    0x0, 0x0, 0x0, 0x0, 0xff, 0xff, 0xff, 0xff,
    0xfa, 0x10, 0x0, 0x0, 0x0, 0x0, 0xff, 0xff,
    0xff, 0xfd, 0x40, 0x0, 0x0, 0x0, 0x0, 0x0,
    0xff, 0xff, 0xff, 0x70, 0x0, 0x0, 0x0, 0x0,
    0x0, 0x0, 0xcf, 0xff, 0x91, 0x0, 0x0, 0x0,
    0x0, 0x0, 0x0, 0x0, 0x2a, 0xa3, 0x0, 0x0,
    0x0, 0x0, 0x0, 0x0, 0x0, 0x0, 0x0, 0x0,
    0x0, 0x0, 0x0, 0x0, 0x0, 0x0, 0x0, 0x0,

    /* U+F04C "" */
    0x3d, 0xff, 0xff, 0xe6, 0x0, 0x3, 0xdf, 0xff,
    0xfe, 0x60, 0xdf, 0xff, 0xff, 0xff, 0x10, 0xd,
    0xff, 0xff, 0xff, 0xf1, 0xff, 0xff, 0xff, 0xff,
    0x30, 0xf, 0xff, 0xff, 0xff, 0xf3, 0xff, 0xff,
    0xff, 0xff, 0x40, 0xf, 0xff, 0xff, 0xff, 0xf4,
    0xff, 0xff, 0xff, 0xff, 0x40, 0xf, 0xff, 0xff,
    0xff, 0xf4, 0xff, 0xff, 0xff, 0xff, 0x40, 0xf,
    0xff, 0xff, 0xff, 0xf4, 0xff, 0xff, 0xff, 0xff,
    0x40, 0xf, 0xff, 0xff, 0xff, 0xf4, 0xff, 0xff,
    0xff, 0xff, 0x40, 0xf, 0xff, 0xff, 0xff, 0xf4,
    0xff, 0xff, 0xff, 0xff, 0x40, 0xf, 0xff, 0xff,
    0xff, 0xf4, 0xff, 0xff, 0xff, 0xff, 0x40, 0xf,
    0xff, 0xff, 0xff, 0xf4, 0xff, 0xff, 0xff, 0xff,
    0x40, 0xf, 0xff, 0xff, 0xff, 0xf4, 0xff, 0xff,
    0xff, 0xff, 0x40, 0xf, 0xff, 0xff, 0xff, 0xf4,
    0xff, 0xff, 0xff, 0xff, 0x40, 0xf, 0xff, 0xff,
    0xff, 0xf4, 0xff, 0xff, 0xff, 0xff, 0x40, 0xf,
    0xff, 0xff, 0xff, 0xf4, 0xff, 0xff, 0xff, 0xff,
    0x40, 0xf, 0xff, 0xff, 0xff, 0xf4, 0xff, 0xff,
    0xff, 0xff, 0x40, 0xf, 0xff, 0xff, 0xff, 0xf4,
    0xff, 0xff, 0xff, 0xff, 0x40, 0xf, 0xff, 0xff,
    0xff, 0xf4, 0xff, 0xff, 0xff, 0xff, 0x30, 0xf,
    0xff, 0xff, 0xff, 0xf3, 0x8f, 0xff, 0xff, 0xfb,
    0x0, 0x8, 0xff, 0xff, 0xff, 0xb0, 0x2, 0x44,
    0x44, 0x30, 0x0, 0x0, 0x24, 0x44, 0x43, 0x0,

    /* U+F04D "" */
    0x3d, 0xff, 0xff, 0xff, 0xff, 0xff, 0xff, 0xff,
    0xfe, 0x60, 0xdf, 0xff, 0xff, 0xff, 0xff, 0xff,
    0xff, 0xff, 0xff, 0xf1, 0xff, 0xff, 0xff, 0xff,
    0xff, 0xff, 0xff, 0xff, 0xff, 0xf3, 0xff, 0xff,
    0xff, 0xff, 0xff, 0xff, 0xff, 0xff, 0xff, 0xf4,
    0xff, 0xff, 0xff, 0xff, 0xff, 0xff, 0xff, 0xff,
    0xff, 0xf4, 0xff, 0xff, 0xff, 0xff, 0xff, 0xff,
    0xff, 0xff, 0xff, 0xf4, 0xff, 0xff, 0xff, 0xff,
    0xff, 0xff, 0xff, 0xff, 0xff, 0xf4, 0xff, 0xff,
    0xff, 0xff, 0xff, 0xff, 0xff, 0xff, 0xff, 0xf4,
    0xff, 0xff, 0xff, 0xff, 0xff, 0xff, 0xff, 0xff,
    0xff, 0xf4, 0xff, 0xff, 0xff, 0xff, 0xff, 0xff,
    0xff, 0xff, 0xff, 0xf4, 0xff, 0xff, 0xff, 0xff,
    0xff, 0xff, 0xff, 0xff, 0xff, 0xf4, 0xff, 0xff,
    0xff, 0xff, 0xff, 0xff, 0xff, 0xff, 0xff, 0xf4,
    0xff, 0xff, 0xff, 0xff, 0xff, 0xff, 0xff, 0xff,
    0xff, 0xf4, 0xff, 0xff, 0xff, 0xff, 0xff, 0xff,
    0xff, 0xff, 0xff, 0xf4, 0xff, 0xff, 0xff, 0xff,
    0xff, 0xff, 0xff, 0xff, 0xff, 0xf4, 0xff, 0xff,
    0xff, 0xff, 0xff, 0xff, 0xff, 0xff, 0xff, 0xf4,
    0xff, 0xff, 0xff, 0xff, 0xff, 0xff, 0xff, 0xff,
    0xff, 0xf4, 0xff, 0xff, 0xff, 0xff, 0xff, 0xff,
    0xff, 0xff, 0xff, 0xf3, 0x8f, 0xff, 0xff, 0xff,
    0xff, 0xff, 0xff, 0xff, 0xff, 0xb0, 0x2, 0x44,
    0x44, 0x44, 0x44, 0x44, 0x44, 0x44, 0x43, 0x0,

    /* U+F051 "" */
    0x0, 0x0, 0x0, 0x0, 0x0, 0x0, 0x0, 0x2,
    0xdc, 0x10, 0x0, 0x0, 0x0, 0xbf, 0xf3, 0x7f,
    0xfd, 0x20, 0x0, 0x0, 0xd, 0xff, 0x47, 0xff,
    0xfe, 0x30, 0x0, 0x0, 0xdf, 0xf4, 0x7f, 0xff,
    0xff, 0x40, 0x0, 0xd, 0xff, 0x47, 0xff, 0xff,
    0xff, 0x50, 0x0, 0xdf, 0xf4, 0x7f, 0xff, 0xff,
    0xff, 0x60, 0xd, 0xff, 0x47, 0xff, 0xff, 0xff,
    0xff, 0x70, 0xdf, 0xf4, 0x7f, 0xff, 0xff, 0xff,
    0xff, 0x8d, 0xff, 0x47, 0xff, 0xff, 0xff, 0xff,
    0xff, 0xff, 0xf4, 0x7f, 0xff, 0xff, 0xff, 0xff,
    0xff, 0xff, 0x47, 0xff, 0xff, 0xff, 0xff, 0xff,
    0xff, 0xf4, 0x7f, 0xff, 0xff, 0xff, 0xff, 0xcd,
    0xff, 0x47, 0xff, 0xff, 0xff, 0xff, 0xb0, 0xdf,
    0xf4, 0x7f, 0xff, 0xff, 0xff, 0xb0, 0xd, 0xff,
    0x47, 0xff, 0xff, 0xff, 0x90, 0x0, 0xdf, 0xf4,
    0x7f, 0xff, 0xff, 0x80, 0x0, 0xd, 0xff, 0x47,
    0xff, 0xff, 0x70, 0x0, 0x0, 0xdf, 0xf4, 0x7f,
    0xff, 0x60, 0x0, 0x0, 0xd, 0xff, 0x44, 0xff,
    0x50, 0x0, 0x0, 0x0, 0xcf, 0xf4, 0x2, 0x20,
    0x0, 0x0, 0x0, 0x2, 0x44, 0x0,

    /* U+F052 "" */
    0x0, 0x0, 0x0, 0x0, 0x8, 0xea, 0x10, 0x0,
    0x0, 0x0, 0x0, 0x0, 0x0, 0x0, 0x9, 0xff,
    0xfc, 0x0, 0x0, 0x0, 0x0, 0x0, 0x0, 0x0,
    0x7, 0xff, 0xff, 0xfb, 0x0, 0x0, 0x0, 0x0,
    0x0, 0x0, 0x6, 0xff, 0xff, 0xff, 0xfa, 0x0,
    0x0, 0x0, 0x0, 0x0, 0x5, 0xff, 0xff, 0xff,
    0xff, 0xf9, 0x0, 0x0, 0x0, 0x0, 0x4, 0xff,
    0xff, 0xff, 0xff, 0xff, 0xf7, 0x0, 0x0, 0x0,
    0x3, 0xff, 0xff, 0xff, 0xff, 0xff, 0xff, 0xf6,
    0x0, 0x0, 0x2, 0xef, 0xff, 0xff, 0xff, 0xff,
    0xff, 0xff, 0xf5, 0x0, 0x1, 0xef, 0xff, 0xff,
    0xff, 0xff, 0xff, 0xff, 0xff, 0xf4, 0x0, 0xcf,
    0xff, 0xff, 0xff, 0xff, 0xff, 0xff, 0xff, 0xff,
    0xe1, 0xf, 0xff, 0xff, 0xff, 0xff, 0xff, 0xff,
    0xff, 0xff, 0xff, 0x30, 0x9f, 0xff, 0xff, 0xff,
    0xff, 0xff, 0xff, 0xff, 0xff, 0xd0, 0x0, 0x56,
    0x66, 0x66, 0x66, 0x66, 0x66, 0x66, 0x66, 0x61,
    0x0, 0x0, 0x0, 0x0, 0x0, 0x0, 0x0, 0x0,
    0x0, 0x0, 0x0, 0xa, 0xff, 0xff, 0xff, 0xff,
    0xff, 0xff, 0xff, 0xff, 0xfd, 0x0, 0xff, 0xff,
    0xff, 0xff, 0xff, 0xff, 0xff, 0xff, 0xff, 0xf3,
    0xf, 0xff, 0xff, 0xff, 0xff, 0xff, 0xff, 0xff,
    0xff, 0xff, 0x40, 0xff, 0xff, 0xff, 0xff, 0xff,
    0xff, 0xff, 0xff, 0xff, 0xf4, 0xe, 0xff, 0xff,
    0xff, 0xff, 0xff, 0xff, 0xff, 0xff, 0xff, 0x20,
    0x27, 0x77, 0x77, 0x77, 0x77, 0x77, 0x77, 0x77,
    0x77, 0x30,

    /* U+F053 "" */
    0x0, 0x0, 0x0, 0x0, 0x19, 0x20, 0x0, 0x0,
    0x0, 0x1, 0xdf, 0xe2, 0x0, 0x0, 0x0, 0x1d,
    0xff, 0xf8, 0x0, 0x0, 0x1, 0xdf, 0xff, 0xd1,
    0x0, 0x0, 0x1d, 0xff, 0xfc, 0x10, 0x0, 0x1,
    0xdf, 0xff, 0xc1, 0x0, 0x0, 0x1d, 0xff, 0xfc,
    0x10, 0x0, 0x1, 0xdf, 0xff, 0xc1, 0x0, 0x0,
    0x1d, 0xff, 0xfc, 0x10, 0x0, 0x0, 0xbf, 0xff,
    0xd1, 0x0, 0x0, 0x0, 0x7f, 0xff, 0xf6, 0x0,
    0x0, 0x0, 0x7, 0xff, 0xff, 0x60, 0x0, 0x0,
    0x0, 0x7f, 0xff, 0xf6, 0x0, 0x0, 0x0, 0x7,
    0xff, 0xff, 0x60, 0x0, 0x0, 0x0, 0x7f, 0xff,
    0xf6, 0x0, 0x0, 0x0, 0x7, 0xff, 0xff, 0x60,
    0x0, 0x0, 0x0, 0x7f, 0xff, 0xf5, 0x0, 0x0,
    0x0, 0x7, 0xff, 0xf6, 0x0, 0x0, 0x0, 0x0,
    0x7f, 0x90, 0x0, 0x0, 0x0, 0x0, 0x1, 0x0,

    /* U+F054 "" */
    0x5, 0x80, 0x0, 0x0, 0x0, 0x0, 0x5f, 0xfb,
    0x0, 0x0, 0x0, 0x0, 0xcf, 0xff, 0xb0, 0x0,
    0x0, 0x0, 0x3e, 0xff, 0xfb, 0x0, 0x0, 0x0,
    0x3, 0xef, 0xff, 0xb0, 0x0, 0x0, 0x0, 0x3e,
    0xff, 0xfb, 0x0, 0x0, 0x0, 0x3, 0xef, 0xff,
    0xb0, 0x0, 0x0, 0x0, 0x3e, 0xff, 0xfb, 0x0,
    0x0, 0x0, 0x3, 0xef, 0xff, 0xb0, 0x0, 0x0,
    0x0, 0x3f, 0xff, 0xf7, 0x0, 0x0, 0x0, 0x9f,
    0xff, 0xf3, 0x0, 0x0, 0x9, 0xff, 0xff, 0x40,
    0x0, 0x0, 0x9f, 0xff, 0xf4, 0x0, 0x0, 0x9,
    0xff, 0xff, 0x40, 0x0, 0x0, 0x9f, 0xff, 0xf4,
    0x0, 0x0, 0x9, 0xff, 0xff, 0x40, 0x0, 0x0,
    0x8f, 0xff, 0xf4, 0x0, 0x0, 0x0, 0xaf, 0xff,
    0x40, 0x0, 0x0, 0x0, 0x1c, 0xf4, 0x0, 0x0,
    0x0, 0x0, 0x0, 0x0, 0x0, 0x0, 0x0, 0x0,

    /* U+F067 "" */
    0x0, 0x0, 0x0, 0x1, 0xbe, 0xd3, 0x0, 0x0,
    0x0, 0x0, 0x0, 0x0, 0x0, 0x6, 0xff, 0xfa,
    0x0, 0x0, 0x0, 0x0, 0x0, 0x0, 0x0, 0x7,
    0xff, 0xfb, 0x0, 0x0, 0x0, 0x0, 0x0, 0x0,
    0x0, 0x7, 0xff, 0xfb, 0x0, 0x0, 0x0, 0x0,
    0x0, 0x0, 0x0, 0x7, 0xff, 0xfb, 0x0, 0x0,
    0x0, 0x0, 0x0, 0x0, 0x0, 0x7, 0xff, 0xfb,
    0x0, 0x0, 0x0, 0x0, 0x0, 0x0, 0x0, 0x7,
    0xff, 0xfb, 0x0, 0x0, 0x0, 0x0, 0x14, 0x55,
    0x55, 0x59, 0xff, 0xfc, 0x55, 0x55, 0x54, 0x20,
    0xdf, 0xff, 0xff, 0xff, 0xff, 0xff, 0xff, 0xff,
    0xff, 0xf1, 0xff, 0xff, 0xff, 0xff, 0xff, 0xff,
    0xff, 0xff, 0xff, 0xf3, 0xff, 0xff, 0xff, 0xff,
    0xff, 0xff, 0xff, 0xff, 0xff, 0xf3, 0x6c, 0xdd,
    0xdd, 0xde, 0xff, 0xff, 0xdd, 0xdd, 0xdc, 0x90,
    0x0, 0x0, 0x0, 0x7, 0xff, 0xfb, 0x0, 0x0,
    0x0, 0x0, 0x0, 0x0, 0x0, 0x7, 0xff, 0xfb,
    0x0, 0x0, 0x0, 0x0, 0x0, 0x0, 0x0, 0x7,
    0xff, 0xfb, 0x0, 0x0, 0x0, 0x0, 0x0, 0x0,
    0x0, 0x7, 0xff, 0xfb, 0x0, 0x0, 0x0, 0x0,
    0x0, 0x0, 0x0, 0x7, 0xff, 0xfb, 0x0, 0x0,
    0x0, 0x0, 0x0, 0x0, 0x0, 0x7, 0xff, 0xfb,
    0x0, 0x0, 0x0, 0x0, 0x0, 0x0, 0x0, 0x4,
    0xff, 0xf8, 0x0, 0x0, 0x0, 0x0, 0x0, 0x0,
    0x0, 0x0, 0x36, 0x50, 0x0, 0x0, 0x0, 0x0,

    /* U+F068 "" */
    0x2, 0x22, 0x22, 0x22, 0x22, 0x22, 0x22, 0x22,
    0x22, 0x0, 0xbf, 0xff, 0xff, 0xff, 0xff, 0xff,
    0xff, 0xff, 0xff, 0xe1, 0xff, 0xff, 0xff, 0xff,
    0xff, 0xff, 0xff, 0xff, 0xff, 0xf3, 0xff, 0xff,
    0xff, 0xff, 0xff, 0xff, 0xff, 0xff, 0xff, 0xf3,
    0x8f, 0xff, 0xff, 0xff, 0xff, 0xff, 0xff, 0xff,
    0xff, 0xb0,

    /* U+F06E "" */
    0x0, 0x0, 0x0, 0x0, 0x0, 0x23, 0x43, 0x10,
    0x0, 0x0, 0x0, 0x0, 0x0, 0x0, 0x0, 0x0,
    0x5b, 0xff, 0xff, 0xff, 0xea, 0x40, 0x0, 0x0,
    0x0, 0x0, 0x0, 0x5, 0xef, 0xff, 0xfd, 0xce,
    0xff, 0xff, 0xc3, 0x0, 0x0, 0x0, 0x0, 0x1b,
    0xff, 0xff, 0x71, 0x0, 0x2, 0x9f, 0xff, 0xf8,
    0x0, 0x0, 0x0, 0x2d, 0xff, 0xfe, 0x20, 0x2,
    0x53, 0x0, 0x5f, 0xff, 0xfb, 0x0, 0x0, 0x1e,
    0xff, 0xff, 0x30, 0x0, 0x6f, 0xfc, 0x10, 0x7f,
    0xff, 0xfb, 0x0, 0xc, 0xff, 0xff, 0xa0, 0x0,
    0x6, 0xff, 0xfc, 0x0, 0xef, 0xff, 0xf8, 0x6,
    0xff, 0xff, 0xf5, 0x1, 0x3, 0xef, 0xff, 0xf4,
    0x9, 0xff, 0xff, 0xf3, 0xef, 0xff, 0xff, 0x30,
    0xbf, 0xff, 0xff, 0xff, 0x70, 0x7f, 0xff, 0xff,
    0xad, 0xff, 0xff, 0xf3, 0xa, 0xff, 0xff, 0xff,
    0xf6, 0x7, 0xff, 0xff, 0xf9, 0x3f, 0xff, 0xff,
    0x60, 0x5f, 0xff, 0xff, 0xff, 0x10, 0xaf, 0xff,
    0xfe, 0x10, 0x8f, 0xff, 0xfc, 0x0, 0xaf, 0xff,
    0xff, 0x60, 0x1f, 0xff, 0xff, 0x50, 0x0, 0xaf,
    0xff, 0xf6, 0x0, 0x6c, 0xdb, 0x40, 0xa, 0xff,
    0xff, 0x70, 0x0, 0x0, 0xaf, 0xff, 0xf6, 0x0,
    0x0, 0x0, 0x9, 0xff, 0xff, 0x70, 0x0, 0x0,
    0x0, 0x6f, 0xff, 0xfc, 0x52, 0x12, 0x6d, 0xff,
    0xfe, 0x40, 0x0, 0x0, 0x0, 0x0, 0x19, 0xff,
    0xff, 0xff, 0xff, 0xff, 0xf8, 0x0, 0x0, 0x0,
    0x0, 0x0, 0x0, 0x1, 0x5a, 0xde, 0xfe, 0xd9,
    0x50, 0x0, 0x0, 0x0, 0x0,

    /* U+F070 "" */
    0x0, 0x0, 0x0, 0x0, 0x0, 0x0, 0x0, 0x0,
    0x0, 0x0, 0x0, 0x0, 0x0, 0x0, 0x4e, 0x70,
    0x0, 0x0, 0x0, 0x0, 0x0, 0x0, 0x0, 0x0,
    0x0, 0x0, 0x0, 0x0, 0xef, 0xfb, 0x0, 0x0,
    0x0, 0x0, 0x0, 0x0, 0x0, 0x0, 0x0, 0x0,
    0x0, 0x0, 0x6f, 0xff, 0xd2, 0x0, 0x0, 0x0,
    0x24, 0x32, 0x0, 0x0, 0x0, 0x0, 0x0, 0x0,
    0x3, 0xef, 0xff, 0x60, 0x28, 0xcf, 0xff, 0xff,
    0xfb, 0x60, 0x0, 0x0, 0x0, 0x0, 0x0, 0x1b,
    0xff, 0xfc, 0xff, 0xff, 0xec, 0xdf, 0xff, 0xfe,
    0x70, 0x0, 0x0, 0x0, 0x0, 0x0, 0x8f, 0xff,
    0xff, 0xa3, 0x0, 0x0, 0x6e, 0xff, 0xfc, 0x20,
    0x0, 0x0, 0x0, 0x0, 0x4, 0xef, 0xff, 0x70,
    0x15, 0x40, 0x1, 0xdf, 0xff, 0xe3, 0x0, 0x0,
    0x0, 0x1, 0x0, 0x1c, 0xff, 0xfb, 0x1f, 0xfe,
    0x50, 0x2f, 0xff, 0xff, 0x20, 0x0, 0x0, 0x7e,
    0x30, 0x0, 0x9f, 0xff, 0xef, 0xff, 0xf3, 0x8,
    0xff, 0xff, 0xd0, 0x0, 0x2, 0xff, 0xf6, 0x0,
    0x5, 0xff, 0xff, 0xff, 0xfa, 0x3, 0xff, 0xff,
    0xf8, 0x0, 0x8, 0xff, 0xff, 0xa0, 0x0, 0x2d,
    0xff, 0xff, 0xfd, 0x1, 0xff, 0xff, 0xff, 0x0,
    0x6, 0xff, 0xff, 0xfa, 0x0, 0x0, 0xaf, 0xff,
    0xfb, 0x2, 0xff, 0xff, 0xfe, 0x0, 0x0, 0xdf,
    0xff, 0xfd, 0x0, 0x0, 0x6, 0xff, 0xff, 0x55,
    0xff, 0xff, 0xf5, 0x0, 0x0, 0x2f, 0xff, 0xff,
    0x40, 0x0, 0x0, 0x3d, 0xff, 0xfe, 0xff, 0xff,
    0x90, 0x0, 0x0, 0x4, 0xff, 0xff, 0xd0, 0x0,
    0x0, 0x0, 0xbf, 0xff, 0xff, 0xfb, 0x0, 0x0,
    0x0, 0x0, 0x4f, 0xff, 0xfb, 0x10, 0x0, 0x0,
    0x7, 0xff, 0xff, 0xc0, 0x0, 0x0, 0x0, 0x0,
    0x2, 0xdf, 0xff, 0xe8, 0x31, 0x20, 0x0, 0x3e,
    0xff, 0xf6, 0x0, 0x0, 0x0, 0x0, 0x0, 0x6,
    0xef, 0xff, 0xff, 0xfb, 0x0, 0x1, 0xbf, 0xff,
    0xa0, 0x0, 0x0, 0x0, 0x0, 0x0, 0x4, 0x9c,
    0xef, 0xfd, 0x80, 0x0, 0x8, 0xff, 0xfd, 0x20,
    0x0, 0x0, 0x0, 0x0, 0x0, 0x0, 0x0, 0x0,
    0x0, 0x0, 0x0, 0x4e, 0xff, 0xf3, 0x0, 0x0,
    0x0, 0x0, 0x0, 0x0, 0x0, 0x0, 0x0, 0x0,
    0x0, 0x1, 0xcf, 0xf4, 0x0, 0x0, 0x0, 0x0,
    0x0, 0x0, 0x0, 0x0, 0x0, 0x0, 0x0, 0x0,
    0x8, 0x60,

    /* U+F071 "" */
    0x0, 0x0, 0x0, 0x0, 0x0, 0x0, 0x0, 0x0,
    0x0, 0x0, 0x0, 0x0, 0x0, 0x0, 0x0, 0x0,
    0x0, 0x0, 0x0, 0x1d, 0xfb, 0x0, 0x0, 0x0,
    0x0, 0x0, 0x0, 0x0, 0x0, 0x0, 0x0, 0x0,
    0xb, 0xff, 0xf7, 0x0, 0x0, 0x0, 0x0, 0x0,
    0x0, 0x0, 0x0, 0x0, 0x0, 0x4, 0xff, 0xff,
    0xf1, 0x0, 0x0, 0x0, 0x0, 0x0, 0x0, 0x0,
    0x0, 0x0, 0x0, 0xdf, 0xff, 0xff, 0xa0, 0x0,
    0x0, 0x0, 0x0, 0x0, 0x0, 0x0, 0x0, 0x0,
    0x7f, 0xff, 0xff, 0xff, 0x30, 0x0, 0x0, 0x0,
    0x0, 0x0, 0x0, 0x0, 0x0, 0x1f, 0xff, 0xff,
    0xff, 0xfc, 0x0, 0x0, 0x0, 0x0, 0x0, 0x0,
    0x0, 0x0, 0xa, 0xff, 0xff, 0xff, 0xff, 0xf6,
    0x0, 0x0, 0x0, 0x0, 0x0, 0x0, 0x0, 0x3,
    0xff, 0xfd, 0x88, 0x8f, 0xff, 0xe0, 0x0, 0x0,
    0x0, 0x0, 0x0, 0x0, 0x0, 0xcf, 0xff, 0x80,
    0x0, 0xcf, 0xff, 0x80, 0x0, 0x0, 0x0, 0x0,
    0x0, 0x0, 0x6f, 0xff, 0xf9, 0x0, 0xd, 0xff,
    0xff, 0x20, 0x0, 0x0, 0x0, 0x0, 0x0, 0xe,
    0xff, 0xff, 0xa0, 0x0, 0xef, 0xff, 0xfb, 0x0,
    0x0, 0x0, 0x0, 0x0, 0x8, 0xff, 0xff, 0xfb,
    0x0, 0xf, 0xff, 0xff, 0xf4, 0x0, 0x0, 0x0,
    0x0, 0x2, 0xff, 0xff, 0xff, 0xc0, 0x0, 0xff,
    0xff, 0xff, 0xd0, 0x0, 0x0, 0x0, 0x0, 0xbf,
    0xff, 0xff, 0xfd, 0x0, 0x1f, 0xff, 0xff, 0xff,
    0x70, 0x0, 0x0, 0x0, 0x4f, 0xff, 0xff, 0xff,
    0xfd, 0xcd, 0xff, 0xff, 0xff, 0xff, 0x10, 0x0,
    0x0, 0xd, 0xff, 0xff, 0xff, 0xfe, 0x30, 0x6f,
    0xff, 0xff, 0xff, 0xfa, 0x0, 0x0, 0x7, 0xff,
    0xff, 0xff, 0xff, 0x80, 0x0, 0xbf, 0xff, 0xff,
    0xff, 0xf3, 0x0, 0x1, 0xff, 0xff, 0xff, 0xff,
    0xf8, 0x0, 0xc, 0xff, 0xff, 0xff, 0xff, 0xc0,
    0x0, 0x9f, 0xff, 0xff, 0xff, 0xff, 0xf4, 0x17,
    0xff, 0xff, 0xff, 0xff, 0xff, 0x50, 0xf, 0xff,
    0xff, 0xff, 0xff, 0xff, 0xff, 0xff, 0xff, 0xff,
    0xff, 0xff, 0xfb, 0x0, 0xdf, 0xff, 0xff, 0xff,
    0xff, 0xff, 0xff, 0xff, 0xff, 0xff, 0xff, 0xff,
    0x90, 0x2, 0xbc, 0xcc, 0xcc, 0xcc, 0xcc, 0xcc,
    0xcc, 0xcc, 0xcc, 0xcc, 0xcc, 0x90, 0x0,

    /* U+F074 "" */
    0x0, 0x0, 0x0, 0x0, 0x0, 0x0, 0x0, 0x0,
    0x0, 0x0, 0x0, 0x0, 0x0, 0x0, 0x0, 0x0,
    0x0, 0x0, 0x0, 0x3c, 0x50, 0x0, 0x0, 0x0,
    0x0, 0x0, 0x0, 0x0, 0x0, 0x0, 0x7f, 0xf5,
    0x0, 0x12, 0x22, 0x20, 0x0, 0x0, 0x0, 0x0,
    0x22, 0x9f, 0xff, 0x50, 0xff, 0xff, 0xfe, 0x20,
    0x0, 0x0, 0xc, 0xff, 0xff, 0xff, 0xf5, 0xff,
    0xff, 0xff, 0xe2, 0x0, 0x0, 0xcf, 0xff, 0xff,
    0xff, 0xff, 0xff, 0xff, 0xff, 0xfd, 0x10, 0xb,
    0xff, 0xff, 0xff, 0xff, 0xf8, 0x45, 0x55, 0xbf,
    0xff, 0x60, 0xaf, 0xff, 0xd5, 0xaf, 0xff, 0x80,
    0x0, 0x0, 0xb, 0xf8, 0xa, 0xff, 0xfe, 0x10,
    0x8f, 0xf8, 0x0, 0x0, 0x0, 0x0, 0x70, 0x9f,
    0xff, 0xe2, 0x0, 0x4f, 0x80, 0x0, 0x0, 0x0,
    0x0, 0x8, 0xff, 0xfe, 0x20, 0x0, 0x0, 0x0,
    0x0, 0x0, 0x0, 0x0, 0x7f, 0xff, 0xf3, 0x10,
    0x0, 0x2a, 0x30, 0x0, 0x0, 0x0, 0x6, 0xff,
    0xff, 0x41, 0xda, 0x0, 0x7f, 0xf3, 0x0, 0x0,
    0x0, 0x5f, 0xff, 0xf4, 0xc, 0xff, 0x90, 0x8f,
    0xff, 0x30, 0xef, 0xff, 0xff, 0xff, 0x50, 0x2e,
    0xff, 0xff, 0xff, 0xff, 0xf3, 0xff, 0xff, 0xff,
    0xf6, 0x0, 0x2, 0xef, 0xff, 0xff, 0xff, 0xfe,
    0xff, 0xff, 0xff, 0x70, 0x0, 0x0, 0x3f, 0xff,
    0xff, 0xff, 0xfa, 0x67, 0x77, 0x75, 0x0, 0x0,
    0x0, 0x3, 0x77, 0xbf, 0xff, 0xa0, 0x0, 0x0,
    0x0, 0x0, 0x0, 0x0, 0x0, 0x0, 0x8f, 0xfa,
    0x0, 0x0, 0x0, 0x0, 0x0, 0x0, 0x0, 0x0,
    0x0, 0x6f, 0xa0, 0x0, 0x0, 0x0, 0x0, 0x0,
    0x0, 0x0, 0x0, 0x0, 0x2, 0x0, 0x0,

    /* U+F077 "" */
    0x0, 0x0, 0x0, 0x0, 0x4e, 0x70, 0x0, 0x0,
    0x0, 0x0, 0x0, 0x0, 0x0, 0x4f, 0xff, 0x70,
    0x0, 0x0, 0x0, 0x0, 0x0, 0x0, 0x4f, 0xff,
    0xff, 0x70, 0x0, 0x0, 0x0, 0x0, 0x0, 0x4f,
    0xff, 0xff, 0xff, 0x70, 0x0, 0x0, 0x0, 0x0,
    0x4f, 0xff, 0xfc, 0xff, 0xff, 0x70, 0x0, 0x0,
    0x0, 0x4f, 0xff, 0xfa, 0x5, 0xff, 0xff, 0x70,
    0x0, 0x0, 0x4f, 0xff, 0xfa, 0x0, 0x5, 0xff,
    0xff, 0x70, 0x0, 0x4f, 0xff, 0xf9, 0x0, 0x0,
    0x6, 0xff, 0xff, 0x70, 0x3f, 0xff, 0xf9, 0x0,
    0x0, 0x0, 0x6, 0xff, 0xff, 0x7a, 0xff, 0xf9,
    0x0, 0x0, 0x0, 0x0, 0x6, 0xff, 0xff, 0x2e,
    0xf9, 0x0, 0x0, 0x0, 0x0, 0x0, 0x6, 0xff,
    0x50, 0x25, 0x0, 0x0, 0x0, 0x0, 0x0, 0x0,
    0x4, 0x40,

    /* U+F078 "" */
    0x9, 0xd3, 0x0, 0x0, 0x0, 0x0, 0x0, 0x1,
    0xcb, 0x18, 0xff, 0xe3, 0x0, 0x0, 0x0, 0x0,
    0x1, 0xcf, 0xfc, 0x9f, 0xff, 0xe3, 0x0, 0x0,
    0x0, 0x1, 0xcf, 0xff, 0xd0, 0xbf, 0xff, 0xe3,
    0x0, 0x0, 0x1, 0xcf, 0xff, 0xd1, 0x0, 0xbf,
    0xff, 0xe3, 0x0, 0x1, 0xcf, 0xff, 0xd1, 0x0,
    0x0, 0xbf, 0xff, 0xe3, 0x1, 0xcf, 0xff, 0xd1,
    0x0, 0x0, 0x0, 0xbf, 0xff, 0xe4, 0xcf, 0xff,
    0xd1, 0x0, 0x0, 0x0, 0x0, 0xbf, 0xff, 0xff,
    0xff, 0xd1, 0x0, 0x0, 0x0, 0x0, 0x0, 0xbf,
    0xff, 0xff, 0xd1, 0x0, 0x0, 0x0, 0x0, 0x0,
    0x0, 0xbf, 0xff, 0xd1, 0x0, 0x0, 0x0, 0x0,
    0x0, 0x0, 0x0, 0xbf, 0xd1, 0x0, 0x0, 0x0,
    0x0, 0x0, 0x0, 0x0, 0x0, 0x61, 0x0, 0x0,
    0x0, 0x0,

    /* U+F079 "" */
    0x0, 0x0, 0x27, 0x10, 0x0, 0x0, 0x0, 0x0,
    0x0, 0x0, 0x0, 0x0, 0x0, 0x0, 0x0, 0x2,
    0xef, 0xd1, 0x0, 0x0, 0x0, 0x0, 0x0, 0x0,
    0x0, 0x0, 0x0, 0x0, 0x0, 0x2e, 0xff, 0xfd,
    0x10, 0x3f, 0xff, 0xff, 0xff, 0xff, 0xff, 0xe0,
    0x0, 0x0, 0x2, 0xef, 0xff, 0xff, 0xd1, 0x3f,
    0xff, 0xff, 0xff, 0xff, 0xff, 0xf1, 0x0, 0x0,
    0x2e, 0xff, 0xff, 0xff, 0xfd, 0x15, 0xbb, 0xbb,
    0xbb, 0xbb, 0xef, 0xf1, 0x0, 0x0, 0xdf, 0xfb,
    0xef, 0xdc, 0xff, 0xb0, 0x0, 0x0, 0x0, 0x0,
    0xaf, 0xf1, 0x0, 0x0, 0x9f, 0xc0, 0xef, 0xd1,
    0xdf, 0x70, 0x0, 0x0, 0x0, 0x0, 0xaf, 0xf1,
    0x0, 0x0, 0x3, 0x0, 0xef, 0xd0, 0x3, 0x0,
    0x0, 0x0, 0x0, 0x0, 0xaf, 0xf1, 0x0, 0x0,
    0x0, 0x0, 0xef, 0xd0, 0x0, 0x0, 0x0, 0x0,
    0x0, 0x0, 0xaf, 0xf1, 0x0, 0x0, 0x0, 0x0,
    0xef, 0xd0, 0x0, 0x0, 0x0, 0x0, 0x0, 0x0,
    0xaf, 0xf1, 0x0, 0x0, 0x0, 0x0, 0xef, 0xd0,
    0x0, 0x0, 0x0, 0x0, 0x7, 0x50, 0xaf, 0xf1,
    0x19, 0x30, 0x0, 0x0, 0xef, 0xd0, 0x0, 0x0,
    0x0, 0x0, 0x8f, 0xf6, 0xaf, 0xf3, 0xdf, 0xe0,
    0x0, 0x0, 0xef, 0xd0, 0x0, 0x0, 0x0, 0x0,
    0x5f, 0xff, 0xef, 0xfe, 0xff, 0xd0, 0x0, 0x0,
    0xef, 0xff, 0xff, 0xff, 0xff, 0xfc, 0x16, 0xff,
    0xff, 0xff, 0xfd, 0x10, 0x0, 0x0, 0xef, 0xff,
    0xff, 0xff, 0xff, 0xff, 0x80, 0x6f, 0xff, 0xff,
    0xd1, 0x0, 0x0, 0x0, 0x6b, 0xbb, 0xbb, 0xbb,
    0xbb, 0xba, 0x30, 0x6, 0xff, 0xfd, 0x10, 0x0,
    0x0, 0x0, 0x0, 0x0, 0x0, 0x0, 0x0, 0x0,
    0x0, 0x0, 0x6f, 0xc1, 0x0, 0x0, 0x0, 0x0,
    0x0, 0x0, 0x0, 0x0, 0x0, 0x0, 0x0, 0x0,
    0x2, 0x0, 0x0, 0x0,

    /* U+F07B "" */
    0x5, 0x78, 0x88, 0x88, 0x71, 0x0, 0x0, 0x0,
    0x0, 0x0, 0x0, 0xaf, 0xff, 0xff, 0xff, 0xfd,
    0x10, 0x0, 0x0, 0x0, 0x0, 0x0, 0xff, 0xff,
    0xff, 0xff, 0xff, 0xd1, 0x0, 0x0, 0x0, 0x0,
    0x0, 0xff, 0xff, 0xff, 0xff, 0xff, 0xfe, 0xcc,
    0xcc, 0xcc, 0xcb, 0x91, 0xff, 0xff, 0xff, 0xff,
    0xff, 0xff, 0xff, 0xff, 0xff, 0xff, 0xfc, 0xff,
    0xff, 0xff, 0xff, 0xff, 0xff, 0xff, 0xff, 0xff,
    0xff, 0xff, 0xff, 0xff, 0xff, 0xff, 0xff, 0xff,
    0xff, 0xff, 0xff, 0xff, 0xff, 0xff, 0xff, 0xff,
    0xff, 0xff, 0xff, 0xff, 0xff, 0xff, 0xff, 0xff,
    0xff, 0xff, 0xff, 0xff, 0xff, 0xff, 0xff, 0xff,
    0xff, 0xff, 0xff, 0xff, 0xff, 0xff, 0xff, 0xff,
    0xff, 0xff, 0xff, 0xff, 0xff, 0xff, 0xff, 0xff,
    0xff, 0xff, 0xff, 0xff, 0xff, 0xff, 0xff, 0xff,
    0xff, 0xff, 0xff, 0xff, 0xff, 0xff, 0xff, 0xff,
    0xff, 0xff, 0xff, 0xff, 0xff, 0xff, 0xff, 0xff,
    0xff, 0xff, 0xff, 0xff, 0xff, 0xff, 0xff, 0xff,
    0xff, 0xff, 0xff, 0xff, 0xff, 0xff, 0xff, 0xff,
    0xff, 0xff, 0xff, 0xff, 0xff, 0xff, 0xff, 0xff,
    0xff, 0xff, 0xff, 0xff, 0xff, 0xef, 0xff, 0xff,
    0xff, 0xff, 0xff, 0xff, 0xff, 0xff, 0xff, 0xfd,
    0x4e, 0xff, 0xff, 0xff, 0xff, 0xff, 0xff, 0xff,
    0xff, 0xff, 0xe4,

    /* U+F093 "" */
    0x0, 0x0, 0x0, 0x0, 0x0, 0x0, 0x0, 0x0,
    0x0, 0x0, 0x0, 0x0, 0x0, 0x0, 0x0, 0x3,
    0xfc, 0x10, 0x0, 0x0, 0x0, 0x0, 0x0, 0x0,
    0x0, 0x0, 0x3f, 0xff, 0xc1, 0x0, 0x0, 0x0,
    0x0, 0x0, 0x0, 0x0, 0x3, 0xff, 0xff, 0xfc,
    0x10, 0x0, 0x0, 0x0, 0x0, 0x0, 0x0, 0x3f,
    0xff, 0xff, 0xff, 0xc1, 0x0, 0x0, 0x0, 0x0,
    0x0, 0x3, 0xff, 0xff, 0xff, 0xff, 0xfc, 0x10,
    0x0, 0x0, 0x0, 0x0, 0x3f, 0xff, 0xff, 0xff,
    0xff, 0xff, 0xc1, 0x0, 0x0, 0x0, 0x3, 0xff,
    0xff, 0xff, 0xff, 0xff, 0xff, 0xfc, 0x0, 0x0,
    0x0, 0x6, 0xff, 0xff, 0xff, 0xff, 0xff, 0xff,
    0xff, 0x10, 0x0, 0x0, 0x0, 0x11, 0x11, 0xef,
    0xff, 0xf9, 0x11, 0x10, 0x0, 0x0, 0x0, 0x0,
    0x0, 0x0, 0xef, 0xff, 0xf9, 0x0, 0x0, 0x0,
    0x0, 0x0, 0x0, 0x0, 0x0, 0xef, 0xff, 0xf9,
    0x0, 0x0, 0x0, 0x0, 0x0, 0x0, 0x0, 0x0,
    0xef, 0xff, 0xf9, 0x0, 0x0, 0x0, 0x0, 0x0,
    0x0, 0x0, 0x0, 0xef, 0xff, 0xf9, 0x0, 0x0,
    0x0, 0x0, 0x0, 0x0, 0x0, 0x0, 0xef, 0xff,
    0xf9, 0x0, 0x0, 0x0, 0x0, 0x0, 0x0, 0x0,
    0x0, 0xef, 0xff, 0xf9, 0x0, 0x0, 0x0, 0x0,
    0xcf, 0xff, 0xff, 0xe0, 0xdf, 0xff, 0xf8, 0xe,
    0xff, 0xff, 0xfc, 0xff, 0xff, 0xff, 0xf3, 0x26,
    0x66, 0x50, 0x3f, 0xff, 0xff, 0xff, 0xff, 0xff,
    0xff, 0xfe, 0x52, 0x22, 0x25, 0xef, 0xff, 0xff,
    0xff, 0xff, 0xff, 0xff, 0xff, 0xff, 0xff, 0xff,
    0xff, 0xff, 0xff, 0xff, 0xff, 0xff, 0xff, 0xff,
    0xff, 0xff, 0xff, 0xf1, 0x6e, 0xb, 0xff, 0xff,
    0xff, 0xff, 0xff, 0xff, 0xff, 0xff, 0xf6, 0xaf,
    0x5d, 0xff, 0xbf, 0xff, 0xff, 0xff, 0xff, 0xff,
    0xff, 0xff, 0xff, 0xff, 0xfb,

    /* U+F095 "" */
    0x0, 0x0, 0x0, 0x0, 0x0, 0x0, 0x0, 0x0,
    0x2, 0x0, 0x0, 0x0, 0x0, 0x0, 0x0, 0x0,
    0x0, 0x0, 0x0, 0x7, 0xff, 0xc8, 0x51, 0x0,
    0x0, 0x0, 0x0, 0x0, 0x0, 0x0, 0x0, 0xef,
    0xff, 0xff, 0xe0, 0x0, 0x0, 0x0, 0x0, 0x0,
    0x0, 0x0, 0x5f, 0xff, 0xff, 0xff, 0x0, 0x0,
    0x0, 0x0, 0x0, 0x0, 0x0, 0xc, 0xff, 0xff,
    0xff, 0xe0, 0x0, 0x0, 0x0, 0x0, 0x0, 0x0,
    0x3, 0xff, 0xff, 0xff, 0xfd, 0x0, 0x0, 0x0,
    0x0, 0x0, 0x0, 0x0, 0x8f, 0xff, 0xff, 0xff,
    0xa0, 0x0, 0x0, 0x0, 0x0, 0x0, 0x0, 0x2,
    0xdf, 0xff, 0xff, 0xf7, 0x0, 0x0, 0x0, 0x0,
    0x0, 0x0, 0x0, 0x1, 0xcf, 0xff, 0xff, 0x30,
    0x0, 0x0, 0x0, 0x0, 0x0, 0x0, 0x0, 0x0,
    0xdf, 0xff, 0xd0, 0x0, 0x0, 0x0, 0x0, 0x0,
    0x0, 0x0, 0x0, 0x3f, 0xff, 0xf8, 0x0, 0x0,
    0x0, 0x0, 0x0, 0x0, 0x0, 0x0, 0xc, 0xff,
    0xff, 0x10, 0x0, 0x0, 0x0, 0x0, 0x0, 0x0,
    0x0, 0x8, 0xff, 0xff, 0x80, 0x0, 0x0, 0x0,
    0x0, 0x0, 0x0, 0x0, 0x5, 0xff, 0xff, 0xd0,
    0x0, 0x0, 0x0, 0x5, 0xb8, 0x0, 0x0, 0x6,
    0xff, 0xff, 0xf3, 0x0, 0x0, 0x1, 0x7e, 0xff,
    0xf6, 0x0, 0x8, 0xff, 0xff, 0xf6, 0x0, 0x0,
    0x9, 0xff, 0xff, 0xff, 0xf4, 0x4d, 0xff, 0xff,
    0xf8, 0x0, 0x0, 0x0, 0xef, 0xff, 0xff, 0xff,
    0xff, 0xff, 0xff, 0xf8, 0x0, 0x0, 0x0, 0xb,
    0xff, 0xff, 0xff, 0xff, 0xff, 0xff, 0xf6, 0x0,
    0x0, 0x0, 0x0, 0x7f, 0xff, 0xff, 0xff, 0xff,
    0xff, 0xc2, 0x0, 0x0, 0x0, 0x0, 0x4, 0xff,
    0xff, 0xff, 0xff, 0xfe, 0x60, 0x0, 0x0, 0x0,
    0x0, 0x0, 0xf, 0xff, 0xff, 0xff, 0xb5, 0x0,
    0x0, 0x0, 0x0, 0x0, 0x0, 0x0, 0x7b, 0xb9,
    0x74, 0x0, 0x0, 0x0, 0x0, 0x0, 0x0, 0x0,
    0x0,

    /* U+F0C2 "" */
    0x0, 0x0, 0x0, 0x0, 0x59, 0xbb, 0x94, 0x0,
    0x0, 0x0, 0x0, 0x0, 0x0, 0x0, 0x0, 0x0,
    0x0, 0x2c, 0xff, 0xff, 0xff, 0xc2, 0x0, 0x0,
    0x0, 0x0, 0x0, 0x0, 0x0, 0x0, 0x2, 0xef,
    0xff, 0xff, 0xff, 0xfe, 0x20, 0x0, 0x0, 0x0,
    0x0, 0x0, 0x0, 0x0, 0xd, 0xff, 0xff, 0xff,
    0xff, 0xff, 0xd9, 0xff, 0xd5, 0x0, 0x0, 0x0,
    0x0, 0x0, 0x5f, 0xff, 0xff, 0xff, 0xff, 0xff,
    0xff, 0xff, 0xff, 0x70, 0x0, 0x0, 0x0, 0x0,
    0xaf, 0xff, 0xff, 0xff, 0xff, 0xff, 0xff, 0xff,
    0xff, 0xf1, 0x0, 0x0, 0x0, 0x0, 0xdf, 0xff,
    0xff, 0xff, 0xff, 0xff, 0xff, 0xff, 0xff, 0xf5,
    0x0, 0x0, 0x0, 0x3, 0xff, 0xff, 0xff, 0xff,
    0xff, 0xff, 0xff, 0xff, 0xff, 0xf4, 0x0, 0x0,
    0x0, 0xaf, 0xff, 0xff, 0xff, 0xff, 0xff, 0xff,
    0xff, 0xff, 0xff, 0xf6, 0x0, 0x0, 0xa, 0xff,
    0xff, 0xff, 0xff, 0xff, 0xff, 0xff, 0xff, 0xff,
    0xff, 0xff, 0xe4, 0x0, 0x5f, 0xff, 0xff, 0xff,
    0xff, 0xff, 0xff, 0xff, 0xff, 0xff, 0xff, 0xff,
    0xff, 0x40, 0xbf, 0xff, 0xff, 0xff, 0xff, 0xff,
    0xff, 0xff, 0xff, 0xff, 0xff, 0xff, 0xff, 0xd0,
    0xff, 0xff, 0xff, 0xff, 0xff, 0xff, 0xff, 0xff,
    0xff, 0xff, 0xff, 0xff, 0xff, 0xf4, 0xff, 0xff,
    0xff, 0xff, 0xff, 0xff, 0xff, 0xff, 0xff, 0xff,
    0xff, 0xff, 0xff, 0xf7, 0xdf, 0xff, 0xff, 0xff,
    0xff, 0xff, 0xff, 0xff, 0xff, 0xff, 0xff, 0xff,
    0xff, 0xf7, 0x9f, 0xff, 0xff, 0xff, 0xff, 0xff,
    0xff, 0xff, 0xff, 0xff, 0xff, 0xff, 0xff, 0xf4,
    0x2f, 0xff, 0xff, 0xff, 0xff, 0xff, 0xff, 0xff,
    0xff, 0xff, 0xff, 0xff, 0xff, 0xd0, 0x5, 0xff,
    0xff, 0xff, 0xff, 0xff, 0xff, 0xff, 0xff, 0xff,
    0xff, 0xff, 0xff, 0x30, 0x0, 0x3d, 0xff, 0xff,
    0xff, 0xff, 0xff, 0xff, 0xff, 0xff, 0xff, 0xff,
    0xd3, 0x0, 0x0, 0x0, 0x36, 0x77, 0x77, 0x77,
    0x77, 0x77, 0x77, 0x77, 0x77, 0x63, 0x0, 0x0,

    /* U+F0C4 "" */
    0x1, 0x8c, 0xda, 0x20, 0x0, 0x0, 0x0, 0x0,
    0x20, 0x0, 0x1d, 0xff, 0xff, 0xf3, 0x0, 0x0,
    0x0, 0x8f, 0xff, 0x80, 0xaf, 0xff, 0xff, 0xfd,
    0x0, 0x0, 0xa, 0xff, 0xff, 0xf1, 0xef, 0xe1,
    0xc, 0xff, 0x20, 0x0, 0xbf, 0xff, 0xfe, 0x30,
    0xff, 0xd0, 0xa, 0xff, 0x30, 0xb, 0xff, 0xff,
    0xe3, 0x0, 0xbf, 0xfc, 0xbf, 0xff, 0x10, 0xcf,
    0xff, 0xfe, 0x30, 0x0, 0x3f, 0xff, 0xff, 0xff,
    0xdc, 0xff, 0xff, 0xe3, 0x0, 0x0, 0x3, 0xdf,
    0xff, 0xff, 0xff, 0xff, 0xfe, 0x20, 0x0, 0x0,
    0x0, 0x1, 0x2d, 0xff, 0xff, 0xff, 0xe2, 0x0,
    0x0, 0x0, 0x0, 0x0, 0x2, 0xff, 0xff, 0xff,
    0x30, 0x0, 0x0, 0x0, 0x0, 0x0, 0xb, 0xff,
    0xff, 0xff, 0xc0, 0x0, 0x0, 0x0, 0x1, 0x8c,
    0xef, 0xff, 0xff, 0xff, 0xfc, 0x0, 0x0, 0x0,
    0x1d, 0xff, 0xff, 0xff, 0xff, 0xff, 0xff, 0xc0,
    0x0, 0x0, 0xaf, 0xff, 0xff, 0xff, 0x33, 0xef,
    0xff, 0xfc, 0x0, 0x0, 0xef, 0xe1, 0xc, 0xff,
    0x20, 0x2e, 0xff, 0xff, 0xc1, 0x0, 0xff, 0xd0,
    0xa, 0xff, 0x30, 0x2, 0xef, 0xff, 0xfc, 0x10,
    0xbf, 0xfc, 0xbf, 0xff, 0x0, 0x0, 0x1d, 0xff,
    0xff, 0xc0, 0x3f, 0xff, 0xff, 0xf7, 0x0, 0x0,
    0x1, 0xcf, 0xff, 0xd1, 0x3, 0xdf, 0xfe, 0x60,
    0x0, 0x0, 0x0, 0x4, 0x75, 0x0, 0x0, 0x1,
    0x10, 0x0, 0x0, 0x0, 0x0, 0x0, 0x0, 0x0,

    /* U+F0C5 "" */
    0x0, 0x0, 0x0, 0x12, 0x22, 0x22, 0x22, 0x1,
    0x0, 0x0, 0x0, 0x0, 0x3, 0xff, 0xff, 0xff,
    0xfe, 0xe, 0x60, 0x0, 0x0, 0x0, 0x5, 0xff,
    0xff, 0xff, 0xfe, 0xe, 0xf6, 0x0, 0x0, 0x0,
    0x5, 0xff, 0xff, 0xff, 0xfe, 0xe, 0xff, 0x70,
    0x1, 0x22, 0x5, 0xff, 0xff, 0xff, 0xfe, 0xe,
    0xff, 0xf2, 0xdf, 0xff, 0x25, 0xff, 0xff, 0xff,
    0xff, 0x10, 0x0, 0x0, 0xff, 0xff, 0x25, 0xff,
    0xff, 0xff, 0xff, 0xff, 0xff, 0xf3, 0xff, 0xff,
    0x25, 0xff, 0xff, 0xff, 0xff, 0xff, 0xff, 0xf3,
    0xff, 0xff, 0x25, 0xff, 0xff, 0xff, 0xff, 0xff,
    0xff, 0xf3, 0xff, 0xff, 0x25, 0xff, 0xff, 0xff,
    0xff, 0xff, 0xff, 0xf3, 0xff, 0xff, 0x25, 0xff,
    0xff, 0xff, 0xff, 0xff, 0xff, 0xf3, 0xff, 0xff,
    0x25, 0xff, 0xff, 0xff, 0xff, 0xff, 0xff, 0xf3,
    0xff, 0xff, 0x25, 0xff, 0xff, 0xff, 0xff, 0xff,
    0xff, 0xf3, 0xff, 0xff, 0x25, 0xff, 0xff, 0xff,
    0xff, 0xff, 0xff, 0xf3, 0xff, 0xff, 0x25, 0xff,
    0xff, 0xff, 0xff, 0xff, 0xff, 0xf3, 0xff, 0xff,
    0x25, 0xff, 0xff, 0xff, 0xff, 0xff, 0xff, 0xf3,
    0xff, 0xff, 0x25, 0xff, 0xff, 0xff, 0xff, 0xff,
    0xff, 0xf3, 0xff, 0xff, 0x24, 0xff, 0xff, 0xff,
    0xff, 0xff, 0xff, 0xf2, 0xff, 0xff, 0x50, 0x56,
    0x66, 0x66, 0x66, 0x66, 0x66, 0x50, 0xff, 0xff,
    0xe4, 0x0, 0x0, 0x0, 0x0, 0x0, 0x0, 0x0,
    0xff, 0xff, 0xff, 0xff, 0xff, 0xff, 0xfe, 0x0,
    0x0, 0x0, 0xff, 0xff, 0xff, 0xff, 0xff, 0xff,
    0xfe, 0x0, 0x0, 0x0, 0x8b, 0xcc, 0xcc, 0xcc,
    0xcc, 0xcc, 0xb7, 0x0, 0x0, 0x0,

    /* U+F0C7 "" */
    0x2a, 0xcc, 0xcc, 0xcc, 0xcc, 0xcc, 0xcc, 0x91,
    0x0, 0x0, 0xcf, 0xff, 0xff, 0xff, 0xff, 0xff,
    0xff, 0xfd, 0x10, 0x0, 0xff, 0xff, 0xff, 0xff,
    0xff, 0xff, 0xff, 0xff, 0xd1, 0x0, 0xff, 0xc0,
    0x0, 0x0, 0x0, 0x0, 0x3, 0xff, 0xfd, 0x10,
    0xff, 0xc0, 0x0, 0x0, 0x0, 0x0, 0x1, 0xff,
    0xff, 0xd0, 0xff, 0xc0, 0x0, 0x0, 0x0, 0x0,
    0x1, 0xff, 0xff, 0xf5, 0xff, 0xc0, 0x0, 0x0,
    0x0, 0x0, 0x1, 0xff, 0xff, 0xf6, 0xff, 0xc0,
    0x0, 0x0, 0x0, 0x0, 0x1, 0xff, 0xff, 0xf6,
    0xff, 0xfb, 0xbb, 0xbb, 0xbb, 0xbb, 0xbc, 0xff,
    0xff, 0xf6, 0xff, 0xff, 0xff, 0xff, 0xff, 0xff,
    0xff, 0xff, 0xff, 0xf6, 0xff, 0xff, 0xff, 0xff,
    0xff, 0xff, 0xff, 0xff, 0xff, 0xf6, 0xff, 0xff,
    0xff, 0xfe, 0x51, 0x3b, 0xff, 0xff, 0xff, 0xf6,
    0xff, 0xff, 0xff, 0xf3, 0x0, 0x0, 0xcf, 0xff,
    0xff, 0xf6, 0xff, 0xff, 0xff, 0xe0, 0x0, 0x0,
    0x8f, 0xff, 0xff, 0xf6, 0xff, 0xff, 0xff, 0xf0,
    0x0, 0x0, 0x9f, 0xff, 0xff, 0xf6, 0xff, 0xff,
    0xff, 0xf9, 0x0, 0x4, 0xff, 0xff, 0xff, 0xf6,
    0xff, 0xff, 0xff, 0xff, 0xda, 0xbf, 0xff, 0xff,
    0xff, 0xf6, 0xef, 0xff, 0xff, 0xff, 0xff, 0xff,
    0xff, 0xff, 0xff, 0xf5, 0x6f, 0xff, 0xff, 0xff,
    0xff, 0xff, 0xff, 0xff, 0xff, 0xb0, 0x0, 0x22,
    0x22, 0x22, 0x22, 0x22, 0x22, 0x22, 0x21, 0x0,

    /* U+F0C9 "" */
    0xce, 0xee, 0xee, 0xee, 0xee, 0xee, 0xee, 0xee,
    0xee, 0xd1, 0xff, 0xff, 0xff, 0xff, 0xff, 0xff,
    0xff, 0xff, 0xff, 0xf4, 0xff, 0xff, 0xff, 0xff,
    0xff, 0xff, 0xff, 0xff, 0xff, 0xf3, 0x13, 0x33,
    0x33, 0x33, 0x33, 0x33, 0x33, 0x33, 0x33, 0x20,
    0x0, 0x0, 0x0, 0x0, 0x0, 0x0, 0x0, 0x0,
    0x0, 0x0, 0x0, 0x0, 0x0, 0x0, 0x0, 0x0,
    0x0, 0x0, 0x0, 0x0, 0x0, 0x0, 0x0, 0x0,
    0x0, 0x0, 0x0, 0x0, 0x0, 0x0, 0xdf, 0xff,
    0xff, 0xff, 0xff, 0xff, 0xff, 0xff, 0xff, 0xe2,
    0xff, 0xff, 0xff, 0xff, 0xff, 0xff, 0xff, 0xff,
    0xff, 0xf4, 0xff, 0xff, 0xff, 0xff, 0xff, 0xff,
    0xff, 0xff, 0xff, 0xf3, 0x12, 0x22, 0x22, 0x22,
    0x22, 0x22, 0x22, 0x22, 0x22, 0x10, 0x0, 0x0,
    0x0, 0x0, 0x0, 0x0, 0x0, 0x0, 0x0, 0x0,
    0x0, 0x0, 0x0, 0x0, 0x0, 0x0, 0x0, 0x0,
    0x0, 0x0, 0x0, 0x0, 0x0, 0x0, 0x0, 0x0,
    0x0, 0x0, 0x0, 0x0, 0xdf, 0xff, 0xff, 0xff,
    0xff, 0xff, 0xff, 0xff, 0xff, 0xe2, 0xff, 0xff,
    0xff, 0xff, 0xff, 0xff, 0xff, 0xff, 0xff, 0xf4,
    0xff, 0xff, 0xff, 0xff, 0xff, 0xff, 0xff, 0xff,
    0xff, 0xf3, 0x12, 0x22, 0x22, 0x22, 0x22, 0x22,
    0x22, 0x22, 0x22, 0x10,

    /* U+F0E0 "" */
    0x2, 0x44, 0x44, 0x44, 0x44, 0x44, 0x44, 0x44,
    0x44, 0x44, 0x20, 0x7f, 0xff, 0xff, 0xff, 0xff,
    0xff, 0xff, 0xff, 0xff, 0xff, 0xf7, 0xff, 0xff,
    0xff, 0xff, 0xff, 0xff, 0xff, 0xff, 0xff, 0xff,
    0xff, 0xff, 0xff, 0xff, 0xff, 0xff, 0xff, 0xff,
    0xff, 0xff, 0xff, 0xff, 0x7f, 0xff, 0xff, 0xff,
    0xff, 0xff, 0xff, 0xff, 0xff, 0xff, 0xf7, 0x4,
    0xef, 0xff, 0xff, 0xff, 0xff, 0xff, 0xff, 0xff,
    0xfe, 0x40, 0xb1, 0x1b, 0xff, 0xff, 0xff, 0xff,
    0xff, 0xff, 0xff, 0xb1, 0x3e, 0xfe, 0x50, 0x7f,
    0xff, 0xff, 0xff, 0xff, 0xff, 0xf7, 0x7, 0xff,
    0xff, 0xfa, 0x3, 0xef, 0xff, 0xff, 0xff, 0xfe,
    0x31, 0xbf, 0xff, 0xff, 0xff, 0xd3, 0x1b, 0xff,
    0xff, 0xff, 0xb1, 0x4e, 0xff, 0xff, 0xff, 0xff,
    0xff, 0x80, 0x6f, 0xff, 0xf6, 0x9, 0xff, 0xff,
    0xff, 0xff, 0xff, 0xff, 0xfb, 0x12, 0x99, 0x22,
    0xcf, 0xff, 0xff, 0xff, 0xff, 0xff, 0xff, 0xff,
    0xf8, 0x33, 0x8f, 0xff, 0xff, 0xff, 0xff, 0xff,
    0xff, 0xff, 0xff, 0xff, 0xff, 0xff, 0xff, 0xff,
    0xff, 0xff, 0xff, 0xff, 0xff, 0xff, 0xff, 0xff,
    0xff, 0xff, 0xff, 0xff, 0xff, 0xef, 0xff, 0xff,
    0xff, 0xff, 0xff, 0xff, 0xff, 0xff, 0xff, 0xfd,
    0x4e, 0xff, 0xff, 0xff, 0xff, 0xff, 0xff, 0xff,
    0xff, 0xff, 0xe4,

    /* U+F0E7 "" */
    0x0, 0x3, 0x44, 0x44, 0x43, 0x0, 0x0, 0x0,
    0x8, 0xff, 0xff, 0xff, 0xf8, 0x0, 0x0, 0x0,
    0xbf, 0xff, 0xff, 0xff, 0x60, 0x0, 0x0, 0xd,
    0xff, 0xff, 0xff, 0xf1, 0x0, 0x0, 0x0, 0xff,
    0xff, 0xff, 0xfc, 0x0, 0x0, 0x0, 0x2f, 0xff,
    0xff, 0xff, 0x70, 0x0, 0x0, 0x4, 0xff, 0xff,
    0xff, 0xf2, 0x0, 0x0, 0x0, 0x6f, 0xff, 0xff,
    0xfe, 0x66, 0x66, 0x51, 0x8, 0xff, 0xff, 0xff,
    0xff, 0xff, 0xff, 0xa0, 0xaf, 0xff, 0xff, 0xff,
    0xff, 0xff, 0xf6, 0xc, 0xff, 0xff, 0xff, 0xff,
    0xff, 0xfd, 0x0, 0xff, 0xff, 0xff, 0xff, 0xff,
    0xff, 0x40, 0xd, 0xff, 0xff, 0xff, 0xff, 0xff,
    0xb0, 0x0, 0x1, 0x22, 0x22, 0xff, 0xff, 0xf2,
    0x0, 0x0, 0x0, 0x0, 0x2f, 0xff, 0xf8, 0x0,
    0x0, 0x0, 0x0, 0x6, 0xff, 0xfe, 0x0, 0x0,
    0x0, 0x0, 0x0, 0xaf, 0xff, 0x60, 0x0, 0x0,
    0x0, 0x0, 0xe, 0xff, 0xc0, 0x0, 0x0, 0x0,
    0x0, 0x2, 0xff, 0xf3, 0x0, 0x0, 0x0, 0x0,
    0x0, 0x5f, 0xfa, 0x0, 0x0, 0x0, 0x0, 0x0,
    0x9, 0xff, 0x10, 0x0, 0x0, 0x0, 0x0, 0x0,
    0xcf, 0x70, 0x0, 0x0, 0x0, 0x0, 0x0, 0x6,
    0x90, 0x0, 0x0, 0x0, 0x0,

    /* U+F0E9 "" */
    0x0, 0x0, 0x0, 0x0, 0x0, 0x0, 0x1, 0x0,
    0x0, 0x0, 0x0, 0x0, 0x0, 0x0, 0x0, 0x0,
    0x0, 0x0, 0x0, 0xbf, 0x70, 0x0, 0x0, 0x0,
    0x0, 0x0, 0x0, 0x0, 0x0, 0x0, 0x0, 0x0,
    0xff, 0xb0, 0x0, 0x0, 0x0, 0x0, 0x0, 0x0,
    0x0, 0x0, 0x0, 0x17, 0xbe, 0xff, 0xfd, 0xa5,
    0x0, 0x0, 0x0, 0x0, 0x0, 0x0, 0x0, 0x19,
    0xff, 0xff, 0xff, 0xff, 0xff, 0xf7, 0x0, 0x0,
    0x0, 0x0, 0x0, 0x5, 0xff, 0xff, 0xff, 0xff,
    0xff, 0xff, 0xff, 0xd3, 0x0, 0x0, 0x0, 0x0,
    0x7f, 0xff, 0xff, 0xff, 0xff, 0xff, 0xff, 0xff,
    0xff, 0x40, 0x0, 0x0, 0x7, 0xff, 0xff, 0xff,
    0xff, 0xff, 0xff, 0xff, 0xff, 0xff, 0xf3, 0x0,
    0x0, 0x3f, 0xff, 0xff, 0xff, 0xff, 0xff, 0xff,
    0xff, 0xff, 0xff, 0xfd, 0x0, 0x0, 0xcf, 0xff,
    0xff, 0xff, 0xff, 0xff, 0xff, 0xff, 0xff, 0xff,
    0xff, 0x80, 0x4, 0xff, 0xff, 0xff, 0xff, 0xff,
    0xff, 0xff, 0xff, 0xff, 0xff, 0xff, 0xf0, 0x9,
    0xff, 0xce, 0xff, 0xff, 0xff, 0xfe, 0xff, 0xff,
    0xff, 0xfd, 0xdf, 0xf5, 0xe, 0xb1, 0x0, 0x6f,
    0xff, 0xf7, 0x0, 0x1a, 0xff, 0xfe, 0x40, 0x3,
    0xda, 0x5, 0x0, 0x0, 0x5, 0xff, 0x70, 0x9d,
    0x60, 0xaf, 0xe2, 0x0, 0x0, 0x14, 0x0, 0x0,
    0x0, 0x0, 0x9b, 0x0, 0xff, 0xc0, 0xe, 0x50,
    0x0, 0x0, 0x0, 0x0, 0x0, 0x0, 0x0, 0x0,
    0x0, 0xff, 0xc0, 0x1, 0x0, 0x0, 0x0, 0x0,
    0x0, 0x0, 0x0, 0x0, 0x0, 0x0, 0xff, 0xc0,
    0x0, 0x0, 0x0, 0x0, 0x0, 0x0, 0x0, 0x0,
    0x0, 0x0, 0x0, 0xff, 0xc0, 0x0, 0x0, 0x0,
    0x0, 0x0, 0x0, 0x0, 0x0, 0x0, 0x15, 0x0,
    0xff, 0xc0, 0x0, 0x0, 0x0, 0x0, 0x0, 0x0,
    0x0, 0x0, 0x0, 0xdf, 0xa2, 0xff, 0xb0, 0x0,
    0x0, 0x0, 0x0, 0x0, 0x0, 0x0, 0x0, 0x0,
    0xdf, 0xff, 0xff, 0x80, 0x0, 0x0, 0x0, 0x0,
    0x0, 0x0, 0x0, 0x0, 0x0, 0x4f, 0xff, 0xfd,
    0x10, 0x0, 0x0, 0x0, 0x0, 0x0, 0x0, 0x0,
    0x0, 0x0, 0x3, 0x9b, 0x70, 0x0, 0x0, 0x0,
    0x0, 0x0, 0x0,

    /* U+F0EA "" */
    0x0, 0x0, 0x0, 0x10, 0x0, 0x0, 0x0, 0x0,
    0x0, 0x0, 0x0, 0x0, 0x1c, 0xff, 0x90, 0x0,
    0x0, 0x0, 0x0, 0x0, 0x8c, 0xcc, 0xdf, 0xbc,
    0xfc, 0xcc, 0xc6, 0x0, 0x0, 0x0, 0xff, 0xff,
    0xfe, 0x1, 0xff, 0xff, 0xfc, 0x0, 0x0, 0x0,
    0xff, 0xff, 0xff, 0xde, 0xff, 0xff, 0xfc, 0x0,
    0x0, 0x0, 0xff, 0xff, 0xff, 0xff, 0xff, 0xff,
    0xfc, 0x0, 0x0, 0x0, 0xff, 0xff, 0xff, 0x92,
    0x0, 0x0, 0x0, 0x0, 0x0, 0x0, 0xff, 0xff,
    0xfc, 0x1, 0x22, 0x22, 0x22, 0x1, 0x0, 0x0,
    0xff, 0xff, 0xf8, 0xe, 0xff, 0xff, 0xfc, 0xe,
    0x60, 0x0, 0xff, 0xff, 0xf8, 0x1f, 0xff, 0xff,
    0xfc, 0xe, 0xf6, 0x0, 0xff, 0xff, 0xf8, 0x1f,
    0xff, 0xff, 0xfc, 0xe, 0xff, 0x70, 0xff, 0xff,
    0xf8, 0x1f, 0xff, 0xff, 0xfc, 0xe, 0xff, 0xf2,
    0xff, 0xff, 0xf8, 0x1f, 0xff, 0xff, 0xfe, 0x10,
    0x0, 0x0, 0xff, 0xff, 0xf8, 0x1f, 0xff, 0xff,
    0xff, 0xff, 0xff, 0xf3, 0xff, 0xff, 0xf8, 0x1f,
    0xff, 0xff, 0xff, 0xff, 0xff, 0xf3, 0xff, 0xff,
    0xf8, 0x1f, 0xff, 0xff, 0xff, 0xff, 0xff, 0xf3,
    0xff, 0xff, 0xf8, 0x1f, 0xff, 0xff, 0xff, 0xff,
    0xff, 0xf3, 0xff, 0xff, 0xf8, 0x1f, 0xff, 0xff,
    0xff, 0xff, 0xff, 0xf3, 0x58, 0x88, 0x84, 0x1f,
    0xff, 0xff, 0xff, 0xff, 0xff, 0xf3, 0x0, 0x0,
    0x0, 0x1f, 0xff, 0xff, 0xff, 0xff, 0xff, 0xf3,
    0x0, 0x0, 0x0, 0x1f, 0xff, 0xff, 0xff, 0xff,
    0xff, 0xf3, 0x0, 0x0, 0x0, 0x1f, 0xff, 0xff,
    0xff, 0xff, 0xff, 0xf3, 0x0, 0x0, 0x0, 0x8,
    0xaa, 0xaa, 0xaa, 0xaa, 0xaa, 0x80,

    /* U+F0F3 "" */
    0x0, 0x0, 0x0, 0x0, 0x0, 0x0, 0x0, 0x0,
    0x0, 0x0, 0x0, 0x0, 0x0, 0x0, 0x6f, 0xa0,
    0x0, 0x0, 0x0, 0x0, 0x0, 0x0, 0x0, 0x0,
    0xbf, 0xf0, 0x0, 0x0, 0x0, 0x0, 0x0, 0x0,
    0x0, 0x28, 0xef, 0xf9, 0x40, 0x0, 0x0, 0x0,
    0x0, 0x0, 0x8, 0xff, 0xff, 0xff, 0xfb, 0x10,
    0x0, 0x0, 0x0, 0x0, 0xaf, 0xff, 0xff, 0xff,
    0xff, 0xc0, 0x0, 0x0, 0x0, 0x5, 0xff, 0xff,
    0xff, 0xff, 0xff, 0xf8, 0x0, 0x0, 0x0, 0xd,
    0xff, 0xff, 0xff, 0xff, 0xff, 0xff, 0x0, 0x0,
    0x0, 0x1f, 0xff, 0xff, 0xff, 0xff, 0xff, 0xff,
    0x50, 0x0, 0x0, 0x3f, 0xff, 0xff, 0xff, 0xff,
    0xff, 0xff, 0x70, 0x0, 0x0, 0x4f, 0xff, 0xff,
    0xff, 0xff, 0xff, 0xff, 0x80, 0x0, 0x0, 0x5f,
    0xff, 0xff, 0xff, 0xff, 0xff, 0xff, 0x90, 0x0,
    0x0, 0x8f, 0xff, 0xff, 0xff, 0xff, 0xff, 0xff,
    0xc0, 0x0, 0x0, 0xcf, 0xff, 0xff, 0xff, 0xff,
    0xff, 0xff, 0xf0, 0x0, 0x2, 0xff, 0xff, 0xff,
    0xff, 0xff, 0xff, 0xff, 0xf6, 0x0, 0xb, 0xff,
    0xff, 0xff, 0xff, 0xff, 0xff, 0xff, 0xfe, 0x10,
    0x9f, 0xff, 0xff, 0xff, 0xff, 0xff, 0xff, 0xff,
    0xff, 0xc0, 0xff, 0xff, 0xff, 0xff, 0xff, 0xff,
    0xff, 0xff, 0xff, 0xf3, 0x6c, 0xdd, 0xdd, 0xdd,
    0xdd, 0xdd, 0xdd, 0xdd, 0xdd, 0x90, 0x0, 0x0,
    0x0, 0x0, 0x0, 0x0, 0x0, 0x0, 0x0, 0x0,
    0x0, 0x0, 0x0, 0xf, 0xff, 0xff, 0x40, 0x0,
    0x0, 0x0, 0x0, 0x0, 0x0, 0x9, 0xff, 0xfd,
    0x0, 0x0, 0x0, 0x0, 0x0, 0x0, 0x0, 0x0,
    0x7b, 0x81, 0x0, 0x0, 0x0, 0x0,

    /* U+F11C "" */
    0x19, 0xbb, 0xbb, 0xbb, 0xbb, 0xbb, 0xbb, 0xbb,
    0xbb, 0xbb, 0xbb, 0xb7, 0xc, 0xff, 0xff, 0xff,
    0xff, 0xff, 0xff, 0xff, 0xff, 0xff, 0xff, 0xff,
    0xf7, 0xff, 0xff, 0xff, 0xff, 0xff, 0xff, 0xff,
    0xff, 0xff, 0xff, 0xff, 0xff, 0xbf, 0xfd, 0x0,
    0x8f, 0x10, 0x7f, 0x10, 0x5f, 0x30, 0x3f, 0x50,
    0x1f, 0xfc, 0xff, 0xc0, 0x7, 0xe0, 0x6, 0xf0,
    0x4, 0xf2, 0x2, 0xf4, 0x0, 0xff, 0xcf, 0xfc,
    0x0, 0x8f, 0x0, 0x7f, 0x10, 0x5f, 0x30, 0x3f,
    0x50, 0x1f, 0xfc, 0xff, 0xff, 0xff, 0xff, 0xff,
    0xff, 0xff, 0xff, 0xff, 0xff, 0xff, 0xff, 0xcf,
    0xff, 0xfe, 0x66, 0xbf, 0x66, 0xaf, 0x76, 0x8f,
    0x86, 0x7f, 0xff, 0xfc, 0xff, 0xff, 0xd0, 0x6,
    0xf0, 0x5, 0xf1, 0x3, 0xf3, 0x1, 0xff, 0xff,
    0xcf, 0xff, 0xfd, 0x0, 0x7f, 0x0, 0x5f, 0x10,
    0x3f, 0x30, 0x1f, 0xff, 0xfc, 0xff, 0xff, 0xff,
    0xff, 0xff, 0xff, 0xff, 0xff, 0xff, 0xff, 0xff,
    0xff, 0xcf, 0xfe, 0x66, 0xcf, 0x76, 0x66, 0x66,
    0x66, 0x66, 0x9f, 0xa6, 0x7f, 0xfc, 0xff, 0xc0,
    0x7, 0xe0, 0x0, 0x0, 0x0, 0x0, 0x2, 0xf4,
    0x0, 0xff, 0xcf, 0xfc, 0x0, 0x7e, 0x0, 0x0,
    0x0, 0x0, 0x0, 0x2f, 0x40, 0xf, 0xfc, 0xff,
    0xfc, 0xce, 0xfc, 0xcc, 0xcc, 0xcc, 0xcc, 0xcd,
    0xfd, 0xcc, 0xff, 0xbd, 0xff, 0xff, 0xff, 0xff,
    0xff, 0xff, 0xff, 0xff, 0xff, 0xff, 0xff, 0xf9,
    0x4e, 0xff, 0xff, 0xff, 0xff, 0xff, 0xff, 0xff,
    0xff, 0xff, 0xff, 0xfc, 0x10,

    /* U+F124 "" */
    0x0, 0x0, 0x0, 0x0, 0x0, 0x0, 0x0, 0x0,
    0x0, 0x0, 0x21, 0x0, 0x0, 0x0, 0x0, 0x0,
    0x0, 0x0, 0x0, 0x0, 0x0, 0x5c, 0xff, 0x50,
    0x0, 0x0, 0x0, 0x0, 0x0, 0x0, 0x0, 0x0,
    0x6d, 0xff, 0xff, 0xe0, 0x0, 0x0, 0x0, 0x0,
    0x0, 0x0, 0x1, 0x7e, 0xff, 0xff, 0xff, 0xd0,
    0x0, 0x0, 0x0, 0x0, 0x0, 0x2, 0x9f, 0xff,
    0xff, 0xff, 0xff, 0x60, 0x0, 0x0, 0x0, 0x0,
    0x3, 0xaf, 0xff, 0xff, 0xff, 0xff, 0xfe, 0x0,
    0x0, 0x0, 0x0, 0x4, 0xbf, 0xff, 0xff, 0xff,
    0xff, 0xff, 0xf8, 0x0, 0x0, 0x0, 0x5, 0xdf,
    0xff, 0xff, 0xff, 0xff, 0xff, 0xff, 0xf1, 0x0,
    0x0, 0x7, 0xef, 0xff, 0xff, 0xff, 0xff, 0xff,
    0xff, 0xff, 0x90, 0x0, 0x4, 0xef, 0xff, 0xff,
    0xff, 0xff, 0xff, 0xff, 0xff, 0xff, 0x20, 0x0,
    0xe, 0xff, 0xff, 0xff, 0xff, 0xff, 0xff, 0xff,
    0xff, 0xfa, 0x0, 0x0, 0xe, 0xff, 0xff, 0xff,
    0xff, 0xff, 0xff, 0xff, 0xff, 0xf3, 0x0, 0x0,
    0x5, 0xff, 0xff, 0xff, 0xff, 0xff, 0xff, 0xff,
    0xff, 0xc0, 0x0, 0x0, 0x0, 0x1, 0x22, 0x22,
    0x22, 0x7f, 0xff, 0xff, 0xff, 0x40, 0x0, 0x0,
    0x0, 0x0, 0x0, 0x0, 0x0, 0x6f, 0xff, 0xff,
    0xfd, 0x0, 0x0, 0x0, 0x0, 0x0, 0x0, 0x0,
    0x0, 0x6f, 0xff, 0xff, 0xf6, 0x0, 0x0, 0x0,
    0x0, 0x0, 0x0, 0x0, 0x0, 0x6f, 0xff, 0xff,
    0xe0, 0x0, 0x0, 0x0, 0x0, 0x0, 0x0, 0x0,
    0x0, 0x6f, 0xff, 0xff, 0x70, 0x0, 0x0, 0x0,
    0x0, 0x0, 0x0, 0x0, 0x0, 0x6f, 0xff, 0xff,
    0x0, 0x0, 0x0, 0x0, 0x0, 0x0, 0x0, 0x0,
    0x0, 0x6f, 0xff, 0xf8, 0x0, 0x0, 0x0, 0x0,
    0x0, 0x0, 0x0, 0x0, 0x0, 0x5f, 0xff, 0xf1,
    0x0, 0x0, 0x0, 0x0, 0x0, 0x0, 0x0, 0x0,
    0x0, 0x2f, 0xff, 0x90, 0x0, 0x0, 0x0, 0x0,
    0x0, 0x0, 0x0, 0x0, 0x0, 0x5, 0xb8, 0x0,
    0x0, 0x0, 0x0, 0x0,

    /* U+F15B "" */
    0x37, 0x77, 0x77, 0x77, 0x74, 0x5, 0x0, 0x0,
    0xf, 0xff, 0xff, 0xff, 0xff, 0xa0, 0xfa, 0x0,
    0x0, 0xff, 0xff, 0xff, 0xff, 0xfa, 0xf, 0xfa,
    0x0, 0xf, 0xff, 0xff, 0xff, 0xff, 0xa0, 0xff,
    0xfa, 0x0, 0xff, 0xff, 0xff, 0xff, 0xfa, 0xf,
    0xff, 0xfa, 0xf, 0xff, 0xff, 0xff, 0xff, 0xa0,
    0xff, 0xff, 0xf6, 0xff, 0xff, 0xff, 0xff, 0xfa,
    0x0, 0x0, 0x0, 0xf, 0xff, 0xff, 0xff, 0xff,
    0xe3, 0x22, 0x22, 0x21, 0xff, 0xff, 0xff, 0xff,
    0xff, 0xff, 0xff, 0xff, 0x8f, 0xff, 0xff, 0xff,
    0xff, 0xff, 0xff, 0xff, 0xf8, 0xff, 0xff, 0xff,
    0xff, 0xff, 0xff, 0xff, 0xff, 0x8f, 0xff, 0xff,
    0xff, 0xff, 0xff, 0xff, 0xff, 0xf8, 0xff, 0xff,
    0xff, 0xff, 0xff, 0xff, 0xff, 0xff, 0x8f, 0xff,
    0xff, 0xff, 0xff, 0xff, 0xff, 0xff, 0xf8, 0xff,
    0xff, 0xff, 0xff, 0xff, 0xff, 0xff, 0xff, 0x8f,
    0xff, 0xff, 0xff, 0xff, 0xff, 0xff, 0xff, 0xf8,
    0xff, 0xff, 0xff, 0xff, 0xff, 0xff, 0xff, 0xff,
    0x8f, 0xff, 0xff, 0xff, 0xff, 0xff, 0xff, 0xff,
    0xf8, 0xff, 0xff, 0xff, 0xff, 0xff, 0xff, 0xff,
    0xff, 0x8f, 0xff, 0xff, 0xff, 0xff, 0xff, 0xff,
    0xff, 0xf8, 0xff, 0xff, 0xff, 0xff, 0xff, 0xff,
    0xff, 0xff, 0x8f, 0xff, 0xff, 0xff, 0xff, 0xff,
    0xff, 0xff, 0xf7, 0xbf, 0xff, 0xff, 0xff, 0xff,
    0xff, 0xff, 0xfe, 0x40,

    /* U+F185 "" */
    0x0, 0x0, 0x0, 0x0, 0x0, 0x22, 0x0, 0x0,
    0x0, 0x0, 0x0, 0x0, 0x0, 0x0, 0x0, 0x0,
    0xee, 0x0, 0x0, 0x0, 0x0, 0x0, 0x0, 0x0,
    0x0, 0x0, 0x6, 0xff, 0x60, 0x0, 0x0, 0x0,
    0x0, 0x0, 0x3, 0x20, 0x0, 0xe, 0xff, 0xe0,
    0x0, 0x2, 0x30, 0x0, 0x0, 0xf, 0xfd, 0x72,
    0x6f, 0xff, 0xf6, 0x27, 0xdf, 0xe0, 0x0, 0x0,
    0xa, 0xff, 0xff, 0xff, 0xff, 0xff, 0xff, 0xff,
    0xa0, 0x0, 0x0, 0x5, 0xff, 0xff, 0xc5, 0x33,
    0x5c, 0xff, 0xff, 0x50, 0x0, 0x0, 0x0, 0xff,
    0xf7, 0x1, 0x55, 0x10, 0x7f, 0xff, 0x0, 0x0,
    0x0, 0x0, 0xbf, 0x80, 0x8f, 0xff, 0xf8, 0x8,
    0xfb, 0x0, 0x0, 0x0, 0x7, 0xee, 0x7, 0xff,
    0xff, 0xff, 0x60, 0xee, 0x70, 0x0, 0x7, 0xef,
    0xfa, 0xe, 0xff, 0xff, 0xff, 0xe0, 0xaf, 0xfe,
    0x70, 0xdf, 0xff, 0xf8, 0x1f, 0xff, 0xff, 0xff,
    0xf1, 0x8f, 0xff, 0xfd, 0x6e, 0xff, 0xf9, 0xf,
    0xff, 0xff, 0xff, 0xf0, 0x9f, 0xff, 0xe6, 0x0,
    0x7e, 0xfc, 0xb, 0xff, 0xff, 0xff, 0xb0, 0xcf,
    0xe7, 0x0, 0x0, 0x0, 0xbf, 0x32, 0xef, 0xff,
    0xfe, 0x23, 0xfb, 0x0, 0x0, 0x0, 0x0, 0xdf,
    0xd1, 0x19, 0xdd, 0x91, 0x1d, 0xfd, 0x0, 0x0,
    0x0, 0x3, 0xff, 0xfd, 0x40, 0x0, 0x4, 0xdf,
    0xff, 0x30, 0x0, 0x0, 0x8, 0xff, 0xff, 0xfd,
    0xaa, 0xdf, 0xff, 0xff, 0x80, 0x0, 0x0, 0xd,
    0xff, 0xfa, 0xbf, 0xff, 0xfb, 0xaf, 0xff, 0xd0,
    0x0, 0x0, 0xb, 0xa5, 0x0, 0x2f, 0xff, 0xf2,
    0x0, 0x5a, 0xb0, 0x0, 0x0, 0x0, 0x0, 0x0,
    0xa, 0xff, 0xa0, 0x0, 0x0, 0x0, 0x0, 0x0,
    0x0, 0x0, 0x0, 0x2, 0xff, 0x20, 0x0, 0x0,
    0x0, 0x0, 0x0, 0x0, 0x0, 0x0, 0x0, 0x88,
    0x0, 0x0, 0x0, 0x0, 0x0,

    /* U+F186 "" */
    0x0, 0x0, 0x0, 0x0, 0x0, 0x11, 0x0, 0x0,
    0x0, 0x0, 0x0, 0x0, 0x0, 0x28, 0xcf, 0xff,
    0xf7, 0x0, 0x0, 0x0, 0x0, 0x0, 0x8, 0xff,
    0xff, 0xff, 0xa0, 0x0, 0x0, 0x0, 0x0, 0x1,
    0xcf, 0xff, 0xff, 0xf7, 0x0, 0x0, 0x0, 0x0,
    0x0, 0x1e, 0xff, 0xff, 0xff, 0xa0, 0x0, 0x0,
    0x0, 0x0, 0x0, 0xcf, 0xff, 0xff, 0xfe, 0x0,
    0x0, 0x0, 0x0, 0x0, 0x6, 0xff, 0xff, 0xff,
    0xf8, 0x0, 0x0, 0x0, 0x0, 0x0, 0xe, 0xff,
    0xff, 0xff, 0xf3, 0x0, 0x0, 0x0, 0x0, 0x0,
    0x4f, 0xff, 0xff, 0xff, 0xf0, 0x0, 0x0, 0x0,
    0x0, 0x0, 0x9f, 0xff, 0xff, 0xff, 0xf0, 0x0,
    0x0, 0x0, 0x0, 0x0, 0xbf, 0xff, 0xff, 0xff,
    0xf1, 0x0, 0x0, 0x0, 0x0, 0x0, 0xcf, 0xff,
    0xff, 0xff, 0xf3, 0x0, 0x0, 0x0, 0x0, 0x0,
    0xcf, 0xff, 0xff, 0xff, 0xf8, 0x0, 0x0, 0x0,
    0x0, 0x0, 0xbf, 0xff, 0xff, 0xff, 0xfe, 0x0,
    0x0, 0x0, 0x0, 0x0, 0x8f, 0xff, 0xff, 0xff,
    0xff, 0x90, 0x0, 0x0, 0x0, 0x0, 0x3f, 0xff,
    0xff, 0xff, 0xff, 0xf7, 0x0, 0x0, 0x0, 0x0,
    0xc, 0xff, 0xff, 0xff, 0xff, 0xff, 0x90, 0x0,
    0x0, 0x0, 0x4, 0xff, 0xff, 0xff, 0xff, 0xff,
    0xfe, 0x72, 0x0, 0x0, 0x0, 0x9f, 0xff, 0xff,
    0xff, 0xff, 0xff, 0xff, 0xfe, 0xfb, 0x0, 0xb,
    0xff, 0xff, 0xff, 0xff, 0xff, 0xff, 0xff, 0xe2,
    0x0, 0x0, 0x9f, 0xff, 0xff, 0xff, 0xff, 0xff,
    0xfc, 0x20, 0x0, 0x0, 0x4, 0xcf, 0xff, 0xff,
    0xff, 0xfe, 0x70, 0x0, 0x0, 0x0, 0x0, 0x3,
    0x8b, 0xdd, 0xc9, 0x50, 0x0, 0x0,

    /* U+F1EB "" */
    0x0, 0x0, 0x0, 0x0, 0x0, 0x0, 0x0, 0x0,
    0x0, 0x0, 0x0, 0x0, 0x0, 0x0, 0x0, 0x0,
    0x0, 0x0, 0x26, 0x9c, 0xde, 0xdc, 0xb8, 0x50,
    0x0, 0x0, 0x0, 0x0, 0x0, 0x0, 0x1, 0x8d,
    0xff, 0xff, 0xff, 0xff, 0xff, 0xff, 0xb5, 0x0,
    0x0, 0x0, 0x0, 0x1, 0x9f, 0xff, 0xff, 0xff,
    0xff, 0xff, 0xff, 0xff, 0xff, 0xd5, 0x0, 0x0,
    0x0, 0x6f, 0xff, 0xff, 0xff, 0xdb, 0x99, 0x9a,
    0xcf, 0xff, 0xff, 0xff, 0xb1, 0x0, 0xa, 0xff,
    0xff, 0xfc, 0x61, 0x0, 0x0, 0x0, 0x0, 0x39,
    0xef, 0xff, 0xfe, 0x40, 0xcf, 0xff, 0xfb, 0x30,
    0x0, 0x0, 0x0, 0x0, 0x0, 0x0, 0x7, 0xff,
    0xff, 0xf4, 0xaf, 0xff, 0x60, 0x0, 0x0, 0x0,
    0x0, 0x0, 0x0, 0x0, 0x0, 0x1b, 0xff, 0xf2,
    0xa, 0xd2, 0x0, 0x0, 0x4, 0x9c, 0xef, 0xed,
    0xb6, 0x20, 0x0, 0x0, 0x8e, 0x30, 0x0, 0x0,
    0x0, 0x6, 0xef, 0xff, 0xff, 0xff, 0xff, 0xfa,
    0x20, 0x0, 0x0, 0x0, 0x0, 0x0, 0x2, 0xcf,
    0xff, 0xff, 0xff, 0xff, 0xff, 0xff, 0xf7, 0x0,
    0x0, 0x0, 0x0, 0x0, 0x1f, 0xff, 0xff, 0xfb,
    0x87, 0x89, 0xdf, 0xff, 0xff, 0x80, 0x0, 0x0,
    0x0, 0x0, 0xb, 0xff, 0xe6, 0x0, 0x0, 0x0,
    0x3, 0xaf, 0xff, 0x40, 0x0, 0x0, 0x0, 0x0,
    0x0, 0xba, 0x10, 0x0, 0x0, 0x0, 0x0, 0x5,
    0xd4, 0x0, 0x0, 0x0, 0x0, 0x0, 0x0, 0x0,
    0x0, 0x0, 0x1, 0x0, 0x0, 0x0, 0x0, 0x0,
    0x0, 0x0, 0x0, 0x0, 0x0, 0x0, 0x0, 0x1,
    0xcf, 0xf6, 0x0, 0x0, 0x0, 0x0, 0x0, 0x0,
    0x0, 0x0, 0x0, 0x0, 0x0, 0xb, 0xff, 0xff,
    0x30, 0x0, 0x0, 0x0, 0x0, 0x0, 0x0, 0x0,
    0x0, 0x0, 0x0, 0xf, 0xff, 0xff, 0x70, 0x0,
    0x0, 0x0, 0x0, 0x0, 0x0, 0x0, 0x0, 0x0,
    0x0, 0xd, 0xff, 0xff, 0x50, 0x0, 0x0, 0x0,
    0x0, 0x0, 0x0, 0x0, 0x0, 0x0, 0x0, 0x3,
    0xff, 0xfa, 0x0, 0x0, 0x0, 0x0, 0x0, 0x0,
    0x0, 0x0, 0x0, 0x0, 0x0, 0x0, 0x15, 0x30,
    0x0, 0x0, 0x0, 0x0, 0x0, 0x0,

    /* U+F240 "" */
    0x0, 0x0, 0x0, 0x0, 0x0, 0x0, 0x0, 0x0,
    0x0, 0x0, 0x0, 0x0, 0x0, 0x0, 0x4e, 0xff,
    0xff, 0xff, 0xff, 0xff, 0xff, 0xff, 0xff, 0xff,
    0xff, 0xff, 0xf6, 0x0, 0xef, 0xff, 0xff, 0xff,
    0xff, 0xff, 0xff, 0xff, 0xff, 0xff, 0xff, 0xff,
    0xff, 0x0, 0xff, 0xeb, 0xbb, 0xbb, 0xbb, 0xbb,
    0xbb, 0xbb, 0xbb, 0xbb, 0xbb, 0xbd, 0xff, 0x50,
    0xff, 0xc0, 0x0, 0x0, 0x0, 0x0, 0x0, 0x0,
    0x0, 0x0, 0x0, 0x7, 0xff, 0xf9, 0xff, 0xc0,
    0xef, 0xff, 0xff, 0xff, 0xff, 0xff, 0xff, 0xff,
    0xff, 0x7, 0xff, 0xfa, 0xff, 0xc0, 0xef, 0xff,
    0xff, 0xff, 0xff, 0xff, 0xff, 0xff, 0xff, 0x3,
    0x7f, 0xfa, 0xff, 0xc0, 0xef, 0xff, 0xff, 0xff,
    0xff, 0xff, 0xff, 0xff, 0xff, 0x0, 0x1f, 0xfa,
    0xff, 0xc0, 0xef, 0xff, 0xff, 0xff, 0xff, 0xff,
    0xff, 0xff, 0xff, 0x0, 0x1f, 0xfa, 0xff, 0xc0,
    0xef, 0xff, 0xff, 0xff, 0xff, 0xff, 0xff, 0xff,
    0xff, 0x5, 0xdf, 0xfa, 0xff, 0xc0, 0x78, 0x88,
    0x88, 0x88, 0x88, 0x88, 0x88, 0x88, 0x88, 0x7,
    0xff, 0xfa, 0xff, 0xc0, 0x0, 0x0, 0x0, 0x0,
    0x0, 0x0, 0x0, 0x0, 0x0, 0x7, 0xff, 0xf6,
    0xff, 0xff, 0xff, 0xff, 0xff, 0xff, 0xff, 0xff,
    0xff, 0xff, 0xff, 0xff, 0xff, 0x10, 0xcf, 0xff,
    0xff, 0xff, 0xff, 0xff, 0xff, 0xff, 0xff, 0xff,
    0xff, 0xff, 0xfe, 0x0, 0x19, 0xbb, 0xbb, 0xbb,
    0xbb, 0xbb, 0xbb, 0xbb, 0xbb, 0xbb, 0xbb, 0xbb,
    0x92, 0x0,

    /* U+F241 "" */
    0x0, 0x0, 0x0, 0x0, 0x0, 0x0, 0x0, 0x0,
    0x0, 0x0, 0x0, 0x0, 0x0, 0x0, 0x4e, 0xff,
    0xff, 0xff, 0xff, 0xff, 0xff, 0xff, 0xff, 0xff,
    0xff, 0xff, 0xf6, 0x0, 0xef, 0xff, 0xff, 0xff,
    0xff, 0xff, 0xff, 0xff, 0xff, 0xff, 0xff, 0xff,
    0xff, 0x0, 0xff, 0xeb, 0xbb, 0xbb, 0xbb, 0xbb,
    0xbb, 0xbb, 0xbb, 0xbb, 0xbb, 0xbd, 0xff, 0x50,
    0xff, 0xc0, 0x0, 0x0, 0x0, 0x0, 0x0, 0x0,
    0x0, 0x0, 0x0, 0x7, 0xff, 0xf9, 0xff, 0xc0,
    0xef, 0xff, 0xff, 0xff, 0xff, 0xff, 0xfd, 0x0,
    0x0, 0x7, 0xff, 0xfa, 0xff, 0xc0, 0xef, 0xff,
    0xff, 0xff, 0xff, 0xff, 0xfd, 0x0, 0x0, 0x3,
    0x7f, 0xfa, 0xff, 0xc0, 0xef, 0xff, 0xff, 0xff,
    0xff, 0xff, 0xfd, 0x0, 0x0, 0x0, 0x1f, 0xfa,
    0xff, 0xc0, 0xef, 0xff, 0xff, 0xff, 0xff, 0xff,
    0xfd, 0x0, 0x0, 0x0, 0x1f, 0xfa, 0xff, 0xc0,
    0xef, 0xff, 0xff, 0xff, 0xff, 0xff, 0xfd, 0x0,
    0x0, 0x5, 0xdf, 0xfa, 0xff, 0xc0, 0x78, 0x88,
    0x88, 0x88, 0x88, 0x88, 0x86, 0x0, 0x0, 0x7,
    0xff, 0xfa, 0xff, 0xc0, 0x0, 0x0, 0x0, 0x0,
    0x0, 0x0, 0x0, 0x0, 0x0, 0x7, 0xff, 0xf6,
    0xff, 0xff, 0xff, 0xff, 0xff, 0xff, 0xff, 0xff,
    0xff, 0xff, 0xff, 0xff, 0xff, 0x10, 0xcf, 0xff,
    0xff, 0xff, 0xff, 0xff, 0xff, 0xff, 0xff, 0xff,
    0xff, 0xff, 0xfe, 0x0, 0x19, 0xbb, 0xbb, 0xbb,
    0xbb, 0xbb, 0xbb, 0xbb, 0xbb, 0xbb, 0xbb, 0xbb,
    0x92, 0x0,

    /* U+F242 "" */
    0x0, 0x0, 0x0, 0x0, 0x0, 0x0, 0x0, 0x0,
    0x0, 0x0, 0x0, 0x0, 0x0, 0x0, 0x4e, 0xff,
    0xff, 0xff, 0xff, 0xff, 0xff, 0xff, 0xff, 0xff,
    0xff, 0xff, 0xf6, 0x0, 0xef, 0xff, 0xff, 0xff,
    0xff, 0xff, 0xff, 0xff, 0xff, 0xff, 0xff, 0xff,
    0xff, 0x0, 0xff, 0xeb, 0xbb, 0xbb, 0xbb, 0xbb,
    0xbb, 0xbb, 0xbb, 0xbb, 0xbb, 0xbd, 0xff, 0x50,
    0xff, 0xc0, 0x0, 0x0, 0x0, 0x0, 0x0, 0x0,
    0x0, 0x0, 0x0, 0x7, 0xff, 0xf9, 0xff, 0xc0,
    0xef, 0xff, 0xff, 0xff, 0xfb, 0x0, 0x0, 0x0,
    0x0, 0x7, 0xff, 0xfa, 0xff, 0xc0, 0xef, 0xff,
    0xff, 0xff, 0xfb, 0x0, 0x0, 0x0, 0x0, 0x3,
    0x7f, 0xfa, 0xff, 0xc0, 0xef, 0xff, 0xff, 0xff,
    0xfb, 0x0, 0x0, 0x0, 0x0, 0x0, 0x1f, 0xfa,
    0xff, 0xc0, 0xef, 0xff, 0xff, 0xff, 0xfb, 0x0,
    0x0, 0x0, 0x0, 0x0, 0x1f, 0xfa, 0xff, 0xc0,
    0xef, 0xff, 0xff, 0xff, 0xfb, 0x0, 0x0, 0x0,
    0x0, 0x5, 0xdf, 0xfa, 0xff, 0xc0, 0x78, 0x88,
    0x88, 0x88, 0x85, 0x0, 0x0, 0x0, 0x0, 0x7,
    0xff, 0xfa, 0xff, 0xc0, 0x0, 0x0, 0x0, 0x0,
    0x0, 0x0, 0x0, 0x0, 0x0, 0x7, 0xff, 0xf6,
    0xff, 0xff, 0xff, 0xff, 0xff, 0xff, 0xff, 0xff,
    0xff, 0xff, 0xff, 0xff, 0xff, 0x10, 0xcf, 0xff,
    0xff, 0xff, 0xff, 0xff, 0xff, 0xff, 0xff, 0xff,
    0xff, 0xff, 0xfe, 0x0, 0x19, 0xbb, 0xbb, 0xbb,
    0xbb, 0xbb, 0xbb, 0xbb, 0xbb, 0xbb, 0xbb, 0xbb,
    0x92, 0x0,

    /* U+F243 "" */
    0x0, 0x0, 0x0, 0x0, 0x0, 0x0, 0x0, 0x0,
    0x0, 0x0, 0x0, 0x0, 0x0, 0x0, 0x4e, 0xff,
    0xff, 0xff, 0xff, 0xff, 0xff, 0xff, 0xff, 0xff,
    0xff, 0xff, 0xf6, 0x0, 0xef, 0xff, 0xff, 0xff,
    0xff, 0xff, 0xff, 0xff, 0xff, 0xff, 0xff, 0xff,
    0xff, 0x0, 0xff, 0xeb, 0xbb, 0xbb, 0xbb, 0xbb,
    0xbb, 0xbb, 0xbb, 0xbb, 0xbb, 0xbd, 0xff, 0x50,
    0xff, 0xc0, 0x0, 0x0, 0x0, 0x0, 0x0, 0x0,
    0x0, 0x0, 0x0, 0x7, 0xff, 0xf9, 0xff, 0xc0,
    0xef, 0xff, 0xf9, 0x0, 0x0, 0x0, 0x0, 0x0,
    0x0, 0x7, 0xff, 0xfa, 0xff, 0xc0, 0xef, 0xff,
    0xf9, 0x0, 0x0, 0x0, 0x0, 0x0, 0x0, 0x3,
    0x7f, 0xfa, 0xff, 0xc0, 0xef, 0xff, 0xf9, 0x0,
    0x0, 0x0, 0x0, 0x0, 0x0, 0x0, 0x1f, 0xfa,
    0xff, 0xc0, 0xef, 0xff, 0xf9, 0x0, 0x0, 0x0,
    0x0, 0x0, 0x0, 0x0, 0x1f, 0xfa, 0xff, 0xc0,
    0xef, 0xff, 0xf9, 0x0, 0x0, 0x0, 0x0, 0x0,
    0x0, 0x5, 0xdf, 0xfa, 0xff, 0xc0, 0x78, 0x88,
    0x84, 0x0, 0x0, 0x0, 0x0, 0x0, 0x0, 0x7,
    0xff, 0xfa, 0xff, 0xc0, 0x0, 0x0, 0x0, 0x0,
    0x0, 0x0, 0x0, 0x0, 0x0, 0x7, 0xff, 0xf6,
    0xff, 0xff, 0xff, 0xff, 0xff, 0xff, 0xff, 0xff,
    0xff, 0xff, 0xff, 0xff, 0xff, 0x10, 0xcf, 0xff,
    0xff, 0xff, 0xff, 0xff, 0xff, 0xff, 0xff, 0xff,
    0xff, 0xff, 0xfe, 0x0, 0x19, 0xbb, 0xbb, 0xbb,
    0xbb, 0xbb, 0xbb, 0xbb, 0xbb, 0xbb, 0xbb, 0xbb,
    0x92, 0x0,

    /* U+F244 "" */
    0x0, 0x0, 0x0, 0x0, 0x0, 0x0, 0x0, 0x0,
    0x0, 0x0, 0x0, 0x0, 0x0, 0x0, 0x4e, 0xff,
    0xff, 0xff, 0xff, 0xff, 0xff, 0xff, 0xff, 0xff,
    0xff, 0xff, 0xf6, 0x0, 0xef, 0xff, 0xff, 0xff,
    0xff, 0xff, 0xff, 0xff, 0xff, 0xff, 0xff, 0xff,
    0xff, 0x0, 0xff, 0xeb, 0xbb, 0xbb, 0xbb, 0xbb,
    0xbb, 0xbb, 0xbb, 0xbb, 0xbb, 0xbd, 0xff, 0x50,
    0xff, 0xc0, 0x0, 0x0, 0x0, 0x0, 0x0, 0x0,
    0x0, 0x0, 0x0, 0x7, 0xff, 0xf9, 0xff, 0xc0,
    0x0, 0x0, 0x0, 0x0, 0x0, 0x0, 0x0, 0x0,
    0x0, 0x7, 0xff, 0xfa, 0xff, 0xc0, 0x0, 0x0,
    0x0, 0x0, 0x0, 0x0, 0x0, 0x0, 0x0, 0x3,
    0x7f, 0xfa, 0xff, 0xc0, 0x0, 0x0, 0x0, 0x0,
    0x0, 0x0, 0x0, 0x0, 0x0, 0x0, 0x1f, 0xfa,
    0xff, 0xc0, 0x0, 0x0, 0x0, 0x0, 0x0, 0x0,
    0x0, 0x0, 0x0, 0x0, 0x1f, 0xfa, 0xff, 0xc0,
    0x0, 0x0, 0x0, 0x0, 0x0, 0x0, 0x0, 0x0,
    0x0, 0x5, 0xdf, 0xfa, 0xff, 0xc0, 0x0, 0x0,
    0x0, 0x0, 0x0, 0x0, 0x0, 0x0, 0x0, 0x7,
    0xff, 0xfa, 0xff, 0xc0, 0x0, 0x0, 0x0, 0x0,
    0x0, 0x0, 0x0, 0x0, 0x0, 0x7, 0xff, 0xf6,
    0xff, 0xff, 0xff, 0xff, 0xff, 0xff, 0xff, 0xff,
    0xff, 0xff, 0xff, 0xff, 0xff, 0x10, 0xcf, 0xff,
    0xff, 0xff, 0xff, 0xff, 0xff, 0xff, 0xff, 0xff,
    0xff, 0xff, 0xfe, 0x0, 0x19, 0xbb, 0xbb, 0xbb,
    0xbb, 0xbb, 0xbb, 0xbb, 0xbb, 0xbb, 0xbb, 0xbb,
    0x92, 0x0,

    /* U+F287 "" */
    0x0, 0x0, 0x0, 0x0, 0x0, 0x0, 0x0, 0x18,
    0x92, 0x0, 0x0, 0x0, 0x0, 0x0, 0x0, 0x0,
    0x0, 0x0, 0x0, 0x0, 0x12, 0xdf, 0xfe, 0x10,
    0x0, 0x0, 0x0, 0x0, 0x0, 0x0, 0x0, 0x0,
    0x0, 0x1c, 0xff, 0xff, 0xff, 0x50, 0x0, 0x0,
    0x0, 0x0, 0x0, 0x0, 0x0, 0x0, 0x0, 0xcf,
    0x76, 0xff, 0xff, 0x20, 0x0, 0x0, 0x0, 0x0,
    0x0, 0x0, 0x0, 0x0, 0x5, 0xf6, 0x0, 0x4c,
    0xd5, 0x0, 0x0, 0x0, 0x0, 0x0, 0x0, 0x33,
    0x0, 0x0, 0xd, 0xd0, 0x0, 0x0, 0x0, 0x0,
    0x0, 0x0, 0x0, 0x0, 0x1c, 0xff, 0xd2, 0x0,
    0x4f, 0x60, 0x0, 0x0, 0x0, 0x0, 0x0, 0xc,
    0x40, 0x0, 0xaf, 0xff, 0xfc, 0x1, 0xde, 0x0,
    0x0, 0x0, 0x0, 0x0, 0x0, 0x1f, 0xfa, 0x10,
    0xff, 0xff, 0xff, 0xff, 0xff, 0xff, 0xff, 0xff,
    0xff, 0xff, 0xff, 0xff, 0xff, 0xf5, 0xdf, 0xff,
    0xff, 0x88, 0x88, 0x9f, 0xe8, 0x88, 0x88, 0x88,
    0x88, 0x8f, 0xff, 0x91, 0x5f, 0xff, 0xf8, 0x0,
    0x0, 0x7, 0xf3, 0x0, 0x0, 0x0, 0x0, 0xf,
    0xc3, 0x0, 0x4, 0xbb, 0x60, 0x0, 0x0, 0x0,
    0xeb, 0x0, 0x0, 0x0, 0x0, 0x4, 0x0, 0x0,
    0x0, 0x0, 0x0, 0x0, 0x0, 0x0, 0x8f, 0x30,
    0x8, 0x88, 0x83, 0x0, 0x0, 0x0, 0x0, 0x0,
    0x0, 0x0, 0x0, 0x0, 0x1e, 0xc1, 0x2f, 0xff,
    0xf7, 0x0, 0x0, 0x0, 0x0, 0x0, 0x0, 0x0,
    0x0, 0x0, 0x4, 0xff, 0xff, 0xff, 0xf7, 0x0,
    0x0, 0x0, 0x0, 0x0, 0x0, 0x0, 0x0, 0x0,
    0x0, 0x27, 0x9f, 0xff, 0xf7, 0x0, 0x0, 0x0,
    0x0, 0x0, 0x0, 0x0, 0x0, 0x0, 0x0, 0x0,
    0x2f, 0xff, 0xf6, 0x0, 0x0, 0x0, 0x0, 0x0,
    0x0, 0x0, 0x0, 0x0, 0x0, 0x0, 0x0, 0x0,
    0x0, 0x0, 0x0, 0x0,

    /* U+F293 "" */
    0x0, 0x0, 0x0, 0x0, 0x11, 0x0, 0x0, 0x0,
    0x0, 0x0, 0x2, 0x9e, 0xff, 0xff, 0xc7, 0x0,
    0x0, 0x0, 0x7, 0xff, 0xff, 0xdf, 0xff, 0xfd,
    0x20, 0x0, 0x8, 0xff, 0xff, 0xf2, 0xdf, 0xff,
    0xfe, 0x0, 0x3, 0xff, 0xff, 0xff, 0x11, 0xdf,
    0xff, 0xf9, 0x0, 0xaf, 0xff, 0xff, 0xf1, 0x1,
    0xef, 0xff, 0xf0, 0xf, 0xff, 0xff, 0xff, 0x12,
    0x12, 0xef, 0xff, 0x53, 0xff, 0xf4, 0x7f, 0xf1,
    0x3d, 0x13, 0xff, 0xf8, 0x6f, 0xff, 0x40, 0x7f,
    0x13, 0xf5, 0xc, 0xff, 0xb8, 0xff, 0xff, 0x40,
    0x71, 0x35, 0xa, 0xff, 0xfd, 0x9f, 0xff, 0xff,
    0x40, 0x0, 0x8, 0xff, 0xff, 0xea, 0xff, 0xff,
    0xff, 0x30, 0x6, 0xff, 0xff, 0xfe, 0xaf, 0xff,
    0xff, 0xf4, 0x0, 0x6f, 0xff, 0xff, 0xe9, 0xff,
    0xff, 0xf4, 0x0, 0x0, 0x7f, 0xff, 0xfe, 0x8f,
    0xff, 0xf4, 0x6, 0x13, 0x50, 0x8f, 0xff, 0xd6,
    0xff, 0xf4, 0x7, 0xf1, 0x3f, 0x40, 0x9f, 0xfb,
    0x3f, 0xff, 0x47, 0xff, 0x13, 0xd1, 0x1d, 0xff,
    0x90, 0xff, 0xff, 0xff, 0xf1, 0x21, 0x1d, 0xff,
    0xf5, 0xa, 0xff, 0xff, 0xff, 0x20, 0x1d, 0xff,
    0xff, 0x0, 0x2f, 0xff, 0xff, 0xf2, 0x2e, 0xff,
    0xff, 0x80, 0x0, 0x6f, 0xff, 0xff, 0x4e, 0xff,
    0xff, 0xe0, 0x0, 0x0, 0x4e, 0xff, 0xff, 0xff,
    0xff, 0xc2, 0x0, 0x0, 0x0, 0x5, 0x9c, 0xdd,
    0xc9, 0x40, 0x0, 0x0,

    /* U+F2DC "" */
    0x0, 0x0, 0x0, 0x0, 0x0, 0x21, 0x0, 0x0,
    0x0, 0x0, 0x0, 0x0, 0x0, 0x0, 0x0, 0xbf,
    0xe0, 0x0, 0x0, 0x0, 0x0, 0x0, 0x0, 0x0,
    0x8, 0x6c, 0xff, 0x3a, 0x10, 0x0, 0x0, 0x0,
    0x0, 0x0, 0x2, 0xff, 0xff, 0xff, 0xf6, 0x0,
    0x0, 0x0, 0x0, 0x0, 0x64, 0x7, 0xff, 0xff,
    0xfb, 0x2, 0x71, 0x0, 0x0, 0x4, 0x2f, 0xe0,
    0x7, 0xff, 0xfa, 0x0, 0x9f, 0x53, 0x10, 0x8,
    0xfc, 0xff, 0x20, 0xc, 0xff, 0x0, 0xe, 0xfc,
    0xfc, 0x0, 0xef, 0xff, 0xf6, 0x0, 0xcf, 0xf0,
    0x2, 0xff, 0xff, 0xf2, 0x2, 0xbf, 0xff, 0xf7,
    0xc, 0xff, 0x5, 0xdf, 0xff, 0xd4, 0x0, 0x9f,
    0xff, 0xff, 0xfd, 0xef, 0xfc, 0xff, 0xff, 0xff,
    0xd0, 0x9, 0xfb, 0x77, 0xef, 0xff, 0xff, 0xff,
    0xf9, 0x6a, 0xed, 0x0, 0x0, 0x0, 0x1, 0x9f,
    0xff, 0xff, 0xc2, 0x0, 0x0, 0x0, 0x2, 0x40,
    0x0, 0x4d, 0xff, 0xff, 0xff, 0x70, 0x0, 0x33,
    0x0, 0xbf, 0xfb, 0xbf, 0xff, 0xff, 0xff, 0xff,
    0xda, 0xef, 0xf0, 0x5, 0xdf, 0xff, 0xff, 0x9c,
    0xff, 0x7f, 0xff, 0xff, 0xe8, 0x0, 0x5e, 0xff,
    0xfc, 0x20, 0xcf, 0xf0, 0x1a, 0xff, 0xff, 0x80,
    0xe, 0xff, 0xff, 0x50, 0xc, 0xff, 0x0, 0x1f,
    0xff, 0xff, 0x20, 0x5f, 0x8f, 0xf1, 0x0, 0xdf,
    0xf1, 0x0, 0xdf, 0x9e, 0x90, 0x0, 0x2, 0xfc,
    0x0, 0xbf, 0xff, 0xd1, 0x8, 0xf5, 0x0, 0x0,
    0x0, 0x2, 0x10, 0xbf, 0xff, 0xff, 0xd1, 0x2,
    0x0, 0x0, 0x0, 0x0, 0x0, 0x2f, 0xfe, 0xff,
    0xdf, 0x50, 0x0, 0x0, 0x0, 0x0, 0x0, 0x0,
    0x42, 0xcf, 0xf1, 0x50, 0x0, 0x0, 0x0, 0x0,
    0x0, 0x0, 0x0, 0x8, 0xdb, 0x0, 0x0, 0x0,
    0x0, 0x0,

    /* U+F2ED "" */
    0x0, 0x0, 0x0, 0x2, 0x22, 0x22, 0x10, 0x0,
    0x0, 0x0, 0x0, 0x0, 0x0, 0xcf, 0xff, 0xff,
    0xe1, 0x0, 0x0, 0x0, 0xac, 0xcc, 0xcd, 0xff,
    0xff, 0xff, 0xfd, 0xcc, 0xcc, 0xc1, 0xff, 0xff,
    0xff, 0xff, 0xff, 0xff, 0xff, 0xff, 0xff, 0xf4,
    0xdf, 0xff, 0xff, 0xff, 0xff, 0xff, 0xff, 0xff,
    0xff, 0xe2, 0x0, 0x0, 0x0, 0x0, 0x0, 0x0,
    0x0, 0x0, 0x0, 0x0, 0x7, 0xcc, 0xcc, 0xcc,
    0xcc, 0xcc, 0xcc, 0xcc, 0xca, 0x0, 0xa, 0xff,
    0xff, 0xff, 0xff, 0xff, 0xff, 0xff, 0xfe, 0x0,
    0xa, 0xff, 0xff, 0xff, 0xff, 0xff, 0xff, 0xff,
    0xfe, 0x0, 0xa, 0xff, 0xe1, 0xef, 0xf2, 0xcf,
    0xf3, 0xbf, 0xfe, 0x0, 0xa, 0xff, 0xd0, 0xdf,
    0xf0, 0xbf, 0xf1, 0x9f, 0xfe, 0x0, 0xa, 0xff,
    0xd0, 0xdf, 0xf0, 0xbf, 0xf1, 0x9f, 0xfe, 0x0,
    0xa, 0xff, 0xd0, 0xdf, 0xf0, 0xbf, 0xf1, 0x9f,
    0xfe, 0x0, 0xa, 0xff, 0xd0, 0xdf, 0xf0, 0xbf,
    0xf1, 0x9f, 0xfe, 0x0, 0xa, 0xff, 0xd0, 0xdf,
    0xf0, 0xbf, 0xf1, 0x9f, 0xfe, 0x0, 0xa, 0xff,
    0xd0, 0xdf, 0xf0, 0xbf, 0xf1, 0x9f, 0xfe, 0x0,
    0xa, 0xff, 0xd0, 0xdf, 0xf0, 0xbf, 0xf1, 0x9f,
    0xfe, 0x0, 0xa, 0xff, 0xd0, 0xdf, 0xf0, 0xbf,
    0xf1, 0x9f, 0xfe, 0x0, 0xa, 0xff, 0xd0, 0xdf,
    0xf0, 0xbf, 0xf1, 0x9f, 0xfe, 0x0, 0xa, 0xff,
    0xe1, 0xef, 0xf1, 0xcf, 0xf3, 0xaf, 0xfe, 0x0,
    0x9, 0xff, 0xff, 0xff, 0xff, 0xff, 0xff, 0xff,
    0xfd, 0x0, 0x6, 0xff, 0xff, 0xff, 0xff, 0xff,
    0xff, 0xff, 0xfa, 0x0, 0x0, 0x7b, 0xcc, 0xcc,
    0xcc, 0xcc, 0xcc, 0xcb, 0x91, 0x0,

    /* U+F304 "" */
    0x0, 0x0, 0x0, 0x0, 0x0, 0x0, 0x0, 0x0,
    0x1, 0x30, 0x0, 0x0, 0x0, 0x0, 0x0, 0x0,
    0x0, 0x0, 0x0, 0x4, 0xff, 0xd1, 0x0, 0x0,
    0x0, 0x0, 0x0, 0x0, 0x0, 0x0, 0x4, 0xff,
    0xff, 0xd1, 0x0, 0x0, 0x0, 0x0, 0x0, 0x0,
    0x0, 0x3, 0xff, 0xff, 0xff, 0xd1, 0x0, 0x0,
    0x0, 0x0, 0x0, 0x0, 0x1, 0xc, 0xff, 0xff,
    0xff, 0xb0, 0x0, 0x0, 0x0, 0x0, 0x0, 0x4,
    0xe4, 0xc, 0xff, 0xff, 0xff, 0x0, 0x0, 0x0,
    0x0, 0x0, 0x4, 0xff, 0xf4, 0xc, 0xff, 0xff,
    0xa0, 0x0, 0x0, 0x0, 0x0, 0x4, 0xff, 0xff,
    0xf4, 0xc, 0xff, 0xb0, 0x0, 0x0, 0x0, 0x0,
    0x4, 0xff, 0xff, 0xff, 0xf4, 0xc, 0xb0, 0x0,
    0x0, 0x0, 0x0, 0x4, 0xff, 0xff, 0xff, 0xff,
    0xf4, 0x0, 0x0, 0x0, 0x0, 0x0, 0x4, 0xff,
    0xff, 0xff, 0xff, 0xff, 0xa0, 0x0, 0x0, 0x0,
    0x0, 0x4, 0xff, 0xff, 0xff, 0xff, 0xff, 0xb0,
    0x0, 0x0, 0x0, 0x0, 0x4, 0xff, 0xff, 0xff,
    0xff, 0xff, 0xb0, 0x0, 0x0, 0x0, 0x0, 0x4,
    0xff, 0xff, 0xff, 0xff, 0xff, 0xb0, 0x0, 0x0,
    0x0, 0x0, 0x4, 0xff, 0xff, 0xff, 0xff, 0xff,
    0xb0, 0x0, 0x0, 0x0, 0x0, 0x4, 0xff, 0xff,
    0xff, 0xff, 0xff, 0xb0, 0x0, 0x0, 0x0, 0x0,
    0x3, 0xff, 0xff, 0xff, 0xff, 0xff, 0xb0, 0x0,
    0x0, 0x0, 0x0, 0x0, 0x8f, 0xff, 0xff, 0xff,
    0xff, 0xb0, 0x0, 0x0, 0x0, 0x0, 0x0, 0xa,
    0xff, 0xff, 0xff, 0xff, 0xb0, 0x0, 0x0, 0x0,
    0x0, 0x0, 0x0, 0xcf, 0xff, 0xff, 0xff, 0xb0,
    0x0, 0x0, 0x0, 0x0, 0x0, 0x0, 0xe, 0xff,
    0xff, 0xff, 0xb0, 0x0, 0x0, 0x0, 0x0, 0x0,
    0x0, 0x0, 0xff, 0xff, 0xff, 0xb0, 0x0, 0x0,
    0x0, 0x0, 0x0, 0x0, 0x0, 0x8, 0xb9, 0x75,
    0x40, 0x0, 0x0, 0x0, 0x0, 0x0, 0x0, 0x0,
    0x0,

    /* U+F55A "" */
    0x0, 0x0, 0x0, 0x2, 0x68, 0x88, 0x88, 0x88,
    0x88, 0x88, 0x88, 0x88, 0x75, 0x0, 0x0, 0x0,
    0x0, 0x5f, 0xff, 0xff, 0xff, 0xff, 0xff, 0xff,
    0xff, 0xff, 0xff, 0xc0, 0x0, 0x0, 0x5, 0xff,
    0xff, 0xff, 0xff, 0xff, 0xff, 0xff, 0xff, 0xff,
    0xff, 0xf5, 0x0, 0x0, 0x5f, 0xff, 0xff, 0xff,
    0xff, 0xff, 0xff, 0xff, 0xff, 0xff, 0xff, 0xf7,
    0x0, 0x5, 0xff, 0xff, 0xff, 0xff, 0x80, 0xcf,
    0xff, 0xc0, 0x8f, 0xff, 0xff, 0xf8, 0x0, 0x5f,
    0xff, 0xff, 0xff, 0xfc, 0x0, 0xc, 0xfc, 0x0,
    0xc, 0xff, 0xff, 0xf8, 0x5, 0xff, 0xff, 0xff,
    0xff, 0xff, 0x50, 0x0, 0x90, 0x0, 0x5f, 0xff,
    0xff, 0xf8, 0x5f, 0xff, 0xff, 0xff, 0xff, 0xff,
    0xf5, 0x0, 0x0, 0x5, 0xff, 0xff, 0xff, 0xf8,
    0xef, 0xff, 0xff, 0xff, 0xff, 0xff, 0xff, 0x40,
    0x0, 0x4f, 0xff, 0xff, 0xff, 0xf8, 0xbf, 0xff,
    0xff, 0xff, 0xff, 0xff, 0xfc, 0x0, 0x0, 0xc,
    0xff, 0xff, 0xff, 0xf8, 0xc, 0xff, 0xff, 0xff,
    0xff, 0xff, 0xc0, 0x0, 0x10, 0x0, 0xcf, 0xff,
    0xff, 0xf8, 0x0, 0xcf, 0xff, 0xff, 0xff, 0xfd,
    0x0, 0x5, 0xf5, 0x0, 0xd, 0xff, 0xff, 0xf8,
    0x0, 0xc, 0xff, 0xff, 0xff, 0xfe, 0x10, 0x5f,
    0xff, 0x50, 0x1e, 0xff, 0xff, 0xf8, 0x0, 0x0,
    0xcf, 0xff, 0xff, 0xff, 0xe8, 0xff, 0xff, 0xf8,
    0xef, 0xff, 0xff, 0xf8, 0x0, 0x0, 0xc, 0xff,
    0xff, 0xff, 0xff, 0xff, 0xff, 0xff, 0xff, 0xff,
    0xff, 0xf7, 0x0, 0x0, 0x0, 0xcf, 0xff, 0xff,
    0xff, 0xff, 0xff, 0xff, 0xff, 0xff, 0xff, 0xf2,
    0x0, 0x0, 0x0, 0x9, 0xef, 0xff, 0xff, 0xff,
    0xff, 0xff, 0xff, 0xff, 0xfd, 0x50,

    /* U+F6C3 "" */
    0x0, 0x0, 0x0, 0x0, 0x0, 0x0, 0x0, 0x0,
    0x2, 0x32, 0x0, 0x0, 0x0, 0x0, 0x0, 0x0,
    0x0, 0x0, 0x0, 0x5, 0xcf, 0xff, 0xd0, 0x0,
    0x0, 0x0, 0x0, 0x0, 0x0, 0x0, 0x0, 0xb,
    0xff, 0xff, 0xb0, 0x0, 0x0, 0x0, 0x0, 0x0,
    0x0, 0x0, 0x0, 0xc, 0xff, 0xff, 0xd0, 0x0,
    0x0, 0x0, 0x0, 0x0, 0x0, 0x0, 0x0, 0xa,
    0xff, 0xff, 0xf4, 0x0, 0x0, 0x0, 0x0, 0x0,
    0x0, 0x0, 0x0, 0x3, 0xff, 0xff, 0xfe, 0x0,
    0x0, 0x0, 0x0, 0x0, 0x0, 0x0, 0x0, 0x0,
    0x9f, 0xff, 0xff, 0xb0, 0x0, 0x0, 0x0, 0x0,
    0x0, 0x0, 0x0, 0x0, 0xd, 0xff, 0xff, 0xfa,
    0x0, 0x0, 0x0, 0x0, 0x0, 0x0, 0x0, 0x0,
    0x0, 0xff, 0xff, 0xff, 0xc0, 0x0, 0x0, 0x0,
    0x0, 0x0, 0x0, 0x0, 0x0, 0xf, 0xff, 0xff,
    0xff, 0x10, 0x0, 0x0, 0x0, 0x0, 0x0, 0x6,
    0x98, 0x40, 0x67, 0x68, 0xef, 0xf8, 0x0, 0x0,
    0x0, 0x0, 0x0, 0x1d, 0xff, 0xff, 0x90, 0x13,
    0x1, 0xcf, 0xf4, 0x0, 0x0, 0x0, 0x0, 0xb,
    0xff, 0xff, 0xff, 0xbf, 0xfe, 0x31, 0xff, 0xf7,
    0x0, 0x0, 0x0, 0x1, 0xff, 0xff, 0xff, 0xff,
    0xff, 0xfe, 0xa, 0xff, 0xfd, 0x85, 0x64, 0x0,
    0x4f, 0xff, 0xff, 0xff, 0xff, 0xff, 0xf1, 0x8f,
    0xff, 0xff, 0xff, 0x50, 0x7f, 0xff, 0xff, 0xff,
    0xff, 0xff, 0xfe, 0x1, 0xaf, 0xff, 0xfe, 0x50,
    0x5f, 0xff, 0xff, 0xff, 0xff, 0xff, 0xff, 0xfe,
    0x50, 0xbf, 0xe8, 0x10, 0xc, 0xff, 0xff, 0xff,
    0xff, 0xff, 0xff, 0xff, 0xff, 0x40, 0x10, 0x0,
    0x0, 0xff, 0xff, 0xff, 0xff, 0xff, 0xff, 0xff,
    0xff, 0xfb, 0x0, 0x0, 0x0, 0xe, 0xff, 0xff,
    0xff, 0xff, 0xff, 0xff, 0xff, 0xff, 0xd0, 0x0,
    0x0, 0x0, 0x8f, 0xff, 0xff, 0xff, 0xff, 0xff,
    0xff, 0xff, 0xfa, 0x0, 0x0, 0x0, 0x0, 0xcf,
    0xff, 0xff, 0xff, 0xff, 0xff, 0xff, 0xfe, 0x20,
    0x0, 0x0, 0x0, 0x0, 0x6a, 0xbc, 0xcc, 0xcc,
    0xcc, 0xcc, 0xb8, 0x10, 0x0, 0x0, 0x0, 0x0,

    /* U+F6C4 "" */
    0x0, 0x0, 0x0, 0x0, 0x0, 0x0, 0x0, 0x0,
    0x0, 0x0, 0x0, 0x0, 0x0, 0x0, 0x0, 0x0,
    0x0, 0x0, 0xe, 0x80, 0x0, 0x0, 0x0, 0x0,
    0x0, 0x0, 0x0, 0x0, 0x0, 0x0, 0x0, 0x0,
    0x6f, 0xf1, 0x0, 0x0, 0x0, 0x0, 0x0, 0x0,
    0x0, 0x0, 0x0, 0x17, 0x20, 0x0, 0xef, 0xf8,
    0x0, 0x5, 0x50, 0x0, 0x0, 0x0, 0x0, 0x0,
    0x0, 0x4f, 0xfd, 0x88, 0xff, 0xff, 0x6a, 0xff,
    0xb0, 0x0, 0x0, 0x0, 0x0, 0x0, 0x0, 0xf,
    0xff, 0xff, 0xdb, 0xcf, 0xff, 0xff, 0x60, 0x0,
    0x0, 0x0, 0x0, 0x0, 0x0, 0xa, 0xff, 0xd3,
    0x0, 0x0, 0x9f, 0xff, 0x10, 0x0, 0x0, 0x0,
    0x0, 0x0, 0x0, 0x5, 0xfd, 0x13, 0xcf, 0xe9,
    0x7, 0xfb, 0x0, 0x0, 0x0, 0x0, 0x0, 0x0,
    0x0, 0x19, 0xf4, 0x3f, 0xff, 0xff, 0xb0, 0x72,
    0x0, 0x0, 0x0, 0x0, 0x0, 0x0, 0x29, 0xff,
    0xe0, 0xbf, 0xff, 0xff, 0x90, 0x15, 0x64, 0x0,
    0x0, 0x0, 0x0, 0x0, 0xef, 0xff, 0xd0, 0xdf,
    0xff, 0xf8, 0x7, 0xff, 0xff, 0xe3, 0x0, 0x0,
    0x0, 0x0, 0x3b, 0xff, 0xe0, 0xbf, 0xff, 0xd0,
    0x7f, 0xff, 0xff, 0xff, 0x30, 0x0, 0x0, 0x0,
    0x0, 0x3b, 0xf4, 0x4f, 0xff, 0x71, 0xff, 0xff,
    0xff, 0xff, 0xde, 0xfa, 0x0, 0x0, 0x0, 0x4,
    0xfd, 0x15, 0xde, 0x25, 0xff, 0xff, 0xff, 0xff,
    0xff, 0xff, 0x90, 0x0, 0x0, 0x9, 0xff, 0xd3,
    0x0, 0x8, 0xff, 0xff, 0xff, 0xff, 0xff, 0xff,
    0xe0, 0x0, 0x0, 0xe, 0xff, 0xf8, 0x7, 0xff,
    0xff, 0xff, 0xff, 0xff, 0xff, 0xff, 0xfb, 0x10,
    0x0, 0x3f, 0xfe, 0x90, 0x7f, 0xff, 0xff, 0xff,
    0xff, 0xff, 0xff, 0xff, 0xff, 0xd0, 0x0, 0x17,
    0x30, 0x0, 0xff, 0xff, 0xff, 0xff, 0xff, 0xff,
    0xff, 0xff, 0xff, 0xf6, 0x0, 0x0, 0x0, 0x3,
    0xff, 0xff, 0xff, 0xff, 0xff, 0xff, 0xff, 0xff,
    0xff, 0xfa, 0x0, 0x0, 0x0, 0x2, 0xff, 0xff,
    0xff, 0xff, 0xff, 0xff, 0xff, 0xff, 0xff, 0xfa,
    0x0, 0x0, 0x0, 0x0, 0xdf, 0xff, 0xff, 0xff,
    0xff, 0xff, 0xff, 0xff, 0xff, 0xf5, 0x0, 0x0,
    0x0, 0x0, 0x4f, 0xff, 0xff, 0xff, 0xff, 0xff,
    0xff, 0xff, 0xff, 0xa0, 0x0, 0x0, 0x0, 0x0,
    0x3, 0xbe, 0xff, 0xff, 0xff, 0xff, 0xff, 0xff,
    0xd7, 0x0,

    /* U+F72E "" */
    0x0, 0x0, 0x0, 0x0, 0x0, 0x0, 0x0, 0x0,
    0x0, 0x0, 0x0, 0x0, 0x0, 0x0, 0x0, 0x0,
    0x0, 0x2, 0xbf, 0xfd, 0x40, 0x0, 0x0, 0x0,
    0x0, 0x0, 0x0, 0x0, 0x2, 0xef, 0xff, 0xff,
    0x50, 0x0, 0x0, 0x0, 0x0, 0x0, 0x0, 0x0,
    0xaf, 0xfd, 0xcf, 0xfe, 0x0, 0x0, 0x0, 0x0,
    0x0, 0x0, 0x0, 0xc, 0xfd, 0x0, 0xaf, 0xf3,
    0x0, 0x0, 0x0, 0x0, 0x0, 0x0, 0x0, 0x0,
    0x0, 0xa, 0xff, 0x30, 0x0, 0x79, 0x99, 0x99,
    0x99, 0x99, 0x99, 0x99, 0x9b, 0xff, 0xe0, 0x0,
    0xf, 0xff, 0xff, 0xff, 0xff, 0xff, 0xff, 0xff,
    0xff, 0xf5, 0x0, 0x0, 0xff, 0xff, 0xff, 0xff,
    0xff, 0xff, 0xff, 0xff, 0xe5, 0x0, 0x0, 0x1,
    0x22, 0x22, 0x22, 0x22, 0x22, 0x22, 0x22, 0x10,
    0x0, 0x0, 0x0, 0x0, 0x0, 0x0, 0x0, 0x0,
    0x0, 0x0, 0x0, 0x0, 0x0, 0x0, 0xe, 0xff,
    0xff, 0xff, 0xea, 0x22, 0xef, 0xff, 0xff, 0xfd,
    0x70, 0x0, 0xff, 0xff, 0xff, 0xff, 0xfe, 0x25,
    0xff, 0xff, 0xff, 0xff, 0xb0, 0x9, 0xbb, 0xbb,
    0xbb, 0xef, 0xfb, 0xa, 0xbb, 0xbb, 0xcf, 0xff,
    0x70, 0x0, 0x0, 0x0, 0x0, 0xdf, 0xf0, 0x0,
    0x0, 0x0, 0x4f, 0xfe, 0x0, 0x1, 0xff, 0xa0,
    0xe, 0xff, 0x0, 0x0, 0x0, 0x0, 0xcf, 0xf0,
    0x0, 0xd, 0xff, 0xde, 0xff, 0xa0, 0x2b, 0xb4,
    0x0, 0x1e, 0xfe, 0x0, 0x0, 0x4f, 0xff, 0xff,
    0xe2, 0x2, 0xff, 0xf8, 0x6d, 0xff, 0x90, 0x0,
    0x0, 0x3b, 0xfe, 0xa2, 0x0, 0x8, 0xff, 0xff,
    0xff, 0xe1, 0x0, 0x0, 0x0, 0x0, 0x0, 0x0,
    0x0, 0x7, 0xff, 0xff, 0xb1, 0x0, 0x0, 0x0,
    0x0, 0x0, 0x0, 0x0, 0x0, 0x1, 0x55, 0x20,
    0x0, 0x0,

    /* U+F73D "" */
    0x0, 0x0, 0x0, 0x56, 0x50, 0x0, 0x0, 0x0,
    0x0, 0x0, 0x0, 0x0, 0x0, 0x4e, 0xff, 0xff,
    0x60, 0x0, 0x0, 0x0, 0x0, 0x0, 0x0, 0x4,
    0xff, 0xff, 0xff, 0xf5, 0x6e, 0xfe, 0x50, 0x0,
    0x0, 0x0, 0xd, 0xff, 0xff, 0xff, 0xff, 0xff,
    0xff, 0xf4, 0x0, 0x0, 0x0, 0x2f, 0xff, 0xff,
    0xff, 0xff, 0xff, 0xff, 0xfb, 0x0, 0x0, 0x0,
    0x3f, 0xff, 0xff, 0xff, 0xff, 0xff, 0xff, 0xfd,
    0x0, 0x0, 0x1, 0x9f, 0xff, 0xff, 0xff, 0xff,
    0xff, 0xff, 0xff, 0xe9, 0x10, 0x1d, 0xff, 0xff,
    0xff, 0xff, 0xff, 0xff, 0xff, 0xff, 0xff, 0xe1,
    0x9f, 0xff, 0xff, 0xff, 0xff, 0xff, 0xff, 0xff,
    0xff, 0xff, 0xfa, 0xef, 0xff, 0xff, 0xff, 0xff,
    0xff, 0xff, 0xff, 0xff, 0xff, 0xfe, 0xff, 0xff,
    0xff, 0xff, 0xff, 0xff, 0xff, 0xff, 0xff, 0xff,
    0xff, 0xcf, 0xff, 0xff, 0xff, 0xff, 0xff, 0xff,
    0xff, 0xff, 0xff, 0xfc, 0x4f, 0xff, 0xff, 0xff,
    0xff, 0xff, 0xff, 0xff, 0xff, 0xff, 0xf4, 0x5,
    0xef, 0xff, 0xff, 0xff, 0xff, 0xff, 0xff, 0xff,
    0xfe, 0x50, 0x0, 0x3, 0x44, 0x44, 0x44, 0x44,
    0x44, 0x44, 0x44, 0x30, 0x0, 0x0, 0x0, 0x0,
    0x0, 0x0, 0x0, 0x0, 0x0, 0x0, 0x0, 0x0,
    0x0, 0x0, 0x10, 0x0, 0x0, 0x11, 0x0, 0x0,
    0x1, 0x0, 0x0, 0x0, 0x7, 0xb0, 0x0, 0x0,
    0x99, 0x0, 0x0, 0xb, 0x70, 0x0, 0x0, 0xe,
    0xf3, 0x0, 0x1, 0xff, 0x10, 0x0, 0x3f, 0xe0,
    0x0, 0x0, 0x8f, 0xfc, 0x0, 0xa, 0xff, 0xa0,
    0x0, 0xcf, 0xf8, 0x0, 0x0, 0xdf, 0xff, 0x10,
    0xf, 0xff, 0xf0, 0x2, 0xff, 0xfd, 0x0, 0x0,
    0xbf, 0xff, 0x0, 0xd, 0xff, 0xe0, 0x0, 0xff,
    0xfb, 0x0, 0x0, 0x2b, 0xc4, 0x0, 0x3, 0xcc,
    0x20, 0x0, 0x4c, 0xb2, 0x0,

    /* U+F75F "" */
    0x0, 0x0, 0x1, 0x10, 0x0, 0x0, 0x0, 0x11,
    0x0, 0x0, 0x0, 0x0, 0x0, 0x0, 0x0, 0x8,
    0xef, 0xff, 0xa2, 0x0, 0x8e, 0xff, 0xf9, 0x10,
    0x0, 0x0, 0x0, 0x0, 0x2, 0xdf, 0xff, 0xff,
    0xff, 0x7d, 0xff, 0xff, 0xff, 0xe4, 0x0, 0x0,
    0x0, 0x0, 0xd, 0xff, 0xff, 0xff, 0xff, 0xff,
    0xff, 0xff, 0xff, 0xff, 0x23, 0x54, 0x0, 0x0,
    0x7f, 0xff, 0xff, 0xff, 0xff, 0xff, 0xff, 0xff,
    0xff, 0xff, 0xff, 0xff, 0xf6, 0x0, 0xcf, 0xff,
    0xff, 0xff, 0xff, 0xff, 0xff, 0xff, 0xff, 0xff,
    0xff, 0xff, 0xff, 0x70, 0xff, 0xff, 0xff, 0xff,
    0xff, 0xff, 0xff, 0xff, 0xff, 0xff, 0xff, 0xff,
    0xff, 0xf1, 0xff, 0xff, 0xff, 0xff, 0xff, 0xff,
    0xff, 0xff, 0xff, 0xff, 0xff, 0xff, 0xff, 0xf6,
    0xdf, 0xff, 0xff, 0xff, 0xff, 0xff, 0xff, 0xff,
    0xff, 0xff, 0xff, 0xff, 0xff, 0xf7, 0x7f, 0xff,
    0xff, 0xff, 0xff, 0xff, 0xff, 0xff, 0xff, 0xff,
    0xff, 0xff, 0xff, 0xf5, 0xe, 0xff, 0xff, 0xff,
    0xff, 0xff, 0xff, 0xff, 0xff, 0xff, 0xff, 0xff,
    0xff, 0xe1, 0x2, 0xef, 0xff, 0xff, 0xff, 0xff,
    0xff, 0xff, 0xff, 0xff, 0xff, 0xff, 0xff, 0x50,
    0x0, 0x19, 0xff, 0xff, 0xff, 0xff, 0xff, 0xff,
    0xff, 0xff, 0xff, 0xff, 0xd4, 0x0, 0x0, 0x0,
    0x2, 0x33, 0x33, 0x33, 0x3a, 0xff, 0xff, 0xfa,
    0x33, 0x32, 0x0, 0x0, 0x0, 0x0, 0x0, 0x0,
    0x0, 0x0, 0x0, 0x37, 0x97, 0x30, 0x0, 0x0,
    0x0, 0x0, 0x0, 0x0, 0x0, 0x0, 0x0, 0x0,
    0x0, 0x0, 0x0, 0x0, 0x0, 0x0, 0x0, 0x0,
    0x0, 0x2, 0x33, 0x33, 0x33, 0x33, 0x33, 0x33,
    0x33, 0x33, 0x33, 0x33, 0x33, 0x30, 0x0, 0x3f,
    0xff, 0xff, 0xff, 0xff, 0xff, 0xff, 0xff, 0xff,
    0xff, 0xff, 0xff, 0xf7, 0x0, 0x1c, 0xdd, 0xdd,
    0xdd, 0xdd, 0xdd, 0xdd, 0xdd, 0xdd, 0xdd, 0xdd,
    0xdd, 0xd4, 0x0, 0x0, 0x0, 0x0, 0x0, 0x0,
    0x0, 0x0, 0x0, 0x0, 0x0, 0x0, 0x0, 0x0,
    0x1, 0x11, 0x11, 0x0, 0x0, 0x11, 0x11, 0x11,
    0x11, 0x11, 0x11, 0x11, 0x0, 0x0, 0xef, 0xff,
    0xff, 0xc0, 0xf, 0xff, 0xff, 0xff, 0xff, 0xff,
    0xff, 0xff, 0xa0, 0x0, 0xdf, 0xff, 0xff, 0xb0,
    0xd, 0xff, 0xff, 0xff, 0xff, 0xff, 0xff, 0xff,
    0x90, 0x0,

    /* U+F7C2 "" */
    0x0, 0x0, 0x0, 0x0, 0x0, 0x0, 0x0, 0x0,
    0x0, 0x0, 0x2, 0xef, 0xff, 0xff, 0xff, 0xfe,
    0x70, 0x0, 0x2, 0xef, 0xff, 0xff, 0xff, 0xff,
    0xff, 0x50, 0x2, 0xef, 0xbb, 0xfc, 0xbf, 0xdb,
    0xbf, 0xf9, 0x2, 0xef, 0xd0, 0x2f, 0x40, 0xe7,
    0x1, 0xff, 0xa2, 0xef, 0xfd, 0x2, 0xf4, 0xe,
    0x70, 0x1f, 0xfa, 0xef, 0xff, 0xd0, 0x2f, 0x40,
    0xe7, 0x1, 0xff, 0xaf, 0xff, 0xfd, 0x24, 0xf6,
    0x2e, 0x82, 0x3f, 0xfa, 0xff, 0xff, 0xff, 0xff,
    0xff, 0xff, 0xff, 0xff, 0xaf, 0xff, 0xff, 0xff,
    0xff, 0xff, 0xff, 0xff, 0xfa, 0xff, 0xff, 0xff,
    0xff, 0xff, 0xff, 0xff, 0xff, 0xaf, 0xff, 0xff,
    0xff, 0xff, 0xff, 0xff, 0xff, 0xfa, 0xff, 0xff,
    0xff, 0xff, 0xff, 0xff, 0xff, 0xff, 0xaf, 0xff,
    0xff, 0xff, 0xff, 0xff, 0xff, 0xff, 0xfa, 0xff,
    0xff, 0xff, 0xff, 0xff, 0xff, 0xff, 0xff, 0xaf,
    0xff, 0xff, 0xff, 0xff, 0xff, 0xff, 0xff, 0xfa,
    0xff, 0xff, 0xff, 0xff, 0xff, 0xff, 0xff, 0xff,
    0xaf, 0xff, 0xff, 0xff, 0xff, 0xff, 0xff, 0xff,
    0xfa, 0xff, 0xff, 0xff, 0xff, 0xff, 0xff, 0xff,
    0xff, 0xaf, 0xff, 0xff, 0xff, 0xff, 0xff, 0xff,
    0xff, 0xfa, 0xff, 0xff, 0xff, 0xff, 0xff, 0xff,
    0xff, 0xff, 0x99, 0xff, 0xff, 0xff, 0xff, 0xff,
    0xff, 0xff, 0xf4, 0x9, 0xef, 0xff, 0xff, 0xff,
    0xff, 0xff, 0xd5, 0x0,

    /* U+F8A2 "" */
    0x0, 0x0, 0x0, 0x0, 0x0, 0x0, 0x0, 0x0,
    0x0, 0x0, 0x1c, 0x0, 0x0, 0x0, 0x0, 0x0,
    0x0, 0x0, 0x0, 0x0, 0x0, 0x1e, 0xf1, 0x0,
    0x0, 0x0, 0x0, 0x0, 0x0, 0x0, 0x0, 0x0,
    0x1e, 0xff, 0x10, 0x0, 0x3, 0xed, 0x0, 0x0,
    0x0, 0x0, 0x0, 0x5, 0xff, 0xf1, 0x0, 0x4,
    0xff, 0xf0, 0x0, 0x0, 0x0, 0x0, 0x0, 0x5f,
    0xff, 0x10, 0x5, 0xff, 0xff, 0x0, 0x0, 0x0,
    0x0, 0x0, 0x5, 0xff, 0xf1, 0x6, 0xff, 0xff,
    0xf6, 0x66, 0x66, 0x66, 0x66, 0x66, 0x9f, 0xff,
    0x17, 0xff, 0xff, 0xff, 0xff, 0xff, 0xff, 0xff,
    0xff, 0xff, 0xff, 0xf1, 0xdf, 0xff, 0xff, 0xff,
    0xff, 0xff, 0xff, 0xff, 0xff, 0xff, 0xff, 0x13,
    0xef, 0xff, 0xff, 0xff, 0xff, 0xff, 0xff, 0xff,
    0xff, 0xff, 0xd0, 0x2, 0xef, 0xff, 0xf1, 0x11,
    0x11, 0x11, 0x11, 0x11, 0x11, 0x10, 0x0, 0x2,
    0xdf, 0xff, 0x0, 0x0, 0x0, 0x0, 0x0, 0x0,
    0x0, 0x0, 0x0, 0x1, 0xdf, 0xf0, 0x0, 0x0,
    0x0, 0x0, 0x0, 0x0, 0x0, 0x0, 0x0, 0x1,
    0xb8, 0x0, 0x0, 0x0, 0x0, 0x0, 0x0, 0x0,
    0x0
};


/*---------------------
 *  GLYPH DESCRIPTION
 *--------------------*/

static const lv_font_fmt_txt_glyph_dsc_t glyph_dsc[] = {
    {.bitmap_index = 0, .adv_w = 0, .box_w = 0, .box_h = 0, .ofs_x = 0, .ofs_y = 0} /* id = 0 reserved */,
    {.bitmap_index = 0, .adv_w = 99, .box_w = 0, .box_h = 0, .ofs_x = 0, .ofs_y = 0},
    {.bitmap_index = 0, .adv_w = 101, .box_w = 4, .box_h = 16, .ofs_x = 1, .ofs_y = 0},
    {.bitmap_index = 32, .adv_w = 164, .box_w = 6, .box_h = 7, .ofs_x = 2, .ofs_y = 9},
    {.bitmap_index = 53, .adv_w = 223, .box_w = 14, .box_h = 16, .ofs_x = 0, .ofs_y = 0},
    {.bitmap_index = 165, .adv_w = 226, .box_w = 12, .box_h = 21, .ofs_x = 1, .ofs_y = -2},
    {.bitmap_index = 291, .adv_w = 346, .box_w = 18, .box_h = 16, .ofs_x = 2, .ofs_y = 0},
    {.bitmap_index = 435, .adv_w = 227, .box_w = 13, .box_h = 16, .ofs_x = 1, .ofs_y = 0},
    {.bitmap_index = 539, .adv_w = 106, .box_w = 3, .box_h = 7, .ofs_x = 2, .ofs_y = 9},
    {.bitmap_index = 550, .adv_w = 128, .box_w = 5, .box_h = 20, .ofs_x = 2, .ofs_y = -3},
    {.bitmap_index = 600, .adv_w = 128, .box_w = 5, .box_h = 20, .ofs_x = 1, .ofs_y = -3},
    {.bitmap_index = 650, .adv_w = 176, .box_w = 9, .box_h = 9, .ofs_x = 1, .ofs_y = 7},
    {.bitmap_index = 691, .adv_w = 233, .box_w = 11, .box_h = 11, .ofs_x = 2, .ofs_y = 1},
    {.bitmap_index = 752, .adv_w = 101, .box_w = 4, .box_h = 7, .ofs_x = 1, .ofs_y = -4},
    {.bitmap_index = 766, .adv_w = 162, .box_w = 8, .box_h = 2, .ofs_x = 1, .ofs_y = 6},
    {.bitmap_index = 774, .adv_w = 101, .box_w = 4, .box_h = 3, .ofs_x = 1, .ofs_y = 0},
    {.bitmap_index = 780, .adv_w = 127, .box_w = 8, .box_h = 19, .ofs_x = 0, .ofs_y = -2},
    {.bitmap_index = 856, .adv_w = 222, .box_w = 12, .box_h = 16, .ofs_x = 1, .ofs_y = 0},
    {.bitmap_index = 952, .adv_w = 143, .box_w = 7, .box_h = 16, .ofs_x = 1, .ofs_y = 0},
    {.bitmap_index = 1008, .adv_w = 215, .box_w = 11, .box_h = 16, .ofs_x = 1, .ofs_y = 0},
    {.bitmap_index = 1096, .adv_w = 217, .box_w = 12, .box_h = 16, .ofs_x = 1, .ofs_y = 0},
    {.bitmap_index = 1192, .adv_w = 227, .box_w = 12, .box_h = 16, .ofs_x = 1, .ofs_y = 0},
    {.bitmap_index = 1288, .adv_w = 209, .box_w = 11, .box_h = 16, .ofs_x = 1, .ofs_y = 0},
    {.bitmap_index = 1376, .adv_w = 218, .box_w = 12, .box_h = 16, .ofs_x = 1, .ofs_y = 0},
    {.bitmap_index = 1472, .adv_w = 199, .box_w = 11, .box_h = 16, .ofs_x = 1, .ofs_y = 0},
    {.bitmap_index = 1560, .adv_w = 218, .box_w = 12, .box_h = 16, .ofs_x = 1, .ofs_y = 0},
    {.bitmap_index = 1656, .adv_w = 218, .box_w = 12, .box_h = 16, .ofs_x = 1, .ofs_y = 0},
    {.bitmap_index = 1752, .adv_w = 101, .box_w = 4, .box_h = 12, .ofs_x = 1, .ofs_y = 0},
    {.bitmap_index = 1776, .adv_w = 106, .box_w = 4, .box_h = 15, .ofs_x = 1, .ofs_y = -4},
    {.bitmap_index = 1806, .adv_w = 233, .box_w = 12, .box_h = 12, .ofs_x = 1, .ofs_y = 0},
    {.bitmap_index = 1878, .adv_w = 233, .box_w = 11, .box_h = 6, .ofs_x = 2, .ofs_y = 3},
    {.bitmap_index = 1911, .adv_w = 233, .box_w = 11, .box_h = 12, .ofs_x = 2, .ofs_y = 0},
    {.bitmap_index = 1977, .adv_w = 180, .box_w = 11, .box_h = 16, .ofs_x = 0, .ofs_y = 0},
    {.bitmap_index = 2065, .adv_w = 340, .box_w = 19, .box_h = 20, .ofs_x = 1, .ofs_y = -4},
    {.bitmap_index = 2255, .adv_w = 243, .box_w = 15, .box_h = 16, .ofs_x = 0, .ofs_y = 0},
    {.bitmap_index = 2375, .adv_w = 230, .box_w = 13, .box_h = 16, .ofs_x = 1, .ofs_y = 0},
    {.bitmap_index = 2479, .adv_w = 257, .box_w = 14, .box_h = 16, .ofs_x = 1, .ofs_y = 0},
    {.bitmap_index = 2591, .adv_w = 254, .box_w = 14, .box_h = 16, .ofs_x = 1, .ofs_y = 0},
    {.bitmap_index = 2703, .adv_w = 212, .box_w = 11, .box_h = 16, .ofs_x = 1, .ofs_y = 0},
    {.bitmap_index = 2791, .adv_w = 208, .box_w = 11, .box_h = 16, .ofs_x = 1, .ofs_y = 0},
    {.bitmap_index = 2879, .adv_w = 263, .box_w = 15, .box_h = 16, .ofs_x = 1, .ofs_y = 0},
    {.bitmap_index = 2999, .adv_w = 262, .box_w = 14, .box_h = 16, .ofs_x = 1, .ofs_y = 0},
    {.bitmap_index = 3111, .adv_w = 95, .box_w = 3, .box_h = 16, .ofs_x = 1, .ofs_y = 0},
    {.bitmap_index = 3135, .adv_w = 201, .box_w = 10, .box_h = 16, .ofs_x = 1, .ofs_y = 0},
    {.bitmap_index = 3215, .adv_w = 237, .box_w = 14, .box_h = 16, .ofs_x = 1, .ofs_y = 0},
    {.bitmap_index = 3327, .adv_w = 199, .box_w = 11, .box_h = 16, .ofs_x = 1, .ofs_y = 0},
    {.bitmap_index = 3415, .adv_w = 318, .box_w = 17, .box_h = 16, .ofs_x = 1, .ofs_y = 0},
    {.bitmap_index = 3551, .adv_w = 265, .box_w = 14, .box_h = 16, .ofs_x = 1, .ofs_y = 0},
    {.bitmap_index = 3663, .adv_w = 269, .box_w = 15, .box_h = 16, .ofs_x = 1, .ofs_y = 0},
    {.bitmap_index = 3783, .adv_w = 225, .box_w = 12, .box_h = 16, .ofs_x = 1, .ofs_y = 0},
    {.bitmap_index = 3879, .adv_w = 269, .box_w = 15, .box_h = 18, .ofs_x = 1, .ofs_y = -2},
    {.bitmap_index = 4014, .adv_w = 227, .box_w = 13, .box_h = 16, .ofs_x = 1, .ofs_y = 0},
    {.bitmap_index = 4118, .adv_w = 226, .box_w = 12, .box_h = 16, .ofs_x = 1, .ofs_y = 0},
    {.bitmap_index = 4214, .adv_w = 227, .box_w = 13, .box_h = 16, .ofs_x = 1, .ofs_y = 0},
    {.bitmap_index = 4318, .adv_w = 262, .box_w = 14, .box_h = 16, .ofs_x = 1, .ofs_y = 0},
    {.bitmap_index = 4430, .adv_w = 243, .box_w = 15, .box_h = 16, .ofs_x = 0, .ofs_y = 0},
    {.bitmap_index = 4550, .adv_w = 347, .box_w = 22, .box_h = 16, .ofs_x = 0, .ofs_y = 0},
    {.bitmap_index = 4726, .adv_w = 240, .box_w = 15, .box_h = 16, .ofs_x = 0, .ofs_y = 0},
    {.bitmap_index = 4846, .adv_w = 239, .box_w = 15, .box_h = 16, .ofs_x = 0, .ofs_y = 0},
    {.bitmap_index = 4966, .adv_w = 221, .box_w = 12, .box_h = 16, .ofs_x = 1, .ofs_y = 0},
    {.bitmap_index = 5062, .adv_w = 128, .box_w = 5, .box_h = 20, .ofs_x = 2, .ofs_y = -3},
    {.bitmap_index = 5112, .adv_w = 127, .box_w = 8, .box_h = 19, .ofs_x = 0, .ofs_y = -2},
    {.bitmap_index = 5188, .adv_w = 128, .box_w = 5, .box_h = 20, .ofs_x = 1, .ofs_y = -3},
    {.bitmap_index = 5238, .adv_w = 166, .box_w = 10, .box_h = 7, .ofs_x = 0, .ofs_y = 9},
    {.bitmap_index = 5273, .adv_w = 161, .box_w = 11, .box_h = 2, .ofs_x = 0, .ofs_y = -2},
    {.bitmap_index = 5284, .adv_w = 114, .box_w = 5, .box_h = 4, .ofs_x = 1, .ofs_y = 13},
    {.bitmap_index = 5294, .adv_w = 198, .box_w = 11, .box_h = 12, .ofs_x = 0, .ofs_y = 0},
    {.bitmap_index = 5360, .adv_w = 216, .box_w = 12, .box_h = 16, .ofs_x = 1, .ofs_y = 0},
    {.bitmap_index = 5456, .adv_w = 201, .box_w = 11, .box_h = 12, .ofs_x = 1, .ofs_y = 0},
    {.bitmap_index = 5522, .adv_w = 216, .box_w = 11, .box_h = 16, .ofs_x = 1, .ofs_y = 0},
    {.bitmap_index = 5610, .adv_w = 205, .box_w = 11, .box_h = 12, .ofs_x = 1, .ofs_y = 0},
    {.bitmap_index = 5676, .adv_w = 130, .box_w = 8, .box_h = 17, .ofs_x = 0, .ofs_y = 0},
    {.bitmap_index = 5744, .adv_w = 216, .box_w = 11, .box_h = 16, .ofs_x = 1, .ofs_y = -4},
    {.bitmap_index = 5832, .adv_w = 208, .box_w = 11, .box_h = 16, .ofs_x = 1, .ofs_y = 0},
    {.bitmap_index = 5920, .adv_w = 85, .box_w = 4, .box_h = 17, .ofs_x = 1, .ofs_y = 0},
    {.bitmap_index = 5954, .adv_w = 85, .box_w = 6, .box_h = 21, .ofs_x = -1, .ofs_y = -4},
    {.bitmap_index = 6017, .adv_w = 193, .box_w = 11, .box_h = 16, .ofs_x = 1, .ofs_y = 0},
    {.bitmap_index = 6105, .adv_w = 85, .box_w = 3, .box_h = 16, .ofs_x = 1, .ofs_y = 0},
    {.bitmap_index = 6129, .adv_w = 308, .box_w = 17, .box_h = 12, .ofs_x = 1, .ofs_y = 0},
    {.bitmap_index = 6231, .adv_w = 208, .box_w = 11, .box_h = 12, .ofs_x = 1, .ofs_y = 0},
    {.bitmap_index = 6297, .adv_w = 211, .box_w = 12, .box_h = 12, .ofs_x = 1, .ofs_y = 0},
    {.bitmap_index = 6369, .adv_w = 216, .box_w = 12, .box_h = 16, .ofs_x = 1, .ofs_y = -4},
    {.bitmap_index = 6465, .adv_w = 216, .box_w = 11, .box_h = 16, .ofs_x = 1, .ofs_y = -4},
    {.bitmap_index = 6553, .adv_w = 133, .box_w = 7, .box_h = 12, .ofs_x = 1, .ofs_y = 0},
    {.bitmap_index = 6595, .adv_w = 186, .box_w = 10, .box_h = 12, .ofs_x = 1, .ofs_y = 0},
    {.bitmap_index = 6655, .adv_w = 115, .box_w = 7, .box_h = 15, .ofs_x = 0, .ofs_y = 0},
    {.bitmap_index = 6708, .adv_w = 208, .box_w = 11, .box_h = 12, .ofs_x = 1, .ofs_y = 0},
    {.bitmap_index = 6774, .adv_w = 198, .box_w = 12, .box_h = 12, .ofs_x = 0, .ofs_y = 0},
    {.bitmap_index = 6846, .adv_w = 288, .box_w = 18, .box_h = 12, .ofs_x = 0, .ofs_y = 0},
    {.bitmap_index = 6954, .adv_w = 192, .box_w = 12, .box_h = 12, .ofs_x = 0, .ofs_y = 0},
    {.bitmap_index = 7026, .adv_w = 198, .box_w = 12, .box_h = 16, .ofs_x = 0, .ofs_y = -4},
    {.bitmap_index = 7122, .adv_w = 194, .box_w = 10, .box_h = 12, .ofs_x = 1, .ofs_y = 0},
    {.bitmap_index = 7182, .adv_w = 150, .box_w = 8, .box_h = 20, .ofs_x = 1, .ofs_y = -3},
    {.bitmap_index = 7262, .adv_w = 117, .box_w = 3, .box_h = 26, .ofs_x = 2, .ofs_y = -5},
    {.bitmap_index = 7301, .adv_w = 150, .box_w = 7, .box_h = 20, .ofs_x = 1, .ofs_y = -3},
    {.bitmap_index = 7371, .adv_w = 233, .box_w = 12, .box_h = 4, .ofs_x = 1, .ofs_y = 4},
    {.bitmap_index = 7395, .adv_w = 99, .box_w = 0, .box_h = 0, .ofs_x = 0, .ofs_y = 0},
    {.bitmap_index = 7395, .adv_w = 101, .box_w = 4, .box_h = 16, .ofs_x = 1, .ofs_y = -4},
    {.bitmap_index = 7427, .adv_w = 201, .box_w = 11, .box_h = 16, .ofs_x = 1, .ofs_y = 0},
    {.bitmap_index = 7515, .adv_w = 215, .box_w = 12, .box_h = 16, .ofs_x = 1, .ofs_y = 0},
    {.bitmap_index = 7611, .adv_w = 255, .box_w = 14, .box_h = 14, .ofs_x = 1, .ofs_y = 0},
    {.bitmap_index = 7709, .adv_w = 194, .box_w = 12, .box_h = 16, .ofs_x = 0, .ofs_y = 0},
    {.bitmap_index = 7805, .adv_w = 95, .box_w = 2, .box_h = 19, .ofs_x = 2, .ofs_y = -3},
    {.bitmap_index = 7824, .adv_w = 200, .box_w = 11, .box_h = 19, .ofs_x = 1, .ofs_y = -3},
    {.bitmap_index = 7929, .adv_w = 208, .box_w = 9, .box_h = 3, .ofs_x = 2, .ofs_y = 14},
    {.bitmap_index = 7943, .adv_w = 322, .box_w = 18, .box_h = 16, .ofs_x = 1, .ofs_y = 0},
    {.bitmap_index = 8087, .adv_w = 160, .box_w = 9, .box_h = 9, .ofs_x = 0, .ofs_y = 7},
    {.bitmap_index = 8128, .adv_w = 205, .box_w = 11, .box_h = 10, .ofs_x = 1, .ofs_y = 2},
    {.bitmap_index = 8183, .adv_w = 233, .box_w = 10, .box_h = 5, .ofs_x = 2, .ofs_y = 3},
    {.bitmap_index = 8208, .adv_w = 234, .box_w = 13, .box_h = 13, .ofs_x = 1, .ofs_y = 4},
    {.bitmap_index = 8293, .adv_w = 168, .box_w = 7, .box_h = 2, .ofs_x = 2, .ofs_y = 14},
    {.bitmap_index = 8300, .adv_w = 160, .box_w = 8, .box_h = 7, .ofs_x = 1, .ofs_y = 9},
    {.bitmap_index = 8328, .adv_w = 233, .box_w = 11, .box_h = 11, .ofs_x = 2, .ofs_y = 1},
    {.bitmap_index = 8389, .adv_w = 156, .box_w = 8, .box_h = 9, .ofs_x = 1, .ofs_y = 9},
    {.bitmap_index = 8425, .adv_w = 157, .box_w = 8, .box_h = 9, .ofs_x = 1, .ofs_y = 9},
    {.bitmap_index = 8461, .adv_w = 114, .box_w = 5, .box_h = 3, .ofs_x = 1, .ofs_y = 13},
    {.bitmap_index = 8469, .adv_w = 206, .box_w = 12, .box_h = 16, .ofs_x = 1, .ofs_y = -4},
    {.bitmap_index = 8565, .adv_w = 212, .box_w = 11, .box_h = 16, .ofs_x = 1, .ofs_y = 0},
    {.bitmap_index = 8653, .adv_w = 101, .box_w = 4, .box_h = 3, .ofs_x = 1, .ofs_y = 6},
    {.bitmap_index = 8659, .adv_w = 94, .box_w = 5, .box_h = 6, .ofs_x = 1, .ofs_y = -5},
    {.bitmap_index = 8674, .adv_w = 107, .box_w = 5, .box_h = 9, .ofs_x = 1, .ofs_y = 9},
    {.bitmap_index = 8697, .adv_w = 170, .box_w = 10, .box_h = 9, .ofs_x = 0, .ofs_y = 7},
    {.bitmap_index = 8742, .adv_w = 205, .box_w = 12, .box_h = 10, .ofs_x = 0, .ofs_y = 2},
    {.bitmap_index = 8802, .adv_w = 282, .box_w = 17, .box_h = 16, .ofs_x = 0, .ofs_y = 0},
    {.bitmap_index = 8938, .adv_w = 298, .box_w = 18, .box_h = 17, .ofs_x = 0, .ofs_y = -1},
    {.bitmap_index = 9091, .adv_w = 310, .box_w = 18, .box_h = 17, .ofs_x = 1, .ofs_y = 0},
    {.bitmap_index = 9244, .adv_w = 180, .box_w = 10, .box_h = 16, .ofs_x = 1, .ofs_y = -4},
    {.bitmap_index = 9324, .adv_w = 243, .box_w = 15, .box_h = 21, .ofs_x = 0, .ofs_y = 0},
    {.bitmap_index = 9482, .adv_w = 243, .box_w = 15, .box_h = 21, .ofs_x = 0, .ofs_y = 0},
    {.bitmap_index = 9640, .adv_w = 243, .box_w = 15, .box_h = 21, .ofs_x = 0, .ofs_y = 0},
    {.bitmap_index = 9798, .adv_w = 243, .box_w = 15, .box_h = 21, .ofs_x = 0, .ofs_y = 0},
    {.bitmap_index = 9956, .adv_w = 243, .box_w = 15, .box_h = 20, .ofs_x = 0, .ofs_y = 0},
    {.bitmap_index = 10106, .adv_w = 243, .box_w = 15, .box_h = 23, .ofs_x = 0, .ofs_y = 0},
    {.bitmap_index = 10279, .adv_w = 350, .box_w = 21, .box_h = 16, .ofs_x = 0, .ofs_y = 0},
    {.bitmap_index = 10447, .adv_w = 257, .box_w = 14, .box_h = 20, .ofs_x = 1, .ofs_y = -4},
    {.bitmap_index = 10587, .adv_w = 212, .box_w = 11, .box_h = 21, .ofs_x = 1, .ofs_y = 0},
    {.bitmap_index = 10703, .adv_w = 212, .box_w = 11, .box_h = 21, .ofs_x = 1, .ofs_y = 0},
    {.bitmap_index = 10819, .adv_w = 212, .box_w = 11, .box_h = 21, .ofs_x = 1, .ofs_y = 0},
    {.bitmap_index = 10935, .adv_w = 212, .box_w = 11, .box_h = 20, .ofs_x = 1, .ofs_y = 0},
    {.bitmap_index = 11045, .adv_w = 95, .box_w = 4, .box_h = 21, .ofs_x = 0, .ofs_y = 0},
    {.bitmap_index = 11087, .adv_w = 95, .box_w = 5, .box_h = 21, .ofs_x = 1, .ofs_y = 0},
    {.bitmap_index = 11140, .adv_w = 95, .box_w = 8, .box_h = 21, .ofs_x = -1, .ofs_y = 0},
    {.bitmap_index = 11224, .adv_w = 95, .box_w = 8, .box_h = 20, .ofs_x = -1, .ofs_y = 0},
    {.bitmap_index = 11304, .adv_w = 259, .box_w = 15, .box_h = 16, .ofs_x = 0, .ofs_y = 0},
    {.bitmap_index = 11424, .adv_w = 265, .box_w = 14, .box_h = 21, .ofs_x = 1, .ofs_y = 0},
    {.bitmap_index = 11571, .adv_w = 269, .box_w = 15, .box_h = 21, .ofs_x = 1, .ofs_y = 0},
    {.bitmap_index = 11729, .adv_w = 269, .box_w = 15, .box_h = 21, .ofs_x = 1, .ofs_y = 0},
    {.bitmap_index = 11887, .adv_w = 269, .box_w = 15, .box_h = 21, .ofs_x = 1, .ofs_y = 0},
    {.bitmap_index = 12045, .adv_w = 269, .box_w = 15, .box_h = 21, .ofs_x = 1, .ofs_y = 0},
    {.bitmap_index = 12203, .adv_w = 269, .box_w = 15, .box_h = 21, .ofs_x = 1, .ofs_y = 0},
    {.bitmap_index = 12361, .adv_w = 233, .box_w = 11, .box_h = 11, .ofs_x = 2, .ofs_y = 1},
    {.bitmap_index = 12422, .adv_w = 269, .box_w = 15, .box_h = 18, .ofs_x = 1, .ofs_y = -1},
    {.bitmap_index = 12557, .adv_w = 262, .box_w = 14, .box_h = 21, .ofs_x = 1, .ofs_y = 0},
    {.bitmap_index = 12704, .adv_w = 262, .box_w = 14, .box_h = 21, .ofs_x = 1, .ofs_y = 0},
    {.bitmap_index = 12851, .adv_w = 262, .box_w = 14, .box_h = 21, .ofs_x = 1, .ofs_y = 0},
    {.bitmap_index = 12998, .adv_w = 262, .box_w = 14, .box_h = 21, .ofs_x = 1, .ofs_y = 0},
    {.bitmap_index = 13145, .adv_w = 239, .box_w = 15, .box_h = 21, .ofs_x = 0, .ofs_y = 0},
    {.bitmap_index = 13303, .adv_w = 224, .box_w = 12, .box_h = 16, .ofs_x = 1, .ofs_y = 0},
    {.bitmap_index = 13399, .adv_w = 217, .box_w = 12, .box_h = 16, .ofs_x = 1, .ofs_y = 0},
    {.bitmap_index = 13495, .adv_w = 198, .box_w = 11, .box_h = 17, .ofs_x = 0, .ofs_y = 0},
    {.bitmap_index = 13589, .adv_w = 198, .box_w = 11, .box_h = 17, .ofs_x = 0, .ofs_y = 0},
    {.bitmap_index = 13683, .adv_w = 198, .box_w = 11, .box_h = 17, .ofs_x = 0, .ofs_y = 0},
    {.bitmap_index = 13777, .adv_w = 198, .box_w = 11, .box_h = 16, .ofs_x = 0, .ofs_y = 0},
    {.bitmap_index = 13865, .adv_w = 198, .box_w = 11, .box_h = 17, .ofs_x = 0, .ofs_y = 0},
    {.bitmap_index = 13959, .adv_w = 198, .box_w = 11, .box_h = 19, .ofs_x = 0, .ofs_y = 0},
    {.bitmap_index = 14064, .adv_w = 323, .box_w = 20, .box_h = 12, .ofs_x = 0, .ofs_y = 0},
    {.bitmap_index = 14184, .adv_w = 201, .box_w = 11, .box_h = 16, .ofs_x = 1, .ofs_y = -4},
    {.bitmap_index = 14272, .adv_w = 205, .box_w = 11, .box_h = 17, .ofs_x = 1, .ofs_y = 0},
    {.bitmap_index = 14366, .adv_w = 205, .box_w = 11, .box_h = 17, .ofs_x = 1, .ofs_y = 0},
    {.bitmap_index = 14460, .adv_w = 205, .box_w = 11, .box_h = 17, .ofs_x = 1, .ofs_y = 0},
    {.bitmap_index = 14554, .adv_w = 205, .box_w = 11, .box_h = 17, .ofs_x = 1, .ofs_y = 0},
    {.bitmap_index = 14648, .adv_w = 85, .box_w = 5, .box_h = 17, .ofs_x = -1, .ofs_y = 0},
    {.bitmap_index = 14691, .adv_w = 85, .box_w = 5, .box_h = 17, .ofs_x = 1, .ofs_y = 0},
    {.bitmap_index = 14734, .adv_w = 85, .box_w = 8, .box_h = 17, .ofs_x = -1, .ofs_y = 0},
    {.bitmap_index = 14802, .adv_w = 85, .box_w = 8, .box_h = 17, .ofs_x = -1, .ofs_y = 0},
    {.bitmap_index = 14870, .adv_w = 205, .box_w = 11, .box_h = 18, .ofs_x = 1, .ofs_y = 0},
    {.bitmap_index = 14969, .adv_w = 208, .box_w = 11, .box_h = 16, .ofs_x = 1, .ofs_y = 0},
    {.bitmap_index = 15057, .adv_w = 211, .box_w = 12, .box_h = 17, .ofs_x = 1, .ofs_y = 0},
    {.bitmap_index = 15159, .adv_w = 211, .box_w = 12, .box_h = 17, .ofs_x = 1, .ofs_y = 0},
    {.bitmap_index = 15261, .adv_w = 211, .box_w = 12, .box_h = 17, .ofs_x = 1, .ofs_y = 0},
    {.bitmap_index = 15363, .adv_w = 211, .box_w = 12, .box_h = 16, .ofs_x = 1, .ofs_y = 0},
    {.bitmap_index = 15459, .adv_w = 211, .box_w = 12, .box_h = 17, .ofs_x = 1, .ofs_y = 0},
    {.bitmap_index = 15561, .adv_w = 233, .box_w = 11, .box_h = 11, .ofs_x = 2, .ofs_y = 1},
    {.bitmap_index = 15622, .adv_w = 211, .box_w = 13, .box_h = 14, .ofs_x = 0, .ofs_y = -1},
    {.bitmap_index = 15713, .adv_w = 208, .box_w = 11, .box_h = 17, .ofs_x = 1, .ofs_y = 0},
    {.bitmap_index = 15807, .adv_w = 208, .box_w = 11, .box_h = 17, .ofs_x = 1, .ofs_y = 0},
    {.bitmap_index = 15901, .adv_w = 208, .box_w = 11, .box_h = 17, .ofs_x = 1, .ofs_y = 0},
    {.bitmap_index = 15995, .adv_w = 208, .box_w = 11, .box_h = 17, .ofs_x = 1, .ofs_y = 0},
    {.bitmap_index = 16089, .adv_w = 198, .box_w = 12, .box_h = 21, .ofs_x = 0, .ofs_y = -4},
    {.bitmap_index = 16215, .adv_w = 216, .box_w = 12, .box_h = 20, .ofs_x = 1, .ofs_y = -4},
    {.bitmap_index = 16335, .adv_w = 198, .box_w = 12, .box_h = 21, .ofs_x = 0, .ofs_y = -4},
    {.bitmap_index = 16461, .adv_w = 243, .box_w = 15, .box_h = 20, .ofs_x = 0, .ofs_y = 0},
    {.bitmap_index = 16611, .adv_w = 198, .box_w = 11, .box_h = 16, .ofs_x = 0, .ofs_y = 0},
    {.bitmap_index = 16699, .adv_w = 243, .box_w = 15, .box_h = 21, .ofs_x = 0, .ofs_y = 0},
    {.bitmap_index = 16857, .adv_w = 198, .box_w = 11, .box_h = 17, .ofs_x = 0, .ofs_y = 0},
    {.bitmap_index = 16951, .adv_w = 243, .box_w = 16, .box_h = 20, .ofs_x = 0, .ofs_y = -4},
    {.bitmap_index = 17111, .adv_w = 198, .box_w = 12, .box_h = 16, .ofs_x = 0, .ofs_y = -4},
    {.bitmap_index = 17207, .adv_w = 257, .box_w = 14, .box_h = 21, .ofs_x = 1, .ofs_y = 0},
    {.bitmap_index = 17354, .adv_w = 201, .box_w = 11, .box_h = 17, .ofs_x = 1, .ofs_y = 0},
    {.bitmap_index = 17448, .adv_w = 257, .box_w = 14, .box_h = 21, .ofs_x = 1, .ofs_y = 0},
    {.bitmap_index = 17595, .adv_w = 201, .box_w = 11, .box_h = 17, .ofs_x = 1, .ofs_y = 0},
    {.bitmap_index = 17689, .adv_w = 257, .box_w = 14, .box_h = 21, .ofs_x = 1, .ofs_y = 0},
    {.bitmap_index = 17836, .adv_w = 201, .box_w = 11, .box_h = 17, .ofs_x = 1, .ofs_y = 0},
    {.bitmap_index = 17930, .adv_w = 257, .box_w = 14, .box_h = 21, .ofs_x = 1, .ofs_y = 0},
    {.bitmap_index = 18077, .adv_w = 201, .box_w = 11, .box_h = 17, .ofs_x = 1, .ofs_y = 0},
    {.bitmap_index = 18171, .adv_w = 254, .box_w = 14, .box_h = 21, .ofs_x = 1, .ofs_y = 0},
    {.bitmap_index = 18318, .adv_w = 250, .box_w = 15, .box_h = 17, .ofs_x = 1, .ofs_y = 0},
    {.bitmap_index = 18446, .adv_w = 259, .box_w = 15, .box_h = 16, .ofs_x = 0, .ofs_y = 0},
    {.bitmap_index = 18566, .adv_w = 216, .box_w = 13, .box_h = 16, .ofs_x = 1, .ofs_y = 0},
    {.bitmap_index = 18670, .adv_w = 212, .box_w = 11, .box_h = 20, .ofs_x = 1, .ofs_y = 0},
    {.bitmap_index = 18780, .adv_w = 205, .box_w = 11, .box_h = 16, .ofs_x = 1, .ofs_y = 0},
    {.bitmap_index = 18868, .adv_w = 212, .box_w = 11, .box_h = 21, .ofs_x = 1, .ofs_y = 0},
    {.bitmap_index = 18984, .adv_w = 205, .box_w = 11, .box_h = 17, .ofs_x = 1, .ofs_y = 0},
    {.bitmap_index = 19078, .adv_w = 212, .box_w = 11, .box_h = 20, .ofs_x = 1, .ofs_y = 0},
    {.bitmap_index = 19188, .adv_w = 205, .box_w = 11, .box_h = 17, .ofs_x = 1, .ofs_y = 0},
    {.bitmap_index = 19282, .adv_w = 212, .box_w = 12, .box_h = 20, .ofs_x = 1, .ofs_y = -4},
    {.bitmap_index = 19402, .adv_w = 205, .box_w = 11, .box_h = 16, .ofs_x = 1, .ofs_y = -4},
    {.bitmap_index = 19490, .adv_w = 212, .box_w = 11, .box_h = 21, .ofs_x = 1, .ofs_y = 0},
    {.bitmap_index = 19606, .adv_w = 205, .box_w = 11, .box_h = 17, .ofs_x = 1, .ofs_y = 0},
    {.bitmap_index = 19700, .adv_w = 263, .box_w = 15, .box_h = 21, .ofs_x = 1, .ofs_y = 0},
    {.bitmap_index = 19858, .adv_w = 216, .box_w = 11, .box_h = 21, .ofs_x = 1, .ofs_y = -4},
    {.bitmap_index = 19974, .adv_w = 263, .box_w = 15, .box_h = 21, .ofs_x = 1, .ofs_y = 0},
    {.bitmap_index = 20132, .adv_w = 216, .box_w = 11, .box_h = 21, .ofs_x = 1, .ofs_y = -4},
    {.bitmap_index = 20248, .adv_w = 263, .box_w = 15, .box_h = 21, .ofs_x = 1, .ofs_y = 0},
    {.bitmap_index = 20406, .adv_w = 216, .box_w = 11, .box_h = 21, .ofs_x = 1, .ofs_y = -4},
    {.bitmap_index = 20522, .adv_w = 263, .box_w = 15, .box_h = 21, .ofs_x = 1, .ofs_y = -5},
    {.bitmap_index = 20680, .adv_w = 216, .box_w = 11, .box_h = 23, .ofs_x = 1, .ofs_y = -4},
    {.bitmap_index = 20807, .adv_w = 262, .box_w = 14, .box_h = 21, .ofs_x = 1, .ofs_y = 0},
    {.bitmap_index = 20954, .adv_w = 208, .box_w = 13, .box_h = 21, .ofs_x = -1, .ofs_y = 0},
    {.bitmap_index = 21091, .adv_w = 273, .box_w = 16, .box_h = 16, .ofs_x = 1, .ofs_y = 0},
    {.bitmap_index = 21219, .adv_w = 208, .box_w = 12, .box_h = 16, .ofs_x = 0, .ofs_y = 0},
    {.bitmap_index = 21315, .adv_w = 95, .box_w = 8, .box_h = 21, .ofs_x = -1, .ofs_y = 0},
    {.bitmap_index = 21399, .adv_w = 85, .box_w = 7, .box_h = 16, .ofs_x = -1, .ofs_y = 0},
    {.bitmap_index = 21455, .adv_w = 95, .box_w = 7, .box_h = 20, .ofs_x = -1, .ofs_y = 0},
    {.bitmap_index = 21525, .adv_w = 85, .box_w = 7, .box_h = 16, .ofs_x = -1, .ofs_y = 0},
    {.bitmap_index = 21581, .adv_w = 95, .box_w = 8, .box_h = 21, .ofs_x = -1, .ofs_y = 0},
    {.bitmap_index = 21665, .adv_w = 85, .box_w = 7, .box_h = 17, .ofs_x = -1, .ofs_y = 0},
    {.bitmap_index = 21725, .adv_w = 95, .box_w = 5, .box_h = 20, .ofs_x = 0, .ofs_y = -4},
    {.bitmap_index = 21775, .adv_w = 85, .box_w = 6, .box_h = 21, .ofs_x = -1, .ofs_y = -4},
    {.bitmap_index = 21838, .adv_w = 95, .box_w = 4, .box_h = 20, .ofs_x = 1, .ofs_y = 0},
    {.bitmap_index = 21878, .adv_w = 85, .box_w = 3, .box_h = 12, .ofs_x = 1, .ofs_y = 0},
    {.bitmap_index = 21896, .adv_w = 295, .box_w = 16, .box_h = 16, .ofs_x = 1, .ofs_y = 0},
    {.bitmap_index = 22024, .adv_w = 171, .box_w = 9, .box_h = 21, .ofs_x = 1, .ofs_y = -4},
    {.bitmap_index = 22119, .adv_w = 201, .box_w = 13, .box_h = 21, .ofs_x = 1, .ofs_y = 0},
    {.bitmap_index = 22256, .adv_w = 85, .box_w = 8, .box_h = 21, .ofs_x = -1, .ofs_y = -4},
    {.bitmap_index = 22340, .adv_w = 237, .box_w = 14, .box_h = 21, .ofs_x = 1, .ofs_y = -5},
    {.bitmap_index = 22487, .adv_w = 193, .box_w = 11, .box_h = 21, .ofs_x = 1, .ofs_y = -5},
    {.bitmap_index = 22603, .adv_w = 185, .box_w = 11, .box_h = 12, .ofs_x = 1, .ofs_y = 0},
    {.bitmap_index = 22669, .adv_w = 199, .box_w = 11, .box_h = 21, .ofs_x = 1, .ofs_y = 0},
    {.bitmap_index = 22785, .adv_w = 85, .box_w = 5, .box_h = 21, .ofs_x = 1, .ofs_y = 0},
    {.bitmap_index = 22838, .adv_w = 199, .box_w = 11, .box_h = 21, .ofs_x = 1, .ofs_y = -5},
    {.bitmap_index = 22954, .adv_w = 85, .box_w = 4, .box_h = 21, .ofs_x = 0, .ofs_y = -5},
    {.bitmap_index = 22996, .adv_w = 199, .box_w = 11, .box_h = 17, .ofs_x = 1, .ofs_y = 0},
    {.bitmap_index = 23090, .adv_w = 120, .box_w = 7, .box_h = 17, .ofs_x = 1, .ofs_y = 0},
    {.bitmap_index = 23150, .adv_w = 198, .box_w = 11, .box_h = 16, .ofs_x = 1, .ofs_y = 0},
    {.bitmap_index = 23238, .adv_w = 127, .box_w = 7, .box_h = 16, .ofs_x = 1, .ofs_y = 0},
    {.bitmap_index = 23294, .adv_w = 209, .box_w = 13, .box_h = 16, .ofs_x = 0, .ofs_y = 0},
    {.bitmap_index = 23398, .adv_w = 85, .box_w = 7, .box_h = 16, .ofs_x = -1, .ofs_y = 0},
    {.bitmap_index = 23454, .adv_w = 265, .box_w = 14, .box_h = 21, .ofs_x = 1, .ofs_y = 0},
    {.bitmap_index = 23601, .adv_w = 208, .box_w = 11, .box_h = 17, .ofs_x = 1, .ofs_y = 0},
    {.bitmap_index = 23695, .adv_w = 265, .box_w = 14, .box_h = 21, .ofs_x = 1, .ofs_y = -5},
    {.bitmap_index = 23842, .adv_w = 208, .box_w = 11, .box_h = 17, .ofs_x = 1, .ofs_y = -5},
    {.bitmap_index = 23936, .adv_w = 265, .box_w = 14, .box_h = 21, .ofs_x = 1, .ofs_y = 0},
    {.bitmap_index = 24083, .adv_w = 208, .box_w = 11, .box_h = 17, .ofs_x = 1, .ofs_y = 0},
    {.bitmap_index = 24177, .adv_w = 265, .box_w = 14, .box_h = 20, .ofs_x = 1, .ofs_y = -4},
    {.bitmap_index = 24317, .adv_w = 208, .box_w = 11, .box_h = 16, .ofs_x = 1, .ofs_y = -4},
    {.bitmap_index = 24405, .adv_w = 269, .box_w = 15, .box_h = 20, .ofs_x = 1, .ofs_y = 0},
    {.bitmap_index = 24555, .adv_w = 211, .box_w = 12, .box_h = 16, .ofs_x = 1, .ofs_y = 0},
    {.bitmap_index = 24651, .adv_w = 269, .box_w = 15, .box_h = 21, .ofs_x = 1, .ofs_y = 0},
    {.bitmap_index = 24809, .adv_w = 211, .box_w = 12, .box_h = 17, .ofs_x = 1, .ofs_y = 0},
    {.bitmap_index = 24911, .adv_w = 269, .box_w = 15, .box_h = 21, .ofs_x = 1, .ofs_y = 0},
    {.bitmap_index = 25069, .adv_w = 211, .box_w = 12, .box_h = 17, .ofs_x = 1, .ofs_y = 0},
    {.bitmap_index = 25171, .adv_w = 354, .box_w = 20, .box_h = 16, .ofs_x = 1, .ofs_y = 0},
    {.bitmap_index = 25331, .adv_w = 352, .box_w = 20, .box_h = 12, .ofs_x = 1, .ofs_y = 0},
    {.bitmap_index = 25451, .adv_w = 227, .box_w = 13, .box_h = 21, .ofs_x = 1, .ofs_y = 0},
    {.bitmap_index = 25588, .adv_w = 133, .box_w = 7, .box_h = 17, .ofs_x = 1, .ofs_y = 0},
    {.bitmap_index = 25648, .adv_w = 227, .box_w = 13, .box_h = 21, .ofs_x = 1, .ofs_y = -5},
    {.bitmap_index = 25785, .adv_w = 133, .box_w = 8, .box_h = 17, .ofs_x = 0, .ofs_y = -5},
    {.bitmap_index = 25853, .adv_w = 227, .box_w = 13, .box_h = 21, .ofs_x = 1, .ofs_y = 0},
    {.bitmap_index = 25990, .adv_w = 133, .box_w = 8, .box_h = 17, .ofs_x = 1, .ofs_y = 0},
    {.bitmap_index = 26058, .adv_w = 226, .box_w = 12, .box_h = 21, .ofs_x = 1, .ofs_y = 0},
    {.bitmap_index = 26184, .adv_w = 186, .box_w = 10, .box_h = 17, .ofs_x = 1, .ofs_y = 0},
    {.bitmap_index = 26269, .adv_w = 226, .box_w = 12, .box_h = 21, .ofs_x = 1, .ofs_y = 0},
    {.bitmap_index = 26395, .adv_w = 186, .box_w = 10, .box_h = 17, .ofs_x = 1, .ofs_y = 0},
    {.bitmap_index = 26480, .adv_w = 226, .box_w = 12, .box_h = 20, .ofs_x = 1, .ofs_y = -4},
    {.bitmap_index = 26600, .adv_w = 186, .box_w = 10, .box_h = 16, .ofs_x = 1, .ofs_y = -4},
    {.bitmap_index = 26680, .adv_w = 226, .box_w = 12, .box_h = 21, .ofs_x = 1, .ofs_y = 0},
    {.bitmap_index = 26806, .adv_w = 186, .box_w = 10, .box_h = 17, .ofs_x = 1, .ofs_y = 0},
    {.bitmap_index = 26891, .adv_w = 227, .box_w = 13, .box_h = 20, .ofs_x = 1, .ofs_y = -4},
    {.bitmap_index = 27021, .adv_w = 115, .box_w = 8, .box_h = 19, .ofs_x = 0, .ofs_y = -4},
    {.bitmap_index = 27097, .adv_w = 227, .box_w = 13, .box_h = 21, .ofs_x = 1, .ofs_y = 0},
    {.bitmap_index = 27234, .adv_w = 132, .box_w = 8, .box_h = 18, .ofs_x = 0, .ofs_y = 0},
    {.bitmap_index = 27306, .adv_w = 227, .box_w = 13, .box_h = 16, .ofs_x = 1, .ofs_y = 0},
    {.bitmap_index = 27410, .adv_w = 115, .box_w = 7, .box_h = 15, .ofs_x = 0, .ofs_y = 0},
    {.bitmap_index = 27463, .adv_w = 262, .box_w = 14, .box_h = 21, .ofs_x = 1, .ofs_y = 0},
    {.bitmap_index = 27610, .adv_w = 208, .box_w = 11, .box_h = 16, .ofs_x = 1, .ofs_y = 0},
    {.bitmap_index = 27698, .adv_w = 262, .box_w = 14, .box_h = 20, .ofs_x = 1, .ofs_y = 0},
    {.bitmap_index = 27838, .adv_w = 208, .box_w = 11, .box_h = 16, .ofs_x = 1, .ofs_y = 0},
    {.bitmap_index = 27926, .adv_w = 262, .box_w = 14, .box_h = 21, .ofs_x = 1, .ofs_y = 0},
    {.bitmap_index = 28073, .adv_w = 208, .box_w = 11, .box_h = 17, .ofs_x = 1, .ofs_y = 0},
    {.bitmap_index = 28167, .adv_w = 262, .box_w = 14, .box_h = 23, .ofs_x = 1, .ofs_y = 0},
    {.bitmap_index = 28328, .adv_w = 208, .box_w = 11, .box_h = 19, .ofs_x = 1, .ofs_y = 0},
    {.bitmap_index = 28433, .adv_w = 262, .box_w = 14, .box_h = 21, .ofs_x = 1, .ofs_y = 0},
    {.bitmap_index = 28580, .adv_w = 208, .box_w = 11, .box_h = 17, .ofs_x = 1, .ofs_y = 0},
    {.bitmap_index = 28674, .adv_w = 262, .box_w = 14, .box_h = 20, .ofs_x = 1, .ofs_y = -4},
    {.bitmap_index = 28814, .adv_w = 208, .box_w = 12, .box_h = 16, .ofs_x = 1, .ofs_y = -4},
    {.bitmap_index = 28910, .adv_w = 347, .box_w = 22, .box_h = 21, .ofs_x = 0, .ofs_y = 0},
    {.bitmap_index = 29141, .adv_w = 288, .box_w = 18, .box_h = 17, .ofs_x = 0, .ofs_y = 0},
    {.bitmap_index = 29294, .adv_w = 239, .box_w = 15, .box_h = 21, .ofs_x = 0, .ofs_y = 0},
    {.bitmap_index = 29452, .adv_w = 198, .box_w = 12, .box_h = 21, .ofs_x = 0, .ofs_y = -4},
    {.bitmap_index = 29578, .adv_w = 239, .box_w = 15, .box_h = 20, .ofs_x = 0, .ofs_y = 0},
    {.bitmap_index = 29728, .adv_w = 221, .box_w = 12, .box_h = 21, .ofs_x = 1, .ofs_y = 0},
    {.bitmap_index = 29854, .adv_w = 194, .box_w = 10, .box_h = 17, .ofs_x = 1, .ofs_y = 0},
    {.bitmap_index = 29939, .adv_w = 221, .box_w = 12, .box_h = 20, .ofs_x = 1, .ofs_y = 0},
    {.bitmap_index = 30059, .adv_w = 194, .box_w = 10, .box_h = 17, .ofs_x = 1, .ofs_y = 0},
    {.bitmap_index = 30144, .adv_w = 221, .box_w = 12, .box_h = 21, .ofs_x = 1, .ofs_y = 0},
    {.bitmap_index = 30270, .adv_w = 194, .box_w = 10, .box_h = 17, .ofs_x = 1, .ofs_y = 0},
    {.bitmap_index = 30355, .adv_w = 111, .box_w = 6, .box_h = 17, .ofs_x = 1, .ofs_y = 0},
    {.bitmap_index = 30406, .adv_w = 95, .box_w = 4, .box_h = 4, .ofs_x = 1, .ofs_y = 13},
    {.bitmap_index = 30414, .adv_w = 237, .box_w = 10, .box_h = 6, .ofs_x = 2, .ofs_y = 14},
    {.bitmap_index = 30444, .adv_w = 243, .box_w = 15, .box_h = 16, .ofs_x = 0, .ofs_y = 0},
    {.bitmap_index = 30564, .adv_w = 101, .box_w = 4, .box_h = 3, .ofs_x = 1, .ofs_y = 9},
    {.bitmap_index = 30570, .adv_w = 260, .box_w = 14, .box_h = 16, .ofs_x = 1, .ofs_y = 0},
    {.bitmap_index = 30682, .adv_w = 310, .box_w = 17, .box_h = 16, .ofs_x = 1, .ofs_y = 0},
    {.bitmap_index = 30818, .adv_w = 143, .box_w = 6, .box_h = 16, .ofs_x = 1, .ofs_y = 0},
    {.bitmap_index = 30866, .adv_w = 303, .box_w = 17, .box_h = 16, .ofs_x = 1, .ofs_y = 0},
    {.bitmap_index = 31002, .adv_w = 309, .box_w = 18, .box_h = 16, .ofs_x = 1, .ofs_y = 0},
    {.bitmap_index = 31146, .adv_w = 306, .box_w = 17, .box_h = 16, .ofs_x = 1, .ofs_y = 0},
    {.bitmap_index = 31282, .adv_w = 97, .box_w = 7, .box_h = 21, .ofs_x = -1, .ofs_y = 0},
    {.bitmap_index = 31356, .adv_w = 243, .box_w = 15, .box_h = 16, .ofs_x = 0, .ofs_y = 0},
    {.bitmap_index = 31476, .adv_w = 230, .box_w = 13, .box_h = 16, .ofs_x = 1, .ofs_y = 0},
    {.bitmap_index = 31580, .adv_w = 204, .box_w = 11, .box_h = 16, .ofs_x = 1, .ofs_y = 0},
    {.bitmap_index = 31668, .adv_w = 240, .box_w = 15, .box_h = 16, .ofs_x = 0, .ofs_y = 0},
    {.bitmap_index = 31788, .adv_w = 212, .box_w = 11, .box_h = 16, .ofs_x = 1, .ofs_y = 0},
    {.bitmap_index = 31876, .adv_w = 221, .box_w = 12, .box_h = 16, .ofs_x = 1, .ofs_y = 0},
    {.bitmap_index = 31972, .adv_w = 262, .box_w = 14, .box_h = 16, .ofs_x = 1, .ofs_y = 0},
    {.bitmap_index = 32084, .adv_w = 269, .box_w = 15, .box_h = 16, .ofs_x = 1, .ofs_y = 0},
    {.bitmap_index = 32204, .adv_w = 95, .box_w = 3, .box_h = 16, .ofs_x = 1, .ofs_y = 0},
    {.bitmap_index = 32228, .adv_w = 237, .box_w = 14, .box_h = 16, .ofs_x = 1, .ofs_y = 0},
    {.bitmap_index = 32340, .adv_w = 243, .box_w = 15, .box_h = 16, .ofs_x = 0, .ofs_y = 0},
    {.bitmap_index = 32460, .adv_w = 318, .box_w = 17, .box_h = 16, .ofs_x = 1, .ofs_y = 0},
    {.bitmap_index = 32596, .adv_w = 265, .box_w = 14, .box_h = 16, .ofs_x = 1, .ofs_y = 0},
    {.bitmap_index = 32708, .adv_w = 231, .box_w = 12, .box_h = 16, .ofs_x = 1, .ofs_y = 0},
    {.bitmap_index = 32804, .adv_w = 269, .box_w = 15, .box_h = 16, .ofs_x = 1, .ofs_y = 0},
    {.bitmap_index = 32924, .adv_w = 262, .box_w = 14, .box_h = 16, .ofs_x = 1, .ofs_y = 0},
    {.bitmap_index = 33036, .adv_w = 225, .box_w = 12, .box_h = 16, .ofs_x = 1, .ofs_y = 0},
    {.bitmap_index = 33132, .adv_w = 243, .box_w = 13, .box_h = 16, .ofs_x = 1, .ofs_y = 0},
    {.bitmap_index = 33236, .adv_w = 227, .box_w = 13, .box_h = 16, .ofs_x = 1, .ofs_y = 0},
    {.bitmap_index = 33340, .adv_w = 239, .box_w = 15, .box_h = 16, .ofs_x = 0, .ofs_y = 0},
    {.bitmap_index = 33460, .adv_w = 310, .box_w = 18, .box_h = 18, .ofs_x = 1, .ofs_y = -1},
    {.bitmap_index = 33622, .adv_w = 240, .box_w = 15, .box_h = 16, .ofs_x = 0, .ofs_y = 0},
    {.bitmap_index = 33742, .adv_w = 310, .box_w = 17, .box_h = 16, .ofs_x = 1, .ofs_y = 0},
    {.bitmap_index = 33878, .adv_w = 271, .box_w = 15, .box_h = 16, .ofs_x = 1, .ofs_y = 0},
    {.bitmap_index = 33998, .adv_w = 95, .box_w = 8, .box_h = 20, .ofs_x = -1, .ofs_y = 0},
    {.bitmap_index = 34078, .adv_w = 239, .box_w = 15, .box_h = 20, .ofs_x = 0, .ofs_y = 0},
    {.bitmap_index = 34228, .adv_w = 234, .box_w = 13, .box_h = 17, .ofs_x = 1, .ofs_y = 0},
    {.bitmap_index = 34339, .adv_w = 189, .box_w = 10, .box_h = 17, .ofs_x = 1, .ofs_y = 0},
    {.bitmap_index = 34424, .adv_w = 208, .box_w = 11, .box_h = 21, .ofs_x = 1, .ofs_y = -4},
    {.bitmap_index = 34540, .adv_w = 97, .box_w = 5, .box_h = 17, .ofs_x = 1, .ofs_y = 0},
    {.bitmap_index = 34583, .adv_w = 208, .box_w = 11, .box_h = 20, .ofs_x = 1, .ofs_y = 0},
    {.bitmap_index = 34693, .adv_w = 234, .box_w = 13, .box_h = 12, .ofs_x = 1, .ofs_y = 0},
    {.bitmap_index = 34771, .adv_w = 210, .box_w = 11, .box_h = 20, .ofs_x = 1, .ofs_y = -4},
    {.bitmap_index = 34881, .adv_w = 198, .box_w = 12, .box_h = 16, .ofs_x = 0, .ofs_y = -4},
    {.bitmap_index = 34977, .adv_w = 206, .box_w = 11, .box_h = 16, .ofs_x = 1, .ofs_y = 0},
    {.bitmap_index = 35065, .adv_w = 189, .box_w = 10, .box_h = 12, .ofs_x = 1, .ofs_y = 0},
    {.bitmap_index = 35125, .adv_w = 179, .box_w = 10, .box_h = 19, .ofs_x = 1, .ofs_y = -3},
    {.bitmap_index = 35220, .adv_w = 208, .box_w = 11, .box_h = 16, .ofs_x = 1, .ofs_y = -4},
    {.bitmap_index = 35308, .adv_w = 219, .box_w = 12, .box_h = 16, .ofs_x = 1, .ofs_y = 0},
    {.bitmap_index = 35404, .adv_w = 97, .box_w = 5, .box_h = 12, .ofs_x = 1, .ofs_y = 0},
    {.bitmap_index = 35434, .adv_w = 185, .box_w = 11, .box_h = 12, .ofs_x = 1, .ofs_y = 0},
    {.bitmap_index = 35500, .adv_w = 226, .box_w = 14, .box_h = 16, .ofs_x = 0, .ofs_y = 0},
    {.bitmap_index = 35612, .adv_w = 206, .box_w = 12, .box_h = 16, .ofs_x = 1, .ofs_y = -4},
    {.bitmap_index = 35708, .adv_w = 207, .box_w = 13, .box_h = 12, .ofs_x = 0, .ofs_y = 0},
    {.bitmap_index = 35786, .adv_w = 197, .box_w = 10, .box_h = 19, .ofs_x = 1, .ofs_y = -3},
    {.bitmap_index = 35881, .adv_w = 211, .box_w = 12, .box_h = 12, .ofs_x = 1, .ofs_y = 0},
    {.bitmap_index = 35953, .adv_w = 213, .box_w = 13, .box_h = 12, .ofs_x = 0, .ofs_y = 0},
    {.bitmap_index = 36031, .adv_w = 216, .box_w = 12, .box_h = 16, .ofs_x = 1, .ofs_y = -4},
    {.bitmap_index = 36127, .adv_w = 200, .box_w = 11, .box_h = 15, .ofs_x = 1, .ofs_y = -3},
    {.bitmap_index = 36210, .adv_w = 220, .box_w = 13, .box_h = 12, .ofs_x = 1, .ofs_y = 0},
    {.bitmap_index = 36288, .adv_w = 164, .box_w = 11, .box_h = 12, .ofs_x = 0, .ofs_y = 0},
    {.bitmap_index = 36354, .adv_w = 208, .box_w = 11, .box_h = 12, .ofs_x = 1, .ofs_y = 0},
    {.bitmap_index = 36420, .adv_w = 254, .box_w = 14, .box_h = 16, .ofs_x = 1, .ofs_y = -4},
    {.bitmap_index = 36532, .adv_w = 200, .box_w = 13, .box_h = 16, .ofs_x = 0, .ofs_y = -4},
    {.bitmap_index = 36636, .adv_w = 274, .box_w = 15, .box_h = 19, .ofs_x = 1, .ofs_y = -4},
    {.bitmap_index = 36779, .adv_w = 283, .box_w = 16, .box_h = 12, .ofs_x = 1, .ofs_y = 0},
    {.bitmap_index = 36875, .adv_w = 97, .box_w = 8, .box_h = 16, .ofs_x = -1, .ofs_y = 0},
    {.bitmap_index = 36939, .adv_w = 208, .box_w = 11, .box_h = 16, .ofs_x = 1, .ofs_y = 0},
    {.bitmap_index = 37027, .adv_w = 211, .box_w = 12, .box_h = 17, .ofs_x = 1, .ofs_y = 0},
    {.bitmap_index = 37129, .adv_w = 208, .box_w = 11, .box_h = 17, .ofs_x = 1, .ofs_y = 0},
    {.bitmap_index = 37223, .adv_w = 283, .box_w = 16, .box_h = 17, .ofs_x = 1, .ofs_y = 0},
    {.bitmap_index = 37359, .adv_w = 212, .box_w = 11, .box_h = 21, .ofs_x = 1, .ofs_y = 0},
    {.bitmap_index = 37475, .adv_w = 212, .box_w = 11, .box_h = 20, .ofs_x = 1, .ofs_y = 0},
    {.bitmap_index = 37585, .adv_w = 296, .box_w = 17, .box_h = 17, .ofs_x = 1, .ofs_y = -1},
    {.bitmap_index = 37730, .adv_w = 204, .box_w = 11, .box_h = 21, .ofs_x = 1, .ofs_y = 0},
    {.bitmap_index = 37846, .adv_w = 257, .box_w = 14, .box_h = 16, .ofs_x = 1, .ofs_y = 0},
    {.bitmap_index = 37958, .adv_w = 226, .box_w = 12, .box_h = 16, .ofs_x = 1, .ofs_y = 0},
    {.bitmap_index = 38054, .adv_w = 95, .box_w = 3, .box_h = 16, .ofs_x = 1, .ofs_y = 0},
    {.bitmap_index = 38078, .adv_w = 95, .box_w = 8, .box_h = 20, .ofs_x = -1, .ofs_y = 0},
    {.bitmap_index = 38158, .adv_w = 201, .box_w = 10, .box_h = 16, .ofs_x = 1, .ofs_y = 0},
    {.bitmap_index = 38238, .adv_w = 392, .box_w = 23, .box_h = 16, .ofs_x = 1, .ofs_y = 0},
    {.bitmap_index = 38422, .adv_w = 396, .box_w = 23, .box_h = 16, .ofs_x = 1, .ofs_y = 0},
    {.bitmap_index = 38606, .adv_w = 311, .box_w = 17, .box_h = 16, .ofs_x = 1, .ofs_y = 0},
    {.bitmap_index = 38742, .adv_w = 237, .box_w = 14, .box_h = 21, .ofs_x = 1, .ofs_y = 0},
    {.bitmap_index = 38889, .adv_w = 265, .box_w = 14, .box_h = 21, .ofs_x = 1, .ofs_y = 0},
    {.bitmap_index = 39036, .adv_w = 221, .box_w = 14, .box_h = 21, .ofs_x = 0, .ofs_y = 0},
    {.bitmap_index = 39183, .adv_w = 254, .box_w = 13, .box_h = 20, .ofs_x = 1, .ofs_y = -4},
    {.bitmap_index = 39313, .adv_w = 243, .box_w = 15, .box_h = 16, .ofs_x = 0, .ofs_y = 0},
    {.bitmap_index = 39433, .adv_w = 227, .box_w = 12, .box_h = 16, .ofs_x = 1, .ofs_y = 0},
    {.bitmap_index = 39529, .adv_w = 230, .box_w = 13, .box_h = 16, .ofs_x = 1, .ofs_y = 0},
    {.bitmap_index = 39633, .adv_w = 204, .box_w = 11, .box_h = 16, .ofs_x = 1, .ofs_y = 0},
    {.bitmap_index = 39721, .adv_w = 288, .box_w = 16, .box_h = 20, .ofs_x = 1, .ofs_y = -4},
    {.bitmap_index = 39881, .adv_w = 212, .box_w = 11, .box_h = 16, .ofs_x = 1, .ofs_y = 0},
    {.bitmap_index = 39969, .adv_w = 338, .box_w = 21, .box_h = 16, .ofs_x = 0, .ofs_y = 0},
    {.bitmap_index = 40137, .adv_w = 217, .box_w = 12, .box_h = 16, .ofs_x = 1, .ofs_y = 0},
    {.bitmap_index = 40233, .adv_w = 265, .box_w = 14, .box_h = 16, .ofs_x = 1, .ofs_y = 0},
    {.bitmap_index = 40345, .adv_w = 265, .box_w = 14, .box_h = 21, .ofs_x = 1, .ofs_y = 0},
    {.bitmap_index = 40492, .adv_w = 237, .box_w = 14, .box_h = 16, .ofs_x = 1, .ofs_y = 0},
    {.bitmap_index = 40604, .adv_w = 263, .box_w = 14, .box_h = 16, .ofs_x = 1, .ofs_y = 0},
    {.bitmap_index = 40716, .adv_w = 318, .box_w = 17, .box_h = 16, .ofs_x = 1, .ofs_y = 0},
    {.bitmap_index = 40852, .adv_w = 262, .box_w = 14, .box_h = 16, .ofs_x = 1, .ofs_y = 0},
    {.bitmap_index = 40964, .adv_w = 269, .box_w = 15, .box_h = 16, .ofs_x = 1, .ofs_y = 0},
    {.bitmap_index = 41084, .adv_w = 262, .box_w = 14, .box_h = 16, .ofs_x = 1, .ofs_y = 0},
    {.bitmap_index = 41196, .adv_w = 225, .box_w = 12, .box_h = 16, .ofs_x = 1, .ofs_y = 0},
    {.bitmap_index = 41292, .adv_w = 257, .box_w = 14, .box_h = 16, .ofs_x = 1, .ofs_y = 0},
    {.bitmap_index = 41404, .adv_w = 227, .box_w = 13, .box_h = 16, .ofs_x = 1, .ofs_y = 0},
    {.bitmap_index = 41508, .adv_w = 221, .box_w = 14, .box_h = 16, .ofs_x = 0, .ofs_y = 0},
    {.bitmap_index = 41620, .adv_w = 292, .box_w = 16, .box_h = 18, .ofs_x = 1, .ofs_y = -1},
    {.bitmap_index = 41764, .adv_w = 240, .box_w = 15, .box_h = 16, .ofs_x = 0, .ofs_y = 0},
    {.bitmap_index = 41884, .adv_w = 254, .box_w = 15, .box_h = 20, .ofs_x = 1, .ofs_y = -4},
    {.bitmap_index = 42034, .adv_w = 246, .box_w = 13, .box_h = 16, .ofs_x = 1, .ofs_y = 0},
    {.bitmap_index = 42138, .adv_w = 337, .box_w = 19, .box_h = 16, .ofs_x = 1, .ofs_y = 0},
    {.bitmap_index = 42290, .adv_w = 342, .box_w = 20, .box_h = 20, .ofs_x = 1, .ofs_y = -4},
    {.bitmap_index = 42490, .adv_w = 287, .box_w = 16, .box_h = 16, .ofs_x = 1, .ofs_y = 0},
    {.bitmap_index = 42618, .adv_w = 311, .box_w = 17, .box_h = 16, .ofs_x = 1, .ofs_y = 0},
    {.bitmap_index = 42754, .adv_w = 229, .box_w = 13, .box_h = 16, .ofs_x = 1, .ofs_y = 0},
    {.bitmap_index = 42858, .adv_w = 257, .box_w = 14, .box_h = 16, .ofs_x = 1, .ofs_y = 0},
    {.bitmap_index = 42970, .adv_w = 357, .box_w = 21, .box_h = 16, .ofs_x = 1, .ofs_y = 0},
    {.bitmap_index = 43138, .adv_w = 227, .box_w = 13, .box_h = 16, .ofs_x = 0, .ofs_y = 0},
    {.bitmap_index = 43242, .adv_w = 198, .box_w = 11, .box_h = 12, .ofs_x = 0, .ofs_y = 0},
    {.bitmap_index = 43308, .adv_w = 209, .box_w = 11, .box_h = 16, .ofs_x = 1, .ofs_y = 0},
    {.bitmap_index = 43396, .adv_w = 199, .box_w = 11, .box_h = 12, .ofs_x = 1, .ofs_y = 0},
    {.bitmap_index = 43462, .adv_w = 153, .box_w = 9, .box_h = 12, .ofs_x = 1, .ofs_y = 0},
    {.bitmap_index = 43516, .adv_w = 216, .box_w = 14, .box_h = 16, .ofs_x = 0, .ofs_y = -4},
    {.bitmap_index = 43628, .adv_w = 205, .box_w = 11, .box_h = 12, .ofs_x = 1, .ofs_y = 0},
    {.bitmap_index = 43694, .adv_w = 285, .box_w = 18, .box_h = 12, .ofs_x = 0, .ofs_y = 0},
    {.bitmap_index = 43802, .adv_w = 174, .box_w = 9, .box_h = 12, .ofs_x = 1, .ofs_y = 0},
    {.bitmap_index = 43856, .adv_w = 208, .box_w = 11, .box_h = 12, .ofs_x = 1, .ofs_y = 0},
    {.bitmap_index = 43922, .adv_w = 208, .box_w = 11, .box_h = 17, .ofs_x = 1, .ofs_y = 0},
    {.bitmap_index = 44016, .adv_w = 191, .box_w = 11, .box_h = 12, .ofs_x = 1, .ofs_y = 0},
    {.bitmap_index = 44082, .adv_w = 202, .box_w = 11, .box_h = 12, .ofs_x = 0, .ofs_y = 0},
    {.bitmap_index = 44148, .adv_w = 271, .box_w = 15, .box_h = 12, .ofs_x = 1, .ofs_y = 0},
    {.bitmap_index = 44238, .adv_w = 207, .box_w = 11, .box_h = 12, .ofs_x = 1, .ofs_y = 0},
    {.bitmap_index = 44304, .adv_w = 211, .box_w = 12, .box_h = 12, .ofs_x = 1, .ofs_y = 0},
    {.bitmap_index = 44376, .adv_w = 207, .box_w = 11, .box_h = 12, .ofs_x = 1, .ofs_y = 0},
    {.bitmap_index = 44442, .adv_w = 216, .box_w = 12, .box_h = 16, .ofs_x = 1, .ofs_y = -4},
    {.bitmap_index = 44538, .adv_w = 201, .box_w = 11, .box_h = 12, .ofs_x = 1, .ofs_y = 0},
    {.bitmap_index = 44604, .adv_w = 164, .box_w = 11, .box_h = 12, .ofs_x = 0, .ofs_y = 0},
    {.bitmap_index = 44670, .adv_w = 198, .box_w = 12, .box_h = 16, .ofs_x = 0, .ofs_y = -4},
    {.bitmap_index = 44766, .adv_w = 242, .box_w = 13, .box_h = 20, .ofs_x = 1, .ofs_y = -4},
    {.bitmap_index = 44896, .adv_w = 192, .box_w = 12, .box_h = 12, .ofs_x = 0, .ofs_y = 0},
    {.bitmap_index = 44968, .adv_w = 210, .box_w = 12, .box_h = 16, .ofs_x = 1, .ofs_y = -4},
    {.bitmap_index = 45064, .adv_w = 203, .box_w = 11, .box_h = 12, .ofs_x = 1, .ofs_y = 0},
    {.bitmap_index = 45130, .adv_w = 289, .box_w = 16, .box_h = 12, .ofs_x = 1, .ofs_y = 0},
    {.bitmap_index = 45226, .adv_w = 295, .box_w = 17, .box_h = 16, .ofs_x = 1, .ofs_y = -4},
    {.bitmap_index = 45362, .adv_w = 227, .box_w = 14, .box_h = 12, .ofs_x = 0, .ofs_y = 0},
    {.bitmap_index = 45446, .adv_w = 259, .box_w = 14, .box_h = 12, .ofs_x = 1, .ofs_y = 0},
    {.bitmap_index = 45530, .adv_w = 197, .box_w = 11, .box_h = 12, .ofs_x = 1, .ofs_y = 0},
    {.bitmap_index = 45596, .adv_w = 201, .box_w = 11, .box_h = 12, .ofs_x = 1, .ofs_y = 0},
    {.bitmap_index = 45662, .adv_w = 297, .box_w = 17, .box_h = 12, .ofs_x = 1, .ofs_y = 0},
    {.bitmap_index = 45764, .adv_w = 195, .box_w = 11, .box_h = 12, .ofs_x = 0, .ofs_y = 0},
    {.bitmap_index = 45830, .adv_w = 205, .box_w = 11, .box_h = 17, .ofs_x = 1, .ofs_y = 0},
    {.bitmap_index = 45924, .adv_w = 205, .box_w = 11, .box_h = 16, .ofs_x = 1, .ofs_y = 0},
    {.bitmap_index = 46012, .adv_w = 208, .box_w = 12, .box_h = 20, .ofs_x = 0, .ofs_y = -4},
    {.bitmap_index = 46132, .adv_w = 153, .box_w = 9, .box_h = 17, .ofs_x = 1, .ofs_y = 0},
    {.bitmap_index = 46209, .adv_w = 201, .box_w = 11, .box_h = 12, .ofs_x = 1, .ofs_y = 0},
    {.bitmap_index = 46275, .adv_w = 186, .box_w = 10, .box_h = 12, .ofs_x = 1, .ofs_y = 0},
    {.bitmap_index = 46335, .adv_w = 85, .box_w = 4, .box_h = 16, .ofs_x = 1, .ofs_y = 0},
    {.bitmap_index = 46367, .adv_w = 85, .box_w = 8, .box_h = 16, .ofs_x = -1, .ofs_y = 0},
    {.bitmap_index = 46431, .adv_w = 85, .box_w = 6, .box_h = 20, .ofs_x = -1, .ofs_y = -4},
    {.bitmap_index = 46491, .adv_w = 325, .box_w = 20, .box_h = 12, .ofs_x = 0, .ofs_y = 0},
    {.bitmap_index = 46611, .adv_w = 316, .box_w = 18, .box_h = 12, .ofs_x = 1, .ofs_y = 0},
    {.bitmap_index = 46719, .adv_w = 208, .box_w = 12, .box_h = 16, .ofs_x = 0, .ofs_y = 0},
    {.bitmap_index = 46815, .adv_w = 191, .box_w = 11, .box_h = 17, .ofs_x = 1, .ofs_y = 0},
    {.bitmap_index = 46909, .adv_w = 208, .box_w = 11, .box_h = 17, .ofs_x = 1, .ofs_y = 0},
    {.bitmap_index = 47003, .adv_w = 198, .box_w = 12, .box_h = 21, .ofs_x = 0, .ofs_y = -4},
    {.bitmap_index = 47129, .adv_w = 207, .box_w = 11, .box_h = 16, .ofs_x = 1, .ofs_y = -4},
    {.bitmap_index = 47217, .adv_w = 126, .box_w = 8, .box_h = 2, .ofs_x = 0, .ofs_y = 6},
    {.bitmap_index = 47225, .adv_w = 126, .box_w = 8, .box_h = 2, .ofs_x = 0, .ofs_y = 6},
    {.bitmap_index = 47233, .adv_w = 228, .box_w = 13, .box_h = 2, .ofs_x = 1, .ofs_y = 6},
    {.bitmap_index = 47246, .adv_w = 176, .box_w = 11, .box_h = 2, .ofs_x = 0, .ofs_y = 6},
    {.bitmap_index = 47257, .adv_w = 352, .box_w = 22, .box_h = 2, .ofs_x = 0, .ofs_y = 6},
    {.bitmap_index = 47279, .adv_w = 352, .box_w = 22, .box_h = 2, .ofs_x = 0, .ofs_y = 6},
    {.bitmap_index = 47301, .adv_w = 169, .box_w = 6, .box_h = 26, .ofs_x = 2, .ofs_y = -5},
    {.bitmap_index = 47379, .adv_w = 159, .box_w = 11, .box_h = 5, .ofs_x = -1, .ofs_y = -4},
    {.bitmap_index = 47407, .adv_w = 92, .box_w = 4, .box_h = 7, .ofs_x = 1, .ofs_y = 9},
    {.bitmap_index = 47421, .adv_w = 92, .box_w = 4, .box_h = 7, .ofs_x = 1, .ofs_y = 10},
    {.bitmap_index = 47435, .adv_w = 85, .box_w = 4, .box_h = 7, .ofs_x = 1, .ofs_y = -4},
    {.bitmap_index = 47449, .adv_w = 92, .box_w = 5, .box_h = 7, .ofs_x = 0, .ofs_y = 9},
    {.bitmap_index = 47467, .adv_w = 155, .box_w = 8, .box_h = 7, .ofs_x = 1, .ofs_y = 9},
    {.bitmap_index = 47495, .adv_w = 155, .box_w = 8, .box_h = 7, .ofs_x = 1, .ofs_y = 10},
    {.bitmap_index = 47523, .adv_w = 148, .box_w = 8, .box_h = 7, .ofs_x = 1, .ofs_y = -4},
    {.bitmap_index = 47551, .adv_w = 155, .box_w = 8, .box_h = 7, .ofs_x = 0, .ofs_y = 9},
    {.bitmap_index = 47579, .adv_w = 173, .box_w = 9, .box_h = 12, .ofs_x = 1, .ofs_y = 4},
    {.bitmap_index = 47633, .adv_w = 173, .box_w = 9, .box_h = 16, .ofs_x = 1, .ofs_y = 0},
    {.bitmap_index = 47705, .adv_w = 198, .box_w = 8, .box_h = 7, .ofs_x = 2, .ofs_y = 3},
    {.bitmap_index = 47733, .adv_w = 198, .box_w = 7, .box_h = 8, .ofs_x = 3, .ofs_y = 2},
    {.bitmap_index = 47761, .adv_w = 101, .box_w = 4, .box_h = 3, .ofs_x = 1, .ofs_y = 0},
    {.bitmap_index = 47767, .adv_w = 203, .box_w = 10, .box_h = 3, .ofs_x = 1, .ofs_y = 0},
    {.bitmap_index = 47782, .adv_w = 304, .box_w = 17, .box_h = 3, .ofs_x = 1, .ofs_y = 0},
    {.bitmap_index = 47808, .adv_w = 101, .box_w = 4, .box_h = 3, .ofs_x = 1, .ofs_y = 6},
    {.bitmap_index = 47814, .adv_w = 470, .box_w = 25, .box_h = 16, .ofs_x = 2, .ofs_y = 0},
    {.bitmap_index = 48014, .adv_w = 235, .box_w = 14, .box_h = 16, .ofs_x = 0, .ofs_y = 0},
    {.bitmap_index = 48126, .adv_w = 352, .box_w = 23, .box_h = 23, .ofs_x = -1, .ofs_y = -3},
    {.bitmap_index = 48391, .adv_w = 352, .box_w = 22, .box_h = 17, .ofs_x = 0, .ofs_y = 0},
    {.bitmap_index = 48578, .adv_w = 352, .box_w = 22, .box_h = 20, .ofs_x = 0, .ofs_y = -2},
    {.bitmap_index = 48798, .adv_w = 352, .box_w = 22, .box_h = 17, .ofs_x = 0, .ofs_y = 0},
    {.bitmap_index = 48985, .adv_w = 242, .box_w = 16, .box_h = 16, .ofs_x = 0, .ofs_y = 0},
    {.bitmap_index = 49113, .adv_w = 352, .box_w = 22, .box_h = 23, .ofs_x = 0, .ofs_y = -3},
    {.bitmap_index = 49366, .adv_w = 352, .box_w = 22, .box_h = 23, .ofs_x = 0, .ofs_y = -3},
    {.bitmap_index = 49619, .adv_w = 396, .box_w = 25, .box_h = 20, .ofs_x = 0, .ofs_y = -2},
    {.bitmap_index = 49869, .adv_w = 352, .box_w = 22, .box_h = 23, .ofs_x = 0, .ofs_y = -3},
    {.bitmap_index = 50122, .adv_w = 396, .box_w = 25, .box_h = 17, .ofs_x = 0, .ofs_y = 0},
    {.bitmap_index = 50335, .adv_w = 352, .box_w = 22, .box_h = 23, .ofs_x = 0, .ofs_y = -3},
    {.bitmap_index = 50588, .adv_w = 176, .box_w = 11, .box_h = 18, .ofs_x = 0, .ofs_y = -1},
    {.bitmap_index = 50687, .adv_w = 264, .box_w = 17, .box_h = 18, .ofs_x = 0, .ofs_y = -1},
    {.bitmap_index = 50840, .adv_w = 396, .box_w = 25, .box_h = 22, .ofs_x = 0, .ofs_y = -3},
    {.bitmap_index = 51115, .adv_w = 352, .box_w = 22, .box_h = 17, .ofs_x = 0, .ofs_y = 0},
    {.bitmap_index = 51302, .adv_w = 242, .box_w = 16, .box_h = 23, .ofs_x = 0, .ofs_y = -3},
    {.bitmap_index = 51486, .adv_w = 308, .box_w = 15, .box_h = 21, .ofs_x = 2, .ofs_y = -2},
    {.bitmap_index = 51644, .adv_w = 308, .box_w = 20, .box_h = 24, .ofs_x = 0, .ofs_y = -4},
    {.bitmap_index = 51884, .adv_w = 308, .box_w = 20, .box_h = 20, .ofs_x = 0, .ofs_y = -2},
    {.bitmap_index = 52084, .adv_w = 308, .box_w = 20, .box_h = 20, .ofs_x = 0, .ofs_y = -2},
    {.bitmap_index = 52284, .adv_w = 308, .box_w = 15, .box_h = 21, .ofs_x = 2, .ofs_y = -2},
    {.bitmap_index = 52442, .adv_w = 308, .box_w = 21, .box_h = 20, .ofs_x = -1, .ofs_y = -2},
    {.bitmap_index = 52652, .adv_w = 220, .box_w = 12, .box_h = 20, .ofs_x = 1, .ofs_y = -2},
    {.bitmap_index = 52772, .adv_w = 220, .box_w = 12, .box_h = 20, .ofs_x = 1, .ofs_y = -2},
    {.bitmap_index = 52892, .adv_w = 308, .box_w = 20, .box_h = 20, .ofs_x = 0, .ofs_y = -2},
    {.bitmap_index = 53092, .adv_w = 308, .box_w = 20, .box_h = 5, .ofs_x = 0, .ofs_y = 6},
    {.bitmap_index = 53142, .adv_w = 396, .box_w = 25, .box_h = 17, .ofs_x = 0, .ofs_y = 0},
    {.bitmap_index = 53355, .adv_w = 440, .box_w = 28, .box_h = 23, .ofs_x = 0, .ofs_y = -3},
    {.bitmap_index = 53677, .adv_w = 396, .box_w = 27, .box_h = 23, .ofs_x = -1, .ofs_y = -3},
    {.bitmap_index = 53988, .adv_w = 352, .box_w = 22, .box_h = 21, .ofs_x = 0, .ofs_y = -2},
    {.bitmap_index = 54219, .adv_w = 308, .box_w = 19, .box_h = 12, .ofs_x = 0, .ofs_y = 2},
    {.bitmap_index = 54333, .adv_w = 308, .box_w = 19, .box_h = 12, .ofs_x = 0, .ofs_y = 2},
    {.bitmap_index = 54447, .adv_w = 440, .box_w = 28, .box_h = 18, .ofs_x = 0, .ofs_y = -1},
    {.bitmap_index = 54699, .adv_w = 352, .box_w = 22, .box_h = 17, .ofs_x = 0, .ofs_y = 0},
    {.bitmap_index = 54886, .adv_w = 352, .box_w = 22, .box_h = 23, .ofs_x = 0, .ofs_y = -3},
    {.bitmap_index = 55139, .adv_w = 352, .box_w = 23, .box_h = 23, .ofs_x = -1, .ofs_y = -3},
    {.bitmap_index = 55404, .adv_w = 440, .box_w = 28, .box_h = 20, .ofs_x = 0, .ofs_y = -2},
    {.bitmap_index = 55684, .adv_w = 308, .box_w = 20, .box_h = 20, .ofs_x = 0, .ofs_y = -2},
    {.bitmap_index = 55884, .adv_w = 308, .box_w = 20, .box_h = 23, .ofs_x = 0, .ofs_y = -3},
    {.bitmap_index = 56114, .adv_w = 308, .box_w = 20, .box_h = 20, .ofs_x = 0, .ofs_y = -2},
    {.bitmap_index = 56314, .adv_w = 308, .box_w = 20, .box_h = 18, .ofs_x = 0, .ofs_y = -1},
    {.bitmap_index = 56494, .adv_w = 352, .box_w = 22, .box_h = 17, .ofs_x = 0, .ofs_y = 0},
    {.bitmap_index = 56681, .adv_w = 220, .box_w = 15, .box_h = 23, .ofs_x = -1, .ofs_y = -3},
    {.bitmap_index = 56854, .adv_w = 396, .box_w = 26, .box_h = 23, .ofs_x = -1, .ofs_y = -3},
    {.bitmap_index = 57153, .adv_w = 308, .box_w = 20, .box_h = 23, .ofs_x = 0, .ofs_y = -3},
    {.bitmap_index = 57383, .adv_w = 308, .box_w = 20, .box_h = 23, .ofs_x = 0, .ofs_y = -3},
    {.bitmap_index = 57613, .adv_w = 396, .box_w = 25, .box_h = 17, .ofs_x = 0, .ofs_y = 0},
    {.bitmap_index = 57826, .adv_w = 352, .box_w = 24, .box_h = 23, .ofs_x = -1, .ofs_y = -3},
    {.bitmap_index = 58102, .adv_w = 264, .box_w = 17, .box_h = 23, .ofs_x = 0, .ofs_y = -3},
    {.bitmap_index = 58298, .adv_w = 352, .box_w = 22, .box_h = 23, .ofs_x = 0, .ofs_y = -3},
    {.bitmap_index = 58551, .adv_w = 352, .box_w = 20, .box_h = 23, .ofs_x = 1, .ofs_y = -3},
    {.bitmap_index = 58781, .adv_w = 440, .box_w = 28, .box_h = 21, .ofs_x = 0, .ofs_y = -2},
    {.bitmap_index = 59075, .adv_w = 440, .box_w = 28, .box_h = 15, .ofs_x = 0, .ofs_y = 1},
    {.bitmap_index = 59285, .adv_w = 440, .box_w = 28, .box_h = 15, .ofs_x = 0, .ofs_y = 1},
    {.bitmap_index = 59495, .adv_w = 440, .box_w = 28, .box_h = 15, .ofs_x = 0, .ofs_y = 1},
    {.bitmap_index = 59705, .adv_w = 440, .box_w = 28, .box_h = 15, .ofs_x = 0, .ofs_y = 1},
    {.bitmap_index = 59915, .adv_w = 440, .box_w = 28, .box_h = 15, .ofs_x = 0, .ofs_y = 1},
    {.bitmap_index = 60125, .adv_w = 440, .box_w = 28, .box_h = 18, .ofs_x = 0, .ofs_y = -1},
    {.bitmap_index = 60377, .adv_w = 308, .box_w = 17, .box_h = 23, .ofs_x = 1, .ofs_y = -3},
    {.bitmap_index = 60573, .adv_w = 308, .box_w = 21, .box_h = 23, .ofs_x = -1, .ofs_y = -3},
    {.bitmap_index = 60815, .adv_w = 308, .box_w = 20, .box_h = 23, .ofs_x = 0, .ofs_y = -3},
    {.bitmap_index = 61045, .adv_w = 352, .box_w = 23, .box_h = 23, .ofs_x = -1, .ofs_y = -3},
    {.bitmap_index = 61310, .adv_w = 440, .box_w = 28, .box_h = 17, .ofs_x = 0, .ofs_y = 0},
    {.bitmap_index = 61548, .adv_w = 396, .box_w = 25, .box_h = 23, .ofs_x = 0, .ofs_y = -3},
    {.bitmap_index = 61836, .adv_w = 440, .box_w = 28, .box_h = 23, .ofs_x = 0, .ofs_y = -3},
    {.bitmap_index = 62158, .adv_w = 352, .box_w = 23, .box_h = 21, .ofs_x = 0, .ofs_y = -2},
    {.bitmap_index = 62400, .adv_w = 352, .box_w = 22, .box_h = 23, .ofs_x = 0, .ofs_y = -3},
    {.bitmap_index = 62653, .adv_w = 440, .box_w = 28, .box_h = 23, .ofs_x = 0, .ofs_y = -3},
    {.bitmap_index = 62975, .adv_w = 264, .box_w = 17, .box_h = 23, .ofs_x = 0, .ofs_y = -3},
    {.bitmap_index = 63171, .adv_w = 354, .box_w = 23, .box_h = 14, .ofs_x = 0, .ofs_y = 1}
};

/*---------------------
 *  CHARACTER MAPPING
 *--------------------*/

static const uint8_t glyph_id_ofs_list_4[] = {
    0, 1, 2, 3, 4, 5, 6, 0,
    7
};

static const uint16_t unicode_list_9[] = {
    0x0, 0x7c, 0xcfd1, 0xcfd8, 0xcfdb, 0xcfdc, 0xcfdd, 0xcfe1,
    0xcfe3, 0xcfe5, 0xcfe9, 0xcfec, 0xcff1, 0xcff6, 0xcff7, 0xcff8,
    0xd00e, 0xd013, 0xd018, 0xd01b, 0xd01c, 0xd01d, 0xd021, 0xd022,
    0xd023, 0xd024, 0xd037, 0xd038, 0xd03e, 0xd040, 0xd041, 0xd044,
    0xd047, 0xd048, 0xd049, 0xd04b, 0xd063, 0xd065, 0xd092, 0xd094,
    0xd095, 0xd097, 0xd099, 0xd0b0, 0xd0b7, 0xd0b9, 0xd0ba, 0xd0c3,
    0xd0ec, 0xd0f4, 0xd12b, 0xd155, 0xd156, 0xd1bb, 0xd210, 0xd211,
    0xd212, 0xd213, 0xd214, 0xd257, 0xd263, 0xd2ac, 0xd2bd, 0xd2d4,
    0xd52a, 0xd693, 0xd694, 0xd6fe, 0xd70d, 0xd72f, 0xd792, 0xd872
};

/*Collect the unicode lists and glyph_id offsets*/
static const lv_font_fmt_txt_cmap_t cmaps[] =
{
    {
        .range_start = 32, .range_length = 95, .glyph_id_start = 1,
        .unicode_list = NULL, .glyph_id_ofs_list = NULL, .list_length = 0, .type = LV_FONT_FMT_TXT_CMAP_FORMAT0_TINY
    },
    {
        .range_start = 160, .range_length = 13, .glyph_id_start = 96,
        .unicode_list = NULL, .glyph_id_ofs_list = NULL, .list_length = 0, .type = LV_FONT_FMT_TXT_CMAP_FORMAT0_TINY
    },
    {
        .range_start = 174, .range_length = 155, .glyph_id_start = 109,
        .unicode_list = NULL, .glyph_id_ofs_list = NULL, .list_length = 0, .type = LV_FONT_FMT_TXT_CMAP_FORMAT0_TINY
    },
    {
        .range_start = 330, .range_length = 54, .glyph_id_start = 264,
        .unicode_list = NULL, .glyph_id_ofs_list = NULL, .list_length = 0, .type = LV_FONT_FMT_TXT_CMAP_FORMAT0_TINY
    },
    {
        .range_start = 900, .range_length = 9, .glyph_id_start = 318,
        .unicode_list = NULL, .glyph_id_ofs_list = glyph_id_ofs_list_4, .list_length = 9, .type = LV_FONT_FMT_TXT_CMAP_FORMAT0_FULL
    },
    {
        .range_start = 910, .range_length = 20, .glyph_id_start = 326,
        .unicode_list = NULL, .glyph_id_ofs_list = NULL, .list_length = 0, .type = LV_FONT_FMT_TXT_CMAP_FORMAT0_TINY
    },
    {
        .range_start = 931, .range_length = 44, .glyph_id_start = 346,
        .unicode_list = NULL, .glyph_id_ofs_list = NULL, .list_length = 0, .type = LV_FONT_FMT_TXT_CMAP_FORMAT0_TINY
    },
    {
        .range_start = 1024, .range_length = 96, .glyph_id_start = 390,
        .unicode_list = NULL, .glyph_id_ofs_list = NULL, .list_length = 0, .type = LV_FONT_FMT_TXT_CMAP_FORMAT0_TINY
    },
    {
        .range_start = 8208, .range_length = 24, .glyph_id_start = 486,
        .unicode_list = NULL, .glyph_id_ofs_list = NULL, .list_length = 0, .type = LV_FONT_FMT_TXT_CMAP_FORMAT0_TINY
    },
    {
        .range_start = 8240, .range_length = 55411, .glyph_id_start = 510,
        .unicode_list = unicode_list_9, .glyph_id_ofs_list = NULL, .list_length = 72, .type = LV_FONT_FMT_TXT_CMAP_SPARSE_TINY
    }
};

/*-----------------
 *    KERNING
 *----------------*/


/*Map glyph_ids to kern left classes*/
static const uint8_t kern_left_class_mapping[] =
{
    0, 0, 0, 1, 0, 0, 2, 3,
    1, 4, 5, 6, 7, 8, 7, 8,
    9, 10, 0, 11, 12, 13, 14, 15,
    16, 12, 10, 17, 17, 0, 18, 19,
    20, 21, 0, 0, 0, 0, 0, 0,
    0, 0, 0, 0, 0, 0, 0, 0,
    0, 0, 0, 0, 0, 0, 0, 0,
    0, 0, 0, 0, 4, 22, 5, 6,
    23, 0, 0, 0, 0, 0, 0, 0,
    0, 0, 0, 0, 0, 0, 0, 0,
    0, 0, 0, 0, 0, 0, 0, 0,
    0, 0, 0, 0, 4, 0, 5, 7,
    0, 24, 25, 0, 0, 0, 0, 0,
    0, 21, 0, 26, 0, 27, 0, 6,
    18, 0, 0, 0, 28, 0, 29, 0,
    0, 0, 30, 0, 0, 0, 31, 0,
    0, 0, 0, 0, 0, 0, 0, 0,
    0, 0, 0, 0, 0, 0, 0, 0,
    0, 0, 0, 0, 0, 0, 32, 0,
    0, 0, 0, 0, 0, 0, 0, 0,
    0, 0, 0, 0, 0, 0, 0, 0,
    0, 0, 0, 0, 0, 0, 0, 0,
    0, 0, 0, 0, 0, 0, 7, 0,
    0, 0, 0, 0, 0, 0, 0, 0,
    0, 0, 0, 0, 0, 0, 0, 0,
    0, 0, 0, 0, 0, 0, 0, 0,
    0, 0, 0, 0, 0, 0, 0, 0,
    0, 0, 0, 0, 0, 0, 0, 0,
    0, 0, 0, 0, 0, 0, 0, 0,
    0, 0, 0, 0, 0, 0, 0, 0,
    0, 0, 0, 0, 0, 0, 0, 0,
    0, 0, 0, 0, 0, 0, 0, 0,
    0, 0, 0, 0, 0, 0, 0, 0,
    0, 0, 0, 0, 0, 0, 0, 0,
    0, 0, 0, 0, 0, 0, 0, 0,
    0, 0, 0, 0, 0, 0, 0, 0,
    0, 0, 0, 0, 0, 0, 0, 0,
    0, 0, 0, 0, 0, 0, 0, 0,
    0, 0, 0, 0, 0, 0, 0, 0,
    0, 0, 0, 0, 0, 0, 0, 0,
    0, 1, 0, 0, 0, 0, 0, 0,
    0, 0, 0, 0, 33, 0, 0, 0,
    0, 0, 0, 0, 0, 0, 0, 0,
    0, 0, 0, 0, 0, 0, 0, 0,
    0, 0, 0, 0, 0, 0, 0, 0,
    0, 0, 0, 0, 0, 0, 0, 0,
    0, 0, 0, 0, 0, 0, 0, 0,
    0, 0, 0, 0, 0, 0, 0, 0,
    0, 0, 0, 0, 0, 0, 0, 0,
    0, 0, 0, 0, 0, 0, 0, 0,
    0, 0, 0, 0, 0, 0, 0, 0,
    0, 0, 0, 0, 0, 0, 0, 0,
    0, 0, 0, 0, 0, 0, 0, 0,
    0, 0, 0, 0, 0, 0, 0, 0,
    0, 0, 0, 0, 0, 0, 0, 0,
    0, 0, 0, 0, 0, 0, 0, 0,
    0, 0, 0, 0, 0, 0, 0, 0,
    0, 0, 0, 0, 0, 0, 0, 0,
    0, 0, 0, 0, 0, 0, 0, 0,
    0, 0, 0, 0, 0, 0, 0, 0,
    0, 0, 0, 0, 0, 0, 0, 0,
    0, 0, 0, 0, 0, 0, 34, 35,
    36, 0, 34, 35, 36, 0, 37, 37,
    32, 32, 0, 0, 38, 0, 0, 0,
    0, 0, 0, 0, 0, 0, 0, 0,
    0, 0, 0, 0, 0, 0, 0, 0,
    0, 0, 0, 0, 0, 0, 0, 0,
    0, 0, 0, 0, 0, 0, 0, 0,
    0, 0, 0, 0, 0, 0, 0, 0,
    0, 0, 0, 0, 0, 0, 0, 0,
    0, 0, 0, 0, 0, 0, 0, 0,
    0, 0, 0, 0, 0, 0, 0, 0,
    0, 0, 0, 0, 0, 0
};

/*Map glyph_ids to kern right classes*/
static const uint8_t kern_right_class_mapping[] =
{
    0, 0, 0, 1, 2, 0, 0, 3,
    1, 0, 4, 5, 6, 7, 6, 7,
    8, 9, 10, 11, 12, 13, 14, 9,
    15, 16, 17, 18, 18, 19, 20, 0,
    21, 22, 0, 0, 0, 0, 0, 0,
    0, 0, 0, 0, 0, 0, 0, 0,
    0, 0, 0, 0, 0, 0, 0, 0,
    0, 0, 0, 0, 0, 23, 4, 5,
    24, 0, 0, 0, 0, 0, 0, 0,
    0, 0, 0, 0, 0, 0, 0, 0,
    0, 0, 0, 0, 0, 0, 0, 0,
    0, 0, 0, 0, 0, 25, 4, 26,
    0, 0, 27, 0, 0, 0, 0, 0,
    0, 22, 0, 28, 29, 30, 0, 5,
    20, 0, 0, 0, 31, 32, 6, 0,
    0, 0, 33, 0, 0, 0, 34, 0,
    0, 0, 0, 0, 0, 0, 0, 0,
    0, 0, 0, 0, 0, 0, 0, 0,
    0, 0, 0, 0, 0, 0, 33, 0,
    0, 0, 0, 0, 0, 0, 0, 0,
    0, 0, 0, 0, 0, 0, 0, 0,
    0, 0, 0, 0, 0, 0, 0, 0,
    0, 0, 0, 0, 0, 0, 6, 0,
    0, 0, 0, 0, 0, 0, 0, 0,
    0, 0, 0, 0, 0, 0, 0, 0,
    0, 0, 0, 0, 0, 0, 0, 0,
    0, 0, 0, 0, 0, 0, 0, 0,
    0, 0, 0, 0, 0, 0, 0, 0,
    0, 0, 0, 0, 0, 0, 0, 0,
    0, 0, 0, 0, 0, 0, 0, 0,
    0, 0, 0, 0, 0, 0, 0, 0,
    0, 0, 0, 0, 0, 0, 0, 0,
    0, 0, 0, 0, 0, 0, 0, 0,
    0, 0, 0, 0, 0, 0, 0, 0,
    0, 0, 0, 0, 0, 0, 0, 0,
    0, 0, 0, 0, 0, 0, 0, 0,
    0, 0, 0, 0, 0, 0, 0, 0,
    0, 0, 0, 0, 0, 0, 0, 0,
    0, 0, 0, 0, 0, 0, 0, 0,
    0, 0, 0, 0, 0, 0, 0, 0,
    0, 1, 0, 0, 0, 0, 0, 0,
    0, 0, 0, 0, 35, 0, 0, 0,
    0, 0, 0, 0, 0, 0, 0, 0,
    0, 0, 0, 0, 0, 0, 0, 0,
    0, 0, 0, 0, 0, 0, 0, 0,
    0, 0, 0, 0, 0, 0, 0, 0,
    0, 0, 0, 0, 0, 0, 0, 0,
    0, 0, 0, 0, 0, 0, 0, 0,
    0, 0, 0, 0, 0, 0, 0, 0,
    0, 0, 0, 0, 0, 0, 0, 0,
    0, 0, 0, 0, 0, 0, 0, 0,
    0, 0, 0, 0, 0, 0, 0, 0,
    0, 0, 0, 0, 0, 0, 0, 0,
    0, 0, 0, 0, 0, 0, 0, 0,
    0, 0, 0, 0, 0, 0, 0, 0,
    0, 0, 0, 0, 0, 0, 0, 0,
    0, 0, 0, 0, 0, 0, 0, 0,
    0, 0, 0, 0, 0, 0, 0, 0,
    0, 0, 0, 0, 0, 0, 0, 0,
    0, 0, 0, 0, 0, 0, 0, 0,
    0, 0, 0, 0, 0, 0, 0, 0,
    0, 0, 0, 0, 0, 0, 36, 37,
    38, 39, 36, 37, 38, 40, 41, 41,
    33, 33, 0, 0, 7, 0, 0, 0,
    0, 0, 0, 0, 0, 0, 0, 0,
    0, 0, 0, 0, 0, 0, 0, 0,
    0, 0, 0, 0, 0, 0, 0, 0,
    0, 0, 0, 0, 0, 0, 0, 0,
    0, 0, 0, 0, 0, 0, 0, 0,
    0, 0, 0, 0, 0, 0, 0, 0,
    0, 0, 0, 0, 0, 0, 0, 0,
    0, 0, 0, 0, 0, 0, 0, 0,
    0, 0, 0, 0, 0, 0
};

/*Kern values between classes*/
static const int8_t kern_class_values[] =
{
    0, 0, -12, 0, 0, 0, -29, 0,
    0, 0, 0, 0, -22, 0, 0, 0,
    0, 0, 0, 0, 0, 0, 0, 0,
    0, 0, -5, 0, 0, 0, 0, 0,
    0, 0, -28, 0, 0, 0, 0, 0,
    0, 0, 0, 0, 0, 0, 0, 0,
    0, 0, 0, 0, 0, 0, 0, 0,
    0, 0, 0, 0, 0, 0, 0, 0,
    0, 0, 0, 0, 0, 0, 0, 0,
    0, 0, 0, 0, -22, -24, 0, 0,
    0, 0, -12, 0, 0, 0, 0, 0,
    0, 0, 0, 0, 0, 0, 0, 0,
    0, 0, 0, 0, 0, 0, 0, 0,
    -22, 0, 0, 0, 0, 0, 0, -8,
    0, 0, 0, 0, 0, -32, 0, 0,
    0, 0, -14, 0, 0, 0, 0, 0,
    0, 0, 0, 0, 0, 0, 0, 0,
    0, 0, 0, 0, 0, 0, 0, 0,
    0, 0, 0, 0, 0, -4, 0, 0,
    0, 0, 0, 0, 0, 0, 0, 0,
    0, 0, 0, 0, 0, 0, 0, 0,
    0, 0, 0, 0, 0, 0, 0, 0,
    0, 0, 0, 0, 0, 0, 0, 0,
    0, 0, 0, 0, 0, 0, 0, 0,
    0, 0, 0, 0, 0, 0, 0, -12,
    0, 0, 0, 0, 0, 0, 0, -12,
    0, 0, 0, -48, 0, 0, 0, 0,
    0, -16, 0, 0, 0, 0, 0, 0,
    0, 0, -4, 0, -24, 0, 0, 0,
    0, 0, 0, 0, 0, 0, 0, -28,
    0, 0, 0, 0, 0, 0, 0, 0,
    0, 0, 0, 0, 0, 0, 0, 0,
    -12, -4, 0, 0, -8, 0, 0, 0,
    0, 0, 0, 0, -18, 0, 0, 0,
    0, 0, 0, 0, 0, -6, 0, 0,
    -12, -22, 0, 0, 0, 0, 0, -29,
    0, 0, 0, 0, 0, 0, 0, -9,
    -30, 0, -9, 0, -5, -5, -8, -2,
    0, 0, 0, -31, -15, 0, 0, 0,
    0, 0, 0, 0, 0, 0, -18, 0,
    0, 0, 0, -20, 0, -48, -48, 0,
    0, 0, 0, 0, 0, 0, -14, 0,
    0, 0, 0, 0, 0, 0, 0, 0,
    0, 0, 0, 0, 0, 0, 0, 0,
    0, 0, 0, 0, 0, 0, 0, 0,
    0, 0, -9, 0, 0, 0, 0, 0,
    0, 0, 0, 0, 0, 0, 0, -9,
    0, 0, 0, 0, 0, 0, 0, -7,
    0, 0, 0, 0, 0, 0, 0, -3,
    -16, 0, 0, 0, 0, 0, 0, 0,
    0, 0, 0, 0, -16, 0, -18, 0,
    0, 0, 0, 0, 0, 0, 0, 0,
    0, 0, 0, 0, 0, 0, -5, 0,
    0, 0, 0, 0, 0, 0, 0, 0,
    0, 0, 0, 0, 0, 0, 0, 0,
    0, 0, 0, 0, 0, 0, 0, 0,
    0, 0, 0, 0, 0, 0, 0, -5,
    0, -8, 0, 0, 0, 0, 0, 0,
    0, 0, 0, 0, 0, 0, 0, 0,
    0, 0, 0, 0, 0, 0, -12, 0,
    0, 0, 0, 0, 0, 0, 0, 0,
    -18, 0, 0, 0, 0, 0, 0, 0,
    -7, 0, -12, 0, 0, -7, 0, 0,
    0, 0, 0, 0, 0, 0, 0, 0,
    0, 0, 0, 0, 0, 0, 0, 0,
    0, -2, 0, -14, 0, 0, 0, 0,
    0, 0, 0, 0, 0, 0, 0, 0,
    0, 0, 0, -9, 0, 0, 0, 0,
    0, 0, 0, 0, 0, 0, 0, 0,
    0, 0, 0, 0, 0, 0, 0, 0,
    0, 0, -2, 0, 0, 0, 0, 0,
    0, 0, 0, 0, 0, 0, 0, 0,
    0, 0, 0, 0, -12, 0, 0, 0,
    0, 0, 0, 0, 0, 0, 0, 0,
    0, 0, 0, 0, 0, -16, 0, 0,
    0, 0, 0, 0, 0, 0, 0, 0,
    0, 0, 0, -16, 0, 0, 0, 0,
    -20, -16, 0, 0, 0, -44, 0, -5,
    0, 0, -6, -20, -3, 7, -5, -3,
    -12, -32, 0, 0, 0, 0, -56, 0,
    0, -18, -22, 0, 0, 0, 0, 0,
    0, -38, 0, 0, -50, 0, 0, 0,
    0, 0, 0, 0, 0, 0, 0, 0,
    0, 0, 0, 0, 0, 0, 0, 0,
    0, 0, 0, 0, 0, 0, -22, 0,
    0, 0, 0, 0, 0, 0, 0, 0,
    0, 0, 0, -16, 0, 0, 0, 0,
    0, 0, 0, 0, 0, 0, 0, 0,
    0, 0, 0, 0, 0, 0, 0, 0,
    0, 0, 0, 0, 0, 0, 0, -24,
    0, 0, 0, 0, 0, 0, 0, 0,
    0, 0, 0, -18, -20, 0, 0, 0,
    0, 0, 0, 0, 0, 0, 0, 0,
    0, 0, 0, 0, 0, 0, 0, 0,
    -26, 0, 0, 0, 0, 0, 0, 0,
    -26, 0, 0, 0, 0, 0, 0, 0,
    0, 0, 0, 0, 0, -34, 0, 0,
    0, 0, 0, 0, 0, 0, 0, 0,
    0, 0, 0, 0, 0, 0, 0, 0,
    0, 0, 0, 0, 0, 0, 0, 0,
    0, 0, 0, 0, 0, 0, 0, 0,
    0, 0, 0, 0, 0, -22, 0, 0,
    0, 0, 0, 0, 0, 0, 0, 0,
    0, 0, -15, -14, 0, 0, 0, 0,
    0, 0, 0, 0, 0, 0, 0, 0,
    0, 0, -12, -14, 0, 0, 0, 0,
    0, -2, 0, 0, 0, 0, -12, -12,
    0, -14, 0, 0, 0, -28, 0, 0,
    0, -28, -12, 0, 7, 0, -12, 0,
    0, 0, 0, 0, 0, 0, 0, 0,
    -18, -22, -12, -17, 0, 0, -12, 0,
    -12, -12, -25, 0, -17, -12, 0, 5,
    -15, -20, 0, 0, 0, -26, 0, 0,
    0, 0, -24, 0, 0, 0, -16, -38,
    0, -16, -20, -16, 0, -16, -16, 0,
    0, 0, 0, -14, -28, 0, 12, 0,
    0, 0, 0, 0, 0, -16, 0, 0,
    0, -14, 0, 0, 0, 0, 0, 0,
    0, 0, 0, 0, 0, 0, 0, 0,
    0, 0, 0, 0, 0, 0, 0, 0,
    0, 0, 0, 0, 0, -12, 0, 0,
    0, 0, 0, 0, 0, 0, 0, 0,
    0, 0, -12, 0, 0, 0, 0, 0,
    -5, 0, 0, -4, 0, 0, 0, 0,
    0, -12, 0, 0, 0, 0, 0, 0,
    0, 0, 0, 0, 0, 0, -18, 0,
    0, 0, 0, 0, 0, -4, 0, 0,
    0, 0, -12, -22, -9, 0, 0, 0,
    -12, 0, 0, 0, 0, 0, 0, 0,
    0, 0, 0, 0, 0, 0, 0, 0,
    0, 0, 0, 0, 0, 0, 0, 0,
    0, 0, 0, 0, 0, 0, 0, 0,
    0, 0, 0, -12, 0, 0, 0, 0,
    0, 0, 0, 0, -12, 0, 0, 0,
    0, 0, 0, 0, 0, 0, -17, 0,
    0, 0, 0, 0, 0, 0, 0, -2,
    0, 0, 0, 0, -10, 0, 0, 0,
    0, 0, 0, 0, -25, 0, 0, 0,
    0, 0, 0, 0, 0, 0, 0, 0,
    -14, 0, -12, 0, 0, 0, 0, 0,
    0, 0, 0, 0, 0, -14, 0, 0,
    0, 0, -12, 0, -14, 0, 0, -12,
    0, 0, 0, 0, 0, 0, -18, 5,
    0, 0, 0, 0, 0, 0, 0, 0,
    0, 0, 0, 0, 0, 0, -12, -4,
    0, 0, -8, 0, 0, 0, 0, 0,
    0, 0, -14, 0, 0, 0, 0, 0,
    0, 0, 0, -6, 0, 0, -12, -22,
    0, 0, 0, 0, 0, 0, 0, 0,
    0, 0, 0, 0, 0, 0, -14, -18,
    -16, 0, 0, -18, -12, 0, 0, 0,
    0, 0, 0, -22, 0, 0, 0, 0,
    0, 0, 0, 0, 0, 0, 0, -12,
    -30, 0, 0, 0, 0, 0, 0, 0,
    0, 0, 0, 0, 0, 0, 0, 0,
    0, 0, 0, 0, 0, 0, 0, 0,
    0, 0, 0, 0, -27, 0, 0, 0,
    0, 0, 0, 0, 0, 0, 0, 0,
    0, -22, -12, 0, 0, 0, 0, 0,
    0, 0, 0, 0, 0, 0, 0, 0,
    0, 0, 0, 0, 0, 0, 0, 0,
    0, 0, 0, 0, 0, -14, 0, 0,
    0, 0, 0, 0, 0, 0, 0, 0,
    0, -12, 0, 0, 0, 0, 0, 0,
    -28, 0, 0, 0, -28, -12, 0, 7,
    0, -12, 0, 0, 0, 0, 0, 0,
    0, 0, 0, -18, -22, -12, -24, 0,
    0, -12, 0, -12, -12, -25, 0, -17,
    -12, 0, 5, -46, -36, 0, 0, 0,
    -26, 0, 0, -22, 0, 0, 0, -30,
    -34, 0, 0, 0, 0, -22, 0, 0,
    0, 0, 0, 0, 0, 0, 0, 0,
    0, 0, 0, -14, 0, 0, 0, 0,
    0, 0, -22, -34, 0, 0, -22, 0,
    0, 0, 0, -44, -24, 0, 0, -22,
    -35, -50, -16, 0, 0, 0, -34, 0,
    -22, -14, 0, -20, -34, -20, 0, -20,
    0, -14, 0, -16, -22, -30, -22, 0,
    -16, -4, 0, -24, -48, 0, 0, 0,
    0, 0, 0, 0, 0, 0, 0, 0,
    0, 0, 0, 0, -24, 0, 0, 0,
    0, 0, 0, 0, 0, 0, 0, 0,
    -14, -32, 0, 0, 0, 0, 0, 0,
    0, 0, 0, 0, 0, 0, -44, -34,
    0, 0, 0, 0, 0, 0, -14, 0,
    0, 0, 0, 0, 0, 0, 0, 0,
    0, 0, 0, 0, 0, 0, 0, 0,
    0, 0, 0, 0, 0, 0, -12, 0,
    0, 0, 0, 0, 0, 0, -26, 0,
    0, 0, 0, 0, 0, -29, 0, 0,
    0, 0, 0, 0, 0, -9, -30, 0,
    -9, 0, -5, -5, -8, -2, 0, 0,
    0, -31, -15, 0, 0, 0, 0, 0,
    0, 0, 0, 0, -18, 0, 0, 0,
    0, -20, 0, -48, -64, 0
};


/*Collect the kern class' data in one place*/
static const lv_font_fmt_txt_kern_classes_t kern_classes =
{
    .class_pair_values   = kern_class_values,
    .left_class_mapping  = kern_left_class_mapping,
    .right_class_mapping = kern_right_class_mapping,
    .left_class_cnt      = 38,
    .right_class_cnt     = 41,
};

/*--------------------
 *  ALL CUSTOM DATA
 *--------------------*/

#if LVGL_VERSION_MAJOR == 8
/*Store all the custom data of the font*/
static  lv_font_fmt_txt_glyph_cache_t cache;
#endif

#if LVGL_VERSION_MAJOR >= 8
static const lv_font_fmt_txt_dsc_t font_dsc = {
#else
static lv_font_fmt_txt_dsc_t font_dsc = {
#endif
    .glyph_bitmap = glyph_bitmap,
    .glyph_dsc = glyph_dsc,
    .cmaps = cmaps,
    .kern_dsc = &kern_classes,
    .kern_scale = 16,
    .cmap_num = 10,
    .bpp = 4,
    .kern_classes = 1,
    .bitmap_format = 0,
#if LVGL_VERSION_MAJOR == 8
    .cache = &cache
#endif
};



/*-----------------
 *  PUBLIC FONT
 *----------------*/

/*Initialize a public general font descriptor*/
#if LVGL_VERSION_MAJOR >= 8
const lv_font_t s3w_font_caption_22 = {
#else
lv_font_t s3w_font_caption_22 = {
#endif
    .get_glyph_dsc = lv_font_get_glyph_dsc_fmt_txt,    /*Function pointer to get glyph's data*/
    .get_glyph_bitmap = lv_font_get_bitmap_fmt_txt,    /*Function pointer to get glyph's bitmap*/
    .line_height = 28,          /*The maximum line height required by the font*/
    .base_line = 5,             /*Baseline measured from the bottom of the line*/
#if !(LVGL_VERSION_MAJOR == 6 && LVGL_VERSION_MINOR == 0)
    .subpx = LV_FONT_SUBPX_NONE,
#endif
#if LV_VERSION_CHECK(7, 4, 0) || LVGL_VERSION_MAJOR >= 8
    .underline_position = -4,
    .underline_thickness = 2,
#endif
    .dsc = &font_dsc,          /*The custom font data. Will be accessed by `get_glyph_bitmap/dsc` */
#if LV_VERSION_CHECK(8, 2, 0) || LVGL_VERSION_MAJOR >= 9
    .fallback = NULL,
#endif
    .user_data = NULL,
};



#endif /*#if S3W_FONT_CAPTION_22*/

